{"type": "FeatureCollection", "features": [{"type": "Feature", "id": 0, "properties": {"COMUNAS": "GENERAL LAGOS, PUTRE, CAMARONES", "ETNIA": "AYMARA", "HA": 1034122.0, "NOMBRE": "ALTO ANDINO ARICA-PARINACOTA", "REGION": "REGION DE ARICA Y PARINACOTA"}, "geometry": {"type": "Polygon", "coordinates": [[[-69.05010616143925, -18.36323876081015], [-69.05540997899993, -18.378611247999974], [-69.04698282599995, -18.39835445499992], [-69.04679081699997, -18.41705307099994], [-69.04150753899995, -18.431557579999936], [-69.03207059599998, -18.445434596999974], [-69.02431518299993, -18.460531331999963], [-69.00438202427648, -18.4782614215765], [-69.00825983699997, -18.504067427999942], [-69.01149203599994, -18.538669299999995], [-69.01575928699998, -18.569007919999944], [-69.02925684799999, -18.60408135999996], [-69.03421213299998, -18.627081276999956], [-69.00978160199998, -18.637384744000006], [-68.99749286999997, -18.658749383999968], [-68.98478243799995, -18.68019682499995], [-68.98655504099996, -18.70791627799996], [-68.97772164099995, -18.738971886999938], [-68.92457309438714, -18.854955561081834], [-68.91999259299995, -18.879198209999974], [-68.92069036899994, -18.893366319999938], [-68.93182423299997, -18.913206149999933], [-68.94448843974705, -18.931906197510855], [-69.02417197839577, -18.969094407827168], [-69.24817666062263, -19.099531917556998], [-69.43502654996489, -19.02503336471023], [-69.50234313480988, -19.021197981046818], [-69.52577967123214, -19.019754608166313], [-69.55204364984967, -19.02296084428501], [-69.57662327708869, -19.020545127551333], [-69.61554522188402, -19.02129851468168], [-69.67025508242992, -19.023457852934037], [-69.71722825211322, -19.024266569582117], [-69.68783487667775, -18.72332358597072], [-69.53604034995064, -18.686421657057195], [-69.60563279265692, -18.605892563076033], [-69.63228905343101, -18.42761746874513], [-69.67797705944812, -18.23018683085285], [-69.7667277390308, -18.07533688602466], [-69.79616110999994, -17.64611110999993], [-69.45033740182741, -17.621667639794], [-69.34020996099999, -17.729187011999965], [-69.33717389650772, -17.740241604725885], [-69.33751008999995, -17.754019321999984], [-69.33237392599995, -17.76633238399997], [-69.3213647599999, -17.779395581999943], [-69.310852083, -17.79448788199994], [-69.30940422399993, -17.80900657099995], [-69.30633440999998, -17.82809771599995], [-69.30496730899995, -17.845438368999933], [-69.30155291999995, -17.864212060999936], [-69.30548807199993, -17.88132894699994], [-69.30503148099996, -17.900614534999946], [-69.30256921699998, -17.921615508999942], [-69.29643049299996, -17.943722131999948], [-69.28824174199995, -17.95995815399994], [-69.26493178799994, -17.965354543999982], [-69.25352458499997, -17.96357466399996], [-69.23832334199993, -17.984103179999973], [-69.21657936299994, -17.981155032999936], [-69.18335498599997, -17.99295040099997], [-69.16597189999999, -18.000813650999934], [-69.12987358199995, -18.001888787999977], [-69.1073131619999, -18.019005686999957], [-69.08922398699995, -18.030972585999958], [-69.07551990099995, -18.041596535999936], [-69.05870077399996, -18.058766479999978], [-69.07152205050356, -18.07505668491078], [-69.08073465799997, -18.08752505299996], [-69.09710676099996, -18.103004550999962], [-69.10826970499994, -18.11999952899993], [-69.1272609339999, -18.13500535499998], [-69.14234897699998, -18.15976836999995], [-69.12375234299998, -18.184676033999946], [-69.10251785999998, -18.210194439999963], [-69.07223113899994, -18.22391629499998], [-69.06546082299997, -18.245494681999954], [-69.07281760699993, -18.27228900199998], [-69.05505730999988, -18.309851173999938], [-69.03813509299991, -18.32231795999998], [-69.04964529499993, -18.336659915999984], [-69.05093132499996, -18.350697001999936], [-69.05010616143925, -18.36323876081015]]]}}, {"type": "Feature", "id": 1, "properties": {"COMUNAS": "COLCHANE, CAMINA, HUARA, PICA Y POZO ALMONTE", "ETNIA": "AYMARA Y QUECHUA", "HA": 1548199.0, "NOMBRE": "JIWASA ORAJE", "REGION": "REGION DE TARAPACA"}, "geometry": {"type": "Polygon", "coordinates": [[[-68.49989594299993, -19.330213092999962], [-68.59748627499994, -19.65561825699993], [-68.61725481599996, -19.67482881799995], [-68.62278090399998, -19.698574960999945], [-68.65080736501693, -19.70834488798678], [-68.67875137199997, -19.71693206999993], [-68.68380866499994, -19.73628058499998], [-68.69356255799994, -19.74433861299997], [-68.68625361499991, -19.749914926999974], [-68.66590745199993, -19.752879917999955], [-68.65412659699994, -19.769862303999943], [-68.63098462999994, -19.782751457999957], [-68.52161819399998, -19.92426927799995], [-68.76575370599994, -20.131794785999944], [-68.74379129099998, -20.124810838999945], [-68.7155988379999, -20.135144139999937], [-68.70143541099996, -20.153999951999918], [-68.69228954399995, -20.176112588999942], [-68.70814695499996, -20.182819947999953], [-68.71133067399991, -20.205619943999995], [-68.71084551199993, -20.22433643499992], [-68.71170532699996, -20.244320783999974], [-68.69706115099996, -20.258249213999946], [-68.69570316599994, -20.288149374999907], [-68.67586983099994, -20.30336800899994], [-68.66187826699996, -20.322854278999966], [-68.67433127599998, -20.35676404799994], [-68.94881874268455, -20.65114719049527], [-69.61871069115419, -19.26980751309318], [-69.4178687490179, -19.076720968558757], [-69.10728584596103, -19.27652780213259], [-69.00040108374057, -18.95680920752522], [-68.73968339819653, -19.15045695978193], [-68.49989594299993, -19.330213092999962]]]}}, {"type": "Feature", "id": 2, "properties": {"COMUNAS": "SAAVEDRA", "ETNIA": "MAPUCHE", "HA": 38712.0, "NOMBRE": "LAGO BUDI", "REGION": "REGION DE LA ARAUCANIA"}, "geometry": {"type": "Polygon", "coordinates": [[[-73.19710159277598, -38.94875985275872], [-73.21646565777216, -38.961010620653134], [-73.31091709689144, -39.01370053527028], [-73.32470695761768, -38.97779114138707], [-73.34449887995855, -38.93845048513316], [-73.36746595769004, -38.890355607684974], [-73.38753574493255, -38.849111158003076], [-73.41138263217003, -38.79640715233791], [-73.25526708469486, -38.760862971928404], [-73.24922930415164, -38.78598902294033], [-73.24368697960027, -38.79832681990787], [-73.22614336877815, -38.797945353595324], [-73.17720373586674, -38.83496752618557], [-73.19259583143767, -38.86386537014535], [-73.185855544649, -38.890460709493695], [-73.18542350315883, -38.906754067202115], [-73.18409908655919, -38.92782952850604], [-73.19402441735112, -38.94399997428391], [-73.19710159277598, -38.94875985275872]]]}}, {"type": "Feature", "id": 3, "properties": {"COMUNAS": "ISLA DE PASCUA", "ETNIA": "RAPA NUI", "HA": 25666.0, "NOMBRE": "TE PITO O TE HENUA", "REGION": "REGION DE VALPARAISO"}, "geometry": {"type": "MultiPolygon", "coordinates": [[[[-109.36000203329768, -27.09329589043759]]], [[[-109.35958931898135, -27.093371313348182]]], [[[-109.43826145856485, -27.042043421370348]]], [[[-109.43801932005705, -27.04183933708468]]], [[[-109.37470348999283, -27.094943993406723]]], [[[-105.39858081692547, -26.466219889439092], [-105.39871070612456, -26.464955200644326], [-105.39952780191311, -26.463892476418017], [-105.40031590084268, -26.46390487121155], [-105.40074715975744, -26.464182637933256], [-105.40152726329853, -26.464580569521132], [-105.4020173618261, -26.463767991659925], [-105.40172100293564, -26.46293776674429], [-105.40134675255153, -26.462272713051274], [-105.40031743159169, -26.462900165259658], [-105.3991752570662, -26.4632576926997], [-105.39791735532361, -26.463269499767755], [-105.39658467988943, -26.463328981456172], [-105.39576019088571, -26.463857407370732], [-105.39553470209766, -26.465045042534136], [-105.39593501739704, -26.466353866023706], [-105.39673154443467, -26.467165310618594], [-105.39800176610139, -26.466769841965338], [-105.39878497456398, -26.46694335262942], [-105.39858081692547, -26.466219889439092]]], [[[-109.55174828846845, -27.07937845824312], [-109.55217089187278, -27.079400006108525], [-109.55174828846845, -27.07937845824312]]], [[[-109.58367609184737, -27.169432469354494], [-109.58356792045421, -27.17112113461308], [-109.58498602979577, -27.17116298383632], [-109.58541044196643, -27.170261881380338], [-109.58423073205383, -27.169277597715293], [-109.58367609184737, -27.169432469354494]]], [[[-109.58308427080082, -27.168065355346652], [-109.58329163456158, -27.16801145508777], [-109.58308427080082, -27.168065355346652]]], [[[-109.58070925070072, -27.165096939919643]]], [[[-109.5791245346837, -27.141345589001855]]], [[[-109.55082530629349, -27.07922902930033], [-109.55152091161007, -27.07951620655458], [-109.55082530629349, -27.07922902930033]]], [[[-109.48129142096874, -27.02963055873755], [-109.47537834916852, -27.03000997537976], [-109.47233645418741, -27.02969668257959], [-109.47082907127397, -27.03116733455095], [-109.46848100716835, -27.032197524309918], [-109.46621157646014, -27.032680765223432], [-109.465133555776, -27.033256392133012], [-109.46287425951, -27.034330772276967], [-109.46057029674117, -27.035436714086114], [-109.45814766367513, -27.037150587350954], [-109.45651400420206, -27.039492280611277], [-109.45258563907188, -27.041134710303123], [-109.4500965771063, -27.04247059849753], [-109.4475580649059, -27.042256979477006], [-109.44524873686784, -27.0409107463141], [-109.44215597267191, -27.040482334567233], [-109.43977166174477, -27.04128640316812], [-109.43809409246764, -27.04336755583393], [-109.43692700056559, -27.043416161103746], [-109.43807219166203, -27.045317975164824], [-109.43667958364296, -27.046911552935285], [-109.43530686135749, -27.04845436259119], [-109.4317960589148, -27.049950940525537], [-109.43042316719591, -27.050848243104245], [-109.42903560271698, -27.052292810560377], [-109.42701781780767, -27.054235443493862], [-109.42339481822479, -27.056071752946217], [-109.42021386372684, -27.058832494812343], [-109.41647514441773, -27.05907904447578], [-109.41201428975025, -27.058190973630794], [-109.41048836397769, -27.059398328773412], [-109.407529583625, -27.0607525587578], [-109.40526231766037, -27.06313909944333], [-109.40161651734068, -27.063973365680894], [-109.39930213345701, -27.063053371913163], [-109.39768838724532, -27.06333188838081], [-109.39398157738404, -27.062393848523737], [-109.39051657764468, -27.06283873206092], [-109.38779689400506, -27.063018357364058], [-109.38103118504078, -27.062025752293533], [-109.3776829798442, -27.062175526111748], [-109.37283359836688, -27.06388398386706], [-109.3669437482896, -27.06341366228897], [-109.36061230901642, -27.063475418691006], [-109.35750612598258, -27.064785113957207], [-109.35340541897202, -27.069280697735884], [-109.35172976936235, -27.071894020846155], [-109.34960073905381, -27.074901245102122], [-109.3492588855317, -27.077233875958935], [-109.35072472330839, -27.0790334456367], [-109.35184965071907, -27.08028015360999], [-109.3530904143067, -27.082226766776405], [-109.35385769618783, -27.085893242695555], [-109.35464287034924, -27.087546369292482], [-109.35509834742018, -27.089828292663544], [-109.3565715319765, -27.09193885792925], [-109.3580058762508, -27.092714250039418], [-109.36046451877363, -27.092638425887532], [-109.36375291908071, -27.092588011892254], [-109.36807719202322, -27.09244112735748], [-109.37686911973188, -27.09247935801492], [-109.38172062625603, -27.093647447205665], [-109.38587252264631, -27.094039664700492], [-109.38870637780398, -27.09539669306318], [-109.3945411064621, -27.094748204340828], [-109.39730872588024, -27.095999807645487], [-109.39970131461298, -27.097645087573508], [-109.39811706915015, -27.099801500776994], [-109.39679957559409, -27.102153701281747], [-109.39942778336396, -27.103114974198007], [-109.40250501922038, -27.105337356882707], [-109.40521766096978, -27.106896165520297], [-109.4056279609335, -27.107938792619912], [-109.4059589054332, -27.108927495890743], [-109.40597048954294, -27.109309897555164], [-109.40717456627495, -27.11034219251556], [-109.40926096479413, -27.11161923601011], [-109.41228144973641, -27.111224369768955], [-109.41387684649169, -27.111239864561608], [-109.41496460852593, -27.11261735613813], [-109.41808066683859, -27.112379409461877], [-109.41908732110127, -27.109877872723164], [-109.42136044903559, -27.109826627211003], [-109.42282648414255, -27.111059700955064], [-109.42441464625533, -27.1112844276655], [-109.4259012914474, -27.112290746072357], [-109.42725487656408, -27.11178180687034], [-109.42946959904037, -27.1110482419756], [-109.43139047666826, -27.10921919996581], [-109.43529264137243, -27.10890749882562], [-109.43860865514678, -27.109389205944584], [-109.44136662167496, -27.11042257042738], [-109.44325040678942, -27.110844855000423], [-109.44566530781357, -27.111909746006557], [-109.44938321764761, -27.112156780062392], [-109.45197377769931, -27.114527160651832], [-109.45380235213386, -27.11525679157082], [-109.45572120425425, -27.116161819111937], [-109.4570757542772, -27.117426541835332], [-109.45876139190052, -27.11840649632153], [-109.46094816312456, -27.119412319070527], [-109.46238527818778, -27.11999840672702], [-109.46517051466105, -27.12086654500203], [-109.46736565365426, -27.12287246897381], [-109.46866624623038, -27.125395404729854], [-109.47141457925733, -27.12658115300333], [-109.47280174929232, -27.12881984462602], [-109.47454513188566, -27.130124053442998], [-109.47620992412186, -27.13205134317274], [-109.47665010534094, -27.13426804220316], [-109.47935451979176, -27.135142631088872], [-109.48113266174653, -27.13434010868762], [-109.48239227699722, -27.133938036821615], [-109.4834328197535, -27.134672138530664], [-109.48534771097161, -27.135533632885284], [-109.48868233485288, -27.136601628856813], [-109.49010787519829, -27.135407843338527], [-109.49186299642368, -27.135998857301292], [-109.49159904928193, -27.138204145528288], [-109.4934704924323, -27.138403336769144], [-109.49489113589613, -27.139029551680434], [-109.49655535106433, -27.138849565666185], [-109.49812277234285, -27.137869417534237], [-109.49973941347741, -27.137323513256742], [-109.50197260286909, -27.13687569784126], [-109.50384502797601, -27.13654759363543], [-109.50525193283322, -27.136676774989436], [-109.5066793855904, -27.13720628571335], [-109.50789316377823, -27.137534552463528], [-109.51170620866958, -27.13786984173178], [-109.51626723120566, -27.139021835767586], [-109.51840238182001, -27.13892751951257], [-109.52100346900328, -27.138569941771635], [-109.5258937884211, -27.138455702913937], [-109.52617989342252, -27.140875915028513], [-109.52852740733907, -27.141942062106786], [-109.53090174452316, -27.142572419211675], [-109.53211155370849, -27.14348462684456], [-109.53382630733257, -27.146339211501683], [-109.53516503308738, -27.149870778837133], [-109.53755453331075, -27.153435945115323], [-109.53835624358379, -27.15539994063582], [-109.53909047282853, -27.157193195978536], [-109.5396394740116, -27.158850652687562], [-109.54104347646852, -27.159613204097145], [-109.54089042565543, -27.16097718874637], [-109.54596684064889, -27.162262903610387], [-109.55265340989945, -27.165902880701665], [-109.55861622781761, -27.16639742522688], [-109.56105640874368, -27.166119380424057], [-109.57019259650829, -27.16185253909774], [-109.57682977829847, -27.15851547266593], [-109.57964981311581, -27.149604157898548], [-109.57982235752723, -27.14558243265232], [-109.57681140870454, -27.13835783094083], [-109.57199333731916, -27.132405388636137], [-109.57274160040568, -27.131748531452427], [-109.5733441599565, -27.129989552553045], [-109.57251665461098, -27.12854334034056], [-109.5714388964743, -27.12722861065969], [-109.57232957798662, -27.125744852235652], [-109.56886742260424, -27.12302132295991], [-109.57069736668093, -27.121910728229977], [-109.57003088981472, -27.119054576523126], [-109.56562348683221, -27.11941906068936], [-109.5626472595363, -27.11848031346375], [-109.56071540414146, -27.11637698216119], [-109.56057368856428, -27.114529636450467], [-109.55857993053961, -27.112476108287495], [-109.55742549898116, -27.11045478353142], [-109.55696244637102, -27.10713260646655], [-109.55631251887215, -27.10468834087646], [-109.55710651278389, -27.102476540534393], [-109.55507159667852, -27.100230570683433], [-109.55427439856685, -27.098352362417742], [-109.55294213993025, -27.096675217192313], [-109.55265078211877, -27.095188678634464], [-109.55209382642907, -27.093654023265863], [-109.55208021750838, -27.092355505235854], [-109.55226090254476, -27.090042979501764], [-109.55183869698233, -27.08833596156927], [-109.55059432524601, -27.086747148232956], [-109.55031764899599, -27.085534373564837], [-109.54993804095146, -27.081276956238344], [-109.54972109508546, -27.0788529901007], [-109.54817493370011, -27.076730600517664], [-109.54657824463891, -27.073938748898556], [-109.54262973461556, -27.070324899329677], [-109.54034478668135, -27.067362584695477], [-109.54007358442855, -27.064876245532922], [-109.53889899523595, -27.062545627943738], [-109.53759890554763, -27.060327729588433], [-109.53538845747123, -27.056851485377987], [-109.53324700927686, -27.052440298825353], [-109.53313227679388, -27.04973354207851], [-109.53111614452902, -27.047618262803653], [-109.5294119334554, -27.04498255735299], [-109.52763641303977, -27.04128180214527], [-109.52657096221878, -27.039166752608846], [-109.52522026754914, -27.037295243494135], [-109.5217083113606, -27.034467402707737], [-109.51991594829046, -27.031722564539276], [-109.51733650489604, -27.030993303412185], [-109.51531106535371, -27.02866316207075], [-109.51103583591859, -27.026294861372662], [-109.50339648054938, -27.025621288973227], [-109.49951620382203, -27.025338161638707], [-109.49712786303236, -27.025838079302286], [-109.49507723688825, -27.026746492215388], [-109.4926708587801, -27.02812330395812], [-109.49015646838333, -27.02986345413398], [-109.48789386888433, -27.029875114814622], [-109.48578423879232, -27.029939413271613], [-109.48262732011317, -27.0296666385917], [-109.48129142096874, -27.02963055873755]]]]}}, {"type": "Feature", "id": 4, "properties": {"COMUNAS": "CANETE, CONTULMO Y TIRUA", "ETNIA": "MAPUCHE", "HA": 65609.0, "NOMBRE": "LLEU-LLEU", "REGION": "REGION DEL BIOBIO"}, "geometry": {"type": "Polygon", "coordinates": [[[-73.29671058406223, -38.04944038669026], [-73.28090437873593, -38.05120535737508], [-73.26815739029179, -38.05574468254986], [-73.25537060079459, -38.05114610874099], [-73.24872740321022, -38.053613802093636], [-73.24099693334507, -38.05652736972466], [-73.23272237108337, -38.05762730878294], [-73.2250761275143, -38.054911015866686], [-73.21929577657703, -38.05491003497082], [-73.20916882523737, -38.053846608382024], [-73.20126475935452, -38.05286980349839], [-73.18699249075014, -38.05976497057676], [-73.17575856472833, -38.06193070502594], [-73.1706017454848, -38.05588850458579], [-73.16113904878289, -38.06359147590649], [-73.15689010458402, -38.07450264693494], [-73.15358028888942, -38.07684533127506], [-73.1373875258058, -38.076808270273645], [-73.12345112425874, -38.07682942086917], [-73.11675199625293, -38.08230284418785], [-73.10852045618205, -38.0875647767095], [-73.09934437705056, -38.09445054702393], [-73.08655212435133, -38.09544549568669], [-73.07902722470563, -38.09912239942336], [-73.07652354246116, -38.10599433864653], [-73.07641789218391, -38.11514940746605], [-73.07263984826217, -38.12481955437078], [-73.07573444609427, -38.13310416101224], [-73.08013070187305, -38.13970757470064], [-73.0884961861187, -38.144719335620856], [-73.08275063510828, -38.15773442923397], [-73.07856262772148, -38.16636333692462], [-73.0774009780502, -38.173870146233796], [-73.08354847693113, -38.17899664335652], [-73.08850833241338, -38.18543771919449], [-73.09880927902913, -38.18934109455077], [-73.11047637652682, -38.1863599060822], [-73.12724828457368, -38.18357155050007], [-73.13184196737355, -38.185263863959406], [-73.1336972222238, -38.195113926345726], [-73.1331858621256, -38.20195910850241], [-73.13662396423159, -38.210247249549], [-73.14165576375689, -38.216583058975985], [-73.14995604161057, -38.21914434464758], [-73.16108069424145, -38.21940723578175], [-73.16923231583253, -38.223830818636166], [-73.18276486395776, -38.22832476006313], [-73.19374793575673, -38.23081197592777], [-73.20091751535954, -38.23064766913048], [-73.20648342514849, -38.25026294562942], [-73.22195802888, -38.26456959647679], [-73.2251079200623, -38.27371117577501], [-73.2316416422563, -38.27486102744348], [-73.24269516860839, -38.275368720965545], [-73.25893685287446, -38.28197573064373], [-73.27030662175491, -38.28973240411445], [-73.27998227702003, -38.300224797959146], [-73.28678222077585, -38.29990630019633], [-73.2848188449961, -38.29503909867516], [-73.28785511582124, -38.29358407343804], [-73.29724797600942, -38.296051824013546], [-73.30532313476901, -38.2952474641369], [-73.314120312826, -38.293832067432106], [-73.32259661621119, -38.289989285813334], [-73.32592846740349, -38.287005843014796], [-73.33155278475157, -38.28807004990383], [-73.33935740440103, -38.2862949798814], [-73.34819533562525, -38.28181268058908], [-73.35252366042178, -38.278880009878435], [-73.36075072772178, -38.27389751018046], [-73.36930827285127, -38.27378224959303], [-73.37954274295268, -38.274932883324446], [-73.39413688090819, -38.265430988871096], [-73.40679454718855, -38.26306627644371], [-73.4322245662518, -38.26429813480843], [-73.42905565707329, -38.25689840190345], [-73.43185111311271, -38.24033401104709], [-73.44792295227823, -38.23270722731388], [-73.45149022189395, -38.11774684887983], [-73.43484879510306, -38.12676620811751], [-73.41807771683408, -38.11492107344048], [-73.41542967105306, -38.106216623708455], [-73.40802295207003, -38.10000958917539], [-73.40343405300572, -38.097451425623454], [-73.40213284938676, -38.09704220060126], [-73.40163747276854, -38.096165072828], [-73.40075246329164, -38.09585338362485], [-73.39959768001071, -38.095064457804796], [-73.39939844557024, -38.09374681528418], [-73.39003255214661, -38.089405038286934], [-73.383924961272, -38.08838651955355], [-73.38258808724906, -38.087420655706026], [-73.38148500188076, -38.08622773460012], [-73.37979917524684, -38.08516611996899], [-73.3737606688735, -38.08237101402949], [-73.36221675492274, -38.075555215152455], [-73.35271012122166, -38.06308924048427], [-73.34725751051735, -38.05564408873148], [-73.34123626503458, -38.050956590692884], [-73.32680378811527, -38.049408647516564], [-73.31874002417956, -38.0519238368323], [-73.31085811234347, -38.049299618651595], [-73.29771904116936, -38.04913893774351], [-73.29671058406223, -38.04944038669026]]]}}, {"type": "Feature", "id": 5, "properties": {"COMUNAS": "ERCILLA, COLLIPULLI Y ANGOL", "ETNIA": "MAPUCHE", "HA": 39685.0, "NOMBRE": "ERCILLA", "REGION": "REGION DE LA ARAUCANIA"}, "geometry": {"type": "Polygon", "coordinates": [[[-72.35041584937125, -38.15038506407571], [-72.35849722795972, -38.15223751855358], [-72.36841750415486, -38.15754377868583], [-72.37629937976163, -38.17320079572626], [-72.39116097944948, -38.17659413444349], [-72.40088090527941, -38.18430683445265], [-72.41233943304871, -38.191814065117306], [-72.41769420083257, -38.1950024952886], [-72.42991362705457, -38.200477431531105], [-72.4292928241681, -38.18632177253646], [-72.43687266392136, -38.16751040064454], [-72.4484438498123, -38.17134630805386], [-72.4516857789746, -38.148197881283515], [-72.46299782447423, -38.149162009056155], [-72.46701124371211, -38.13036343531078], [-72.45157396683476, -38.11285189369909], [-72.47277831207303, -38.096384829924645], [-72.49090191130172, -38.09029427872816], [-72.50687869538436, -38.08364539463122], [-72.51927579849135, -38.083723991935535], [-72.51314437479371, -38.06294894929853], [-72.51092936413924, -38.05241176783008], [-72.51057925297528, -38.04543219233481], [-72.54759506208067, -38.021326881595186], [-72.56802667234287, -38.019626472031035], [-72.57231161403185, -38.02251543983568], [-72.57829408540609, -38.0219853783576], [-72.56531642254083, -38.0106906472425], [-72.56600972920806, -38.000567404567086], [-72.56647145468489, -37.99475708106008], [-72.5673191643855, -37.97555343757537], [-72.5656447096854, -37.951222666075445], [-72.55147129707498, -37.940455727772715], [-72.53099809240246, -37.93201486504796], [-72.50959556553711, -37.92831982135906], [-72.50000022823832, -37.92581866346173], [-72.49058208998356, -37.92661904138457], [-72.47722704773167, -37.93353989761734], [-72.4713027182552, -37.94232769287492], [-72.46473791504425, -37.95024563807132], [-72.4554567911802, -37.95847198633736], [-72.4420714481496, -37.96170523172937], [-72.42852191630656, -37.96974020798105], [-72.41747761329968, -37.990287708460656], [-72.40630117970323, -38.00160191588337], [-72.38440943749073, -38.01499672870757], [-72.37781357792795, -38.02275763155745], [-72.364513417405, -38.02617893353007], [-72.35810708086365, -38.0282855976216], [-72.35121954282401, -38.03518340047131], [-72.34479161908041, -38.04142974097433], [-72.33495011161368, -38.049250031160135], [-72.32120191888637, -38.05282639785485], [-72.30727985469858, -38.05832037844959], [-72.29423664440155, -38.06452737752848], [-72.28288985150617, -38.061556981102925], [-72.26683557893978, -38.06405626144147], [-72.27320536302723, -38.10221969479869], [-72.28317212051286, -38.10815647480106], [-72.26981805653797, -38.13909400756141], [-72.29487234214305, -38.139168576517065], [-72.31044296328777, -38.147884686108945], [-72.31633708302228, -38.148397575027076], [-72.32412190944962, -38.149496447872835], [-72.3314133957238, -38.147584373268124], [-72.34088794271852, -38.15028730332848], [-72.35041584937125, -38.15038506407571]]]}}, {"type": "Feature", "id": 6, "properties": {"COMUNAS": "GALVARINO, CHOLCHOL, LUMACO, PUREN, LOS SAUCES, TRAIGUEN Y NUEVA IMPERIAL", "ETNIA": "MAPUCHE", "HA": 315104.0, "NOMBRE": "PUEL NAHUELBUTA", "REGION": "REGION DE LA ARAUCANIA"}, "geometry": {"type": "Polygon", "coordinates": [[[-73.08530580174106, -38.37151604209581], [-73.08835228053879, -38.356717681529574], [-73.08617392958487, -38.33197491432905], [-73.06579394640292, -38.31554907324003], [-73.05488073245951, -38.31322242365642], [-73.02522529213914, -38.29966967749328], [-72.99229033290666, -38.28404341321649], [-72.98760809610437, -38.27297526800075], [-72.97835372102878, -38.27096152780187], [-72.95095204724066, -38.242123803629525], [-72.94237263478621, -38.23487348245542], [-72.94908997277025, -38.21144082789327], [-72.95042745523537, -38.1957406743839], [-72.96566131812004, -38.19131080462307], [-72.98364670499605, -38.186159518652744], [-72.98047931831462, -38.1525636713483], [-73.00456808271038, -38.15141022529086], [-73.02465101915298, -38.153378243836826], [-73.04481976768916, -38.1530915858822], [-73.05315946082126, -38.155928925323515], [-73.06538218168312, -38.15325558054804], [-73.07523863506336, -38.148918383241714], [-73.08821853176771, -38.14349683479018], [-73.08628784529597, -38.14057965085678], [-73.08095368249715, -38.14021646557899], [-73.07788198567795, -38.13772480135597], [-73.07634907168668, -38.13471288780469], [-73.07611662313839, -38.13249031830939], [-73.07359415168155, -38.1292624720394], [-73.0726133471606, -38.1257534882438], [-73.07250208258799, -38.12278622866345], [-73.07468736414083, -38.11873832778688], [-73.07658395806558, -38.113256160937794], [-73.07640310985857, -38.10740698110408], [-73.07805719321681, -38.10412504992434], [-73.0774077949436, -38.10105086058258], [-73.07958401135834, -38.09839634835776], [-73.08065820522317, -38.09482104758056], [-73.08612554693353, -38.09524202993809], [-73.08973829946022, -38.09631810654702], [-73.0937973906518, -38.096280705383926], [-73.09998493338186, -38.093912649858034], [-73.1040119781648, -38.08949524353797], [-73.10821511173944, -38.087890472042986], [-73.11084269889234, -38.085421763311494], [-73.11264027613065, -38.08348346182996], [-73.11663079055782, -38.082236103529155], [-73.12059246099922, -38.08175335231007], [-73.12137946237597, -38.07879435356151], [-73.12310022556564, -38.070225542329986], [-73.12820907173831, -38.06242026432046], [-73.12751042486721, -38.05359717514423], [-73.14157557152795, -38.03183821163297], [-73.12676465246686, -38.02843694197607], [-73.10682303641123, -37.99995929418134], [-73.09305686460252, -37.99831082054609], [-73.08712125962582, -38.00272737954489], [-73.08249554350286, -37.99888823729427], [-73.08234014899074, -37.99629465124919], [-73.08111711913804, -37.99316198625528], [-73.08341120822689, -37.98736668598122], [-73.07974557635369, -37.9826984037592], [-73.0826205820746, -37.97922997507686], [-73.08583645008355, -37.97532761851394], [-73.08691878699007, -37.972532477651725], [-73.09195989230811, -37.96962546146264], [-73.09169688468603, -37.96482732502272], [-73.08697108944519, -37.95938276701763], [-73.08091147150002, -37.9546174564765], [-73.07871618624435, -37.94813729069962], [-73.0710761217644, -37.945614078166464], [-73.0679937254122, -37.941798676190935], [-73.06631293734125, -37.931306490577796], [-73.05916314202362, -37.927329097891494], [-73.0490952572124, -37.92558752807145], [-73.04364626862996, -37.921996306345555], [-73.03861707193956, -37.922864837457624], [-73.03503449479014, -37.919488864890866], [-73.02708533361385, -37.920399300933525], [-73.02804670697198, -37.91610913062735], [-73.02971264959073, -37.912757653347285], [-73.01328736202629, -37.91072758250286], [-72.99453461353384, -37.90507104918629], [-72.9816191858325, -37.89756687113561], [-72.96077848738102, -37.899252049693516], [-72.94609881762081, -37.90045411410678], [-72.9319680659169, -37.876118796011966], [-72.94308570739088, -37.84233678374333], [-72.93661764101083, -37.83961083066452], [-72.92761260245169, -37.83466166758696], [-72.91792948931439, -37.8355928668071], [-72.90454948352654, -37.827377803913436], [-72.9000082343331, -37.820175825365375], [-72.8865727922877, -37.82115164662603], [-72.87463279498705, -37.82553791440571], [-72.8602867369975, -37.835034843045904], [-72.84885471731255, -37.8369863051763], [-72.84174108511013, -37.83476297859135], [-72.83236731757994, -37.83143558478438], [-72.82323011064972, -37.82810781644173], [-72.80342938219137, -37.85208744500562], [-72.82003882081537, -37.853943196277825], [-72.82935344967046, -37.86203167891614], [-72.83779053593481, -37.87578976221208], [-72.82819504263423, -37.8770678124122], [-72.81454481646144, -37.89686535425103], [-72.81077561251556, -37.881041959234466], [-72.79537796684019, -37.88709324320193], [-72.79220307845873, -37.87968014188961], [-72.7915167455298, -37.870090603053434], [-72.78124686521201, -37.89111989961399], [-72.7746143733873, -37.892051210815175], [-72.76796285165324, -37.89259221261369], [-72.76309829128351, -37.8940147734127], [-72.75665768887993, -37.89516763235378], [-72.74889146793181, -37.89622228261618], [-72.74174027313511, -37.90086075779428], [-72.73216929228695, -37.90400293855958], [-72.72534171260392, -37.905597511156614], [-72.71691619851526, -37.904825319998444], [-72.70118085095991, -37.943635213203244], [-72.70083629689353, -37.9839946609568], [-72.67340680844144, -37.997045314532905], [-72.63519281357424, -38.015033315417206], [-72.61139065126842, -38.034754552636734], [-72.63657843321477, -38.04706807734964], [-72.65459540442843, -38.06409864345235], [-72.6368398423853, -38.119832327534816], [-72.64012227119389, -38.166729743589634], [-72.64714842360482, -38.16474583555612], [-72.65592499392132, -38.16104491512572], [-72.69038218092584, -38.15005681047371], [-72.73195621058287, -38.18238614734624], [-72.70853485209513, -38.22397685865703], [-72.68280125665342, -38.24558253493081], [-72.67396243505048, -38.25628603758093], [-72.66206915603092, -38.25108104368368], [-72.65355079519676, -38.244187693963326], [-72.64979336935602, -38.243289957879284], [-72.64712167582873, -38.24966357643342], [-72.63365199320583, -38.2482507066185], [-72.61899198414135, -38.25281427483961], [-72.61055668926684, -38.25382920608104], [-72.59827043444568, -38.247828141355726], [-72.59794655507443, -38.25537168197153], [-72.59189681309914, -38.25412201050402], [-72.58147491848874, -38.252031307468144], [-72.57632530955736, -38.24518123988618], [-72.5657490601063, -38.24452797686131], [-72.55787944909856, -38.251774038701015], [-72.5470157001199, -38.25036722685828], [-72.53285685736371, -38.255196474076236], [-72.53726586690705, -38.274236674232675], [-72.53176760597138, -38.27077002141268], [-72.52680076890948, -38.2698535123984], [-72.51963883565978, -38.26717145723846], [-72.51267435393149, -38.2656806647478], [-72.50754896699617, -38.2647251197256], [-72.50572762508921, -38.297344791452424], [-72.50515526311007, -38.32039776409838], [-72.51308972337522, -38.322037924889116], [-72.51266199022888, -38.34667642490697], [-72.51501620770614, -38.350905427156526], [-72.52134364604608, -38.356495855023034], [-72.52997881217541, -38.376569623383865], [-72.58313953450453, -38.38212088983831], [-72.60043368966774, -38.40914427373117], [-72.61469077428873, -38.42589040040236], [-72.62727750941163, -38.42424101649848], [-72.63798860366745, -38.42269302664586], [-72.62764625888053, -38.43681770138433], [-72.62197058573024, -38.44083643265912], [-72.61558188521084, -38.44810636013729], [-72.61045706801967, -38.45238637289889], [-72.6045113280946, -38.45867436867339], [-72.61256542073248, -38.467297691967566], [-72.6101783476173, -38.47244076803075], [-72.6092074545581, -38.47809802285171], [-72.61010822088414, -38.482110086042184], [-72.61029764882113, -38.48690602599081], [-72.61315391145972, -38.489173386494336], [-72.6161580816396, -38.49097717210525], [-72.61698276723445, -38.49377129271403], [-72.61914996684303, -38.49536597283946], [-72.61988744866923, -38.49737379802942], [-72.6214724816191, -38.49922667441196], [-72.62596821538224, -38.50356804831457], [-72.62885719495762, -38.50576347834861], [-72.63189178772035, -38.50828074315262], [-72.63596502092386, -38.51061502142588], [-72.64714589698131, -38.52731261472016], [-72.6476673542321, -38.55038900185879], [-72.66487583272392, -38.54859075780225], [-72.68316417100696, -38.550892800263355], [-72.69640652058895, -38.5498520705495], [-72.70434406841112, -38.550763890752506], [-72.71152457058932, -38.555267428442356], [-72.71208909698953, -38.56116949073244], [-72.71566901741392, -38.56533358987469], [-72.72377311846591, -38.566325382411485], [-72.72595922098725, -38.567789753160916], [-72.73094057265521, -38.56760941763875], [-72.73439864649403, -38.56662193888681], [-72.73824314718902, -38.56644442259154], [-72.74076415210261, -38.56492169541991], [-72.74272055513643, -38.564525459335016], [-72.75092176574553, -38.569189802052065], [-72.75550160334829, -38.57967678401725], [-72.76106172498723, -38.58159116067582], [-72.76641099883662, -38.58655353173365], [-72.76842147478315, -38.58782742419065], [-72.76509516137267, -38.58902140533732], [-72.7629094725046, -38.5895565378483], [-72.75949561595893, -38.59186855616785], [-72.75992057673271, -38.594772018496144], [-72.76083045692579, -38.59701638871145], [-72.76107993119534, -38.599234580596836], [-72.76082595281183, -38.60189734569407], [-72.7610078070949, -38.60476824792316], [-72.76222566648394, -38.60697409091043], [-72.7623868845679, -38.61057955940763], [-72.76428711050647, -38.613039823352125], [-72.76603590581674, -38.61713357178032], [-72.7692679364969, -38.62202579648007], [-72.76873112714458, -38.62674604347622], [-72.76867999376451, -38.6308297456931], [-72.76787145203564, -38.63372545903197], [-72.76523771422576, -38.637225236151885], [-72.7600121092907, -38.64136798682449], [-72.75836594634247, -38.645322885795544], [-72.75645885870065, -38.651645295694884], [-72.76262705050661, -38.655249967069594], [-72.76194427412685, -38.660156817099825], [-72.76471641782153, -38.663175922116366], [-72.7675764647599, -38.66535600177851], [-72.77032325650589, -38.66884443507868], [-72.7713311625568, -38.67232507918022], [-72.77579925858484, -38.67502535546636], [-72.7787449162087, -38.677159665450304], [-72.78139953725758, -38.678730977235325], [-72.78268840051646, -38.68055843148286], [-72.78677093846918, -38.68263167472864], [-72.79356893003477, -38.699437761303116], [-72.81849657983017, -38.71340551443944], [-72.83837904733328, -38.709417234232156], [-72.84784541197439, -38.70842330793764], [-72.84485349049218, -38.71658342505723], [-72.8680357704856, -38.7240592710661], [-72.88307689288128, -38.72759066311145], [-72.88627454198105, -38.723273415211835], [-72.88675899876212, -38.71848793326331], [-72.88594442534497, -38.713899204989104], [-72.88382731421119, -38.707421123548805], [-72.89594284619452, -38.70965468409183], [-72.91228512204839, -38.708293221054184], [-72.93913809112782, -38.705815714208306], [-72.97243251061415, -38.70008503389256], [-72.98401879665151, -38.677379769545226], [-73.00568025325454, -38.67886350863468], [-73.00704585361211, -38.67598881857634], [-73.01336007533774, -38.675834682119984], [-73.02258911869471, -38.673945449701776], [-73.02634244141787, -38.67052850627985], [-73.02983343068891, -38.66738954035176], [-73.0370448438384, -38.6672137898157], [-73.04480729941919, -38.66836374292113], [-73.05350486556794, -38.667165968030496], [-73.05953658123745, -38.66722217527502], [-73.0721629861236, -38.660392832313676], [-73.09335133639136, -38.63120347823485], [-73.04734069700827, -38.62366487159377], [-73.04576473954462, -38.61873973876313], [-73.04305388765486, -38.61396254448796], [-73.04067310750015, -38.609431237360866], [-73.03751692325197, -38.60151554579629], [-73.02873695018354, -38.59528473094595], [-73.04327707646877, -38.56828688661708], [-73.03460576496028, -38.499500691239135], [-73.04988281947986, -38.44410853312092], [-73.06225631143793, -38.422999395422536], [-73.0660246719532, -38.40390900972208], [-73.07710946444968, -38.39770000355937], [-73.07179581955135, -38.386075724389784], [-73.07802965334146, -38.378956159033805], [-73.08530580174106, -38.37151604209581]]]}}, {"type": "Feature", "id": 7, "properties": {"COMUNAS": "CALAMA-OLLAGUE", "ETNIA": "ATACAMEÑA-QUECHUA", "HA": 1298217.0, "NOMBRE": "ALTO EL LOA", "REGION": "ANTOFAGASTA"}, "geometry": {"type": "Polygon", "coordinates": [[[-67.94302000018953, -22.38174999861674], [-67.96748508849615, -22.40254879656443], [-68.00286258983984, -22.42240990264781], [-68.05686079897846, -22.42096190708509], [-68.08510205136484, -22.443550522812828], [-68.10692847580042, -22.488712415669205], [-68.14717598216527, -22.459691549456743], [-68.21221711100301, -22.478759507073168], [-68.24408053905195, -22.519044296370133], [-68.25659633364474, -22.54308845943638], [-68.25974387852351, -22.56732907623441], [-68.26137538461529, -22.588342544778488], [-68.28925327148971, -22.609978919320998], [-68.32830698528086, -22.64895276548233], [-68.375224202378, -22.697056027468967], [-68.43074472637097, -22.706991274434603], [-68.8531473261682, -22.505017552748104], [-68.81570797018385, -22.00600521702764], [-68.8236977847621, -21.969094851763966], [-68.8159153233782, -21.930848167342983], [-68.81964192249892, -21.90128174907803], [-68.84390016214472, -21.860617933264635], [-68.84930748334769, -21.8369902335896], [-68.84340348502911, -21.81811474789207], [-68.84809180644334, -21.790483239560338], [-68.8395640849736, -21.76049247762512], [-68.84037225917905, -21.74006337589821], [-68.83580069462032, -21.719938102144408], [-68.84163018801233, -21.68978237975639], [-68.84568422640146, -21.662798713498802], [-68.83829367613923, -21.632126247005797], [-68.82903424937237, -21.60359034281493], [-68.82396338501792, -21.57417969897899], [-68.80919821038027, -21.5493835483942], [-68.80298815184342, -21.517035585756062], [-68.82324072326158, -21.45495794281026], [-68.81387353971226, -21.41770233163857], [-68.83532360657652, -21.358161676535822], [-68.8598078982989, -21.291740974784066], [-68.76440567061893, -21.194140880284618], [-68.72470741920564, -21.111456011801497], [-68.69624522398644, -21.032729467242316], [-68.58532625161426, -21.020889305344042], [-68.46242741999995, -20.945056292999915], [-68.44132160099994, -20.945751095999984], [-68.42387539199996, -20.942895742999955], [-68.3170949313687, -21.067186135517687], [-68.11275429099997, -21.693367324999947], [-68.0987764509999, -21.721812647999958], [-68.08805611699995, -21.744021616999902], [-68.07175982499992, -21.757180159999972], [-68.0609752249999, -21.77571383199994], [-68.06167304099995, -21.79274578899998], [-68.01171391299992, -22.032480344999964], [-67.97645262399992, -22.052297934999952], [-67.96639599999995, -22.068649960999952], [-67.95552236999988, -22.085579226999972], [-67.94246795499994, -22.102933324999956], [-67.94145246299995, -22.130615551999934], [-67.95717127399995, -22.151498616999977], [-67.95473365999997, -22.177219246999954], [-67.94049664599999, -22.196372001999976], [-67.93495462699995, -22.21248298699994], [-67.92656147799994, -22.235901941999945], [-67.92321876099999, -22.255097453999916], [-67.92000128699992, -22.27444282199997], [-67.93346173099995, -22.278661313999965], [-67.93395780899992, -22.29993574499995], [-67.93898030999998, -22.32040509199991], [-67.93855410499998, -22.337450852999947], [-67.94083819299993, -22.35838509699991], [-67.93254054099997, -22.374121742999925], [-67.94302000018953, -22.38174999861674]]]}}, {"type": "Feature", "id": 8, "properties": {"COMUNAS": "SAN PEDRO DE ATACAMA", "ETNIA": "ATACAMEÑA", "HA": 2349084.0, "NOMBRE": "ATACAMA LA GRANDE", "REGION": "ANTOFAGASTA"}, "geometry": {"type": "Polygon", "coordinates": [[[-68.07956120059843, -24.30667412301694], [-68.68848769293687, -23.886710904412556], [-68.692806390689, -23.846730237820328], [-68.68868399826363, -23.809203377025487], [-68.6860338881605, -23.778547170679065], [-68.674582797035, -23.747171180786104], [-68.66846464259802, -23.70764855780868], [-68.67976786690564, -23.651070711523946], [-68.68828243673975, -23.615227861732887], [-68.70873401609887, -23.565433326593684], [-68.70011651643281, -23.483618912537487], [-68.70453637546659, -23.41732102279438], [-68.6879206071028, -23.31992488000613], [-68.62763331002866, -23.192336305253573], [-68.65681222488664, -23.113272901369662], [-68.64231411477564, -23.087983600838545], [-68.5382380161611, -23.07689393972991], [-68.52621369007781, -23.026017904920597], [-68.53333734425873, -22.974838735034865], [-68.52456817366985, -22.92652793010528], [-68.50014248176372, -22.8637320645311], [-68.46283145831255, -22.84220213994498], [-68.46013041952774, -22.791189892182743], [-68.4240574420192, -22.748296392832895], [-68.36929118382236, -22.6876695398942], [-68.32557826635268, -22.645455302884688], [-68.2859022000168, -22.60684980759533], [-68.26232242643141, -22.584591929642222], [-68.25985971256468, -22.564142325971712], [-68.25428314159754, -22.540610039904994], [-68.24413700206111, -22.516145430977257], [-68.21061204245368, -22.47594438956259], [-68.13585403675346, -22.459360276094742], [-68.1011494343066, -22.488469057360597], [-68.0836284741694, -22.43660403686079], [-68.05180856087168, -22.421062951443968], [-67.99999994129172, -22.41977111159072], [-67.96814800518825, -22.400850849028583], [-67.94145494999998, -22.382293920999913], [-67.91456132999996, -22.39816207099996], [-67.89989049199991, -22.40795538399994], [-67.90008659199997, -22.42534693699994], [-67.88406386795542, -22.441170898352823], [-67.88737662699997, -22.506448242999973], [-67.86560285399997, -22.53320896999998], [-67.84265967899994, -22.53249925399996], [-67.84369092599998, -22.54626913899995], [-67.84394572199994, -22.563549888999912], [-67.83799893399998, -22.579220496999937], [-67.83982125999994, -22.589580532999943], [-67.85946067799995, -22.596266551999985], [-67.85827826299997, -22.611753302999958], [-67.86651929499995, -22.626882701999943], [-67.88072887099995, -22.63178616799998], [-67.87668505499992, -22.646264509999988], [-67.8879325927034, -22.666046765925742], [-67.87160070299991, -22.691815674999933], [-67.88751928199997, -22.70518875899996], [-67.88502234499998, -22.728004181999953], [-67.86853133199998, -22.745613641999977], [-67.87388087199997, -22.77095070699995], [-67.87893842099999, -22.80137679399997], [-67.88357799799995, -22.82966831299995], [-67.85379234299995, -22.84291424799994], [-67.82880076399994, -22.84444394899999], [-67.81145145799995, -22.870717728999978], [-67.69233909675293, -24.17991692384664], [-68.07956120059843, -24.30667412301694]]]}}, {"type": "Feature", "id": 9, "properties": {"COMUNAS": "ALTO BIOBIO", "ETNIA": "MAPUCHE PEHUENCHE", "HA": 209398.0, "NOMBRE": "ALTO BIO BIO", "REGION": "REGION DEL BIO BIO"}, "geometry": {"type": "Polygon", "coordinates": [[[-71.00074756599996, -38.111180374999925], [-71.02799120899991, -38.11433618899998], [-71.05043770104386, -38.11740929897443], [-71.07251341129962, -38.10268734752731], [-71.08412601982108, -38.09110752566486], [-71.10748109877792, -38.09210555395149], [-71.12684161330851, -38.10370159763896], [-71.14270420954631, -38.10875813926443], [-71.16683935742041, -38.110037290552995], [-71.20954705812572, -38.10032940789811], [-71.24049635746925, -38.09736897317506], [-71.2732356059877, -38.10509346834919], [-71.34194178178146, -38.09113067005433], [-71.38241452537982, -38.089332450311765], [-71.4165544301416, -38.095413519724914], [-71.43729773197433, -38.068824795173995], [-71.4589771015149, -38.048171900988145], [-71.47855425345283, -38.028254103162055], [-71.4910426114682, -38.002845668537546], [-71.51786948306169, -37.996565282523676], [-71.55297652934928, -37.98058299120875], [-71.57039442277019, -37.95098566629433], [-71.60169486623191, -37.9247707826202], [-71.61567929359278, -37.908652413405555], [-71.62924605287864, -37.89846014877046], [-71.66083659361354, -37.87014924536232], [-71.68044689078884, -37.849130217317885], [-71.66851074304726, -37.828748524046226], [-71.62779999069578, -37.81641948880335], [-71.61168655675219, -37.766780582026236], [-71.60142581897364, -37.748755181374605], [-71.608759922704, -37.73575761569818], [-71.60295218839646, -37.72373814379385], [-71.59645458243234, -37.707434201440485], [-71.5880232796579, -37.691562845242856], [-71.57517245640796, -37.67808462506822], [-71.55746546986867, -37.680595752909426], [-71.54198530879391, -37.68364878364121], [-71.5239527993671, -37.67548941833269], [-71.51852342782298, -37.661207086436946], [-71.50146894461753, -37.64725769426711], [-71.45971561368997, -37.64220120899813], [-71.44555904032313, -37.63187111105209], [-71.42779609551636, -37.6287160601052], [-71.41047381124649, -37.62945790739588], [-71.39000389415928, -37.63385827302172], [-71.38440161656301, -37.62276816800619], [-71.38734234281814, -37.60812695712247], [-71.39005624580435, -37.59168773987068], [-71.38957537327326, -37.57533846919183], [-71.37447760235261, -37.56658218496093], [-71.3537222299977, -37.563672642572904], [-71.34296870204544, -37.55353002001536], [-71.32217566938671, -37.55710396234225], [-71.30299116981459, -37.57229794851325], [-71.28435090857464, -37.58389569610812], [-71.27914838073096, -37.600667174765874], [-71.26483934863609, -37.61060021669858], [-71.25730097680106, -37.629310681989665], [-71.23796773669702, -37.656772098759184], [-71.20253023499998, -37.65719953799992], [-71.20565544377514, -37.679875481125144], [-71.20169339906217, -37.70353671667323], [-71.18663543599995, -37.72656082699996], [-71.17059762364075, -37.74597702952533], [-71.15676462740792, -37.77077140711797], [-71.16503907499998, -37.78856557199998], [-71.14779822760524, -37.81205014937646], [-71.12919048799995, -37.82981991599997], [-71.16086114099996, -37.840713980999965], [-71.18151047599997, -37.855513476999924], [-71.14338637899994, -37.85830295599991], [-71.12522182299993, -37.87927169099993], [-71.10656208999994, -37.89881658399998], [-71.11296734999995, -37.91992147899997], [-71.11441406199997, -37.95119711399996], [-71.08006946599994, -37.96407253299997], [-71.06828154999994, -37.98764627499998], [-71.05824317999998, -38.00821912099996], [-71.05173798199996, -38.026768611999955], [-71.05279408299998, -38.04537645499993], [-71.03065942099995, -38.059519087999945], [-71.01436741499997, -38.07378526699994], [-70.99939874399993, -38.08123112999993], [-70.98752502499997, -38.09466171699994], [-70.99010603799992, -38.11061615899997], [-71.00074756599996, -38.111180374999925]]]}}, {"type": "Feature", "id": 10, "properties": {"COMUNAS": "CABO DE HORNOS", "ETNIA": "YAGAN", "HA": 1557542.0, "NOMBRE": "CABO DE HORNOS", "REGION": "REGION DE MAGALLANES Y LA ANTARTICA CHILENA"}, "geometry": {"type": "MultiPolygon", "coordinates": [[[[-67.32026408429516, -55.92014598488817], [-67.28935508356429, -55.920064165464616], [-67.26790482553592, -55.93214169795386], [-67.25212986779948, -55.94171246480464], [-67.2351649978384, -55.954617387759384], [-67.21570704039294, -55.9659067868623], [-67.226303950612, -55.96397934732222], [-67.25144977864483, -55.96414098726784], [-67.25983102405783, -55.97662211459459], [-67.29033680878838, -55.978950656328834], [-67.30784108614705, -55.96628682830575], [-67.29834671931424, -55.961015002780414], [-67.2944233200218, -55.94958069655576], [-67.31743029232094, -55.94463289562805], [-67.33495365543791, -55.935592971896035], [-67.35007563752059, -55.93090907246957], [-67.33313043540426, -55.921667800222686], [-67.32026408429516, -55.92014598488817]]], [[[-67.39850878424264, -55.88500975186714]]], [[[-67.18194658446035, -55.88093124041808], [-67.18970385678924, -55.88118806581647], [-67.18194658446035, -55.88093124041808]]], [[[-67.42655234506795, -55.87604388137019], [-67.40667839060292, -55.88802954057075], [-67.41406551335733, -55.89868921628487], [-67.42211752633752, -55.88772986944018], [-67.42655234506795, -55.87604388137019]]], [[[-67.68613984507178, -55.874001449059094]]], [[[-67.76005287827746, -55.87125312521924]]], [[[-67.78120739146709, -55.86984411838512]]], [[[-67.49857615211886, -55.861692004661684]]], [[[-67.37963448099282, -55.84497772423694], [-67.38383361091336, -55.8501809177605], [-67.37963448099282, -55.84497772423694]]], [[[-67.3572330216795, -55.8303873057084]]], [[[-67.07564977670698, -55.823027281923146]]], [[[-66.795644671985, -55.81323213763204], [-66.79179929236021, -55.82554143816525], [-66.81482216846275, -55.82807524303317], [-66.79581140657933, -55.8191951662056], [-66.795644671985, -55.81323213763204]]], [[[-67.10587705303378, -55.81736318042115]]], [[[-67.07585271697572, -55.81503525341372]]], [[[-67.09473582463221, -55.81382091978957], [-67.0809716085494, -55.825193114678065], [-67.07439633178561, -55.83371395725247], [-67.09521954416252, -55.83844990597345], [-67.11495869073312, -55.841036600113355], [-67.10803717317573, -55.85127839945945], [-67.08563011145073, -55.858395488994816], [-67.10756892519673, -55.86272384953727], [-67.10557167832856, -55.87292547733158], [-67.08462195075236, -55.88280904223528], [-67.07540794545956, -55.89793547463853], [-67.0734350875945, -55.908377157986834], [-67.09894390378493, -55.904109735195505], [-67.11683522012004, -55.90051574894497], [-67.12835254714503, -55.897344432791726], [-67.13812730948035, -55.8897896940906], [-67.13934401976118, -55.881303062976095], [-67.16526888805424, -55.88029388615712], [-67.17671831222515, -55.86649788736842], [-67.17051707392129, -55.84892442553623], [-67.1536375062085, -55.83596191008008], [-67.12935809604726, -55.82693412476251], [-67.10459873852605, -55.81989800963621], [-67.09473582463221, -55.81382091978957]], [[-67.11784197223892, -55.83257932728524]], [[-67.12818711468574, -55.847480201166924]], [[-67.11375244516438, -55.85969732258777]], [[-67.10504876106705, -55.88202494864123]]], [[[-67.46166699705424, -55.816073148066174]]], [[[-66.80371768373622, -55.802589272813286]]], [[[-67.48219121787021, -55.810634139411995], [-67.46818824944053, -55.81862095615625], [-67.47316073634958, -55.83228309038846], [-67.480063257467, -55.840387277626576], [-67.49767767223103, -55.829973127949906], [-67.49875522237156, -55.8222165541087], [-67.48364165557288, -55.81058020388213], [-67.48219121787021, -55.810634139411995]]], [[[-67.2994654186719, -55.80436948089052], [-67.29231832636998, -55.81901853772092], [-67.2850298478518, -55.82583436538316], [-67.25695057072095, -55.82935528622119], [-67.25868994385473, -55.841011029969216], [-67.23202052381266, -55.84630961519761], [-67.21000063189231, -55.85206580921304], [-67.21026575785177, -55.86465465858279], [-67.2074351010946, -55.875758171608766], [-67.20762000014439, -55.88705377277157], [-67.22798004346322, -55.89092487565129], [-67.25846140255526, -55.890065694549776], [-67.27961631307831, -55.87978488352191], [-67.29433174526207, -55.86556507967768], [-67.31732854797022, -55.87151946762345], [-67.33962990188769, -55.86473595727678], [-67.34460913471516, -55.85414682138066], [-67.34929692304327, -55.84330081910315], [-67.35700008925053, -55.82789657706554], [-67.36682377575667, -55.829225654671646], [-67.38918019049989, -55.83622401468885], [-67.4146485296768, -55.831699988777174], [-67.41545634785747, -55.8223765363965], [-67.39169534561846, -55.8126241200964], [-67.35930270476872, -55.80934015003683], [-67.32594930196103, -55.80622559319266], [-67.2994654186719, -55.80436948089052]], [[-67.34813621884274, -55.81408605482335]], [[-67.35024101040713, -55.82051655104969]], [[-67.41046501834245, -55.82380026018817]], [[-67.39991774213571, -55.82667238022088]], [[-67.34812968657377, -55.82820004895971]], [[-67.33658238397476, -55.82907752055834]], [[-67.32553398683493, -55.83953789204957]], [[-67.30561533413761, -55.842184796749365]], [[-67.30703292246568, -55.842908157251365]], [[-67.29981563983269, -55.8463919937258], [-67.29961227862802, -55.84668035634246], [-67.29937701507649, -55.846884564490246], [-67.29906745852395, -55.84672818457472], [-67.29843224796922, -55.84649655569064], [-67.29871558649096, -55.846295357844724], [-67.29935115749947, -55.846280626255364], [-67.29981563983269, -55.8463919937258]], [[-67.32755327342348, -55.847010210844665]], [[-67.30553800314597, -55.848695934184825]], [[-67.27084987710774, -55.84852995613229]], [[-67.28199959323408, -55.85073830484555]], [[-67.26914252113691, -55.85129596861526]], [[-67.27348798667484, -55.852895026554755]], [[-67.28069498315962, -55.857523400928436]], [[-67.32489211064184, -55.85975813556553]], [[-67.28053623802903, -55.863308478981786]], [[-67.31261537150056, -55.865720294139074]], [[-67.24570189367431, -55.88408515409384]], [[-67.24168111375272, -55.88411635033367]]], [[[-67.31904098724895, -55.80006714413763]]], [[[-67.46657631522126, -55.80471912149063]]], [[[-67.36809008354932, -55.799794914837406], [-67.38316734266883, -55.80281536777312], [-67.36809008354932, -55.799794914837406]]], [[[-67.48542574272268, -55.79568834677968], [-67.4756540664916, -55.80634457746644], [-67.48719686024766, -55.80228429303554], [-67.48542574272268, -55.79568834677968]]], [[[-67.52334045600146, -55.79534143140084], [-67.51402666983081, -55.80850869829307], [-67.5295552241539, -55.79648441559774], [-67.52334045600146, -55.79534143140084]]], [[[-67.26818872911737, -55.79156310087217]]], [[[-67.59549457576482, -55.79537872056588], [-67.58186921489269, -55.79889325313404], [-67.56285435870731, -55.80930472808982], [-67.53562274831766, -55.81041226074612], [-67.51745624784336, -55.814572837307296], [-67.51197236244084, -55.82761665638822], [-67.53542862589978, -55.832102802399646], [-67.53477837713488, -55.841197225679714], [-67.54256947945314, -55.85004321814143], [-67.57127098821562, -55.859539467811445], [-67.54265152428499, -55.86590762263618], [-67.55426261549988, -55.88094741738355], [-67.55990223606163, -55.895742432825045], [-67.58154865988004, -55.88866114924524], [-67.60033091325593, -55.885862727094455], [-67.61508024581752, -55.880171270408674], [-67.6179647884037, -55.89617980212051], [-67.61771949799522, -55.91168961280295], [-67.6406261449775, -55.914474891593535], [-67.65236212757664, -55.904114516311544], [-67.64040391498612, -55.886656124347425], [-67.63210219309656, -55.87633196279659], [-67.62136442947806, -55.85923077288811], [-67.6352281793182, -55.8456383500781], [-67.66052151651294, -55.845917760843136], [-67.65228077836005, -55.857632704243045], [-67.67611862599848, -55.85937122399693], [-67.69782061490595, -55.856256203650574], [-67.69071740352796, -55.868732820352854], [-67.69997373984495, -55.882614747301595], [-67.72109812181596, -55.88172607060524], [-67.72781637337364, -55.86674516613534], [-67.73879587861263, -55.85297070238221], [-67.75527004784173, -55.85237302203745], [-67.77111903583919, -55.86420666472447], [-67.79761900083155, -55.867628092778745], [-67.79947433359338, -55.87953977249883], [-67.79841622084642, -55.881122784331815], [-67.80198721537634, -55.89385056517041], [-67.82799658967589, -55.889510682938585], [-67.83120554995784, -55.874939700561505], [-67.83670254964166, -55.87456991186981], [-67.84125460951823, -55.882060420139304], [-67.86980969827648, -55.88224774844197], [-67.89365022711824, -55.878078009900214], [-67.8984515099419, -55.86531510039111], [-67.90118276518128, -55.85457783631943], [-67.91203801861009, -55.84435887415271], [-67.90610000718745, -55.833739303666114], [-67.89198171798442, -55.8224776613574], [-67.86387316321643, -55.82885296226213], [-67.83882621657803, -55.819974973384674], [-67.81621204491215, -55.81905488105477], [-67.80366921849534, -55.82365883928295], [-67.77611264463815, -55.825158800096965], [-67.75654170187836, -55.82924769729476], [-67.73238860977688, -55.83289463187275], [-67.71450899242235, -55.826132534422044], [-67.69839873269883, -55.8266507050234], [-67.67590911774931, -55.823708947137334], [-67.66488635366412, -55.817039393528475], [-67.64985445598997, -55.82662965789617], [-67.6285301823916, -55.82470289759257], [-67.59974063652214, -55.830381467001324], [-67.57938495987356, -55.83711378076514], [-67.5715183560053, -55.8250939660939], [-67.58841814489526, -55.81159570046189], [-67.60417473056434, -55.80136500949628], [-67.59549457576482, -55.79537872056588]], [[-67.53544063928211, -55.81731852114009]], [[-67.77924470021732, -55.83860138296186]], [[-67.86230478967788, -55.84007654198305]], [[-67.83206916408308, -55.84517486621264]], [[-67.8914790270993, -55.84644910657581]], [[-67.88379853722093, -55.842367791830405]], [[-67.8935020370496, -55.84203094053802]], [[-67.90070962158754, -55.840424478327996]], [[-67.8986482001514, -55.840106127207235]], [[-67.87786462243724, -55.83856569702881]], [[-67.8860988529736, -55.83845065213637]], [[-67.87409821839483, -55.83720278897209]], [[-67.88270000985855, -55.835431239032914]], [[-67.88400854728793, -55.83545051004444]], [[-67.88811587222695, -55.834466995885776]], [[-67.86228112487949, -55.832311128272366]], [[-67.87612788301468, -55.83192498512702]], [[-67.88721815688953, -55.83143393698159]], [[-67.82914678324688, -55.83041364834918]], [[-67.79433052894088, -55.829672716040065]], [[-67.79472645559356, -55.83157519978231]], [[-67.8800190859059, -55.83436654753294]], [[-67.87116104489081, -55.83314100931358]], [[-67.87343702735049, -55.833387130462356]], [[-67.8778411446486, -55.83015104842548]], [[-67.88589672789047, -55.82846039361695]], [[-67.88048449344802, -55.82825930856798]], [[-67.78007199771254, -55.834891811710094]], [[-67.86960957095481, -55.836089422266696]], [[-67.86913904251323, -55.84154392867578]], [[-67.80298583507553, -55.82745913487845]], [[-67.88930591638122, -55.826102555014984]], [[-67.79460445295808, -55.85187742418523]], [[-67.87313206000665, -55.855099731029725]], [[-67.86959706058983, -55.85589115085331]], [[-67.85793653433768, -55.85712389694231], [-67.85486106106293, -55.858066484311685], [-67.85793653433768, -55.85712389694231]], [[-67.77398779636724, -55.85829372047459]], [[-67.81530215537293, -55.86016724533299]], [[-67.79891472428672, -55.8616604914809]], [[-67.83536269827894, -55.86336649388561]], [[-67.8121095691886, -55.863880904890564]], [[-67.80813833266012, -55.86476232453617]], [[-67.80969326339589, -55.86593890065319]], [[-67.8640467319877, -55.86677183892779]], [[-67.89132078565702, -55.86662807555252]], [[-67.818460064726, -55.86507478625323]], [[-67.83268710782596, -55.86288727461894]], [[-67.84788244488547, -55.86256556376842]], [[-67.82894513975299, -55.85999909151609]], [[-67.82317219929205, -55.85963152643911]], [[-67.81927375121339, -55.859842923140754]], [[-67.8379987361163, -55.860675634862574]], [[-67.84192734893846, -55.86058272425126]], [[-67.8264805144969, -55.86121694591716]], [[-67.82370976041294, -55.86240313964076]], [[-67.82714718641068, -55.86257585185822]], [[-67.88451664291628, -55.85784421462987]], [[-67.89423897281482, -55.85629708515698]], [[-67.85934466742103, -55.86968675487972]], [[-67.88930855335124, -55.87008894511764]], [[-67.85991903882015, -55.87063550543214]], [[-67.87354127225912, -55.874488889835035]], [[-67.85598195721029, -55.875913914103755]], [[-67.87787836609027, -55.876883131941014]], [[-67.86724458355295, -55.87255835704096]], [[-67.8816911181863, -55.872922856230474]], [[-67.8840100919683, -55.87247961147941]], [[-67.87457601205394, -55.872194972201754]], [[-67.81646960194156, -55.87142996300863], [-67.81042264028639, -55.87290543576399], [-67.81646960194156, -55.87142996300863]], [[-67.82912146026752, -55.8724886899815]], [[-67.8118350936742, -55.87745436558559]], [[-67.62372441311135, -55.900829494944006]], [[-67.6342998389162, -55.90526198693207]], [[-67.56675084480737, -55.8815096337873]], [[-67.57043294189259, -55.88545460493105]]], [[[-67.52243605238174, -55.79481742320864]]], [[[-67.31937920425393, -55.790736731928284]]], [[[-67.13480981626365, -55.77319024250848]]], [[[-67.25326229740932, -55.76362316744974]]], [[[-67.16833453510723, -55.758053033268276], [-67.15479532740886, -55.76434115119901], [-67.15422896402019, -55.77468241188959], [-67.16046402186339, -55.785722661248855], [-67.18736384923722, -55.78164846080437], [-67.20998945006977, -55.78829345812808], [-67.21052919586762, -55.802474173807155], [-67.23655078434776, -55.80577564639914], [-67.26293200990442, -55.79583109675585], [-67.24719959000403, -55.78429043564331], [-67.23640763924382, -55.77136773772715], [-67.21145597585432, -55.76200284731852], [-67.1904233413637, -55.76349889080531], [-67.1704817844586, -55.757474994221916], [-67.16833453510723, -55.758053033268276]], [[-67.18308189162798, -55.766372748081345]], [[-67.22479203155596, -55.7845332642871]]], [[[-67.47214152405535, -55.74732196656803]]], [[[-67.59119029008359, -55.7186879783117]]], [[[-67.58173971087618, -55.71542803284407]]], [[[-67.38071485361831, -55.695867404876665]]], [[[-67.3838107370254, -55.69277712412498]]], [[[-67.36422728444586, -55.69135831188682], [-67.36800998907019, -55.7017190009224], [-67.37887236276426, -55.69184349619215], [-67.36422728444586, -55.69135831188682]]], [[[-67.36758966742745, -55.68797236828343]]], [[[-67.42581764549088, -55.68053958590899]]], [[[-67.58471554791123, -55.68152565653879]]], [[[-67.41282464562236, -55.67837834112039]]], [[[-67.70473524085129, -55.68749180618034]]], [[[-67.43344888559592, -55.674710148876656]]], [[[-67.43584255384596, -55.674962673991956]]], [[[-67.42432438636196, -55.65951262705852]]], [[[-67.48273178426115, -55.656062868850405]]], [[[-68.10230238685537, -55.659140503558945]]], [[[-69.08316259288887, -55.63728282105057]]], [[[-69.08841895045987, -55.63157267056813], [-69.10563613467195, -55.63742388693342], [-69.08918602496466, -55.63056599738679], [-69.08841895045987, -55.63157267056813]]], [[[-69.10567464455104, -55.6301691409671]]], [[[-69.09089796390873, -55.62562872169401]]], [[[-68.9001142765115, -55.62439993999072], [-68.89754858694836, -55.63602852140922], [-68.91036464425035, -55.63102873366521], [-68.9001142765115, -55.62439993999072]]], [[[-67.63584402104783, -55.61058917200846]]], [[[-67.62498801875911, -55.60889880734807]]], [[[-67.54061911576886, -55.61230538158465], [-67.54315468495768, -55.61973161405018], [-67.54864981558387, -55.607762370196035], [-67.54061911576886, -55.61230538158465]], [[-67.5398133359072, -55.61877946065329]]], [[[-67.31966944877658, -55.60457890601269], [-67.31979786701125, -55.61199789574719], [-67.3217854902174, -55.6043079632109], [-67.31966944877658, -55.60457890601269]]], [[[-67.53524704136447, -55.599904631018376], [-67.52445017685518, -55.60987052842415], [-67.53524704136447, -55.599904631018376]], [[-67.52652753439992, -55.606097297900995]]], [[[-69.08381168010689, -55.60466210293772]]], [[[-67.55986159461244, -55.59460029969839], [-67.55655468463704, -55.600477544910134], [-67.55986159461244, -55.59460029969839]]], [[[-67.59626676012942, -55.598856860319984], [-67.57623539460289, -55.610302135043085], [-67.5531216096771, -55.62370267838604], [-67.56017663353414, -55.63932416017401], [-67.57684058805793, -55.65324051491173], [-67.58566966728434, -55.67025569433765], [-67.6067788493359, -55.68176622848756], [-67.63677670880321, -55.68517653626614], [-67.65671353769424, -55.69899156251326], [-67.6773501790679, -55.69612904918868], [-67.66363104599641, -55.68557665145096], [-67.68027467358887, -55.673818034988265], [-67.68784743479506, -55.67393793443014], [-67.69068914154704, -55.662829257798705], [-67.66683668563454, -55.656868151930276], [-67.6349256743287, -55.651632287522354], [-67.60217479114088, -55.6508677845034], [-67.61958764029629, -55.63639781185053], [-67.62612979552796, -55.62050618414408], [-67.63173581356095, -55.61357176190015], [-67.61989336072973, -55.59997878177544], [-67.60400832722995, -55.59355563484843], [-67.59626676012942, -55.598856860319984]], [[-67.60777039621402, -55.59959458218115]], [[-67.61244370613507, -55.606003621119505]], [[-67.61374075694484, -55.60952126272672]], [[-67.58491561013125, -55.61139134932555]], [[-67.57651310139637, -55.6135474904377]], [[-67.57850098003014, -55.61407360757207]], [[-67.57449730046457, -55.61379619056799]], [[-67.57236165877421, -55.61667155317118]], [[-67.58369324642398, -55.61965654355408]], [[-67.57012766907626, -55.62770738245665]], [[-67.57734529704811, -55.62780236239696]], [[-67.60340870104774, -55.62884328919948]], [[-67.59567956978368, -55.657223751216755]], [[-67.59245007050069, -55.664324656181584]], [[-67.60516233402949, -55.66949711314525]], [[-67.66012819253848, -55.67694670669641]], [[-67.6490948684539, -55.68366522059504]]], [[[-69.09136992966084, -55.59419551836313]]], [[[-69.09448279316103, -55.596546288537326], [-69.09508561971506, -55.59532294498688], [-69.09448279316103, -55.596546288537326]]], [[[-66.78925058828472, -55.573099708024586]]], [[[-66.80666935878878, -55.57328395638174]]], [[[-67.52143577281632, -55.586054230615694], [-67.52468988958246, -55.590567268593695], [-67.52143577281632, -55.586054230615694]]], [[[-67.65746665419573, -55.58630087855529]]], [[[-69.15416488051497, -55.592703030068854], [-69.1317789805896, -55.60259634966561], [-69.12256222364859, -55.61757048835815], [-69.11425287989579, -55.62969710947438], [-69.13690991959781, -55.62679380417872], [-69.13747202484868, -55.63819986181417], [-69.14465216467424, -55.64496754362362], [-69.15532524044953, -55.631093763431025], [-69.1447157616215, -55.613888164513156], [-69.16667557423608, -55.599013207069724], [-69.15416488051497, -55.592703030068854]]], [[[-69.17049663536768, -55.5927948003274]]], [[[-66.77616287174996, -55.568095172490686]]], [[[-67.4642876867635, -55.5775501382309]]], [[[-67.47310986956853, -55.57948124516582]]], [[[-67.46823497821916, -55.577458054242484]]], [[[-67.64588609606562, -55.57683776597563]]], [[[-69.07016510278103, -55.57988106017526]]], [[[-67.36954561410462, -55.56701567716846], [-67.36670344171442, -55.585036417838], [-67.37934936510997, -55.59188588847004], [-67.3697657039998, -55.605597346417035], [-67.35265699765667, -55.60991602226602], [-67.34709553500373, -55.61636493205262], [-67.35995302976649, -55.626044021242876], [-67.37645151691787, -55.62876985307917], [-67.36216614295407, -55.640589127066654], [-67.3275111846059, -55.6396784909057], [-67.33676892760738, -55.651375663155065], [-67.35894689629771, -55.659612189010375], [-67.37179689888455, -55.6685496282105], [-67.38567672987402, -55.68131829136593], [-67.39135426469852, -55.69591159207103], [-67.38483716678086, -55.704187228262356], [-67.37345679486299, -55.71743019860901], [-67.3571717868401, -55.714289222385304], [-67.3471105515617, -55.7001347868302], [-67.32352364451586, -55.689088941026604], [-67.30700059789623, -55.69663580132313], [-67.2810837329724, -55.70380170548255], [-67.26179527886842, -55.71667833464335], [-67.27017117537827, -55.72896893121786], [-67.29997057112577, -55.72620004643701], [-67.30372305125226, -55.731159555402236], [-67.29595163982178, -55.746913802499385], [-67.2790003941702, -55.753476764131214], [-67.24577892967375, -55.753352379747504], [-67.25766000856272, -55.76250272927526], [-67.26747596112358, -55.778224101806316], [-67.28311608058796, -55.78896900164071], [-67.31980064467568, -55.785435573516565], [-67.3380618889726, -55.79285495266435], [-67.34714188684517, -55.786745008460564], [-67.35075972467376, -55.77225449008912], [-67.35847920026725, -55.759690217869064], [-67.3757371697494, -55.76572948148352], [-67.39116540752592, -55.77119903808649], [-67.38183630007097, -55.7579286983554], [-67.39368177640438, -55.74106425332368], [-67.40953017220137, -55.754738808913665], [-67.42780210278553, -55.76949131784616], [-67.44953334103282, -55.766089515154334], [-67.45992059821135, -55.74526566726496], [-67.47809266890441, -55.74400074463768], [-67.49302795707906, -55.759491297265626], [-67.5034807806177, -55.74827983869228], [-67.52510553636463, -55.73872948579663], [-67.53905122693743, -55.73125872629495], [-67.56116261141393, -55.737185823748725], [-67.57954447415109, -55.726355851132695], [-67.55224402760766, -55.72195204768157], [-67.53155664391359, -55.7253871739152], [-67.51357079052299, -55.70992918760454], [-67.52947387988479, -55.7063001687767], [-67.54624986369237, -55.70691975997677], [-67.56168587085763, -55.69200195365758], [-67.57004052333302, -55.67431476180208], [-67.56230921938698, -55.65467035217093], [-67.54253935386558, -55.646881840979425], [-67.51621540753456, -55.646486549584246], [-67.50325653942588, -55.659499643495295], [-67.50811281212704, -55.67374947174153], [-67.48237576805309, -55.667588038510026], [-67.46370585547722, -55.67423555803839], [-67.45133422074235, -55.68014911308507], [-67.4297277978009, -55.69228662607537], [-67.42230026494332, -55.706589466619874], [-67.42645283499098, -55.72041814952092], [-67.41246594517739, -55.7067658640912], [-67.40755849963459, -55.69250794133188], [-67.40676040267691, -55.678839358155045], [-67.41719855478307, -55.66033607202225], [-67.42106639840101, -55.64173434818506], [-67.44262537206973, -55.62883314019448], [-67.46054956035083, -55.62071242172973], [-67.4725206605855, -55.62245347710134], [-67.49795775883133, -55.62080091765845], [-67.47608360271965, -55.60745735794528], [-67.46858439692708, -55.588654164507986], [-67.4429366294115, -55.57449812810204], [-67.41144430093834, -55.57060962849998], [-67.37930163578937, -55.565765739491134], [-67.36954561410462, -55.56701567716846]], [[-67.4623511465294, -55.58834528229137]], [[-67.38950668468867, -55.596372700385864]], [[-67.3906819694457, -55.59689817220323]], [[-67.39045806855266, -55.60097296179179]], [[-67.46795674222787, -55.60238180491606]], [[-67.39676429366772, -55.60779478477678]], [[-67.4664429080194, -55.61181543240263]], [[-67.37379037204911, -55.610242465948765]], [[-67.48507492605343, -55.619146115894665]], [[-67.46952116750997, -55.61741415957027]], [[-67.38039144364475, -55.64190395901549]], [[-67.3865624424406, -55.64313866372157]], [[-67.50653722219474, -55.71977196556929]], [[-67.49461677534495, -55.712125721889024]], [[-67.45204970606676, -55.7102718740933]], [[-67.43450456989304, -55.70473616729452]], [[-67.48836073368848, -55.705355745724646], [-67.48861736600396, -55.70146137093154], [-67.48836073368848, -55.705355745724646]], [[-67.50004055339214, -55.6999291341406]], [[-67.48428565993939, -55.70379966403443]], [[-67.47927103391969, -55.7031219884412]], [[-67.50039024075706, -55.69586593219976]], [[-67.53493032257546, -55.69068851335845]], [[-67.50510870968138, -55.68990405017118]], [[-67.50842273924913, -55.68888526418707]], [[-67.52681923522132, -55.68785589060458]], [[-67.51047053505066, -55.68750115394548]], [[-67.53486936097285, -55.6813749379454]], [[-67.51422223598513, -55.6652068771773]], [[-67.52963634144126, -55.648004790407946]], [[-67.26778146663425, -55.718898642653144]], [[-67.26061494636194, -55.71950515347901]], [[-67.3899715313715, -55.72346763242537], [-67.37825908984628, -55.73320612678975], [-67.3899715313715, -55.72346763242537]], [[-67.32806629524228, -55.728125573444544]], [[-67.45154380387302, -55.7342772465371]], [[-67.53153460794765, -55.728245283473306]], [[-67.40789643723467, -55.73684642015235]], [[-67.36722112677533, -55.73745225436219], [-67.36340332386514, -55.73934482177148], [-67.36722112677533, -55.73745225436219]], [[-67.37313194114725, -55.74313068977836]], [[-67.3750764510209, -55.74571974695943]], [[-67.37469507142266, -55.74191965519224]], [[-67.42030350809979, -55.749246748054446], [-67.42056583084212, -55.74887174482126], [-67.42030350809979, -55.749246748054446]], [[-67.42317281645563, -55.754262305059434]], [[-67.36666953146944, -55.75173788403004]], [[-67.32852943773517, -55.751423778866496]], [[-67.30337641971055, -55.75509760853855]], [[-67.2754819124826, -55.75778773708189]], [[-67.317453941305, -55.76030707230011]], [[-67.36482388165756, -55.756744895437606]], [[-67.37335607538502, -55.75546328339445]], [[-67.30051061208196, -55.70488096658119], [-67.30414430433413, -55.71037343368144], [-67.30051061208196, -55.70488096658119]]], [[[-66.78410314726003, -55.559383164585434], [-66.78555255460796, -55.56965220313776], [-66.80337467453185, -55.56485285306143], [-66.78530356534993, -55.5583761715556], [-66.78410314726003, -55.559383164585434]]], [[[-69.15516353109933, -55.57661419121415], [-69.17833922350195, -55.58130198729965], [-69.16507764004244, -55.57783639788716], [-69.15516353109933, -55.57661419121415]]], [[[-69.13024830227032, -55.573236635087085], [-69.11602163971762, -55.58631796160027], [-69.13332135145932, -55.59337894192146], [-69.15801657306778, -55.58461838656382], [-69.1442222730537, -55.57779646535628], [-69.13024830227032, -55.573236635087085]]], [[[-69.07120441705526, -55.572451818434814]]], [[[-69.08089122977997, -55.57011073645346], [-69.09013391014574, -55.576846777384425], [-69.09651641273969, -55.576345467234916], [-69.08089122977997, -55.57011073645346]]], [[[-68.60925672378757, -55.57290975318365]]], [[[-68.58881064980315, -55.56883540740754]]], [[[-68.59910749978884, -55.56603974344801], [-68.60252631016714, -55.56621895298263], [-68.59910749978884, -55.56603974344801]]], [[[-69.01670318943701, -55.568127003118306], [-68.99852317214395, -55.580337098755024], [-68.99426742132997, -55.58560699626736], [-68.98682715802721, -55.59736642263452], [-68.98493567493396, -55.608588782453594], [-68.97061571333083, -55.61576830226235], [-68.98013191101421, -55.62614736338332], [-68.96750324281714, -55.637602714523105], [-68.98829754597342, -55.64150942805698], [-69.01268885719867, -55.65221107058749], [-69.02055376365719, -55.63935114368837], [-69.0207261127777, -55.62058826718697], [-69.03611092529418, -55.6052605274027], [-69.0228272710007, -55.58862738854015], [-69.02952855064464, -55.57335205626196], [-69.03962391074546, -55.56834237121425], [-69.01670318943701, -55.568127003118306]], [[-68.98531370789793, -55.60522347772254]], [[-69.01356633958345, -55.60565032659681]], [[-68.97472081994759, -55.63801999111251]], [[-68.97780359688461, -55.638356572417905]], [[-69.00213704530093, -55.64490867265488]]], [[[-69.00964007300588, -55.564826936138665], [-69.00168933868079, -55.56843878782891], [-69.00964007300588, -55.564826936138665]]], [[[-68.60336384976989, -55.562116698456414]]], [[[-68.60931315402465, -55.562761897529235], [-68.61450450511944, -55.560317138623105], [-68.60931315402465, -55.562761897529235]]], [[[-68.5781721774898, -55.55779162623481], [-68.57972421559168, -55.560637400307165], [-68.5781721774898, -55.55779162623481]]], [[[-68.58731472732846, -55.55741443681932], [-68.59161570181652, -55.558879408944], [-68.58731472732846, -55.55741443681932]]], [[[-69.05047730041863, -55.560534124913715]]], [[[-69.02096916495374, -55.55999839254327], [-69.02973349664008, -55.557092132964776], [-69.02096916495374, -55.55999839254327]]], [[[-68.56466556449922, -55.56170309217611], [-68.56403932354252, -55.55885825311955], [-68.56466556449922, -55.56170309217611]]], [[[-69.11839054227352, -55.55311504256264]]], [[[-68.59815358086279, -55.55488569208192], [-68.60846747469743, -55.555569144009915], [-68.59815358086279, -55.55488569208192]]], [[[-68.59357337873924, -55.5530727060592]]], [[[-69.09634908672514, -55.55283133748518], [-69.10400831299238, -55.5522050200077], [-69.09634908672514, -55.55283133748518]]], [[[-68.61087376703013, -55.55112012180673]]], [[[-69.13074074366764, -55.54768813527892], [-69.1341751932147, -55.55231473627496], [-69.14138683139957, -55.548026021967004], [-69.13074074366764, -55.54768813527892]]], [[[-68.59432801054383, -55.54639268737888], [-68.57010299212898, -55.55469799578915], [-68.59041234110391, -55.5482363628051], [-68.6032920597813, -55.54657688667868], [-68.59432801054383, -55.54639268737888]]], [[[-68.44486865744088, -55.544048605693405]]], [[[-68.45964681812276, -55.54441827687141], [-68.47208823565477, -55.543126527804795], [-68.45964681812276, -55.54441827687141]]], [[[-69.60214640333602, -55.53917894766076]]], [[[-68.01098769236852, -55.536356994504764], [-67.98482212851752, -55.54326015866349], [-67.97691456784304, -55.55230984122938], [-67.99964692175473, -55.56056711235513], [-68.03167565054754, -55.56317332958041], [-68.02644389590247, -55.54368714285838], [-68.01261747213799, -55.53544052614388], [-68.01098769236852, -55.536356994504764]], [[-68.01591513834244, -55.556672529816936]]], [[[-68.3505668114789, -55.53849769897782]]], [[[-68.44104867114147, -55.536752182486865], [-68.45065684731102, -55.54012593140931], [-68.44104867114147, -55.536752182486865]]], [[[-68.6482667620183, -55.53692416676375]]], [[[-68.4482663662634, -55.536557884048726]]], [[[-68.35120381040674, -55.53304237207755]]], [[[-69.19963869468023, -55.53616383567458]]], [[[-68.582517733819, -55.53585951952298]]], [[[-68.04015130056396, -55.52933949796348], [-68.03300828870519, -55.541319351566095], [-68.04312887042232, -55.53079408770889], [-68.04015130056396, -55.52933949796348]]], [[[-69.21447496591169, -55.53251076165459]]], [[[-68.6132340713554, -55.53507444307591]]], [[[-69.07232123383308, -55.53702230423568], [-69.08300862426529, -55.533811637231636], [-69.07232123383308, -55.53702230423568]]], [[[-68.43805419067488, -55.5306642318861]]], [[[-68.0602893151025, -55.534183038180785]]], [[[-69.61475803811565, -55.528651939279754], [-69.62821418581197, -55.53832529019529], [-69.63211754996709, -55.53439877564778], [-69.61475803811565, -55.528651939279754]]], [[[-68.29406874520147, -55.52806643608233], [-68.28989310639577, -55.53903482100977], [-68.30388241400149, -55.54581017047801], [-68.3145583206653, -55.53492603864595], [-68.29406874520147, -55.52806643608233]]], [[[-68.31449427664988, -55.529676954778054]]], [[[-68.86544788662691, -55.5276788614523], [-68.8302890801085, -55.52957565950032], [-68.80242747564796, -55.54110103638805], [-68.80153650364353, -55.55365921784387], [-68.81792203521894, -55.562233011299945], [-68.8399705455301, -55.55889211551147], [-68.85776469315368, -55.55907375341836], [-68.8689010749663, -55.5421466812802], [-68.87753336431547, -55.52828565737508], [-68.86544788662691, -55.5276788614523]], [[-68.83119155543993, -55.5516351052414]]], [[[-68.59641414819637, -55.526915208256746]]], [[[-67.61879589073615, -55.51717498902681]]], [[[-68.32694404760261, -55.52296602120147]]], [[[-69.08614283711437, -55.5265483187481]]], [[[-68.39948020366329, -55.52163467415006]]], [[[-68.40730828813737, -55.51943308107024]]], [[[-68.35533272326039, -55.521333673863836]]], [[[-68.36460556637961, -55.51999707379793]]], [[[-69.26575951894502, -55.51954774317638], [-69.25007773956759, -55.52859943310428], [-69.23041925154152, -55.538938211609675], [-69.24435915412364, -55.549861476630824], [-69.26544735110961, -55.5533303264851], [-69.2795798334901, -55.539964443254505], [-69.28821075323843, -55.55108614815994], [-69.28073049358126, -55.56667000922981], [-69.30322162571146, -55.55824150249382], [-69.31758349224735, -55.5449536388085], [-69.3129322783005, -55.53878295634589], [-69.31280489875081, -55.52805939726007], [-69.29604138539122, -55.52668216873697], [-69.28230871812598, -55.52237209152393], [-69.26575951894502, -55.51954774317638]], [[-69.25294347560849, -55.54294261488326]]], [[[-68.67467745883452, -55.518797720313096], [-68.65424477762531, -55.528292294290395], [-68.63548237470378, -55.53467790664416], [-68.63702734504385, -55.539142769620014], [-68.64675987851382, -55.54131772968051], [-68.66007688364671, -55.53171681197932], [-68.6696453627004, -55.53073625992528], [-68.66127411113204, -55.537831155620566], [-68.63320536952732, -55.550785855258184], [-68.61809928359641, -55.56612855317625], [-68.62217859601574, -55.577755328157586], [-68.63780690466952, -55.58305024413469], [-68.65979180377738, -55.577688784555114], [-68.67280054103085, -55.56380515349049], [-68.6952346811602, -55.56286895304677], [-68.70712689351006, -55.550592306851804], [-68.7173814400682, -55.5343229119296], [-68.73023687435642, -55.525906211648035], [-68.73782099294391, -55.5383992413542], [-68.74308978860194, -55.52485041479943], [-68.72141787834148, -55.51959153638284], [-68.6999014904666, -55.52596408463393], [-68.68351640464661, -55.52911996151], [-68.68065041988021, -55.521871150248764], [-68.67467745883452, -55.518797720313096]], [[-68.67447714173144, -55.549762548229]], [[-68.68841208559533, -55.554582094669406]], [[-68.66331737663656, -55.559524773970494]], [[-68.6648558353437, -55.55989054911233]], [[-68.66481528054679, -55.56222350541961]], [[-68.65763426932767, -55.56347092475865]], [[-68.65942725856304, -55.566423348207245]], [[-68.6488409635301, -55.538019407495696]]], [[[-68.41373052605874, -55.52104500704725], [-68.40770301735925, -55.53971775479407], [-68.42444344500409, -55.54117678934602], [-68.43204404106088, -55.530896460970425], [-68.42547509884803, -55.52109647989228], [-68.41373052605874, -55.52104500704725]], [[-68.4232075948905, -55.528401192439794]], [[-68.41706927243041, -55.53228550351563], [-68.41579215581721, -55.53099941512737], [-68.41706927243041, -55.53228550351563]]], [[[-68.03261868215742, -55.52074250669797], [-68.0321269640012, -55.51713571025024], [-68.03261868215742, -55.52074250669797]]], [[[-68.67550647991136, -55.51694318371437]]], [[[-68.65230104883445, -55.51703978501179]]], [[[-68.30024742946638, -55.516012158697016]]], [[[-68.35457443650098, -55.51357396836937]]], [[[-68.4417593493866, -55.51451261185602]]], [[[-68.66629134147972, -55.513721077963915]]], [[[-68.66224460839094, -55.51344058111062]]], [[[-68.30826246304986, -55.510581515022295]]], [[[-68.36928514875623, -55.51028044949757], [-68.37055438626464, -55.51830282791188], [-68.38391178406263, -55.522632585415515], [-68.38426107864294, -55.53654044073357], [-68.3929860587305, -55.519598397576765], [-68.38313394048909, -55.51126771032789], [-68.36928514875623, -55.51028044949757]], [[-68.38839051160834, -55.51490258307408]]], [[[-68.28973582480462, -55.50912851594607]]], [[[-68.36043886216444, -55.511150836342786], [-68.3634200214362, -55.50821792158938], [-68.36043886216444, -55.511150836342786]]], [[[-68.54390920116337, -55.51436240011259]]], [[[-68.30106540023287, -55.50784891278877]]], [[[-68.57310975993275, -55.50928445245683]]], [[[-68.5887565641105, -55.511559298231795]]], [[[-68.67372834798098, -55.51065925500314]]], [[[-68.34575418021019, -55.50776456400514]]], [[[-68.57917738682819, -55.50765059460658]]], [[[-68.55478078533409, -55.505183160466444], [-68.55631062363871, -55.518894214897166], [-68.53596241297885, -55.52360827910931], [-68.55378919460901, -55.52760160424074], [-68.55989658457015, -55.534929867811535], [-68.52617071687939, -55.52847456147411], [-68.52449793755856, -55.535558501784614], [-68.53971106529553, -55.545753673003354], [-68.52683724695545, -55.547359131740805], [-68.51804062822112, -55.56192880678493], [-68.50814787619562, -55.57596314394727], [-68.52179838994155, -55.57735548901806], [-68.53259275345728, -55.56496451717181], [-68.55085571206159, -55.56028321753365], [-68.5533729435406, -55.55059857365746], [-68.5638376814518, -55.54266774641435], [-68.57762090402694, -55.53445812556527], [-68.58901382717197, -55.5207839234654], [-68.56254280641505, -55.51367107449007], [-68.55478078533409, -55.505183160466444]], [[-68.54564866501029, -55.52447854260053]], [[-68.56757198071524, -55.5270660870103]], [[-68.56421505476537, -55.52960555420084]], [[-68.5519040521933, -55.53600900793072]], [[-68.55942151775277, -55.539360823092416]], [[-68.54730384320199, -55.5420090944727], [-68.54459298438702, -55.541627427913674], [-68.54730384320199, -55.5420090944727]], [[-68.53809951857141, -55.559108145427416]]], [[[-68.5392381484644, -55.50593958431055]]], [[[-68.37788135971161, -55.504074269534925]]], [[[-68.52327101729816, -55.50342868305207]]], [[[-68.54582279033501, -55.50310481086807]]], [[[-67.66483598131799, -55.49713521120217], [-67.64786223335604, -55.50343246099399], [-67.62929009329623, -55.51194390560068], [-67.62307187901014, -55.52489757415179], [-67.61131360659556, -55.537324510705716], [-67.61379442041184, -55.55004200066928], [-67.61330150914866, -55.56157769925466], [-67.60856508001804, -55.57953327489902], [-67.57764069996932, -55.590317589436665], [-67.57595079261064, -55.598775913208584], [-67.59971358055643, -55.58493425487409], [-67.61505965385064, -55.580809129214686], [-67.61299818006486, -55.58593050527057], [-67.6383789974051, -55.59111377260561], [-67.65190119735567, -55.60878828358162], [-67.66785142146392, -55.610892592612906], [-67.69485821181644, -55.615159506088645], [-67.72383653148339, -55.619728575400444], [-67.74022461784453, -55.616794251080336], [-67.7372212157109, -55.59894696549373], [-67.71731503293897, -55.58824616842799], [-67.69752942004635, -55.57740592917901], [-67.68469730806994, -55.57129549421845], [-67.68367214096703, -55.567323376127874], [-67.69324027580525, -55.55618928096304], [-67.68799158927258, -55.54464355448658], [-67.70444548630873, -55.534875537258934], [-67.69887008879685, -55.519209466829075], [-67.68581458789491, -55.50447715898455], [-67.6686348858371, -55.49793619529061], [-67.66483598131799, -55.49713521120217]], [[-67.65361394318482, -55.507105920427556]], [[-67.68844068680195, -55.53356821417987]], [[-67.63133807076306, -55.546431618376026]], [[-67.62974292260783, -55.55979992584459], [-67.6286704242244, -55.559318755377774], [-67.62974292260783, -55.55979992584459]], [[-67.64304153452495, -55.56265012183143]], [[-67.66541353753239, -55.56184719117017]], [[-67.6688212790777, -55.56718664023949]], [[-67.63612555277574, -55.56622229307827], [-67.62587894383887, -55.56699068233084], [-67.63612555277574, -55.56622229307827]], [[-67.62431578274371, -55.57008795702576]], [[-67.62966993062288, -55.571244394939015]], [[-67.64462172797931, -55.57183506707368]], [[-67.62889895856306, -55.57241204976091]], [[-67.6436398225432, -55.57347579411008]], [[-67.65068393174593, -55.57552044417481], [-67.66644506287088, -55.57744021562475], [-67.66252712758808, -55.58716457786507], [-67.63958990170453, -55.58186298163788], [-67.64196849109564, -55.57596567250673], [-67.65068393174593, -55.57552044417481]], [[-67.63396330544688, -55.58031599191253]], [[-67.64675929825695, -55.5883003887519]], [[-67.66637160846906, -55.58424483214607]], [[-67.65815989800214, -55.57376118567979]], [[-67.65650957946166, -55.57341895477041]], [[-67.65798294665814, -55.57111387599961]], [[-67.6407774297269, -55.56785622716863]], [[-67.6448169964402, -55.56688573402285]], [[-67.6773301432363, -55.59019732815399]], [[-67.64982458723703, -55.59057070405334]], [[-67.65821277951311, -55.59560652593123]], [[-67.69995943083006, -55.59750093622509]], [[-67.64981742394625, -55.59736619350024]], [[-67.65830271861368, -55.59884808737486]], [[-67.67075900290527, -55.59574982524254]], [[-67.67717518474915, -55.59268338754846]], [[-67.69088231414196, -55.604616004674824]], [[-67.72234529952121, -55.607216139800464]], [[-67.73039945610498, -55.60830754713478]], [[-67.5854538565913, -55.590893194207766]]], [[[-68.30601480805325, -55.5024130610335]]], [[[-67.67387320820193, -55.494626903095934], [-67.68252780317843, -55.497770091239715], [-67.67387320820193, -55.494626903095934]]], [[[-68.38625786942791, -55.49807250785088]]], [[[-68.39273780321923, -55.49890009867637], [-68.3832110132063, -55.50896772121827], [-68.40438667097676, -55.5083684338694], [-68.42825290734334, -55.51230280031553], [-68.41542220877709, -55.50261437148995], [-68.39170435927595, -55.49783858747796], [-68.39273780321923, -55.49890009867637]]], [[[-68.39934158728764, -55.49788180947459]]], [[[-67.64492651228694, -55.49041569888415]]], [[[-67.66108806213087, -55.49123972969064]]], [[[-69.44439587664097, -55.49901496157081]]], [[[-67.65157231191112, -55.48962897617632]]], [[[-69.1790796967534, -55.49715368077883]]], [[[-67.64813604375222, -55.486838280859196]]], [[[-68.482180301332, -55.48965667155224]]], [[[-68.52299624279097, -55.49078892380783]]], [[[-69.43357261628466, -55.4891802639872]]], [[[-69.04562427518493, -55.489914902192794]]], [[[-67.62824386245605, -55.48262146379786]]], [[[-69.05133885362584, -55.48819266583637]]], [[[-68.54909628048767, -55.48821126059602], [-68.55163251526642, -55.49838383176989], [-68.56292599116392, -55.48818240381589], [-68.54909628048767, -55.48821126059602]]], [[[-67.64478159087287, -55.48170083455308]]], [[[-68.89153913872266, -55.48750650875009], [-68.87884633869695, -55.50166481843873], [-68.87416508855304, -55.51338941472997], [-68.88055708637664, -55.524645182917105], [-68.9072573356011, -55.517666567017066], [-68.90109541989393, -55.50380332177071], [-68.91292660048049, -55.491910747350595], [-68.89153913872266, -55.48750650875009]]], [[[-69.43368776105507, -55.48578097721567]]], [[[-68.55517613020137, -55.48726663924344]]], [[[-68.56360744575029, -55.48713316493424]]], [[[-69.08719674205261, -55.48631473203554], [-69.08372470752603, -55.49043412212825], [-69.08719674205261, -55.48631473203554]]], [[[-68.50360510301253, -55.48777981035574]]], [[[-68.47768381719821, -55.486187312649555], [-68.47782457932936, -55.48580213133505], [-68.47768381719821, -55.486187312649555]]], [[[-67.61865751841731, -55.4805073855207]]], [[[-68.54514816519902, -55.487423550921804]]], [[[-68.52992769064481, -55.49164524726227], [-68.53192349841802, -55.500812970067074], [-68.54081131467481, -55.50141061321396], [-68.5392120741766, -55.48826678327396], [-68.52992769064481, -55.49164524726227]]], [[[-69.07415064452387, -55.48491961232083]]], [[[-69.52147620518947, -55.48739231289252], [-69.51163417630228, -55.49573110590934], [-69.52526480218567, -55.500762756746454], [-69.5348252161295, -55.51378517992048], [-69.55887073876305, -55.51286406531785], [-69.55708619272473, -55.50185281525806], [-69.54723019592217, -55.487450117373896], [-69.52147620518947, -55.48739231289252]]], [[[-67.6567630167531, -55.47726531323298]]], [[[-68.87412516142987, -55.48563272589207], [-68.86987006955441, -55.49409084945532], [-68.88709429194164, -55.48533035123283], [-68.87412516142987, -55.48563272589207]]], [[[-69.05209815930553, -55.48761033240058]]], [[[-67.64546399376042, -55.47503057564947], [-67.64546399376042, -55.47503057564947]]], [[[-67.01142524900462, -55.46527985413722], [-67.01202624502426, -55.46548356009693], [-67.01264443514285, -55.46528692358926], [-67.01282011874346, -55.46489697446507], [-67.01243865713059, -55.46456168534652], [-67.01137085819934, -55.464607864090645], [-67.0110754864707, -55.46494664327828], [-67.01142524900462, -55.46527985413722]]], [[[-68.01356255410191, -55.47957202335523]]], [[[-68.54617456080689, -55.47923004781419], [-68.55719740928315, -55.484262451279186], [-68.56138017922778, -55.480504205112084], [-68.54617456080689, -55.47923004781419]]], [[[-68.47717667647812, -55.48044412476748]]], [[[-68.91664672103478, -55.48142355123919]]], [[[-68.62636888648626, -55.47590600002056], [-68.59922460171933, -55.4844204986825], [-68.5863301360162, -55.480121059837025], [-68.57327967549993, -55.49065724822891], [-68.58673441184524, -55.49925279418489], [-68.59773567385177, -55.51572426393009], [-68.61333669195407, -55.52566813758665], [-68.62937566474103, -55.52312304247688], [-68.65456468927952, -55.51488079940829], [-68.66066868327732, -55.50411841377098], [-68.63023043226933, -55.49609929530254], [-68.61847346141204, -55.487335550896034], [-68.64861603641712, -55.49453233658555], [-68.68258508769048, -55.49522422240542], [-68.6847451682165, -55.4812543879604], [-68.65214091842613, -55.47582070256601], [-68.62636888648626, -55.47590600002056]], [[-68.58035137157812, -55.490529322624]], [[-68.60375685355723, -55.49318881292241]], [[-68.59819635946663, -55.495375201839884]], [[-68.60022831117084, -55.50248736754465]]], [[[-67.03106370003694, -55.45979637582936]]], [[[-69.64924937579265, -55.47368024684614]]], [[[-69.6483321225084, -55.47338631032242]]], [[[-69.57518816146064, -55.474214026982956], [-69.57848204536332, -55.4887385017004], [-69.59785018617953, -55.48265852537389], [-69.57553416072871, -55.4726874941991], [-69.57518816146064, -55.474214026982956]]], [[[-69.6421548839022, -55.47282540627742]]], [[[-69.767302272999, -55.469871524756385], [-69.77228433278044, -55.47861395424078], [-69.767302272999, -55.469871524756385]]], [[[-68.01490071923476, -55.46937671167123]]], [[[-69.63410626289343, -55.46960844136999]]], [[[-69.62915066998819, -55.47319638193558]]], [[[-69.6310916974754, -55.468787223473726]]], [[[-69.6291403076104, -55.46859263280563]]], [[[-68.34752163552598, -55.46796036706952], [-68.33121974651999, -55.477741697843236], [-68.34059725956774, -55.47130379082294], [-68.34752163552598, -55.46796036706952]]], [[[-69.65059935934184, -55.46514912563315], [-69.65274010716384, -55.468178832443265], [-69.65059935934184, -55.46514912563315]]], [[[-68.35168127023566, -55.46785896368611]]], [[[-69.09113990456261, -55.46787825785265], [-69.09171232508852, -55.46685789308832], [-69.09113990456261, -55.46787825785265]]], [[[-69.1274551196774, -55.46672573253376]]], [[[-68.71012837382067, -55.466895925982875]]], [[[-69.1151527900086, -55.466561667069975]]], [[[-69.40374371192387, -55.46477060103553]]], [[[-69.11209457484148, -55.46346043065556]]], [[[-69.45667256604962, -55.46014808986015]]], [[[-68.71848286806643, -55.46401180111329]]], [[[-69.02667836109268, -55.46058577761512], [-69.00759223325556, -55.466592514770625], [-68.98588013157567, -55.472823048560336], [-68.99731703045867, -55.47592323317526], [-69.02171202072157, -55.4711128370604], [-69.0280537110845, -55.460297073745586], [-69.02667836109268, -55.46058577761512]]], [[[-69.00996069076669, -55.46132361475694]]], [[[-69.46381630244962, -55.458630441107495]]], [[[-69.64382699176151, -55.457711696005575]]], [[[-68.976587889862, -55.45878992230685]]], [[[-69.2065153313493, -55.46054936713968]]], [[[-67.05238992794534, -55.447211369168656], [-67.05238992794534, -55.447211369168656]]], [[[-69.65466087669135, -55.45543196075474], [-69.65384876997233, -55.4642403510743], [-69.65466087669135, -55.45543196075474]]], [[[-69.14153331946568, -55.45720781423835]]], [[[-69.12944308933065, -55.462390946127115]]], [[[-69.48792442199189, -55.455688578890665]]], [[[-69.20028674110786, -55.45729991250747]]], [[[-68.55484576327326, -55.45579533273759]]], [[[-69.04256168014247, -55.45655603058091]]], [[[-69.64449871725296, -55.45089067485909]]], [[[-68.5378513905533, -55.451569056176346]]], [[[-69.06691751880938, -55.45240268386097], [-69.06785459133813, -55.451380155281484], [-69.06691751880938, -55.45240268386097]]], [[[-69.06321270714928, -55.452044376662975]]], [[[-69.66136041900944, -55.44880982765898]]], [[[-69.08301273704934, -55.45055884250999], [-69.08590633336173, -55.453191390169415], [-69.08301273704934, -55.45055884250999]]], [[[-69.4438540000838, -55.450872434262095]]], [[[-69.03487718730602, -55.45092880479342]]], [[[-68.5537972771843, -55.44937626152531]]], [[[-69.1650949685643, -55.45095315583582]]], [[[-69.04607503700699, -55.45196554326474], [-69.0504509235287, -55.44995384298785], [-69.04607503700699, -55.45196554326474]]], [[[-69.65301365793134, -55.45112369651894]]], [[[-69.17056873184579, -55.45021448729466]]], [[[-68.72883760423471, -55.449922022883364]]], [[[-69.65414409901082, -55.44668952042744]]], [[[-69.11224077200535, -55.4484608988883]]], [[[-69.65889630480912, -55.446050083061316]]], [[[-69.13451238269676, -55.44805716898283]]], [[[-69.14419525795353, -55.4477602082125], [-69.14533927646711, -55.44795803628521], [-69.14592293602223, -55.44741438395537], [-69.14538958713273, -55.44705530757344], [-69.14471679328749, -55.44707065199965], [-69.14432066160207, -55.44748039454893], [-69.14419525795353, -55.4477602082125]]], [[[-69.07531546505456, -55.44706988379692]]], [[[-69.13647115699729, -55.44672217406225], [-69.1376151021995, -55.4469200744081], [-69.1385035630635, -55.44658165660281], [-69.1387192579877, -55.446258562624756], [-69.13799140323506, -55.44608065487561], [-69.13695762067104, -55.446269155878845], [-69.13643720531942, -55.446387064313086], [-69.13647115699729, -55.44672217406225]]], [[[-69.09112507688191, -55.44659076374514]]], [[[-68.11836054008151, -55.44426795995125]]], [[[-69.20694430150708, -55.44623099130496]]], [[[-69.07929493773581, -55.44664008381517]]], [[[-69.15177353029755, -55.445265468853]]], [[[-69.64835440106081, -55.44752936309242]]], [[[-69.08579558685064, -55.4440182486538]]], [[[-69.2143940249877, -55.44229726207714]]], [[[-69.19116871400806, -55.44238427882564], [-69.19014594663118, -55.446480029066784], [-69.19116871400806, -55.44238427882564]]], [[[-68.05601559324967, -55.438513689054915]]], [[[-69.654696840832, -55.44225738672062], [-69.65386940972657, -55.441975096794415], [-69.654696840832, -55.44225738672062]]], [[[-68.06922135425899, -55.43834247359666]]], [[[-69.17983178032866, -55.44084340866552]]], [[[-68.03611016953998, -55.43727439460728]]], [[[-69.45429375345194, -55.438988384301936]]], [[[-69.19161444993014, -55.43992835788112]]], [[[-69.1985976088439, -55.43973670396706]]], [[[-69.18773842758625, -55.4395055123608]]], [[[-69.5353673751412, -55.43735531625436]]], [[[-69.16222818906455, -55.43862054986351]]], [[[-69.17564794574581, -55.43683263923696]]], [[[-69.18612511471791, -55.43680853429111]]], [[[-69.07178630926092, -55.43982221534187]]], [[[-69.14824146967976, -55.43518717732146]]], [[[-69.06147438659836, -55.43500352713899], [-69.06445643400129, -55.43755195670423], [-69.06147438659836, -55.43500352713899]]], [[[-68.58212170634982, -55.43405833038966]]], [[[-68.74335599547285, -55.433871890653]]], [[[-69.1724444020995, -55.431296503706385]]], [[[-68.56327757398552, -55.43107580008442]]], [[[-68.06600524931356, -55.426864866123964], [-68.07744642337111, -55.43188754484218], [-68.06600524931356, -55.426864866123964]]], [[[-68.04208115091235, -55.43105156334824], [-68.05580578119434, -55.42947188806222], [-68.04208115091235, -55.43105156334824]], [[-68.04493243348078, -55.43228881220063]]], [[[-69.1586912090269, -55.43025736945068]]], [[[-68.11377705420762, -55.42670516210782]]], [[[-69.61167908645744, -55.42597629825599], [-69.60695043839367, -55.44051981761686], [-69.61648713940552, -55.44025223815097], [-69.62381171832388, -55.452935217343324], [-69.63846222473566, -55.45307225367277], [-69.63459241621314, -55.43979916573703], [-69.61656009144562, -55.42804034610697], [-69.61167908645744, -55.42597629825599]], [[-69.61654688606939, -55.43269581011335]], [[-69.62282000718794, -55.44758140620916]]], [[[-69.31810920839511, -55.426846509839336]]], [[[-69.51126027144521, -55.42540158939515]]], [[[-69.59783174735013, -55.424801731188936]]], [[[-69.58719018814949, -55.42591064828017], [-69.55954166598394, -55.42985012404574], [-69.54011435728918, -55.43766780439783], [-69.53465808368878, -55.44275597022738], [-69.52088979232815, -55.44102073755229], [-69.493973652381, -55.450730354285966], [-69.48305035502105, -55.45617503537762], [-69.4708575998531, -55.46363384142782], [-69.45608250372567, -55.46960032198611], [-69.44705858534086, -55.47487212448939], [-69.4357310865466, -55.480178055532676], [-69.44651043147392, -55.49445488261382], [-69.46500150758723, -55.494223384907976], [-69.45189296282102, -55.50340894395805], [-69.4591581542602, -55.510811322663], [-69.48070090253368, -55.50921490529874], [-69.49427125861155, -55.505802875101814], [-69.50258636577205, -55.499747662928385], [-69.5078151917783, -55.48933807746762], [-69.50707871801164, -55.47718358666035], [-69.51348892873118, -55.4708992030184], [-69.53026345316204, -55.47146152538713], [-69.55133120723146, -55.477356955537125], [-69.55821865372907, -55.465138359209575], [-69.5778600017707, -55.46434553202871], [-69.59739349826911, -55.46552251571507], [-69.58412824469426, -55.44981340301243], [-69.57303749399637, -55.44272445645925], [-69.58646020241365, -55.43527191328934], [-69.6015667695996, -55.441180038068694], [-69.59491419038314, -55.427510488050565], [-69.58719018814949, -55.42591064828017]], [[-69.55356799595988, -55.44497700887315]], [[-69.55111903582521, -55.44514901077041], [-69.55111903582521, -55.44514901077041]], [[-69.51957411443074, -55.457857682714376]], [[-69.4958252105616, -55.46149348113482], [-69.48839835867531, -55.46596377761908], [-69.4958252105616, -55.46149348113482]], [[-69.50746074103354, -55.465848599977434]], [[-69.4791408275111, -55.47461869625375]], [[-69.49101405596919, -55.4747518922797]], [[-69.49387857762095, -55.479652996040656]], [[-69.48419396983647, -55.48331556059275], [-69.47994198867016, -55.487895252705364], [-69.48419396983647, -55.48331556059275]], [[-69.46484402975041, -55.48583384154779]], [[-69.45558104966528, -55.48689212280472]], [[-69.48434410157218, -55.48900155313494]], [[-69.47620760945495, -55.49004508981448]], [[-69.48978645310223, -55.490289058831884]]], [[[-69.01786673306896, -55.425243829351416]]], [[[-69.59847448072958, -55.42350661453257]]], [[[-69.60843173429251, -55.424211799063634]]], [[[-68.06207134537485, -55.421288082867974]]], [[[-69.62044926310224, -55.42243929325575]]], [[[-69.67350743370143, -55.421447841719704]]], [[[-68.99926019839566, -55.423556625740254], [-69.01348148269355, -55.424119434660405], [-68.99926019839566, -55.423556625740254]]], [[[-69.60071532059078, -55.42209692168555]]], [[[-69.08159973507122, -55.42503609040982]]], [[[-69.60084960845695, -55.42043516034449]]], [[[-69.61646336346416, -55.41924573730643], [-69.6168761043135, -55.419290419928295], [-69.61646336346416, -55.41924573730643]]], [[[-69.01154240508785, -55.42281777295662]]], [[[-69.54467396655386, -55.419387442789926], [-69.52801374177568, -55.4268766648465], [-69.54597097199573, -55.419192601827994], [-69.54467396655386, -55.419387442789926]]], [[[-69.6111402995197, -55.418693041080516]]], [[[-69.61822445693585, -55.41964110233566]]], [[[-69.01202884985238, -55.42039955931487]]], [[[-68.10995782072968, -55.41677286827091]]], [[[-69.61962529358551, -55.417558707156516]]], [[[-69.149734822333, -55.418347058784434]]], [[[-69.58583657418713, -55.41680798035859], [-69.58938612486335, -55.42077994950852], [-69.58583657418713, -55.41680798035859]]], [[[-69.61880096356974, -55.41643701679084]]], [[[-69.61279299689053, -55.417495410763145]]], [[[-69.16370591009606, -55.419016633530255]]], [[[-69.47003515430856, -55.416606726624394], [-69.47139982943058, -55.41664347060604], [-69.47003515430856, -55.416606726624394]]], [[[-69.61933280805371, -55.414925132699274]]], [[[-69.59676904786899, -55.41841699624003]]], [[[-69.16818404781952, -55.41308558231047], [-69.16439108458637, -55.42457547670194], [-69.18082044590868, -55.416547652374796], [-69.16818404781952, -55.41308558231047]]], [[[-69.15471100347426, -55.414155345273855]]], [[[-69.6065791198718, -55.41274801607906]]], [[[-69.61711462659592, -55.412089157363646]]], [[[-69.16871757679898, -55.40777561866838]]], [[[-69.1630270396052, -55.40435915679557], [-69.17035954422974, -55.40232812650137], [-69.1630270396052, -55.40435915679557]]], [[[-69.17770348523865, -55.401916905637215], [-69.18249124625247, -55.408624223508596], [-69.18716547543059, -55.403607051494724], [-69.17770348523865, -55.401916905637215]]], [[[-69.94988373981492, -55.398053158597236]]], [[[-68.05513253130279, -55.395627451767616]]], [[[-68.06339702246404, -55.39517786735377], [-68.0629895478264, -55.40398435633137], [-68.09601716148843, -55.40456198320846], [-68.10504283794252, -55.39922334863606], [-68.07303718286305, -55.39610608409979], [-68.06339702246404, -55.39517786735377]], [[-68.10466715262122, -55.40082712254249]]], [[[-69.21459303367116, -55.3991563101421]]], [[[-69.20778375696428, -55.398877241937804]]], [[[-69.21903809294975, -55.39219063501584]]], [[[-68.95286403588594, -55.3930828159562]]], [[[-68.93151109078575, -55.392320525797125]]], [[[-69.21825228646098, -55.38958398062075]]], [[[-68.1163655903178, -55.38561805377401]]], [[[-69.25034785222367, -55.389354590913676]]], [[[-69.21378253997696, -55.38928327676712]]], [[[-68.95113426945444, -55.38835825412985]]], [[[-69.23440717375024, -55.388144504010356]]], [[[-68.77104432209708, -55.3877613609484]]], [[[-69.63315015755138, -55.38462324193625], [-69.62011798997685, -55.39242827381], [-69.63997574771652, -55.388346899428115], [-69.64858991573429, -55.39156176537345], [-69.63315015755138, -55.38462324193625]]], [[[-68.2136741020252, -55.38630580069569]]], [[[-69.20215813274064, -55.38735756151631], [-69.20654739066158, -55.3972236820242], [-69.2023324990041, -55.386169740411695], [-69.20215813274064, -55.38735756151631]], [[-69.20427606880703, -55.38989479195451]]], [[[-69.18627707563918, -55.38686684752413], [-69.18944768050129, -55.39282141237713], [-69.19543446929896, -55.38756912227353], [-69.18627707563918, -55.38686684752413]]], [[[-68.12305180404051, -55.383287661149595]]], [[[-68.77672496485985, -55.389957731584396]]], [[[-69.26776966391208, -55.3858981247023]]], [[[-69.23656395396388, -55.384285792173586]]], [[[-69.24228434083228, -55.380320472361085]]], [[[-68.78274587086095, -55.37830493269629]]], [[[-68.7912217671335, -55.37797802976443]]], [[[-69.94973828178057, -55.37480041979976], [-69.96510166608792, -55.390039226011794], [-69.97980161626167, -55.37821854405641], [-69.94973828178057, -55.37480041979976]]], [[[-69.20010397984039, -55.37694805234918]]], [[[-68.95121630983614, -55.379436787564586]]], [[[-69.24369037967294, -55.37742814291154]]], [[[-68.81523980678602, -55.37633438448539]]], [[[-69.76609068362481, -55.371610482693214], [-69.74423948298043, -55.37508197844862], [-69.71787870266557, -55.38441503544308], [-69.68805460552387, -55.39193916680914], [-69.66263646184859, -55.39688355414822], [-69.63405464188801, -55.40277301460089], [-69.62770508027837, -55.414995007493104], [-69.62586543096408, -55.42789172850812], [-69.6439497778666, -55.43533056209048], [-69.66243539752347, -55.42499661726752], [-69.66802836676082, -55.420788352159036], [-69.68173218188366, -55.4110522700059], [-69.67099258496746, -55.41929867373452], [-69.68929554011098, -55.4158107155045], [-69.71646084623409, -55.420693068918254], [-69.72436109882521, -55.421394240935534], [-69.6951598293883, -55.41951851866108], [-69.68169723411181, -55.43119537660571], [-69.70903793762733, -55.435908047143265], [-69.67611994059644, -55.43466677811446], [-69.67167394692443, -55.446497653572095], [-69.67737016429871, -55.45705668138011], [-69.68196375443537, -55.468353118913036], [-69.69467069994488, -55.45678596904542], [-69.70390830734448, -55.45602037974743], [-69.70140749700307, -55.46838897984099], [-69.718846977883, -55.465239622491794], [-69.73067762364147, -55.4531118532619], [-69.73136088666271, -55.440641790855295], [-69.75098695130185, -55.447095536632034], [-69.7769987782467, -55.456182783327854], [-69.79572401881596, -55.44857087314638], [-69.76415443598144, -55.442798760912915], [-69.7746819315521, -55.43841740096498], [-69.7584567217594, -55.42607297607928], [-69.77286402649509, -55.4155145222366], [-69.75069206538627, -55.41478658320317], [-69.78041696525824, -55.40186552984383], [-69.78440475415726, -55.383331590731295], [-69.7718350700688, -55.37349909382876], [-69.76609068362481, -55.371610482693214]], [[-69.68718753246458, -55.400603756225316]], [[-69.67496957753713, -55.40244948667811]], [[-69.68996353184373, -55.408689081312325]], [[-69.68043344634084, -55.45068437408006]], [[-69.65069622309626, -55.42068425380429]]], [[[-70.14710067704469, -55.36883321354103]]], [[[-69.19881198324944, -55.372024111068285]]], [[[-68.96569961688343, -55.3726498411963]]], [[[-69.2244692500164, -55.3773682513572], [-69.23448562365017, -55.37236437093777], [-69.2244692500164, -55.3773682513572]]], [[[-69.22444408543497, -55.36967878142721]]], [[[-70.13125938087386, -55.36828092637246]]], [[[-68.97108055351312, -55.36906941885754]]], [[[-69.17779243398228, -55.372086952837165]]], [[[-68.21753762376045, -55.367606128614085]]], [[[-69.20156555411808, -55.36810135557967]]], [[[-69.17406010685114, -55.36832329519747], [-69.17448842290055, -55.3679756253322], [-69.17406010685114, -55.36832329519747]]], [[[-68.22696528120373, -55.36439727391258]]], [[[-68.96924019065993, -55.36724346115721]]], [[[-69.21171226413777, -55.36465679366928]]], [[[-69.6533291134627, -55.36362324719624]]], [[[-69.2139044286423, -55.36953101991069]]], [[[-69.25274226056199, -55.36589086895572]]], [[[-69.20121863770265, -55.36605998176398]]], [[[-69.2718714786999, -55.36485698755047]]], [[[-70.16072127114012, -55.36095731704193]]], [[[-69.2262393549561, -55.364026845596975]]], [[[-69.19023389877786, -55.36420211715518]]], [[[-69.65482259129664, -55.36154308561902]]], [[[-69.19336935240864, -55.36485780902738]]], [[[-68.53464216364203, -55.36256076975073]]], [[[-69.21801074565249, -55.36320713399728]]], [[[-69.27028795143073, -55.36305013387117]]], [[[-69.12453685157584, -55.36196431253015]]], [[[-69.24767907557006, -55.36160290837053]]], [[[-69.1270795199604, -55.36177137650408]]], [[[-69.22851533623914, -55.3628402971947]]], [[[-69.22020798894584, -55.360335484438025]]], [[[-69.23149948689658, -55.3658874227638], [-69.23344911230352, -55.36054916592386], [-69.23149948689658, -55.3658874227638]]], [[[-69.21114235291519, -55.3597210016788]]], [[[-69.13140343728207, -55.35962537229914]]], [[[-69.11480472818876, -55.36230307406996], [-69.09007351862998, -55.36913672180742], [-69.06500524481598, -55.38014570787216], [-69.05888641563845, -55.388986316539324], [-69.06919936023213, -55.39756228952772], [-69.08343046389004, -55.40400556446051], [-69.05822986074446, -55.40727453121669], [-69.0281629251548, -55.411493000754966], [-69.03512772087474, -55.41941787247833], [-69.0181970845841, -55.41794917571618], [-69.02387542930101, -55.421998312869654], [-69.0170961067561, -55.43014446088796], [-69.00989646391166, -55.43807790963479], [-68.99787151184971, -55.43190507174243], [-68.97201328372195, -55.43244014080491], [-68.95852461259177, -55.44662134620705], [-68.97249818271072, -55.45670781998934], [-68.99401890915152, -55.45915424646108], [-69.01124712895286, -55.456805903124945], [-69.01518264817655, -55.448669530865054], [-69.03937265269275, -55.44237693069971], [-69.01557238063121, -55.44116862512252], [-69.02885745818271, -55.435599410145535], [-69.04767800605978, -55.433537234470066], [-69.06931903573458, -55.42466479794239], [-69.08655309947608, -55.41864259971421], [-69.10446443413466, -55.40704842357646], [-69.11311664658714, -55.39221448095193], [-69.13154702608932, -55.37900167492559], [-69.1231723664535, -55.36487978210785], [-69.11480472818876, -55.36230307406996]], [[-69.12068915833737, -55.377322244561086]], [[-69.08047910387532, -55.40907257913854]], [[-69.0479505753716, -55.417625144764536], [-69.04336413290387, -55.42153758808669], [-69.0479505753716, -55.417625144764536]], [[-69.05710964375552, -55.42207204544071]], [[-69.04040883360538, -55.42575690362268]], [[-69.0525801494128, -55.426669438550306]], [[-69.02959686247159, -55.42695523425822]], [[-69.03912355346962, -55.4305578434958]], [[-69.03183328292124, -55.43224673056386]], [[-69.00793934730828, -55.442175713896205]], [[-68.99425272349863, -55.44208096834582]], [[-68.9761881283227, -55.44604115444227]], [[-69.00252666126916, -55.44636024579906]], [[-68.98656218267779, -55.44886754101817]], [[-69.0040670392127, -55.450130019613844]]], [[[-69.76826887603892, -55.35531046934549]]], [[[-69.2371441451636, -55.35929490878951]]], [[[-69.16715691692808, -55.35826002515848]]], [[[-68.88353215583712, -55.35589809170625]]], [[[-69.23938896316639, -55.35192220804328], [-69.23434013929189, -55.356732803214186], [-69.23938896316639, -55.35192220804328]]], [[[-69.20632436658778, -55.352031840156506]]], [[[-69.21066098827413, -55.3515856698341]]], [[[-68.87414839706872, -55.35203232500113]]], [[[-69.86559243030769, -55.346376592675426], [-69.82939687569744, -55.35912615368588], [-69.80330034379942, -55.36960318644054], [-69.82490184098101, -55.37350915583945], [-69.86701928492037, -55.3574645014171], [-69.86559243030769, -55.346376592675426]]], [[[-69.21356177189388, -55.35041884892121]]], [[[-69.91292850966629, -55.357048632768404], [-69.89766545550819, -55.38099945115758], [-69.91667097090372, -55.39201026147002], [-69.92710246157134, -55.36229549111536], [-69.91762694140606, -55.353692381376874], [-69.91292850966629, -55.357048632768404]]], [[[-70.14193815715795, -55.34031586111738], [-70.12613764708844, -55.35894198579456], [-70.15503415545876, -55.35695733725938], [-70.14193815715795, -55.34031586111738]]], [[[-68.33125295992596, -55.341801309450666]]], [[[-68.60543783475323, -55.3448916751634]]], [[[-70.18223962232187, -55.3391903509896]]], [[[-69.83686068046164, -55.33941553400245], [-69.80978590297586, -55.35210418489075], [-69.83880327801896, -55.339236807657755], [-69.83686068046164, -55.33941553400245]]], [[[-69.61895379357891, -55.34155804949396]]], [[[-69.31102968373646, -55.341474862069624]]], [[[-69.22233870673946, -55.341239684928055]]], [[[-69.22679288672232, -55.34141755015426]]], [[[-69.19474633152946, -55.33879876718716]]], [[[-69.23788391928812, -55.33842855413688]]], [[[-69.31560382690586, -55.33673551286959]]], [[[-70.13736259814637, -55.330252325594586]]], [[[-68.33100379736848, -55.32872972748303]]], [[[-69.28324407950365, -55.32927753327372]]], [[[-69.16148554289248, -55.32829455527549], [-69.14136588085005, -55.34204754374569], [-69.13767861102947, -55.35330900974064], [-69.13099515515074, -55.36659888271018], [-69.15365303533368, -55.360573600251165], [-69.17944309644116, -55.34947524034147], [-69.18880433398702, -55.3402090272026], [-69.16506586648796, -55.33087318134565], [-69.16148554289248, -55.32829455527549]]], [[[-69.22180389170141, -55.33265403776581], [-69.22967497520267, -55.33483738911699], [-69.22385781590305, -55.332322746537024], [-69.22180389170141, -55.33265403776581]]], [[[-69.29304722306466, -55.32684474787478]]], [[[-66.82983944843751, -55.30687862538327]]], [[[-69.25149695165389, -55.32561673529551]]], [[[-69.24173002754488, -55.32350481021186], [-69.24752871309953, -55.32476915929912], [-69.24173002754488, -55.32350481021186]]], [[[-66.83202814106583, -55.305589394454884]]], [[[-66.7980107960631, -55.303141510286494], [-66.77588399521179, -55.31613529980328], [-66.78923304675074, -55.321449787516585], [-66.8043129070173, -55.31401586665477], [-66.80529342533343, -55.30352861418306], [-66.7980107960631, -55.303141510286494]], [[-66.80228703174734, -55.311358783207815]]], [[[-69.25393901272906, -55.32394943643199]]], [[[-66.81653189832649, -55.302654937848274]]], [[[-69.97750141281061, -55.31471926329361], [-69.95709106496166, -55.32490846597263], [-69.94712513809993, -55.344534832578034], [-69.96515224360519, -55.34585172834522], [-69.96906473948081, -55.35221058388477], [-69.95020635723205, -55.36314693105703], [-69.97589125583434, -55.366319677913005], [-70.00519820837167, -55.37378552600672], [-70.01718398563692, -55.36423397593939], [-70.01063219371402, -55.38970234846674], [-70.03423325270082, -55.397615639085494], [-70.06058144382706, -55.377043168827505], [-70.07763330556195, -55.36696885969541], [-70.03579524682971, -55.35949729295909], [-70.06516475169289, -55.34808987856748], [-70.10013556641202, -55.34549567796155], [-70.11725144163991, -55.332292296867024], [-70.1064948137406, -55.32506364279317], [-70.05693289554705, -55.32359789832592], [-70.03684676026722, -55.34088836885133], [-70.01584618710844, -55.340456539477664], [-70.00118915941455, -55.32391011224526], [-69.97750141281061, -55.31471926329361]], [[-70.06887391654011, -55.32687517755836]]], [[[-66.81704183481443, -55.300194169044794]]], [[[-66.81360563466869, -55.29950867674375]]], [[[-66.82760457955601, -55.297503685084635]]], [[[-70.1307997206771, -55.30933702421689], [-70.14343271324393, -55.319768808013116], [-70.1307997206771, -55.30933702421689]]], [[[-69.08453192728221, -55.31346064888146]]], [[[-69.32249141989324, -55.31054492153367], [-69.32772474300502, -55.31215379478568], [-69.32249141989324, -55.31054492153367]]], [[[-68.36317747800484, -55.310839024168644]]], [[[-69.22736449965936, -55.31328651133889]]], [[[-66.82378972991472, -55.28968560338839], [-66.8286708880949, -55.2897876750739], [-66.82378972991472, -55.28968560338839]]], [[[-67.26932371163129, -55.29654593732702]]], [[[-68.33557880704213, -55.30717148331838]]], [[[-69.40192142588725, -55.305122694419474]]], [[[-67.10478687210079, -55.291309624187214]]], [[[-69.25658290850461, -55.30528131081083], [-69.2675366322397, -55.30963042081647], [-69.25658290850461, -55.30528131081083]]], [[[-69.41675854693325, -55.30263639924413]]], [[[-69.08425171365586, -55.303844661796994]]], [[[-69.12030459284978, -55.30485951656101]]], [[[-67.04083060359113, -55.287083378905365]]], [[[-69.08993232083473, -55.30204950377627]]], [[[-69.09746557701376, -55.30154895565967]]], [[[-69.09401201139153, -55.3021345513251]]], [[[-69.12547495199553, -55.30083892580128]]], [[[-69.23160992762466, -55.30134044340245]]], [[[-69.33160829075396, -55.30001621025039]]], [[[-69.11960780632656, -55.29960039403106]]], [[[-67.03827880116397, -55.28353752679258]]], [[[-69.40242182671177, -55.299215597620474]]], [[[-69.39858024995016, -55.301587215327935]]], [[[-68.62320336506939, -55.297548701370836]]], [[[-69.39430054221229, -55.298198961634206]]], [[[-69.10609458223821, -55.297092612659746], [-69.09834244483345, -55.30649379295352], [-69.11456246738848, -55.305719836358236], [-69.1104641145917, -55.30198177673668], [-69.10609458223821, -55.297092612659746]], [[-69.10106048920613, -55.30311648321429]]], [[[-69.15611333919085, -55.297106757868136]]], [[[-69.1091437253121, -55.294964600755456], [-69.11509071486525, -55.29470444753604], [-69.1091437253121, -55.294964600755456]]], [[[-66.6775284542495, -55.27294563072222], [-66.69451758632287, -55.28115389010724], [-66.6775284542495, -55.27294563072222]]], [[[-69.11953736231244, -55.29310729456708], [-69.12846436702344, -55.29665666552342], [-69.11953736231244, -55.29310729456708]]], [[[-67.29749537615895, -55.28167336793313]]], [[[-67.30662618039976, -55.28353167805647]]], [[[-69.20369421392432, -55.291249301468575], [-69.1859370595133, -55.30531300227558], [-69.19671861258469, -55.312663375678206], [-69.22284936649271, -55.308165803256145], [-69.23086748863435, -55.294969635709855], [-69.21642712112764, -55.29495134127529], [-69.20369421392432, -55.291249301468575]]], [[[-69.03660535350573, -55.28874138289671], [-69.04356760347899, -55.29518735730805], [-69.03660535350573, -55.28874138289671]]], [[[-68.96984166312164, -55.288994690810895], [-68.95961649533609, -55.30349558660298], [-68.95770417023313, -55.31986190479417], [-68.95374834254382, -55.33591237967069], [-68.97602198549312, -55.339493880275796], [-68.99543938639263, -55.329423430077554], [-69.00918762843574, -55.314235515364814], [-69.01823936925935, -55.303532234104786], [-68.99556846602667, -55.293316019120766], [-68.96984166312164, -55.288994690810895]]], [[[-70.03672444894673, -55.283925633651585]]], [[[-69.40342669097423, -55.28645344177062], [-69.40426645334837, -55.285825217881], [-69.40342669097423, -55.28645344177062]]], [[[-70.01577308066429, -55.28219100769217]]], [[[-69.11003061949718, -55.28750640317101]]], [[[-69.10754550460331, -55.28683826379761]]], [[[-68.95860795628109, -55.2850269197494]]], [[[-69.4014638803235, -55.281894383208716]]], [[[-69.99503708828554, -55.27818615003961], [-69.99532484497003, -55.277849295468336], [-69.99503708828554, -55.27818615003961]]], [[[-69.20118781669666, -55.28264801820694]]], [[[-69.19794019211481, -55.28133633473591]]], [[[-68.98319954558895, -55.280553271847026]]], [[[-70.16941510983821, -55.27332072773032], [-70.12202112610566, -55.282031725038], [-70.08979756331571, -55.287380121557646], [-70.0510504366369, -55.29667311752268], [-70.07845334543266, -55.29736871675605], [-70.12049169052753, -55.296897109296395], [-70.14952707984125, -55.29473815524412], [-70.17532472356157, -55.287860200610105], [-70.19752603665236, -55.2752886663568], [-70.16941510983821, -55.27332072773032]]], [[[-69.18498028056024, -55.279245385405154]]], [[[-69.38945526062912, -55.27947362797373]]], [[[-69.21120647850384, -55.280074972694024]]], [[[-68.71856809757543, -55.27958139858846]]], [[[-69.00423785229573, -55.278138995269344]]], [[[-68.99095591949607, -55.28025359967182]]], [[[-69.39690627983387, -55.27737383458731], [-69.40292856807852, -55.27714695286953], [-69.39690627983387, -55.27737383458731]]], [[[-69.15927461105083, -55.27709317223851]]], [[[-69.14817176094468, -55.27798321580972], [-69.1576810869442, -55.28057525788087], [-69.14817176094468, -55.27798321580972]]], [[[-69.19771810525395, -55.2765579383201]]], [[[-69.1481675145359, -55.27632232756895]]], [[[-69.20211948574055, -55.275856219327984]]], [[[-69.1605154858595, -55.27487521916359]]], [[[-69.13698426850206, -55.276068731768085], [-69.11876303338828, -55.27675526247628], [-69.12324358210932, -55.2835517922937], [-69.13578455580026, -55.28371288497917], [-69.13578924566491, -55.27515707053468], [-69.13698426850206, -55.276068731768085]], [[-69.13285501119543, -55.27997005352756]]], [[[-70.01615114175344, -55.26788032429599]]], [[[-69.69263361704479, -55.2891773029165], [-69.72051958958606, -55.291005718525874], [-69.69731075147907, -55.27707504580052], [-69.67167837843897, -55.27282757833975], [-69.69029357014975, -55.28827573543432], [-69.69263361704479, -55.2891773029165]]], [[[-68.6837214332518, -55.270460964742895], [-68.6837214332518, -55.270460964742895]]], [[[-69.19011257874249, -55.271462313787985]]], [[[-69.15976318053029, -55.27151779091382]]], [[[-69.1489547104418, -55.26985980285594]]], [[[-69.16506046924256, -55.26996890358359]]], [[[-69.15999977268014, -55.26934653747606]]], [[[-69.4023308618861, -55.26797667671512]]], [[[-69.07662562222038, -55.26859366682065]]], [[[-69.15659344606114, -55.271033469436915]]], [[[-69.15992011254542, -55.26706522845839]]], [[[-69.16321998456803, -55.26779294260821]]], [[[-69.1699447503919, -55.26840000701885]]], [[[-70.04040969231455, -55.26435780363425], [-70.05532319096694, -55.27312711835187], [-70.0405102415226, -55.263954739345664], [-70.04040969231455, -55.26435780363425]]], [[[-68.66706919428337, -55.26528150852086]]], [[[-69.08459777224888, -55.26588517803836]]], [[[-69.07014443159, -55.26490938174971]]], [[[-68.20776902395293, -55.26060429642226]]], [[[-69.4313477816288, -55.26470035997782]]], [[[-69.07410397236096, -55.26193788040181]]], [[[-69.25715070492343, -55.26064865790369]]], [[[-69.26435678905932, -55.2606402359502], [-69.2528961066865, -55.26605395075716], [-69.23462259774483, -55.26952443844803], [-69.20951325208009, -55.26721276709289], [-69.19726080280593, -55.26941589075413], [-69.21486172547723, -55.275732145141724], [-69.23173656484586, -55.28937111241381], [-69.24683119379493, -55.300970244007814], [-69.27197817213766, -55.30318012174821], [-69.2867328851887, -55.30682671626883], [-69.30841144822664, -55.301244673140694], [-69.33276738089579, -55.30433372379563], [-69.31845172874982, -55.297021676335966], [-69.34225055921307, -55.29932074615118], [-69.36171784304017, -55.285719693815395], [-69.36113106405033, -55.29864854246216], [-69.37998946217064, -55.29694831643614], [-69.39610488568077, -55.29338044633142], [-69.38296853433538, -55.28593993541611], [-69.3538690436485, -55.27871115071448], [-69.32188852947041, -55.26953068248119], [-69.29943509448893, -55.26438448327026], [-69.26571569705644, -55.259894484904066], [-69.26435678905932, -55.2606402359502]], [[-69.2721639931402, -55.26386282120657]], [[-69.28816746363978, -55.286203483142465]], [[-69.27806762328218, -55.286326967595]], [[-69.3033512614686, -55.28669080361167]]], [[[-69.07918504273155, -55.261028396789364], [-69.07944449563662, -55.26008829048359], [-69.07918504273155, -55.261028396789364]]], [[[-69.92616464226761, -55.25601723926045]]], [[[-68.01413990810947, -55.25354381888015]]], [[[-67.86787288030355, -55.250296078397184]]], [[[-70.02514612095536, -55.250074545650854]]], [[[-67.87871714326921, -55.2476240159048]]], [[[-67.89475376728582, -55.24743152319434]]], [[[-69.96463261176082, -55.2517212251175]]], [[[-68.81878452499755, -55.254878630101345], [-68.83302995081996, -55.261091242334146], [-68.83402597586812, -55.255573392037675], [-68.81878452499755, -55.254878630101345]]], [[[-67.87138163221402, -55.246888913987675]]], [[[-66.84235956197786, -55.236241423568465], [-66.84121831524847, -55.2329671110878], [-66.84235956197786, -55.236241423568465]]], [[[-68.00423495911463, -55.249438970774854]]], [[[-69.28217135266422, -55.248424591750044], [-69.28451482154263, -55.253902356615406], [-69.29045966578444, -55.24830917792481], [-69.28217135266422, -55.248424591750044]]], [[[-67.8799182544102, -55.24390715909741]]], [[[-69.06303007142448, -55.24944883127003]]], [[[-69.14232968603078, -55.25325846305975]]], [[[-69.28354605784823, -55.24780102266556]]], [[[-67.88626144799511, -55.242102327695456]]], [[[-67.76685787322182, -55.24188344809611]]], [[[-67.88640440856, -55.24045649767103]]], [[[-68.28830425619006, -55.241717635856034], [-68.29313523457365, -55.24142401033659], [-68.28830425619006, -55.241717635856034]]], [[[-70.57112397417625, -55.23386693536106], [-70.57765643571477, -55.23671515389494], [-70.57112397417625, -55.23386693536106]]], [[[-67.89551772726462, -55.241468869570795]]], [[[-70.03336202394922, -55.23951039713929]]], [[[-68.85097363469605, -55.24323746365853]]], [[[-67.89831322755361, -55.236285693557186]]], [[[-68.8655919588485, -55.2416015158822], [-68.85338108885425, -55.25475511748232], [-68.87052373348165, -55.26798482104282], [-68.88358029035962, -55.28234056848768], [-68.87788878758977, -55.30135141213013], [-68.88014199070456, -55.31811742237988], [-68.89159154467986, -55.33596450709723], [-68.90494112786016, -55.35185657604534], [-68.92155865714152, -55.356903799273084], [-68.92492551405024, -55.363837501937724], [-68.94168332219591, -55.36474363280529], [-68.94221643087006, -55.36072031211756], [-68.93781623799414, -55.356689751988725], [-68.93603687341182, -55.3426648836949], [-68.94281116889607, -55.32408692352258], [-68.95481051828921, -55.311176052723226], [-68.94250918546804, -55.29438894370664], [-68.94546538397631, -55.2903432983463], [-68.91498062091574, -55.28007959296849], [-68.9096227161724, -55.26768554561993], [-68.90341698457189, -55.253771636364796], [-68.87716275159701, -55.24552002245871], [-68.8655919588485, -55.2416015158822]], [[-68.87724766516995, -55.25287109666244]], [[-68.87214033482628, -55.25270271329036]], [[-68.88680833148528, -55.26956779928692]], [[-68.8889028775203, -55.27346498217583]], [[-68.91580261034714, -55.32225150551966]], [[-68.92142181360369, -55.325387891352996]], [[-68.91644525590742, -55.32695656151783]], [[-68.91082605673185, -55.33269855964652]], [[-68.93112905768253, -55.347209581553116]], [[-68.93084008650098, -55.34779862529432], [-68.9301060839464, -55.34783745912195], [-68.93014630289436, -55.34757545932476], [-68.93048619431048, -55.347516982306814], [-68.930754667728, -55.34749263551682], [-68.9312202252899, -55.347478129139155], [-68.93132285081283, -55.34767181070095], [-68.93084008650098, -55.34779862529432]], [[-68.92957254464594, -55.35346815865876]]], [[[-67.75867769635285, -55.234304360758266], [-67.78335097741315, -55.24260466535732], [-67.7619823530587, -55.23459901545635], [-67.75867769635285, -55.234304360758266]]], [[[-68.01852373364233, -55.238575587204046]]], [[[-69.15886637705879, -55.242533447226165]]], [[[-70.51576320352947, -55.22996362844955]]], [[[-69.16291025002457, -55.239994398447905], [-69.15468180605744, -55.24787162699775], [-69.1626295476685, -55.249301869341345], [-69.17422037288655, -55.254634440454296], [-69.19566131923703, -55.247503576007716], [-69.16829419599163, -55.23897101873535], [-69.16291025002457, -55.239994398447905]], [[-69.16705315307858, -55.247882895346955]]], [[[-70.56416958991436, -55.22967615102124]]], [[[-68.22577036047036, -55.235776954365356]]], [[[-68.23321137287653, -55.235677445751435]]], [[[-68.01479442679668, -55.23664763496363]]], [[[-68.24306214265341, -55.235667740977824]]], [[[-69.16283590385059, -55.2371518096597]]], [[[-67.86300727031593, -55.23162401670491]]], [[[-68.24927915270078, -55.23513037215677]]], [[[-66.90209627968365, -55.21758861728348], [-66.8767479886573, -55.22426193213149], [-66.86070222803586, -55.236215830161605], [-66.85841827448918, -55.25359810910115], [-66.84536113065614, -55.26779031097557], [-66.85771042437655, -55.27157178097039], [-66.84805825189744, -55.28341022323293], [-66.83998553318887, -55.30042292309744], [-66.85040734805058, -55.31127989137464], [-66.85642021616886, -55.32273331826101], [-66.85907208669433, -55.32737773573754], [-66.86627872614523, -55.33339544213789], [-66.86003663345237, -55.342181897857216], [-66.88108288057876, -55.33959086561679], [-66.8935891143841, -55.3443880898744], [-66.9063648291162, -55.343570409216206], [-66.92450697751096, -55.340836511403616], [-66.95205071630153, -55.34210227479983], [-66.98019946315527, -55.34911038777828], [-67.00621153296015, -55.34451490349533], [-67.0273163591074, -55.33753375472998], [-67.04439784615946, -55.32479079407688], [-67.04367876989673, -55.3063952166249], [-67.04690696271209, -55.288809310317596], [-67.05826291340578, -55.27956596032403], [-67.05045845127952, -55.26559950731427], [-67.02448429267871, -55.255797911517824], [-67.00144417511288, -55.243310147016004], [-66.98459722260387, -55.2294989656877], [-66.96551903993905, -55.223731310748974], [-66.94406270892803, -55.21999664082834], [-66.91390973105717, -55.219950163090324], [-66.90209627968365, -55.21758861728348]], [[-66.91835551879959, -55.22768772216161]], [[-66.94051649693712, -55.22852484320928]], [[-66.98889807900655, -55.23463138437261]], [[-66.91309957132714, -55.232921477399614]], [[-66.93555474201231, -55.23369927247021]], [[-66.90844281865783, -55.241705188431254]], [[-66.89659350334657, -55.24127281878258]], [[-66.8932731513619, -55.24248682749423]], [[-66.90457626245298, -55.24320216695063]], [[-66.88155672519143, -55.24617041872418]], [[-66.89251969836577, -55.25025458120692]], [[-66.85772974378752, -55.26220389260131]], [[-67.02951575235218, -55.27267147421949]], [[-67.04566591454707, -55.273537236746705]], [[-67.03663058127309, -55.280359143755575], [-67.04533470852596, -55.288065352551286], [-67.03260339957919, -55.28325653065948], [-67.03663058127309, -55.280359143755575]], [[-67.02489126699632, -55.281135252241604]], [[-66.87235594035437, -55.287561588749185]], [[-66.8505138014546, -55.30068655209595], [-66.84643503505534, -55.30296359238625], [-66.8505138014546, -55.30068655209595]], [[-67.03073237573808, -55.31753893960473]]], [[[-68.24908333280169, -55.23303813610134]]], [[[-69.16104779405009, -55.235650193176404]]], [[[-69.18487684893736, -55.237124011237405]]], [[[-67.75944991403055, -55.23350464370232]]], [[[-68.01048713218836, -55.23174347291352]]], [[[-67.90370392083926, -55.22751030348325]]], [[[-67.90892634437989, -55.22725478722509]]], [[[-68.20519214496646, -55.230906346896816]]], [[[-68.00739448084366, -55.22726723284735]]], [[[-69.1945194447189, -55.23020569298635]]], [[[-68.83808864822568, -55.23029943106108]]], [[[-68.00725948547345, -55.22507056079817]]], [[[-67.0967454135922, -55.213618839263034]]], [[[-67.96987755045863, -55.22335969795185]]], [[[-68.00883426770288, -55.22237003972304]]], [[[-67.88281378359808, -55.223671175244434], [-67.88913780714174, -55.233074193929454], [-67.89650523842025, -55.22693360046929], [-67.88281378359808, -55.223671175244434]]], [[[-68.91104284612334, -55.22688342331945]]], [[[-68.00564471852225, -55.22139108752838]]], [[[-67.89640546005712, -55.222318133210976]]], [[[-68.23100747468291, -55.22222455409982], [-68.20420177495382, -55.22831223750297], [-68.22186484805015, -55.22698122865759], [-68.22649969861182, -55.234414268735684], [-68.24626438816287, -55.23209306060571], [-68.2380085621798, -55.225168924934714], [-68.23100747468291, -55.22222455409982]], [[-68.21934779575014, -55.22895516398334]], [[-68.22502214945352, -55.229314868187004]]], [[[-67.9075041278953, -55.218959938998715]]], [[[-68.24907901068666, -55.22145696914893], [-68.25199924797022, -55.221479957862094], [-68.24907901068666, -55.22145696914893]]], [[[-68.91626830370895, -55.224652648477914]]], [[[-68.24093323412269, -55.221925836145985]]], [[[-69.2019595455029, -55.22857995984231], [-69.21284080513954, -55.22944771719351], [-69.2019595455029, -55.22857995984231]]], [[[-67.88104425780037, -55.21774304202143]]], [[[-67.8924781070704, -55.21869332680443]]], [[[-67.89869692684177, -55.21712621112257]]], [[[-68.20623014849056, -55.217765383092356]]], [[[-68.85130826351089, -55.21980014497583]]], [[[-68.28110709575358, -55.21864906212696]]], [[[-67.88852515497335, -55.21491116140441]]], [[[-70.55217244492869, -55.212138357295885]]], [[[-68.2561314208601, -55.21771618876965]]], [[[-69.21273253567739, -55.219927744792955]]], [[[-67.9016697881583, -55.21306126008906]]], [[[-69.10030041052117, -55.21804362427726]]], [[[-69.09551196815121, -55.219413068913646]]], [[[-69.1081203868904, -55.217985927992125]]], [[[-68.31375047857281, -55.214122631298515]]], [[[-67.91298380872904, -55.2093932427668], [-67.91600018261221, -55.222797870270306], [-67.91834557564808, -55.23064343166958], [-67.92252616804566, -55.24080858147189], [-67.93265134016829, -55.24801246096634], [-67.96268210744608, -55.256203746558725], [-67.97491474083508, -55.24782351776253], [-67.96420085518263, -55.238733549581546], [-67.9519620518815, -55.22232131315271], [-67.92593922690334, -55.21000618173089], [-67.91298380872904, -55.2093932427668]], [[-67.92680520542376, -55.22027686973889]], [[-67.94080798168255, -55.22927029104544]], [[-67.94076787297165, -55.23161149355938]], [[-67.92641840212097, -55.230661941876456]]], [[[-68.31291842826859, -55.21231242766329]]], [[[-69.24446934416994, -55.21374447461272]]], [[[-70.12223818730791, -55.20687921409448], [-70.09088892478756, -55.22567028018613], [-70.04872982935527, -55.2285883207731], [-70.04642146646093, -55.25318423667448], [-70.01062719005033, -55.25696922595638], [-69.99927560178669, -55.265330790825786], [-70.03172181010427, -55.26323901828929], [-70.0656126060019, -55.25861711208058], [-70.09704100136847, -55.254541410196296], [-70.07384747995519, -55.249185705649644], [-70.10678712131251, -55.24319832644856], [-70.11535896750746, -55.23083348756328], [-70.12860981978052, -55.21501599999387], [-70.12915576748614, -55.207153899353074], [-70.12223818730791, -55.20687921409448]]], [[[-68.27750200488283, -55.2103168574678]]], [[[-67.89394128159705, -55.207100565721476]]], [[[-68.33477903449968, -55.20882452587869]]], [[[-68.3414645022038, -55.209144778910606]]], [[[-70.40678879457714, -55.20212363099201]]], [[[-68.14157017124744, -55.20798620435549]]], [[[-68.2865875897568, -55.20807275273262]]], [[[-69.20915041959127, -55.20861123739768], [-69.21739687482, -55.21261544864663], [-69.20915041959127, -55.20861123739768]]], [[[-69.10443350840156, -55.20906972803429]]], [[[-70.42888939935642, -55.20132492284464]]], [[[-68.33570503922012, -55.20669310281169]]], [[[-68.33750368796811, -55.20516671802145]]], [[[-70.40307516278378, -55.199590503099]]], [[[-69.24499005179248, -55.20592440055198]]], [[[-67.88621204830315, -55.2019595291384]]], [[[-68.31826194439056, -55.204202479459205]]], [[[-68.307776994163, -55.20495058248379]]], [[[-67.89893284675202, -55.20163747868377]]], [[[-68.33948733647107, -55.202536125003945]]], [[[-68.13460426031253, -55.20268909272104]]], [[[-70.42769217490734, -55.193651376484844]]], [[[-70.01814379814309, -55.19880877332741], [-70.02818980791592, -55.204311878695115], [-70.02178636783827, -55.19762529176513], [-70.01814379814309, -55.19880877332741]]], [[[-67.88399111843543, -55.197949378647124]]], [[[-66.5025298256709, -55.17769884231065]]], [[[-69.26635165066892, -55.20154494297853]]], [[[-70.7034949318817, -55.18796442944279]]], [[[-67.86974194423978, -55.195140687567175]]], [[[-68.34591466918762, -55.19743556752881]]], [[[-70.45435840751499, -55.193422110211344]]], [[[-66.52614634132453, -55.17280357823186], [-66.50598125779847, -55.178168969400545], [-66.47837893565215, -55.186170750538714], [-66.4516115097559, -55.19344960503232], [-66.43013351259138, -55.199378730675875], [-66.41890054249488, -55.21424220523436], [-66.43652538164996, -55.22231663670753], [-66.4578586589791, -55.22098256800867], [-66.48289479872642, -55.228044576675984], [-66.49147819746081, -55.240176497864596], [-66.5063626825295, -55.25217661021918], [-66.51068230377756, -55.26319633851474], [-66.51615474827075, -55.27119361149544], [-66.53257512940698, -55.27271156231031], [-66.55074892246996, -55.27765531936469], [-66.56227951746163, -55.28043940776191], [-66.58429773456884, -55.281110536162664], [-66.59494542896562, -55.28373463322155], [-66.61835297994202, -55.28535494068754], [-66.6291779539093, -55.27965884740481], [-66.64213120294328, -55.28523011316484], [-66.65250936985957, -55.27806929093603], [-66.64741673769956, -55.26418672049942], [-66.6550873871156, -55.24645787795389], [-66.65478955015709, -55.22925427685777], [-66.64979853829877, -55.20936465422984], [-66.62846528309493, -55.203667986731176], [-66.59839891117595, -55.19392506871696], [-66.56793630438841, -55.18767884543852], [-66.54786807170419, -55.17458461824408], [-66.52614634132453, -55.17280357823186]], [[-66.55128104640079, -55.179204251491115]], [[-66.61994035652559, -55.27488228672083]]], [[[-69.11205099401413, -55.20176933417474]]], [[[-70.38774549701927, -55.18807584303524]]], [[[-70.33847890443934, -55.18955008970929], [-70.33897269961834, -55.189546523130126], [-70.34086365577303, -55.18943674230759], [-70.34126742948044, -55.188916901498224], [-70.33998878127474, -55.18799306143983], [-70.33848989510034, -55.18850694223765], [-70.33848039613922, -55.18891590617817], [-70.33847890443934, -55.18955008970929]]], [[[-70.33689389492474, -55.18873369123108]]], [[[-70.3942464902418, -55.1867476821316]]], [[[-68.15057685683726, -55.190416445760796]]], [[[-70.39074355919922, -55.18309983618303]]], [[[-68.32347971172082, -55.189792981665654]]], [[[-70.38276312867515, -55.17517532441454]]], [[[-68.73268501185741, -55.181759860666226]]], [[[-70.37391227080958, -55.17436464270953]]], [[[-68.73891631730018, -55.178918467685236]]], [[[-68.71054990173361, -55.17395815623225]]], [[[-70.60138111130418, -55.166223956571024]]], [[[-67.32303739831833, -55.16011766769703]]], [[[-69.09014242097736, -55.173035021937444]]], [[[-69.09719411210325, -55.17267097562891]]], [[[-70.3556007961682, -55.162815362403755]]], [[[-69.10109508487203, -55.169911222178776]]], [[[-70.3677396129746, -55.16444086232737]]], [[[-68.66845563439777, -55.16702251971681], [-68.64674973229275, -55.17210309225267], [-68.67547841680229, -55.16871224112849], [-68.66845563439777, -55.16702251971681]]], [[[-68.79889136747589, -55.167657512806464]]], [[[-70.3566847999922, -55.16003413679079]]], [[[-68.80709719251706, -55.16638913620859], [-68.80779071457549, -55.166461173764255], [-68.80814246906644, -55.16625904596377], [-68.80824566054238, -55.16600758411792], [-68.80807762094018, -55.1658523357845], [-68.80768491185245, -55.16590565666906], [-68.8073501434741, -55.16599860978755], [-68.80709719251706, -55.16638913620859]]], [[[-68.80916683330149, -55.16502767137866]]], [[[-68.67854255808244, -55.16312495093952]]], [[[-68.81258100715831, -55.16325789515285]]], [[[-68.81569821025943, -55.162573152050555]]], [[[-68.69635400669382, -55.16127863270281], [-68.7055283327455, -55.16312500088948], [-68.69635400669382, -55.16127863270281]]], [[[-67.30217809143933, -55.1497191768154]]], [[[-70.3620769330187, -55.153407114835154]]], [[[-70.9357520885369, -55.15111440960346], [-70.95028724340277, -55.150978297200574], [-70.9357520885369, -55.15111440960346]]], [[[-68.28544751908892, -55.1550820827129], [-68.25653966244317, -55.16110604818159], [-68.24148535549793, -55.1747359244288], [-68.21970293303615, -55.191110978805376], [-68.20897681995926, -55.207553264972745], [-68.20927322570431, -55.22141781294268], [-68.23903527744451, -55.214116491902836], [-68.27059779791674, -55.208909978119884], [-68.30080940677618, -55.20474110802357], [-68.31493952664619, -55.20051483274256], [-68.3235095436016, -55.18671050317578], [-68.32396745117194, -55.17207860822053], [-68.30575038967395, -55.16354418123155], [-68.28544751908892, -55.1550820827129]], [[-68.28471122026563, -55.174010186359986]], [[-68.27718550519762, -55.17801974898197]], [[-68.2707920535276, -55.184051303331444]], [[-68.27048385058954, -55.187615673808004]], [[-68.266703184028, -55.18936573127057]], [[-68.24179843333658, -55.194332192203674]], [[-68.26688210344398, -55.195802404642365]]], [[[-70.60696140540026, -55.14644484192575], [-70.61082132415669, -55.1556805502694], [-70.60696140540026, -55.14644484192575]]], [[[-67.29894431318765, -55.146200233085565]]], [[[-70.59030310088932, -55.147097111478665]]], [[[-67.89412204288257, -55.14822195244913]]], [[[-68.15522671935342, -55.14787847766451]]], [[[-68.35866765263825, -55.14543840099444]]], [[[-68.51319658346937, -55.15020006196523], [-68.51526328482264, -55.14760111379118], [-68.51319658346937, -55.15020006196523]]], [[[-68.35879259003919, -55.14332174337052]]], [[[-70.40501643812834, -55.13705545975984]]], [[[-70.86586371416855, -55.12948611168851]]], [[[-70.41767086076621, -55.135333302647766]]], [[[-70.57841484434347, -55.132464247726986]]], [[[-67.90146479911903, -55.136496452210785]]], [[[-70.31505250924239, -55.13288805955006]]], [[[-70.87149625054451, -55.12345562487834]]], [[[-68.82488545033094, -55.14273630193216], [-68.84000298280539, -55.144695041618476], [-68.82726518875086, -55.14191446087691], [-68.82488545033094, -55.14273630193216]]], [[[-70.30847028473106, -55.13065733637303]]], [[[-70.3952531925466, -55.12807469173987]]], [[[-70.6417450319935, -55.12434663964751], [-70.63187868196815, -55.15071056656698], [-70.66743156546896, -55.16206720300381], [-70.67417375106183, -55.179433387161716], [-70.70976345317197, -55.16654174899355], [-70.67764018309467, -55.14525208667987], [-70.66619145895666, -55.13774782554198], [-70.6417450319935, -55.12434663964751]]], [[[-70.42669846321567, -55.12748891609902], [-70.43166211929602, -55.12967931415714], [-70.42669846321567, -55.12748891609902]]], [[[-70.84471878030938, -55.1201650527073]]], [[[-70.45940392164403, -55.12640456926132]]], [[[-67.58373513207927, -55.12635876272487]]], [[[-70.86918230633543, -55.120143669919294]]], [[[-70.43886439561591, -55.12456101670394], [-70.43955093828306, -55.12391881796802], [-70.43886439561591, -55.12456101670394]]], [[[-67.30482907741293, -55.13164102416605], [-67.31644429100918, -55.121110576243915], [-67.30482907741293, -55.13164102416605]]], [[[-67.61112432540877, -55.1225601711592], [-67.60489160154584, -55.125830355642854], [-67.61112432540877, -55.1225601711592]]], [[[-70.41424808886221, -55.12156399374719]]], [[[-70.58871471763057, -55.12440279444371]]], [[[-70.87218572086327, -55.11459725940183]]], [[[-68.29998492225342, -55.12595515798651], [-68.29369573140904, -55.133051898468985], [-68.30311841184638, -55.132064055303516], [-68.30556347639737, -55.12509539379724], [-68.29998492225342, -55.12595515798651]]], [[[-67.30280268100354, -55.11605521050325]]], [[[-68.4128618228572, -55.12467075015923]]], [[[-68.43602119040779, -55.124768871068525], [-68.41105198460048, -55.12839624281078], [-68.43376278197654, -55.13796804728487], [-68.42085297695294, -55.138555748792356], [-68.43453224360074, -55.14642192662829], [-68.45369767248883, -55.14626558669691], [-68.48146005023425, -55.14289839691007], [-68.47639429634931, -55.130139301601034], [-68.4475590626335, -55.123390714739585], [-68.43602119040779, -55.124768871068525]], [[-68.43373596577213, -55.12687795323573]], [[-68.43870999427074, -55.12802500928407]], [[-68.44017889796969, -55.12840980000632]], [[-68.43249402082678, -55.129158426442274]], [[-68.44917147547874, -55.12943003191918]], [[-68.46435195827551, -55.13155855221855]], [[-68.47818397722448, -55.1317980691373]], [[-68.4705743802765, -55.13624574421779]], [[-68.47628199078146, -55.137530354553284]]], [[[-70.39412868956262, -55.11725244753143]]], [[[-70.9650092563956, -55.1087196444783]]], [[[-67.59763511198773, -55.11680666919851]]], [[[-70.43105607454251, -55.11584992151967]]], [[[-70.59815143647813, -55.11735278227761]]], [[[-70.57992406795445, -55.112612345005275]]], [[[-68.43456069647353, -55.12026584920954]]], [[[-70.39009409532817, -55.115558973293645]]], [[[-70.38610190411498, -55.11210819558637]]], [[[-70.89489844215602, -55.10392305674883], [-70.90159055402289, -55.12779860178464], [-70.91170065282175, -55.1313765617159], [-70.91171802214133, -55.10669079955322], [-70.89489844215602, -55.10392305674883]]], [[[-70.60650354407072, -55.10854030826393]]], [[[-67.59340279743323, -55.10976882269957]]], [[[-70.81671448364648, -55.12060396764066], [-70.83792155602384, -55.11211215136291], [-70.81579547485086, -55.11029849714893], [-70.81671448364648, -55.12060396764066]]], [[[-70.8292499773741, -55.100913993864424]]], [[[-70.45647889600177, -55.10591961471196]]], [[[-70.25711771641406, -55.10623870139313]]], [[[-70.87439645812537, -55.09758557315913]]], [[[-67.31932890009276, -55.105565701648885]]], [[[-70.39047407181556, -55.103244096135626]]], [[[-70.27359777618695, -55.10280499968539]]], [[[-70.55269617073647, -55.10008976230844]]], [[[-70.26052187000055, -55.10179885206055]]], [[[-70.29681993214, -55.09969986429559]]], [[[-67.05054088103822, -55.0914461794521]]], [[[-68.18244146240748, -55.10240554839863]]], [[[-70.30647453534085, -55.094942701950245]]], [[[-71.04077777567494, -55.082809599162715], [-71.04609603440873, -55.0907080447933], [-71.04077777567494, -55.082809599162715]]], [[[-71.01216494085197, -55.081708398112916]]], [[[-70.30228812833653, -55.091369029472325]]], [[[-67.29389624783246, -55.08231177575031]]], [[[-67.3094784266967, -55.083109944256236]]], [[[-68.8751741411613, -55.09875241687928], [-68.87647251125412, -55.0973901239343], [-68.8751741411613, -55.09875241687928]]], [[[-71.04377877350672, -55.078817430927316]]], [[[-70.27157761844337, -55.09736664666096], [-70.27093934904038, -55.096885229067965], [-70.27157761844337, -55.09736664666096]]], [[[-71.02664512554615, -55.07486601779418]]], [[[-67.2849179534719, -55.07806982499924]]], [[[-67.30604479266928, -55.08119111150998]]], [[[-67.31154690718287, -55.079700957375614]]], [[[-67.30006111975624, -55.07221802397447]]], [[[-67.29626731767348, -55.07346216269863]]], [[[-70.31258505974287, -55.07611479042636]]], [[[-67.29151971763139, -55.071499654827804]]], [[[-70.02966818597297, -55.08093676658441], [-70.02440650995952, -55.07719791672123], [-70.02966818597297, -55.08093676658441]]], [[[-71.13122093617457, -55.05599515379957]]], [[[-68.21319594848191, -55.06776414097387]]], [[[-68.22066878680144, -55.06758749822762]]], [[[-68.2127944375391, -55.06682015435417]]], [[[-66.8025171320965, -55.048237921676105]]], [[[-68.22204637178152, -55.064343037790366]]], [[[-68.23139305647166, -55.0636673990074]]], [[[-69.8125704560477, -55.06718439461003], [-69.80690916884836, -55.062138649268775], [-69.8125704560477, -55.06718439461003]]], [[[-68.2241578990326, -55.06183486297212]]], [[[-66.8041944674206, -55.04263041857947]]], [[[-71.2964027387023, -55.04107340934054]]], [[[-71.25497237249073, -55.04665229375755]]], [[[-70.0079327344734, -55.05496748110517]]], [[[-71.25918618662729, -55.03772852407357]]], [[[-68.22618303118973, -55.05440904812092]]], [[[-70.47543215875518, -55.047017664043445]]], [[[-68.23172514940384, -55.052198916736614]]], [[[-71.04179398938308, -55.03766572089614]]], [[[-68.3083561035171, -55.05108859382849]]], [[[-71.03723838942466, -55.0328091365549]]], [[[-69.02363465632214, -55.04888350810477]]], [[[-71.00000040112012, -55.03267081321933]]], [[[-68.16548398365727, -55.04485190432194], [-68.14845743945624, -55.05091475845619], [-68.17076720092733, -55.04606772511865], [-68.16548398365727, -55.04485190432194]]], [[[-70.4153487981308, -55.04098923038205]]], [[[-70.4820871055987, -55.037178719354756]]], [[[-68.16125520718154, -55.04397472485727]]], [[[-68.30185224136412, -55.04298524480997], [-68.30448236388462, -55.04321339779998], [-68.30185224136412, -55.04298524480997]]], [[[-70.39305187862487, -55.037683017703245]]], [[[-69.03098339719894, -55.046042035261436]]], [[[-68.21099542079922, -55.044838713147406], [-68.21916882168802, -55.04193956732322], [-68.21099542079922, -55.044838713147406]]], [[[-69.02861433128605, -55.04509193792498]]], [[[-70.4848416499281, -55.03379297734386]]], [[[-69.02448631848661, -55.04331178192926]]], [[[-71.05441591078771, -55.02455653841895]]], [[[-70.38708592109379, -55.03540997875674]]], [[[-70.62517220492654, -55.02836658058013]]], [[[-69.90833549471431, -55.03579009824025], [-69.91519731324001, -55.0370454558764], [-69.90833549471431, -55.03579009824025]]], [[[-70.394435581935, -55.0328932736249]]], [[[-70.65905517649989, -55.02905570832002]]], [[[-70.19444169803812, -55.03689035602017], [-70.21387245015507, -55.042287655027856], [-70.19330469943621, -55.03253301109119], [-70.19444169803812, -55.03689035602017]]], [[[-71.23344740631504, -55.02024299510292], [-71.24619648292001, -55.03242702568679], [-71.23344740631504, -55.02024299510292]]], [[[-68.16251086716929, -55.03460658069311]]], [[[-70.49408362387484, -55.02778284075425]]], [[[-71.05686335844776, -55.02031231677245]]], [[[-69.03077389824118, -55.037719280639784]]], [[[-67.27777312941325, -55.026152572735405]]], [[[-70.63609122697828, -55.025824582372174], [-70.64905387749292, -55.033654283750515], [-70.63709872651197, -55.024830825492714], [-70.63609122697828, -55.025824582372174]]], [[[-70.09853510908505, -55.03034396998381], [-70.09364337941908, -55.03238424719801], [-70.09853510908505, -55.03034396998381]]], [[[-71.06171414570741, -55.01826620914763]]], [[[-70.1145627618257, -55.029418648631605], [-70.11433764339654, -55.03874165138793], [-70.1145627618257, -55.029418648631605]]], [[[-70.14158725834719, -55.03007438167483], [-70.13658488595314, -55.03782533884896], [-70.1624239240507, -55.04628470674619], [-70.17611104728036, -55.0317839548301], [-70.14287625462428, -55.02969742961935], [-70.14158725834719, -55.03007438167483]]], [[[-70.36983726122264, -55.02578442257068], [-70.37387872590111, -55.03110005224116], [-70.36983726122264, -55.02578442257068]]], [[[-70.05037832450502, -55.0292525593491]]], [[[-66.92601233116402, -55.01402621584984]]], [[[-67.2770101266816, -55.023777844025794]]], [[[-70.0392834177229, -55.027264187601105]]], [[[-70.49130728623402, -55.02247126825981]]], [[[-70.6473622499011, -55.019268911413], [-70.6473622499011, -55.019268911413]]], [[[-69.93445638480553, -55.03059202897819]]], [[[-66.92426608298535, -55.00825338425214], [-66.9373358820962, -55.01310742743202], [-66.92426608298535, -55.00825338425214]]], [[[-69.9865182685254, -55.018630492549484], [-69.99772766879889, -55.03704394940749], [-70.00772385888301, -55.051277502017506], [-70.03310132819323, -55.045271028128965], [-70.03099474497235, -55.056231439147936], [-70.02952105733046, -55.0687652175635], [-70.04258690101359, -55.083178668335044], [-70.06482980511632, -55.08184629068132], [-70.07716927582796, -55.07937101219923], [-70.08824089913932, -55.06220219990606], [-70.08293290756431, -55.048012959034246], [-70.07809421111993, -55.03408048718566], [-70.04400263827617, -55.034241319716344], [-70.01886752841818, -55.02572352418426], [-69.9865182685254, -55.018630492549484]]], [[[-68.28686128052335, -55.01881241967755]]], [[[-70.30407591089067, -55.013226132422595], [-70.31987846091334, -55.01589865636586], [-70.30407591089067, -55.013226132422595]]], [[[-68.29980083158736, -55.01672559657765]]], [[[-70.02463395429213, -55.01408423564714]]], [[[-70.49282939948408, -55.004297767647884], [-70.49611376774395, -55.00597363124011], [-70.49565762259272, -55.004364462121764], [-70.49282939948408, -55.004297767647884]]], [[[-69.93691350986276, -55.00703774575376]]], [[[-68.2927076840767, -55.00755127792884], [-68.29636767633747, -55.01386237112059], [-68.2969095184344, -55.00791451718786], [-68.2927076840767, -55.00755127792884]]], [[[-70.37660277102776, -55.00220418604298], [-70.38279024345889, -55.016928123821614], [-70.40379147492644, -55.02799837383414], [-70.42961703745281, -55.03938575345215], [-70.46614121846021, -55.040416921637814], [-70.44863919023418, -55.02267915776243], [-70.41287531048837, -55.01433250261483], [-70.38889631728102, -55.00301352278203], [-70.38162845953259, -55.002112066234176], [-70.37660277102776, -55.00220418604298]]], [[[-68.26655798135712, -55.006311909639564], [-68.25105929836201, -55.0111694176947], [-68.2188603565077, -55.01273171076296], [-68.21972108528905, -55.02429182472534], [-68.23020855889467, -55.0299788084394], [-68.22678781995513, -55.044779275089425], [-68.23689933073695, -55.048799944238034], [-68.25834117862566, -55.03686232064441], [-68.26812086155908, -55.02117547518367], [-68.28069073692774, -55.00709671408248], [-68.26655798135712, -55.006311909639564]], [[-68.26186674618425, -55.01482824756382]], [[-68.24754508011965, -55.02265209160317]], [[-68.23927871284747, -55.04520996254203]]], [[[-69.94987265251844, -55.01270962175673], [-69.94073016540071, -55.02868531590125], [-69.9317882461567, -55.04104995173189], [-69.93904831505962, -55.05970910666153], [-69.95280049397184, -55.07298586041069], [-69.96752468312015, -55.076230070469194], [-70.00285608067676, -55.074414666898726], [-70.00125944804753, -55.05840689928515], [-69.99402785936597, -55.04782496433506], [-69.984944147983, -55.03240052020961], [-69.97775041530757, -55.02431795008342], [-69.95848185842543, -55.00816299462382], [-69.94987265251844, -55.01270962175673]]], [[[-68.25723226495327, -55.0037635523321]]], [[[-69.1997102559272, -55.00364421520077]]], [[[-67.04398753770212, -54.98746514126675], [-67.01664186747561, -54.99434594687481], [-66.9856088647264, -55.000523142011126], [-66.9552938699769, -55.00802878922388], [-66.93022765381762, -55.01826352259109], [-66.92312750137285, -55.01764623695199], [-66.89250518757648, -55.02244413197785], [-66.86014638264744, -55.027976525990915], [-66.85450355184948, -55.04666085762698], [-66.84873917855688, -55.06631526920459], [-66.83960858905446, -55.0865300673151], [-66.82568253549394, -55.10410619541838], [-66.81694322255143, -55.11947880103831], [-66.85323876412578, -55.11789471162035], [-66.87428714573318, -55.101676874434936], [-66.90304660247298, -55.08835820241891], [-66.93229766903346, -55.0766169517946], [-66.95855713201547, -55.06560086285727], [-66.980742197509, -55.05368923022823], [-67.00800774532046, -55.042062058656015], [-67.02499417178767, -55.03647948203664], [-67.04343545957823, -55.025241001027524], [-67.05376184351437, -55.01425433205763], [-67.05793938589972, -54.99658908869179], [-67.04398753770212, -54.98746514126675]], [[-67.02953468241034, -55.0010346622601]], [[-67.02184999604633, -55.00052774985048]], [[-67.0238357996202, -55.00843885178546]], [[-67.02131171922346, -55.012329659938864]], [[-67.00131733875601, -55.0133091590768]], [[-67.00446227610934, -55.014688378509845], [-66.99914050964489, -55.02889292750779], [-67.00446227610934, -55.014688378509845]], [[-66.98395260040927, -55.02474986326828]], [[-66.99075509991987, -55.0252476263223]], [[-66.99156180530522, -55.02964616482043]], [[-66.91834601208859, -55.03410347344545], [-66.9214637790818, -55.042803742904816], [-66.92519802956326, -55.04342962291967], [-66.92203827400445, -55.05758799693017], [-66.91147298524766, -55.05901540418265], [-66.91375535907059, -55.0459698427481], [-66.91792162424728, -55.03332213430646], [-66.91834601208859, -55.03410347344545]], [[-66.85457585514821, -55.057832636847394], [-66.85238675993656, -55.060697300192004], [-66.85457585514821, -55.057832636847394]], [[-66.86928027151092, -55.068276579347604]], [[-66.89702994209519, -55.06373805420323]], [[-66.91688122168604, -55.06468966853361]], [[-66.9023092506728, -55.06179075742484]], [[-66.96209956852405, -55.04070072663151]], [[-67.0213982215123, -55.01957809354991]], [[-67.0145391511883, -55.014894209240786]], [[-67.02762430703355, -55.01425186562418]], [[-66.87981287112567, -55.07203794302308]], [[-66.90724514164518, -55.07337412872986]], [[-66.86677481874146, -55.076977037949774]], [[-66.92208247312256, -55.077503147137115], [-66.92705970215711, -55.076329389886844], [-66.92208247312256, -55.077503147137115]], [[-66.91279556623016, -55.0733269690811]], [[-66.91727638317033, -55.08178375828348]], [[-66.84940047844363, -55.08099526363597]], [[-66.88141721094925, -55.08741501822114]], [[-66.87534269404323, -55.0900193424961]], [[-66.84391434968342, -55.08890893523467], [-66.84123963229989, -55.08843574826762], [-66.84391434968342, -55.08890893523467]], [[-66.86864971310632, -55.09814580692157]], [[-66.83805340283205, -55.09650431019394], [-66.83532742824526, -55.098412195557934], [-66.83805340283205, -55.09650431019394]], [[-66.83076776918638, -55.103208426512545], [-66.83034230043123, -55.11451728163864], [-66.82975911763087, -55.10883004491895], [-66.83076776918638, -55.103208426512545]], [[-66.8167825945398, -55.11514914404726]], [[-66.83826965408818, -55.117143911482195]], [[-66.8517616063543, -55.11470611377208]], [[-66.84223304773039, -55.111344935567416]], [[-66.85389840309307, -55.11033175728631]], [[-66.8505062059738, -55.108722808469565]], [[-66.86248126462242, -55.103337032068616]], [[-66.85769647174004, -55.10176014088496]]], [[[-67.07892274520594, -54.98200960348288]]], [[[-70.26576668931307, -54.988263683768366]]], [[[-67.08235962147272, -54.980378833013326]]], [[[-67.33829642120291, -54.979695476079776]]], [[[-67.33791232278445, -54.9769895165433]]], [[[-67.33474432969203, -54.97802248825066]]], [[[-67.34111707364161, -54.97627560615659]]], [[[-70.30485194724137, -54.980283498626086], [-70.28877535980612, -55.00665516883037], [-70.34149392334328, -54.99261700264128], [-70.30485194724137, -54.980283498626086]]], [[[-67.33455224476842, -54.974914541523404]]], [[[-71.17061471512946, -54.96327965803097], [-71.11495513042138, -54.978900539426085], [-71.12945905284998, -55.00759577634056], [-71.15418361739678, -55.02814558121767], [-71.1655051120707, -55.018527613354586], [-71.19874971357099, -54.98703063199631], [-71.17061471512946, -54.96327965803097]]], [[[-68.36344108356269, -54.97899740481506]]], [[[-70.49939099460191, -54.97248011886005]]], [[[-70.81270638100223, -54.965064188776424]]], [[[-68.77606031441236, -54.97069894754879]]], [[[-70.47797517761408, -54.96328656685978]]], [[[-67.33744079083488, -54.959320990403086]]], [[[-67.33392351889123, -54.9586484024207]]], [[[-70.61868312966335, -54.95876559969217]]], [[[-67.338053508114, -54.95816092172161]]], [[[-70.62784949786588, -54.962302925735926]]], [[[-70.7260922166005, -54.95247771235849]]], [[[-67.14192255262265, -54.95110956082785], [-67.14289252752076, -54.950593692964404], [-67.14192255262265, -54.95110956082785]]], [[[-71.21814619132961, -54.94356574574745], [-71.21214006617977, -54.99773459021941], [-71.22665219773067, -55.013141392233905], [-71.25647025504176, -55.020012256463914], [-71.27653028284914, -55.0310847462786], [-71.29920242557466, -55.02347459290881], [-71.24946782520216, -54.997437899862256], [-71.2678369297722, -54.956605051705566], [-71.21814619132961, -54.94356574574745]]], [[[-70.84326163973378, -54.94883584176122]]], [[[-68.75834777688134, -54.9649497755335]]], [[[-67.22039116817021, -54.94321997275565]]], [[[-67.24047143721849, -54.942474900984195]]], [[[-69.12989135169242, -54.95352651150916], [-69.10979926842792, -54.96465206733005], [-69.12944164095417, -54.956601280330545], [-69.12989135169242, -54.95352651150916]]], [[[-67.25039762360453, -54.94019654188112], [-67.2485452333175, -54.939800092316155], [-67.25039762360453, -54.94019654188112]]], [[[-67.2335138619059, -54.93897375601214]]], [[[-68.66581748453979, -54.94467904142306]]], [[[-69.98926448684836, -54.93665470800827], [-69.97737061150936, -54.95175698324851], [-69.95123239784537, -54.955004906978324], [-69.96241686529139, -54.965445586040474], [-69.97582706839194, -54.982619761843196], [-69.98742245712226, -54.99319387931539], [-70.01711162133624, -55.002868169181774], [-70.0413979499299, -55.002743822861355], [-70.02928164946822, -54.98679708516161], [-70.0134909948977, -54.97090048462363], [-70.01800501415963, -54.96453886135236], [-70.04206512972966, -54.972761906836524], [-70.05846091802275, -54.990190923454364], [-70.0719212711967, -54.97835865652821], [-70.07815828045194, -54.98622996450032], [-70.08142798179804, -55.004812764842455], [-70.09069565778907, -55.01978138573723], [-70.10917293684399, -55.020479488692075], [-70.12678003494553, -55.023696145843374], [-70.15436751632686, -55.02377654900545], [-70.18732791883627, -55.0281106531033], [-70.2066573574811, -55.01825803837869], [-70.19631334610618, -55.0034458409181], [-70.19848188014856, -54.9894206643345], [-70.17599590160845, -54.981341580543045], [-70.16732620177574, -54.96873942822085], [-70.13543874723636, -54.96689387890023], [-70.12497429825999, -54.96992580227169], [-70.13296247722104, -54.95796249446364], [-70.13283582597369, -54.9549102257112], [-70.10211917667588, -54.94707359061899], [-70.06918989560717, -54.94173990663947], [-70.06118887665194, -54.955698592473574], [-70.04567627819742, -54.93992464117717], [-70.00965509316487, -54.9376145281401], [-69.98926448684836, -54.93665470800827]], [[-69.99973359347, -54.95450708554865]], [[-69.98022182697164, -54.95389364073662]]], [[[-67.28756220933693, -54.93503150330964], [-67.29114250356375, -54.93313138537009], [-67.28756220933693, -54.93503150330964]]], [[[-67.67374141374503, -54.93373586397494]]], [[[-68.64923776349205, -54.93970832032206]]], [[[-68.45709519342836, -54.93703426849164]]], [[[-70.25298285747152, -54.929273492304006]]], [[[-68.43950279582253, -54.935195433026834]]], [[[-68.45975012971111, -54.934399476810505]]], [[[-68.4569393000182, -54.93326816476224]]], [[[-67.32733170950551, -54.92580163410604]]], [[[-68.44716247348393, -54.93476591648713]]], [[[-67.30649458512006, -54.92414340448009], [-67.30806063153649, -54.923354317130745], [-67.30649458512006, -54.92414340448009]]], [[[-68.44415596096988, -54.93095097128098]]], [[[-70.47797517761408, -54.96328656685978], [-70.38714038450938, -54.9389697844634], [-70.29784390238386, -54.95263084260842], [-70.25554682559174, -54.95083809302163], [-70.30014328089841, -54.96767238747986], [-70.33612791116306, -54.95609434444289], [-70.4039842623151, -54.989166880723126], [-70.47158498977554, -54.99257516345777], [-70.47797517761408, -54.96328656685978]]], [[[-70.57956011138118, -54.921558610577954]]], [[[-68.45150689358624, -54.931339291405436]]], [[[-68.45942741500447, -54.93055785479027], [-68.47115582667668, -54.93177635797132], [-68.45942741500447, -54.93055785479027]]], [[[-69.7319051734089, -54.92962354737151]]], [[[-68.4833901577586, -54.92654334023144]]], [[[-68.27277785913347, -54.92379381679721]]], [[[-68.30209569052451, -54.92426222168333]]], [[[-68.38928825306452, -54.92524895874366]]], [[[-70.25399932831478, -54.91988003362025]]], [[[-68.51321126725219, -54.92586208777235], [-68.49211878795266, -54.929376622707096], [-68.4798469013487, -54.9325766188594], [-68.46409717677861, -54.939329002995194], [-68.43857622096795, -54.93744792871327], [-68.45051434746316, -54.94038213862604], [-68.43133352294367, -54.944776216190526], [-68.40939314167134, -54.94880268444814], [-68.39764557276864, -54.95779032994789], [-68.38188616430989, -54.96896475017333], [-68.37182386941957, -54.980210986381934], [-68.35783198913943, -54.991622425098136], [-68.34296614905757, -54.992283851113854], [-68.3447497683787, -54.999507649044936], [-68.33146417015521, -55.01007346939636], [-68.31775910642462, -55.02161585590834], [-68.30616089357846, -55.03539443148285], [-68.31256890980342, -55.04520978901611], [-68.32739547989776, -55.06230453902787], [-68.328786008914, -55.080238899938685], [-68.35907764369652, -55.07794558535192], [-68.38861151663353, -55.069669446354574], [-68.41180965251682, -55.059002304291475], [-68.42425803192829, -55.039874774556104], [-68.44110566300846, -55.02267646058305], [-68.43716272632719, -55.036594487635504], [-68.4271176328319, -55.054280649154244], [-68.41920605239036, -55.0704997387395], [-68.40685496447435, -55.08543812489674], [-68.42296309879957, -55.09810905658237], [-68.44659261440202, -55.10908698195848], [-68.47187269309029, -55.112094198308355], [-68.50354240824551, -55.11519999409222], [-68.52828751733993, -55.10822978056654], [-68.54275404595812, -55.09487001818735], [-68.56365471061933, -55.08842708357799], [-68.59448741390547, -55.08941573190754], [-68.62265749131018, -55.09459315442182], [-68.63086217424703, -55.100456808302376], [-68.60540325442003, -55.09492399259509], [-68.5743083839487, -55.09502046974157], [-68.55328984540124, -55.106296266697655], [-68.5413688844327, -55.121389342653764], [-68.54598570188163, -55.13652799897881], [-68.5500951629185, -55.14711197723712], [-68.57544785388023, -55.150886822193584], [-68.58484344408696, -55.1576504860337], [-68.61342571354112, -55.16158768199454], [-68.6198100447968, -55.165378329976015], [-68.6454448955981, -55.16019377779788], [-68.6755719377285, -55.15235501275409], [-68.70743852204009, -55.148697343645665], [-68.73562894470952, -55.143898450600275], [-68.7539868737093, -55.141801102660885], [-68.76827536078923, -55.13285735126455], [-68.78103569999136, -55.12585418201038], [-68.79844232559832, -55.116368506637684], [-68.82672152163093, -55.111349957057755], [-68.85210783521026, -55.10133977420394], [-68.87344043482356, -55.09102026829256], [-68.89889492523054, -55.088361957389466], [-68.91393791679775, -55.075823902112866], [-68.93737404909001, -55.07148530549825], [-68.96157311344336, -55.064362058956284], [-68.98465576686043, -55.05535824971104], [-69.00691978626713, -55.04246921688481], [-69.01098840288165, -55.02573651712784], [-69.03295275183629, -55.03390179604749], [-69.03994123685055, -55.04586681886397], [-69.04612926442678, -55.05856514324272], [-69.05244900820632, -55.07565869085338], [-69.05723359584242, -55.08147928818492], [-69.03238839678043, -55.072030371013675], [-69.00337862775991, -55.07651086604145], [-68.97541415925265, -55.07689647818318], [-68.95754000104877, -55.08528543752011], [-68.96735639809611, -55.100313702360374], [-68.96840830219838, -55.11695098157481], [-68.9387475829135, -55.12028727330224], [-68.90590651277743, -55.12560174616709], [-68.8795845238577, -55.13602505159388], [-68.85108848103258, -55.14633292964441], [-68.82835105864882, -55.160419150267536], [-68.80333993061689, -55.168848329637584], [-68.79996735036708, -55.16588264401389], [-68.81942210958339, -55.15844364828244], [-68.8049369750556, -55.15690749141199], [-68.78333981392599, -55.16912339504064], [-68.75940606842919, -55.18114095112584], [-68.7432323650743, -55.181431462603136], [-68.72848643417423, -55.18261669614303], [-68.71519628335474, -55.18175522321287], [-68.70102699952174, -55.174336240322035], [-68.7116266290662, -55.17069485871663], [-68.71808340579436, -55.175618672350595], [-68.74950298269968, -55.1731487805165], [-68.76086353690398, -55.17295958514961], [-68.77900073645182, -55.16398746236062], [-68.77881834634941, -55.152329753953985], [-68.75477698179448, -55.15453791137302], [-68.7243730808522, -55.156188237091854], [-68.7084083414449, -55.15962759126582], [-68.6936646759633, -55.168541261577666], [-68.66343545327962, -55.174476219843996], [-68.6354209186401, -55.174682706472424], [-68.60289719542004, -55.17798804742707], [-68.57106393655027, -55.17860217187485], [-68.55177989528235, -55.18838180092506], [-68.52309470069352, -55.191021685059376], [-68.49844064663257, -55.195118124441805], [-68.4728975460943, -55.184941405296065], [-68.44027697746391, -55.18233546336135], [-68.40942426463197, -55.18223663232692], [-68.37827582402926, -55.18391020425188], [-68.37773663632719, -55.18452950001454], [-68.34560957089619, -55.18264828588118], [-68.33994344449306, -55.19356539694758], [-68.34865564937051, -55.2004052579277], [-68.34388120149397, -55.211196780219055], [-68.31952738409748, -55.215897853256465], [-68.30196060143406, -55.216552250590375], [-68.29129830892285, -55.214566523557195], [-68.28193182740065, -55.22143450893167], [-68.27267103082072, -55.22044786471573], [-68.27061451075814, -55.22228020358641], [-68.24783204013586, -55.22585661009714], [-68.25944295777111, -55.231516847352815], [-68.28543139264093, -55.230161466184306], [-68.27006137385041, -55.235324364147644], [-68.29355199073076, -55.23532587077194], [-68.31450112354271, -55.23278768150657], [-68.31470146984057, -55.24040880174493], [-68.28350539990599, -55.24824478150205], [-68.25716553934748, -55.250054703600895], [-68.23491925395197, -55.25550544192665], [-68.2204066851913, -55.26270647139445], [-68.19088473630306, -55.27023871053088], [-68.17294607362149, -55.28303174885274], [-68.18306878527072, -55.293306852706735], [-68.21429352306811, -55.29023779354118], [-68.24716682651649, -55.288749576974446], [-68.27443643327668, -55.29809611668302], [-68.30650582790126, -55.29879279922207], [-68.32809127081532, -55.30357201303007], [-68.35054410092481, -55.305300803074175], [-68.37431000797366, -55.302331410520104], [-68.37758197899905, -55.305778084128214], [-68.38917742507749, -55.30810552624353], [-68.41486551634358, -55.30356107771119], [-68.44109382851326, -55.29307768890524], [-68.46017498034124, -55.2850240097621], [-68.46053083404682, -55.29504753086065], [-68.48648351776818, -55.283467222922795], [-68.47114648712154, -55.295368400684175], [-68.44695575310487, -55.306267292636264], [-68.47712261793694, -55.31270381903814], [-68.50984765790412, -55.319069460694564], [-68.54054059686896, -55.321326554297805], [-68.56977087822685, -55.31698739714154], [-68.58060325178427, -55.30306550217381], [-68.59423756694359, -55.2858229354704], [-68.61003921069066, -55.271861216521124], [-68.6316360428509, -55.26199315001614], [-68.65653725197444, -55.25760731709294], [-68.66859090283376, -55.258160734837965], [-68.68453902525359, -55.268269544293055], [-68.71449136560761, -55.27388720655542], [-68.71635581959468, -55.28086811478494], [-68.68935664492331, -55.27313436822082], [-68.67401810168657, -55.26794719523312], [-68.64516541513471, -55.26806425823583], [-68.6291731915103, -55.278951869462965], [-68.62997110539561, -55.29084282250012], [-68.64773673817325, -55.291821783315235], [-68.64915407442375, -55.297159246027505], [-68.65004238743478, -55.30743318542318], [-68.6226519479448, -55.30046254877519], [-68.60001023946174, -55.30852846015349], [-68.60048085743529, -55.3250925091752], [-68.6190204255472, -55.33547066188574], [-68.61749243285118, -55.342225716193795], [-68.59974962756748, -55.34421271534752], [-68.58522858146158, -55.334966500437474], [-68.56072244904168, -55.330653709167976], [-68.53875958854371, -55.339193993145315], [-68.52300895507783, -55.34092579364679], [-68.53646153336415, -55.360127202984394], [-68.56821448192939, -55.368310197429594], [-68.56511173324276, -55.37461465290241], [-68.53262483125677, -55.3694784866615], [-68.52246155488682, -55.35340698080444], [-68.49479533787265, -55.34152242431193], [-68.46352975874528, -55.341751594598136], [-68.43973847169805, -55.34345953291904], [-68.40308768407252, -55.34210203709988], [-68.37843905053138, -55.347528003716555], [-68.34274830861654, -55.34797788183316], [-68.30976334224916, -55.35217853156224], [-68.29824158633443, -55.3657317450242], [-68.29897916326506, -55.379729724844445], [-68.26782662272242, -55.373675632951844], [-68.27979155617695, -55.38537153416631], [-68.30440062929505, -55.393328558903], [-68.31611813453985, -55.40113162895222], [-68.30882531752707, -55.40601841844899], [-68.30093022291734, -55.40492751068591], [-68.27360410992313, -55.39324017965286], [-68.24418813677457, -55.389804992072435], [-68.22600726010245, -55.3841309652232], [-68.21679437538161, -55.39409477998798], [-68.21212687608116, -55.405789482007044], [-68.19153434921844, -55.404705331844895], [-68.16986992126766, -55.3924890908149], [-68.13991343505158, -55.390213242401074], [-68.1303405355364, -55.40011802611364], [-68.11242840536119, -55.416086986906656], [-68.12527858553457, -55.42781638424318], [-68.12839535459105, -55.445038947518206], [-68.15163966172379, -55.45291695783425], [-68.1575383619271, -55.463528756946786], [-68.15009363012125, -55.47440900817327], [-68.16580295893553, -55.478509802560886], [-68.13533966928651, -55.475450896458575], [-68.10202544908135, -55.47350382164766], [-68.0725228724042, -55.4689723205972], [-68.0421624293476, -55.465402703600425], [-68.04024497247178, -55.47688833109517], [-68.02558979994353, -55.48321115136933], [-68.0417680372626, -55.49441734948955], [-68.07426944621666, -55.503035070157026], [-68.07959754377302, -55.51154932804429], [-68.09576787232254, -55.52097339350132], [-68.10115856461483, -55.525876982287784], [-68.10290305445669, -55.529128896476834], [-68.07801831168922, -55.529290679004944], [-68.05831876238088, -55.53801581669511], [-68.04178031338344, -55.548777812411245], [-68.0327292334389, -55.564685783222075], [-68.03621151927882, -55.580117386554505], [-68.01005301636035, -55.57530789982937], [-67.9806041472525, -55.58513146472576], [-67.99259329292087, -55.59735115144212], [-68.01725702811756, -55.60473436724349], [-68.0105661164479, -55.611485187766355], [-67.979413737387, -55.609678782789814], [-67.99294207253627, -55.614355835589194], [-67.97861993348816, -55.62719092629549], [-67.98891789112945, -55.637522674733596], [-68.00822829342022, -55.64208602192492], [-68.02643756791923, -55.646250613098246], [-68.01519419272198, -55.65612395494799], [-68.01617640262138, -55.66817456156351], [-67.98535538573792, -55.66936560611017], [-68.00025311270903, -55.6760049602351], [-68.0186344933137, -55.680753059396295], [-68.03005118722102, -55.69667042270221], [-68.04911506191648, -55.70793925997195], [-68.06882593721629, -55.71415926425165], [-68.0785581576277, -55.70323426202308], [-68.10205255983477, -55.697336672908214], [-68.1081558602404, -55.68428289898228], [-68.1193017377101, -55.67042273034398], [-68.12747603913431, -55.66188315430379], [-68.11510020683156, -55.64752957891326], [-68.1169821730327, -55.63318637991935], [-68.12803174272747, -55.63504821627548], [-68.13622336018918, -55.62871543904655], [-68.14376072248386, -55.61552823744675], [-68.13683348875665, -55.601242250923484], [-68.13308325518982, -55.59526285251922], [-68.1531372489816, -55.60094219668242], [-68.17173665712897, -55.60002949435109], [-68.17918604021773, -55.610909914935526], [-68.20189477819189, -55.613511280268156], [-68.2076215765835, -55.62224388068349], [-68.22073020691957, -55.62049348655297], [-68.23725987777009, -55.63158751505139], [-68.26195368322337, -55.630092241303785], [-68.27464062674473, -55.620995674405094], [-68.27066348208703, -55.60788228173927], [-68.26007839768796, -55.59306930051274], [-68.2489171901698, -55.580177737635175], [-68.23793442868417, -55.57067934753122], [-68.23456291177625, -55.55707350147479], [-68.22582128279964, -55.54293102424002], [-68.21555511907376, -55.53277876842489], [-68.2348232112668, -55.53363453940231], [-68.24938341823815, -55.52814898271641], [-68.26408125889486, -55.52722172414544], [-68.27050804814026, -55.5127755517066], [-68.28124741658667, -55.51088902796434], [-68.30609586583051, -55.50555841643496], [-68.3102889373132, -55.49425320093], [-68.30440527483076, -55.488377032291304], [-68.31438794739316, -55.48644625677666], [-68.33153244698202, -55.4878142948943], [-68.32798598560902, -55.48051801886045], [-68.32010594220212, -55.4690993700225], [-68.33717619520978, -55.463432070595225], [-68.34071712845902, -55.459860049260975], [-68.35372837979094, -55.45980771483823], [-68.36140186400428, -55.465040103148205], [-68.34970786981518, -55.47019387668979], [-68.35846273336469, -55.473006833214775], [-68.36035329027365, -55.48168950247873], [-68.37820118402593, -55.48535332621884], [-68.4033805443715, -55.49586970617943], [-68.42967716307072, -55.4952638477318], [-68.43842260400746, -55.48160293744036], [-68.46380545237281, -55.48289488621123], [-68.48781217024371, -55.47476657599987], [-68.48816862835362, -55.4634900983006], [-68.51156446110076, -55.462521526740005], [-68.53001528979553, -55.46049971811944], [-68.51518975300239, -55.4466293821604], [-68.52298866964723, -55.426741346868816], [-68.531676936382, -55.40699558614948], [-68.53364563130725, -55.42461466925454], [-68.55350504920932, -55.4369143595135], [-68.55824998758317, -55.41917441651623], [-68.57805403921574, -55.40818646566731], [-68.59668311625175, -55.399206878710736], [-68.6007272575376, -55.40937960231833], [-68.5768814823347, -55.41744164121548], [-68.56714218208171, -55.43091527441825], [-68.58899006976269, -55.42644318158956], [-68.58801408302232, -55.43759118159731], [-68.58579869375676, -55.44707748841455], [-68.55967216428012, -55.45558871824259], [-68.56878340095332, -55.46860373925643], [-68.58883222663451, -55.456768483142554], [-68.60653017911977, -55.45572025755506], [-68.61169757828686, -55.467285675607364], [-68.64173849325056, -55.463590111554424], [-68.648377362857, -55.46403146371708], [-68.67261363738885, -55.46979496397452], [-68.70452004882155, -55.469611780586646], [-68.72046191426847, -55.45697195604543], [-68.72436663176053, -55.44299641501296], [-68.74891697426915, -55.4309154156505], [-68.77376063021651, -55.44021617687077], [-68.75575170851494, -55.441725208775885], [-68.73434471808642, -55.45299245266767], [-68.74048935307074, -55.458645108338544], [-68.73965390364505, -55.47075343827149], [-68.77308980546331, -55.47256061967784], [-68.76327713444296, -55.4788971230898], [-68.73913227479396, -55.483521198309546], [-68.7289063702611, -55.49555222335592], [-68.75043093019151, -55.50482909927615], [-68.7778700180968, -55.512878800111174], [-68.80444888698425, -55.50248552129469], [-68.80563946048198, -55.488536938466986], [-68.83475002032372, -55.491274334052264], [-68.85349456965147, -55.492696657539994], [-68.87334360737182, -55.48218816560696], [-68.8586539120373, -55.47094310322962], [-68.8514753375497, -55.46696016506947], [-68.84271530719306, -55.460228596507015], [-68.87215126722691, -55.46883460505457], [-68.899114714317, -55.46749429343891], [-68.91238708218303, -55.45922379107716], [-68.89713417697314, -55.44943238820591], [-68.92905086902998, -55.44740452834013], [-68.92990583037029, -55.42934173272205], [-68.90784036983362, -55.41868789629134], [-68.88081457487509, -55.40661343678345], [-68.85622641419437, -55.39296394877473], [-68.82387097923672, -55.38520512629088], [-68.79139918415996, -55.38943923103136], [-68.76783810282988, -55.39869549491017], [-68.7555268393419, -55.398184237238596], [-68.75233428179858, -55.388204366054566], [-68.74105727336762, -55.3880543291231], [-68.71471977850354, -55.39048653468017], [-68.68916953353822, -55.38640154406681], [-68.7200537665451, -55.38590109582204], [-68.75564144591632, -55.384711122983965], [-68.77307537198595, -55.37406060345382], [-68.77081777458324, -55.36343817348201], [-68.74746812667432, -55.3529256341129], [-68.72157801556729, -55.351640956102464], [-68.74881282480239, -55.349182575292595], [-68.77080834358307, -55.35076259048081], [-68.77657879711543, -55.358729413329876], [-68.79510561282706, -55.36698914257271], [-68.81158089549787, -55.3729020947818], [-68.84468224249791, -55.37365025711907], [-68.87189975977694, -55.383742090479615], [-68.89412061040886, -55.398079798015196], [-68.91304515694073, -55.408913212146075], [-68.92979423992342, -55.40836685677432], [-68.92452212088922, -55.39583535974397], [-68.92675464191088, -55.388942727738744], [-68.91487769268974, -55.3769388852818], [-68.89000727217586, -55.36461607621383], [-68.87500219140715, -55.35726324101174], [-68.85727751934743, -55.34376758900928], [-68.85268428315125, -55.32759750511361], [-68.84643514830937, -55.321563975540705], [-68.85842635903697, -55.312139724696074], [-68.8588502591288, -55.297557069798536], [-68.86959348933286, -55.28425720029012], [-68.84839035127952, -55.27008809896567], [-68.81980142764793, -55.26289713399958], [-68.80892519065277, -55.24597641841746], [-68.83804654509053, -55.242666988560785], [-68.85603308714781, -55.233142278756475], [-68.83375128385917, -55.227368467496795], [-68.813012781243, -55.2133303461955], [-68.78788038546175, -55.19977849510616], [-68.7765956248316, -55.18671668827155], [-68.79924702775553, -55.20114527499594], [-68.8228702932403, -55.21585681139489], [-68.85265491875765, -55.21403146224641], [-68.85675321867102, -55.221481135319614], [-68.88066164909603, -55.23076317632536], [-68.90680065973206, -55.22938396348238], [-68.92146326457592, -55.224543355742775], [-68.92797127384215, -55.23704201260916], [-68.95108797097114, -55.23471607785311], [-68.92937687961188, -55.24857094878461], [-68.94262888247304, -55.26393023223834], [-68.94710541287789, -55.28161495873645], [-68.97124941961296, -55.28202752904671], [-68.9653122124199, -55.27277605927082], [-68.98580452637339, -55.275220108555956], [-69.00785349637192, -55.28505052495462], [-69.03097439973683, -55.27730155694463], [-69.04800295247117, -55.268940841683595], [-69.04908477509272, -55.24893655398247], [-69.05565640785935, -55.238467061666576], [-69.08108503285749, -55.224486017567735], [-69.0977409668729, -55.212790027008815], [-69.0944311116771, -55.1969317767778], [-69.09803001500185, -55.182218990256274], [-69.08901567925426, -55.16779837419009], [-69.09773784719695, -55.16510192601398], [-69.10531890327003, -55.18078623381961], [-69.11536653987777, -55.196160565930725], [-69.12440794753881, -55.21162819388276], [-69.11087378264399, -55.22762354118791], [-69.09298289395858, -55.243120299286765], [-69.07620828254976, -55.2549531509373], [-69.10409925536437, -55.263716150935224], [-69.130053325511, -55.25294216577855], [-69.15031574972863, -55.24165119863011], [-69.16476217852052, -55.233555806789425], [-69.18389914438124, -55.23209053211591], [-69.19045277840485, -55.23116516979337], [-69.19636224976588, -55.21296400501953], [-69.2132813005537, -55.20719646103357], [-69.2122326017045, -55.20238285614841], [-69.22249049240601, -55.19655888649912], [-69.24048868479736, -55.19188708199126], [-69.26399514898932, -55.19864321760748], [-69.28255869086976, -55.1905860414099], [-69.26632860639089, -55.205565118681136], [-69.25267512341597, -55.21416185765807], [-69.24672484924334, -55.224765279101774], [-69.23458790733672, -55.23259833831683], [-69.21522307967176, -55.245946111107976], [-69.24213702253871, -55.25124815139388], [-69.26398781983488, -55.24372972326345], [-69.28887533118147, -55.24575800302311], [-69.31054674075165, -55.25337066599212], [-69.32642498866818, -55.25080153326639], [-69.29841353671031, -55.25539878887821], [-69.31597496862109, -55.260888504957755], [-69.34463114820666, -55.271678733428914], [-69.37568368907611, -55.27685671864835], [-69.39360684646468, -55.271658129356155], [-69.38679156036055, -55.2579118766108], [-69.41053525147308, -55.26045745514932], [-69.43126226948816, -55.26312230778999], [-69.43324218769084, -55.25792588921525], [-69.46513624785091, -55.26364337395154], [-69.4837944641815, -55.27062669365856], [-69.45573129171787, -55.266316897029235], [-69.4298862898362, -55.266527897979515], [-69.40358649969333, -55.26367752954125], [-69.4064191637876, -55.27410487892998], [-69.42394383556852, -55.284501378241], [-69.45490969966447, -55.289402163228], [-69.43245448468033, -55.288359328542704], [-69.40723702377494, -55.28850422121365], [-69.40763354383506, -55.295567831273615], [-69.42120946010208, -55.303037218720895], [-69.45494558071685, -55.30679998981716], [-69.43319998455819, -55.30784925189436], [-69.40894299915803, -55.30065006344428], [-69.40638626729758, -55.31113686079586], [-69.3981480800854, -55.3138473523803], [-69.39832468757201, -55.3067739107149], [-69.37191646654787, -55.307633789061], [-69.34756803445444, -55.31002883170223], [-69.33422114298438, -55.31343725654376], [-69.32858883449252, -55.32135897776789], [-69.3382693826137, -55.32677749101771], [-69.30519229910685, -55.3214595755386], [-69.2966163882894, -55.32732726394022], [-69.29101409869781, -55.33673033148343], [-69.31170547928588, -55.33390441731624], [-69.32315222894886, -55.340273754946125], [-69.31080489621166, -55.345460848528354], [-69.2973036047933, -55.34367335274854], [-69.27173339426022, -55.34643023236251], [-69.25275744416396, -55.35527448641527], [-69.2705195945003, -55.3605012612605], [-69.27329391068473, -55.37506689733163], [-69.24918147812424, -55.375936861539856], [-69.25674599583435, -55.38588704574444], [-69.28238451685937, -55.38942298893786], [-69.25521881540693, -55.39027757381023], [-69.25843992526332, -55.39868585994114], [-69.22798703745772, -55.39244186770939], [-69.22318626424756, -55.40442786080218], [-69.19636627512477, -55.40241322085508], [-69.19654672860854, -55.41284673542535], [-69.22106599800917, -55.4141378451814], [-69.21650292707676, -55.416667703131246], [-69.19163644902713, -55.41384148768257], [-69.19650536159216, -55.42046924144146], [-69.19385625851697, -55.423360391282586], [-69.19214608812119, -55.43238498639275], [-69.2178076466063, -55.437669508057574], [-69.24274996963304, -55.43225499947855], [-69.24535354561652, -55.441411325602736], [-69.2465816489497, -55.44954518169903], [-69.25262164995618, -55.45259412408416], [-69.24201578022682, -55.45729726262044], [-69.2181746035879, -55.45033396457005], [-69.20543268222859, -55.45267432632686], [-69.22517337280341, -55.46634777976702], [-69.25733827766452, -55.46690832322125], [-69.22829569385807, -55.47455345093882], [-69.21347211795926, -55.4663354091681], [-69.19427015304818, -55.46283953348049], [-69.19134554947676, -55.467144953373605], [-69.17265567188339, -55.46793399164082], [-69.20181815709988, -55.4759360301814], [-69.19847396548131, -55.48135991434515], [-69.18719503794215, -55.478456332277204], [-69.16961159892757, -55.47861116566906], [-69.1618241230528, -55.46204999779078], [-69.14674648264428, -55.46165273677], [-69.13362812105711, -55.47115886537802], [-69.1019529556033, -55.46984850819265], [-69.07260601283976, -55.47632227388344], [-69.08526758333585, -55.48224897338689], [-69.10935252059544, -55.473964250686656], [-69.10503788402052, -55.483657427760875], [-69.13917697557233, -55.477044740364654], [-69.12589898419168, -55.48330831862339], [-69.09940633745929, -55.48938401578682], [-69.13117820378697, -55.48759155054165], [-69.12584155572605, -55.49562812896489], [-69.10092655268568, -55.494950363276054], [-69.1236189774825, -55.498574693887086], [-69.11053361718788, -55.5013588920895], [-69.08122547001277, -55.50404274253483], [-69.0720183817321, -55.5135880344764], [-69.0869794998675, -55.51785514231198], [-69.10187173427363, -55.51750952135269], [-69.10158851900621, -55.52448838430276], [-69.08688366412632, -55.53267062368675], [-69.11399492888232, -55.536594170570005], [-69.13540760936996, -55.52792669386066], [-69.15524615984211, -55.51461675665184], [-69.15984016210346, -55.49927901385873], [-69.17099377352051, -55.50292366554109], [-69.17869151552344, -55.5167568243877], [-69.17707060665828, -55.500551671667715], [-69.18636042339651, -55.49745086014716], [-69.19285636088269, -55.512850644726086], [-69.21058467791204, -55.51657933865868], [-69.22772649962442, -55.521003608791375], [-69.25265046335367, -55.518912403783354], [-69.27875027669405, -55.51541933664936], [-69.29913869146002, -55.5067453944535], [-69.30573046401153, -55.49066719802374], [-69.30309082240447, -55.47346280428655], [-69.30716104588349, -55.45894790105811], [-69.31648787717629, -55.44793416145963], [-69.31802239234608, -55.44184583172397], [-69.31598512756217, -55.432189719914646], [-69.3098576566712, -55.42460344742874], [-69.3248021986244, -55.4236405920209], [-69.33713893672302, -55.432999646288664], [-69.33212284929613, -55.44808075850042], [-69.341206060957, -55.46419749802906], [-69.34356569613371, -55.47111840750312], [-69.33687562348516, -55.47740532976054], [-69.31716654802713, -55.48553959971366], [-69.3249096653715, -55.49990411180445], [-69.34025863722668, -55.4888751064978], [-69.33049162130783, -55.504259936051774], [-69.35246777643279, -55.507850617055574], [-69.34388476100526, -55.52352264522351], [-69.35255054018124, -55.54019972305397], [-69.35277285759379, -55.55345023216535], [-69.36780201533851, -55.54617517149998], [-69.38670914261311, -55.53250453301554], [-69.38796218257359, -55.51720946749576], [-69.37143088073927, -55.503087837695695], [-69.3691548603469, -55.48850270239699], [-69.38520374404598, -55.48126362707903], [-69.40256040442964, -55.47363007538291], [-69.40523388818268, -55.473109654681764], [-69.40574812141816, -55.46122543352295], [-69.41484395005328, -55.457379122628296], [-69.40769267780342, -55.45047850056029], [-69.39639068685143, -55.44155301118689], [-69.40153026094337, -55.43781177044116], [-69.41415787143163, -55.44684511414822], [-69.44242988573751, -55.448993532601676], [-69.45709183237561, -55.45020821596396], [-69.48225689183494, -55.44225165240535], [-69.47071722101533, -55.434322874287446], [-69.47617197049388, -55.43066440527015], [-69.46431505079418, -55.41667160699204], [-69.45731256297408, -55.4146627318537], [-69.42655073099391, -55.40837864229943], [-69.39927735215124, -55.40589064212987], [-69.36566657003242, -55.402079636253674], [-69.36320114251915, -55.39765495632413], [-69.38584781728089, -55.40084329468816], [-69.41060098861159, -55.40395722223106], [-69.43577389784859, -55.408275894225255], [-69.46033688900094, -55.412204327689146], [-69.4755159006327, -55.40963025036183], [-69.47798383135839, -55.39916837665184], [-69.46847936977696, -55.385163238875464], [-69.43988268169977, -55.379099327055954], [-69.42219285927362, -55.37167049173711], [-69.44326467363416, -55.37229953717305], [-69.4660098848159, -55.380693060761956], [-69.47917527041251, -55.387053119234075], [-69.48167944328053, -55.387095045052426], [-69.48980341985005, -55.40263222916152], [-69.50213477487632, -55.409047091055314], [-69.5149707371672, -55.4142687807141], [-69.52611806867638, -55.41538873756639], [-69.55554402137398, -55.41268130094004], [-69.57663964723247, -55.4065962557532], [-69.60102543958992, -55.402105971520335], [-69.60903043587253, -55.39067281479168], [-69.58042233022749, -55.384522988162516], [-69.56712439265085, -55.37597755435185], [-69.53599015596309, -55.369466117515586], [-69.50675953920602, -55.361960662982995], [-69.51942044806208, -55.36110179312748], [-69.5489300106411, -55.369021473846374], [-69.57580448032496, -55.37672125645262], [-69.5857458196923, -55.37009070214354], [-69.55875607841942, -55.359601743440386], [-69.54053609619137, -55.35350034390502], [-69.56998009462912, -55.358840197768785], [-69.59634600832835, -55.36717959915153], [-69.60615070778974, -55.36518492704224], [-69.60685417417332, -55.37474113866951], [-69.62262822437597, -55.378057267937], [-69.63854768708295, -55.37168611607159], [-69.65524505127834, -55.368799840022604], [-69.65112510825949, -55.362166062709676], [-69.64929859943332, -55.35341828750331], [-69.66424971631065, -55.35535955931527], [-69.63973521645107, -55.34873569150491], [-69.60963552275213, -55.341454971333725], [-69.62375558384188, -55.339626043106826], [-69.6502589663426, -55.345078580112], [-69.66915427621365, -55.35049991218327], [-69.69129550712583, -55.36043479792442], [-69.71791680907302, -55.35246109357347], [-69.74348630115583, -55.35110321695057], [-69.77284231158374, -55.351462162980184], [-69.7763708028233, -55.340238676562606], [-69.75612554907373, -55.33971586502514], [-69.78569656895087, -55.33622644719107], [-69.77100237067464, -55.325518031624696], [-69.73723519772184, -55.32515791322824], [-69.71229815762352, -55.33261544398392], [-69.68010983019524, -55.336020445184715], [-69.67566323091759, -55.334285396620594], [-69.70992825823984, -55.330219766379884], [-69.73582877395171, -55.323569103714654], [-69.7471675886946, -55.31179717738498], [-69.71682804318115, -55.305633571613136], [-69.68176480237634, -55.304168678393346], [-69.6474921384231, -55.308530203443276], [-69.61545974029055, -55.30727448332117], [-69.58042933217682, -55.30623358940888], [-69.54492924514085, -55.305206101221096], [-69.52783205228954, -55.29940082594049], [-69.55708654320362, -55.300912440431404], [-69.58420897534454, -55.30316928185507], [-69.61752630859314, -55.30241697376679], [-69.6516917342951, -55.29941901595325], [-69.66729228050879, -55.291655468902505], [-69.63459046517566, -55.287333298850186], [-69.60840073660619, -55.277678286604484], [-69.63794041763313, -55.280234794825674], [-69.6684660280242, -55.28478215387799], [-69.65186361465415, -55.267382946258856], [-69.6231450466587, -55.257690162570746], [-69.59862678442187, -55.24568601283636], [-69.57471676713529, -55.23329166381274], [-69.54354370445303, -55.22731382967532], [-69.52556772469948, -55.2341281034881], [-69.52052602096664, -55.219624637386524], [-69.49261601859756, -55.21180775512649], [-69.47251915036797, -55.20409723411031], [-69.48253353093483, -55.20267194921202], [-69.50935248567178, -55.20867568552822], [-69.54102654951221, -55.21678464757159], [-69.55503951403567, -55.208514674753644], [-69.56077848556824, -55.21989633999066], [-69.58628616297736, -55.231721032107515], [-69.61516797990541, -55.241371738331075], [-69.64162152805493, -55.2456952522771], [-69.66029619021688, -55.23304790073774], [-69.68294338873685, -55.231457400796955], [-69.66508295129137, -55.24322429240569], [-69.64858388897555, -55.254131104050416], [-69.6766504941467, -55.2656762884507], [-69.70767712161856, -55.27236060309378], [-69.74052498737268, -55.280350780431654], [-69.76813092155497, -55.288435066467976], [-69.79965340700932, -55.292531478716256], [-69.81556888230473, -55.286009265327095], [-69.8234437853874, -55.297295160154775], [-69.85179264413848, -55.30557364127539], [-69.86769199746827, -55.29596085102454], [-69.86787131811143, -55.289168771738794], [-69.89811913140231, -55.28951077998563], [-69.8759035638054, -55.27714963035385], [-69.84238211848401, -55.273263194173126], [-69.85798445938758, -55.2670811226204], [-69.87200789431769, -55.26995521149704], [-69.90170962063048, -55.273170183508675], [-69.93550465999445, -55.271337381414696], [-69.95806067432234, -55.2645090441578], [-69.97104689454297, -55.258317072061416], [-69.95288747655691, -55.254738809854835], [-69.92633788631362, -55.25793567505507], [-69.8969486363662, -55.26094812649189], [-69.88163758266876, -55.24682141393784], [-69.84384124338574, -55.24384348269171], [-69.88495913214048, -55.231962647008324], [-69.9368920393735, -55.23273395900648], [-69.96177132369388, -55.221646062138454], [-69.94078394197462, -55.208597371375355], [-69.96000948366272, -55.20188788939128], [-69.93125497430863, -55.19898011750362], [-69.90889610213738, -55.21180131603416], [-69.88513002411692, -55.217967702417546], [-69.86324269037621, -55.20888322331674], [-69.839956758004, -55.20439638245527], [-69.81424521320137, -55.20341073289957], [-69.8004828577652, -55.19982855619075], [-69.81906869770539, -55.199608511005295], [-69.83533525861948, -55.185481806388744], [-69.85587548256215, -55.186678058492916], [-69.86292654137578, -55.20101666250909], [-69.8926622057233, -55.20015051322566], [-69.91303299524704, -55.19767232000377], [-69.94147287322795, -55.19321821278541], [-69.9299911071444, -55.18276943077313], [-69.95157366547434, -55.18376219984368], [-69.97595315565636, -55.19638358631398], [-69.99654022830553, -55.20942953780677], [-70.01867930047996, -55.187457723064924], [-70.0318202524041, -55.17077366799507], [-70.02674717424705, -55.14670940474278], [-69.9794965959001, -55.134349322808255], [-69.94151617906991, -55.11934997007183], [-69.93761625435313, -55.10825371716242], [-69.89721007932512, -55.091404903202005], [-69.84209202456226, -55.08414911432791], [-69.82562189609892, -55.094365429752166], [-69.81384091163595, -55.10324427346156], [-69.80232790799081, -55.0978950611671], [-69.81478219034118, -55.08959368448299], [-69.79247038099602, -55.081139049833325], [-69.76684494141115, -55.08158543302608], [-69.74597947520547, -55.0754938934955], [-69.70760268791965, -55.0725894451609], [-69.67612207953707, -55.08088110357456], [-69.67426562729693, -55.09668226280507], [-69.66933612006683, -55.10872921396852], [-69.68367774589107, -55.122493000001484], [-69.66296483031331, -55.10978298944816], [-69.63610095966988, -55.111231695103655], [-69.62256675561767, -55.121712143851795], [-69.63237021193852, -55.106244432378794], [-69.66288173836564, -55.096730329041065], [-69.6616831264596, -55.085430586816116], [-69.66546307963655, -55.078881667311286], [-69.6400012930768, -55.06571152740466], [-69.60557691808683, -55.06006741220823], [-69.57923067493422, -55.055488659492774], [-69.55839921411453, -55.06224846978273], [-69.55543284813393, -55.07733234816862], [-69.56599724405925, -55.086330734514455], [-69.54543908894284, -55.08790958624983], [-69.54051011256546, -55.107572572941955], [-69.53526969927798, -55.12522113191646], [-69.55303411997103, -55.12936139938441], [-69.5494866281471, -55.13496487944005], [-69.53388318768525, -55.140326887850144], [-69.52838800247271, -55.15855918327659], [-69.53393001994786, -55.176978447200796], [-69.56606736532785, -55.178704688547555], [-69.57412371560689, -55.18737527968204], [-69.55909430051516, -55.18527496037485], [-69.53452699106033, -55.184149434810045], [-69.52063850169569, -55.169545574917684], [-69.51954346971691, -55.15270732996746], [-69.52654837879632, -55.1344004961692], [-69.52604518354553, -55.117469921589766], [-69.53200009087574, -55.097906630050204], [-69.53584425434717, -55.078355031579], [-69.54690598389014, -55.06006123204972], [-69.527604806821, -55.04593298255163], [-69.49473445718347, -55.04368447568047], [-69.46429872724583, -55.0403468040006], [-69.43809986533535, -55.03848211334415], [-69.4124978414902, -55.03413854317714], [-69.39600931223214, -55.04588146176759], [-69.41210021298986, -55.06074601697537], [-69.43859708911603, -55.0671307464368], [-69.45643937452091, -55.07911598798779], [-69.43795544721533, -55.072936069717], [-69.40831847863082, -55.07236059659522], [-69.39627019861089, -55.05882548421478], [-69.37634898886725, -55.05709439826575], [-69.37018420825184, -55.0578565292363], [-69.34555048958102, -55.063642006342], [-69.32084627279278, -55.071038903057136], [-69.31625860535146, -55.06944281730373], [-69.33725300286501, -55.057181965858], [-69.36701362497746, -55.04973100349675], [-69.37791656286362, -55.039447893201185], [-69.36175394090964, -55.02700420313037], [-69.33855554930113, -55.020422261670596], [-69.31925927293315, -55.016185830118296], [-69.29211288465167, -55.01238685730416], [-69.26542247463728, -55.00543548842122], [-69.23410238980917, -55.00192592697866], [-69.20905675271247, -55.00663948841703], [-69.20187473476523, -55.019610898777614], [-69.17863705840414, -55.03231280303224], [-69.16456799626262, -55.030398253969224], [-69.18438148013418, -55.01846375127186], [-69.1901833242116, -55.00418854742471], [-69.16279377969704, -54.99763300569232], [-69.13308410336306, -54.99226885104665], [-69.10201073737244, -54.99509642239276], [-69.07043974178495, -54.99453306177443], [-69.04068653529062, -55.002364333779376], [-69.02434899489319, -55.01020729843503], [-69.00767881484525, -55.004715582737916], [-68.98532679601074, -54.996247822292105], [-68.95756527313854, -54.99074596019073], [-68.9270190470757, -54.98671795420933], [-68.8967160607013, -54.983034996667676], [-68.8632705309627, -54.98611071255747], [-68.82891427018743, -54.98591466744598], [-68.8017829066845, -54.982933749082264], [-68.78899235426121, -54.977251789879034], [-68.76231546319679, -54.97140220716261], [-68.73786259857913, -54.9582517383944], [-68.71108106023179, -54.95055029351079], [-68.6853417731907, -54.945756142349246], [-68.6624860921612, -54.94580116785559], [-68.6376226454496, -54.9402323128313], [-68.61955122900753, -54.93987707246873], [-68.6131727368275, -54.944068019831874], [-68.59840683760208, -54.941143771011724], [-68.58290334063207, -54.9443976745032], [-68.56377061903532, -54.93980789466377], [-68.54765221238152, -54.93296897448418], [-68.5183587866221, -54.92370728164157], [-68.51321126725219, -54.92586208777235]], [[-68.52934581501964, -54.92828165538723]], [[-68.52481864048934, -54.930189130550495]], [[-68.5225830178556, -54.931471394104065]], [[-68.52543459935215, -54.931904326981254]], [[-68.54412938730232, -54.93827655566558]], [[-68.52946358927618, -54.939129129523565]], [[-68.66212428278172, -54.95010156708746]], [[-68.66501311708461, -54.95240343054811]], [[-68.42890399221838, -54.95833632826229]], [[-68.4128639643604, -54.95825099005223]], [[-68.43286996309914, -54.96039913890601]], [[-68.42375895210529, -54.96096606951142]], [[-68.42793819601553, -54.961310910844155]], [[-68.7488807151301, -54.96876626225827]], [[-68.41509524322801, -54.96879002303336]], [[-68.5047294735023, -54.97014222546484]], [[-68.42200705729614, -54.97164232967328]], [[-68.40066737000838, -54.97299724564428]], [[-68.50697348760123, -54.97377977339132]], [[-68.6355164729758, -54.98005876087723]], [[-68.63889927259679, -54.97676411129985]], [[-68.63573097899582, -54.97670734508696]], [[-68.51248512746275, -54.984412248689054]], [[-68.42563563678057, -54.98493016733035]], [[-68.64001047390593, -54.9861794660794]], [[-68.43273894308669, -54.98830318254306]], [[-68.4339792366703, -54.989078047059735]], [[-68.46712736151254, -54.99027572218572]], [[-68.69805448756071, -54.992205296635866]], [[-68.69325843880938, -54.990499809908115]], [[-68.74190328766412, -55.00017815566819]], [[-68.46956328844652, -54.999514447943916]], [[-68.74296934455687, -55.002456648730416]], [[-68.43254015668572, -55.001416009599005]], [[-68.74134724212765, -55.007375654642935]], [[-68.43360649220703, -55.008732843617295]], [[-68.44134467895242, -55.009338106827606]], [[-68.72706221008443, -55.01364762098899]], [[-68.73335827470048, -55.01498805723577]], [[-68.94613098768154, -55.0127447627582]], [[-68.73476291207008, -55.01200555823507]], [[-68.73359560079201, -55.01037571188444]], [[-68.83485564073271, -55.01931701188007]], [[-68.95926198048343, -55.02217520810436]], [[-69.31222582811587, -55.037115441652645]], [[-69.31430868256517, -55.03770499200425], [-69.31452520936543, -55.03759940136859], [-69.31516366794519, -55.03771611013019], [-69.3152270144871, -55.03797951487396], [-69.31491035475871, -55.038080434080186], [-69.31459369343624, -55.03818135246303], [-69.31432195800647, -55.03796605162404], [-69.31430868256517, -55.03770499200425]], [[-69.3167754997638, -55.037010327576034], [-69.3358961955304, -55.02971524192628], [-69.3167754997638, -55.037010327576034]], [[-69.31385402237541, -55.03629470786686]], [[-69.3470687280655, -55.02800818568954]], [[-69.21336908458599, -55.02754610239649]], [[-69.20537985130443, -55.02762053026248]], [[-69.2656917529362, -55.02659049615871]], [[-69.24525188048904, -55.02394500449647]], [[-69.26009926599242, -55.019957478312044]], [[-69.15586314564744, -55.07227105940536]], [[-69.29261913007802, -55.07281613766633]], [[-69.15132349169959, -55.073262742474235]], [[-69.29828411628489, -55.07337980223735]], [[-69.38097407760411, -55.0623556273468]], [[-69.38329895906557, -55.06166150651659]], [[-69.38846956629233, -55.05817377509788]], [[-69.44047235958958, -55.076598882305]], [[-69.28292576366586, -55.07927568752567]], [[-69.15127524575013, -55.081598546162084]], [[-69.12471872843939, -55.08324112618332]], [[-69.11195556215571, -55.08485702188568]], [[-69.13618177785895, -55.085005805240485]], [[-69.47713015519442, -55.0622637966351]], [[-69.46023704866487, -55.05903115856114]], [[-69.46358414296148, -55.05820545427422]], [[-69.45271838032482, -55.05814799568931]], [[-69.46851190769459, -55.05444896286575]], [[-69.47312701890857, -55.04784404785585]], [[-69.27442445629642, -55.08710713586452]], [[-69.25281245031321, -55.0879791213187]], [[-69.23884223674561, -55.08816695339733], [-69.23199312944128, -55.09081669183478], [-69.23884223674561, -55.08816695339733]], [[-69.20910795679617, -55.093011340266514]], [[-69.23412848996723, -55.097022563898534]], [[-69.34039678279957, -55.099208598112334]], [[-69.35037220747031, -55.09923626610818], [-69.3642887113416, -55.10534308294514], [-69.35037220747031, -55.09923626610818]], [[-69.08357517171649, -55.10359186826677]], [[-69.10429355329023, -55.10560384021732]], [[-69.1579413828629, -55.107104179040306]], [[-69.12394993350198, -55.10931799293432]], [[-69.10587386227132, -55.1092703471019]], [[-69.08849217085009, -55.11028259308656]], [[-69.03393297831664, -55.111063782416856]], [[-69.21985934551293, -55.10989405737284]], [[-69.22026026007062, -55.10393602540116]], [[-69.33876938462174, -55.09725440463612], [-69.3346218986665, -55.092124866565165], [-69.33936431322445, -55.09789368720413], [-69.33876938462174, -55.09725440463612]], [[-69.25752188342811, -55.09082914088316]], [[-69.24417372001916, -55.09464013345721]], [[-69.23218629071415, -55.09526527717754]], [[-69.22687854339271, -55.09544171204659]], [[-69.33574454232242, -55.12026350282987]], [[-69.21219957549364, -55.11766267957159]], [[-69.11239013307856, -55.11686258371493]], [[-69.04311033335308, -55.117811581199824]], [[-69.04140992490031, -55.118478797627105]], [[-69.04571767458097, -55.12081697655282]], [[-69.06903772978467, -55.120582035361494]], [[-69.07779892381207, -55.120384090242524]], [[-69.34007694092945, -55.12925711539635], [-69.34011577963949, -55.125982252317556], [-69.34007694092945, -55.12925711539635]], [[-69.26393669580047, -55.134655462724474]], [[-69.3202912466951, -55.16210293742702]], [[-69.2506990112042, -55.16470034045089]], [[-69.38105406279786, -55.17136610757932]], [[-69.24194952222071, -55.17365282152169], [-69.23171253631483, -55.178266251662215], [-69.23468069166968, -55.17417692886285], [-69.24194952222071, -55.17365282152169]], [[-69.36942550135055, -55.17706573879184]], [[-69.58033088709553, -55.18767865450764], [-69.57968706201613, -55.19011028732897], [-69.58033088709553, -55.18767865450764]], [[-69.31648934183023, -55.194170923332734]], [[-69.83524052060639, -55.10025094875133]], [[-69.58463892774252, -55.196910656558266], [-69.60904368638461, -55.202065460073065], [-69.58015480744115, -55.199976461562976], [-69.58463892774252, -55.196910656558266]], [[-69.55160604101259, -55.197628769020014]], [[-69.45153343001265, -55.19983989641198], [-69.44935121522768, -55.19885585467877], [-69.45153343001265, -55.19983989641198]], [[-69.32493834524014, -55.20197822372004]], [[-69.33392413320176, -55.20798646264027]], [[-69.35232551458954, -55.208247828667766], [-69.35436418994814, -55.214882945371805], [-69.34688257611984, -55.210452573803764], [-69.35232551458954, -55.208247828667766]], [[-69.43298380479335, -55.217071313565974]], [[-69.42807094448428, -55.22093585456978]], [[-69.39529773651591, -55.22410345980318], [-69.39559771740997, -55.22675374230114], [-69.39529773651591, -55.22410345980318]], [[-69.37093442310636, -55.22890318768899], [-69.38172002601077, -55.23766674791469], [-69.35971240597996, -55.23931459828847], [-69.33484717503802, -55.240262622107736], [-69.33127689737867, -55.235489711241975], [-69.34072274072001, -55.23468528675472], [-69.36587580308893, -55.230950042594436], [-69.37093442310636, -55.22890318768899]], [[-69.33356098172659, -55.24200980998289]], [[-69.3798906551896, -55.24337220464809], [-69.38233764136294, -55.247005779928145], [-69.3798906551896, -55.24337220464809]], [[-69.40789664355316, -55.24087215383481]], [[-69.39453226835448, -55.22916338526207]], [[-69.46500720123537, -55.2524319783598]], [[-69.55990737399644, -55.29761518682465]], [[-69.48826541046381, -55.295160864809084]], [[-69.50732122257867, -55.29548016313708]], [[-69.39316218445275, -55.315901681417806], [-69.41003864842483, -55.32711764781893], [-69.41655420753646, -55.336102113355295], [-69.40229518719401, -55.32576153074607], [-69.39316218445275, -55.315901681417806]], [[-69.36890731525301, -55.32105655003481]], [[-69.37710178352535, -55.333871683927825], [-69.37485933734992, -55.33014267655398], [-69.37710178352535, -55.333871683927825]], [[-69.32656633249526, -55.33359099730073]], [[-69.34053798707994, -55.335246199673726]], [[-69.40590604152361, -55.335845643965605], [-69.42661352972041, -55.34198579218395], [-69.42289430641011, -55.34201859312267], [-69.40590604152361, -55.335845643965605]], [[-69.36085308961977, -55.34343350112669]], [[-69.35551737899009, -55.34342467382843]], [[-69.35996015974456, -55.345443190828696], [-69.35968321334475, -55.34910237106137], [-69.35996015974456, -55.345443190828696]], [[-69.25963219751667, -55.34954324038362]], [[-69.31687089702895, -55.35022786167839], [-69.32905587430761, -55.363347858876544], [-69.31503927882163, -55.35675782645038], [-69.31687089702895, -55.35022786167839]], [[-69.25752931180556, -55.356541817421395]], [[-69.30264850524645, -55.35906273734275]], [[-69.28876062989666, -55.3588366437987]], [[-69.2920775222718, -55.36319038293973]], [[-69.28684387233751, -55.36540471888011]], [[-69.4580445570356, -55.36614206164674]], [[-69.33542667248666, -55.36890547201193]], [[-69.37353621374646, -55.36917464599505], [-69.38066485107585, -55.37403899757526], [-69.37353621374646, -55.36917464599505]], [[-69.42056380492271, -55.37429175912312], [-69.43493818864093, -55.37950582833769], [-69.42150879313745, -55.376668186978854], [-69.42056380492271, -55.37429175912312]], [[-69.29581559159477, -55.37752936029775]], [[-69.30166910205782, -55.37928743092113]], [[-69.42049781431392, -55.36328075780619]], [[-69.4082211048924, -55.35216636008303]], [[-69.5489103910248, -55.35285981990206], [-69.5327246319319, -55.34812087641857], [-69.5489103910248, -55.35285981990206]], [[-69.38828743214731, -55.34814562595002]], [[-69.5233652933007, -55.34303680421683], [-69.5245417967883, -55.33938156310052], [-69.5233652933007, -55.34303680421683]], [[-69.53169363222219, -55.34004679576468]], [[-69.59904731824797, -55.33944424865534], [-69.57626552703508, -55.33148539958595], [-69.59904731824797, -55.33944424865534]], [[-69.60624460174363, -55.33478926313475]], [[-69.59555327539927, -55.33439774494491]], [[-69.54268379219752, -55.332443425930165], [-69.55351896488393, -55.32855506616388], [-69.54268379219752, -55.332443425930165]], [[-69.56478231095289, -55.330128420022824]], [[-69.56835546536408, -55.32989021926576]], [[-69.47897523980998, -55.32849444665766], [-69.49875084845623, -55.33963429609165], [-69.4752883847269, -55.33425280119824], [-69.47897523980998, -55.32849444665766]], [[-69.58174202686183, -55.35612050026398], [-69.58165451225605, -55.35626952452859], [-69.58074165606106, -55.3560760232823], [-69.58022894492295, -55.35590032744067], [-69.5793983833528, -55.35559580718307], [-69.57984540485266, -55.35527164791994], [-69.58068113556543, -55.35553816641431], [-69.58174202686183, -55.35612050026398]], [[-69.63779825861398, -55.361629091347595]], [[-69.63048248160945, -55.363214317389726]], [[-69.6236119335783, -55.3649174209744]], [[-69.58129014766274, -55.37512301963886]], [[-69.516050810686, -55.38394964076944]], [[-69.51124710098162, -55.38417300388315]], [[-69.5077445208347, -55.38513408191049], [-69.49244716704214, -55.39719070851643], [-69.49671930749669, -55.39222898443588], [-69.5077445208347, -55.38513408191049]], [[-69.53273701624958, -55.39836194621597]], [[-69.56674595978333, -55.394366960366376]], [[-69.5437606666444, -55.39013593761819]], [[-69.56505207775592, -55.39097503264311]], [[-69.55434564304028, -55.39075819446354]], [[-69.50459049245963, -55.403469006573914]], [[-69.54748984050015, -55.405804495527704]], [[-69.50915226109744, -55.405984909335324]], [[-69.52190004102073, -55.412804392172355]], [[-69.41116417421584, -55.38326677604218], [-69.42648317652932, -55.39133218575768], [-69.43677684368323, -55.39282308633832], [-69.44364396160287, -55.40091944201421], [-69.41854340549268, -55.39177097804776], [-69.41116417421584, -55.38326677604218]], [[-69.27755229515095, -55.38686772782787]], [[-69.3376449644807, -55.39145713437848]], [[-69.30168277130811, -55.39324627976745]], [[-69.33637382452824, -55.393610757648325]], [[-69.32582251988002, -55.397175214539324]], [[-69.44066736035033, -55.401585787119146]], [[-69.43539399656954, -55.40218371095745]], [[-69.42399200583658, -55.402173227237185]], [[-69.42245061198024, -55.403560961138176], [-69.42270748504377, -55.40401017072254], [-69.4227836523804, -55.404378208435645], [-69.4218492493199, -55.40418965187042], [-69.42135535186246, -55.40405768611851], [-69.42138094240376, -55.403876580428665], [-69.42174527932197, -55.40356513927294], [-69.42245061198024, -55.403560961138176]], [[-69.43344278497557, -55.40420906604892]], [[-69.43009914618553, -55.40474905602182]], [[-69.43764904963332, -55.40527594693986], [-69.43809225519931, -55.40485870706915], [-69.43851744971211, -55.405023913536596], [-69.43904958273872, -55.40533982569477], [-69.43895019476271, -55.40559047423411], [-69.43832380026082, -55.405488999638315], [-69.43764904963332, -55.40527594693986]], [[-69.42864106132315, -55.402823201485226]], [[-69.45708516329239, -55.38913647651313]], [[-69.45790136294775, -55.38560099466376]], [[-69.44806647503182, -55.40728181544331]], [[-69.29749993117989, -55.400818260763224], [-69.30147554294501, -55.41271730938681], [-69.30029562270047, -55.420886285275756], [-69.29462864396982, -55.404322497444475], [-69.29749993117989, -55.400818260763224]], [[-69.24425197510965, -55.41566021790622]], [[-69.26992855173391, -55.42064428982467]], [[-69.27193717625065, -55.421063371115416]], [[-69.29418016041662, -55.42121320269154]], [[-69.31375676869462, -55.42005761723289]], [[-69.4235542907257, -55.4211466418591]], [[-69.41700066401876, -55.42307062319212]], [[-69.36179094023298, -55.42506050968341]], [[-69.41136394831719, -55.428188708473215], [-69.42393877340038, -55.42989048887762], [-69.41136394831719, -55.428188708473215]], [[-69.35577582450247, -55.432109762455774]], [[-69.42171687870713, -55.43200833008469]], [[-69.40825849570192, -55.43324720965831]], [[-69.41567894028357, -55.42610062751615]], [[-69.36159949178075, -55.42095945923987], [-69.35471720337219, -55.417542196407354], [-69.36159949178075, -55.42095945923987]], [[-69.42791988461518, -55.4179193316598]], [[-69.43243918627068, -55.416776873988454]], [[-69.43994074220899, -55.416435148910715]], [[-69.30877111706242, -55.417024508861225]], [[-69.41159031404949, -55.41213150536838]], [[-69.3549146763831, -55.41168172087563], [-69.35364883127382, -55.40753988826726], [-69.3549146763831, -55.41168172087563]], [[-69.40553241158446, -55.408961595363174]], [[-69.30370433764205, -55.41159269095602]], [[-69.45816399190194, -55.4371375242814], [-69.45106355568763, -55.43917502553432], [-69.45816399190194, -55.4371375242814]], [[-69.4685541022433, -55.43801953456779]], [[-69.43754800687731, -55.44189468112943]], [[-69.34015985167619, -55.43596798894206]], [[-69.3495232577805, -55.43617491224418]], [[-69.36786260083801, -55.442570131340524]], [[-69.36524426158128, -55.47057829231927]], [[-69.35729045331631, -55.47546762777665]], [[-69.37882559995299, -55.51878774736812]], [[-69.31222876184418, -55.43609962469045]], [[-69.28164225312355, -55.43337063709376]], [[-69.29304207051182, -55.44674750472824]], [[-69.26995405929918, -55.448095092456356]], [[-69.2509440047271, -55.47410035355174]], [[-69.26817806638569, -55.477079721749455]], [[-69.21958680816375, -55.47897666345124]], [[-69.22319629475508, -55.48209653264468]], [[-69.22056515064929, -55.483168735869285]], [[-69.25133234712753, -55.4844080739546]], [[-69.23547064021697, -55.48774335015937]], [[-69.20535941995121, -55.486853953778486]], [[-69.2493178401847, -55.48933210412219]], [[-69.24349134083623, -55.49068700654072]], [[-69.24251482612028, -55.49253780948848], [-69.24794376738122, -55.50214278074175], [-69.24251482612028, -55.49253780948848]], [[-69.19223005899076, -55.494290472713566]], [[-69.27798563967583, -55.503861379081584]], [[-69.28467512090394, -55.50319672987154], [-69.27998373538507, -55.50042565759718], [-69.28467512090394, -55.50319672987154]], [[-69.25005688999198, -55.511946752857085], [-69.25133676274446, -55.50575611886057], [-69.25005688999198, -55.511946752857085]], [[-69.24025713833504, -55.509273592859735]], [[-69.21913960039821, -55.50870142104237], [-69.21913960039821, -55.50870142104237]], [[-69.23538833865713, -55.51042447938799]], [[-69.23691071237968, -55.50931176915599]], [[-69.16997779084616, -55.49372107052599]], [[-69.13693800566404, -55.50045922889234]], [[-69.14884520704707, -55.50918245240409]], [[-69.10574372116041, -55.50921915666211]], [[-69.11057359889683, -55.47362961017497]], [[-69.11414168717145, -55.47332540471711]], [[-69.10751894962955, -55.471624156557205]], [[-69.0864558912848, -55.47784642540676]], [[-69.3024158699201, -55.34569371172961]], [[-69.29596477168481, -55.344501274499876]], [[-69.36469245078058, -55.31196773039838]], [[-69.3609169899346, -55.3112954025558]], [[-69.35665678818509, -55.25534485813047]], [[-69.38621983097963, -55.265788272740515]], [[-69.37680540480537, -55.27062062567248]], [[-69.21542968004955, -55.18990041657565], [-69.21428178768491, -55.190163208867006], [-69.21542968004955, -55.18990041657565]], [[-68.80821030837565, -55.171176863137404]], [[-68.81298368850078, -55.17138340639715]], [[-68.9116128472206, -55.17272804704672]], [[-68.81539587243087, -55.1796295997278], [-68.81493332601423, -55.19602772201848], [-68.79954562280565, -55.18424583959818], [-68.81539587243087, -55.1796295997278]], [[-68.89548917871424, -55.19663054214733]], [[-69.04960448406356, -55.19408361887039]], [[-68.94017828162866, -55.19350654558453]], [[-68.8305370286463, -55.19060099087792]], [[-68.9554167694556, -55.18622844949892]], [[-68.9461170305647, -55.20145910961903]], [[-69.06393803533139, -55.20181327667103], [-69.06583403174888, -55.207716571997764], [-69.06393803533139, -55.20181327667103]], [[-68.98464310760622, -55.203467004101114]], [[-69.01806897626459, -55.206798120436154]], [[-69.04333054942292, -55.20831103086123]], [[-69.03096450146812, -55.21451564280155]], [[-69.04960699584139, -55.21491866443909]], [[-68.95299011639396, -55.26156510378689]], [[-68.96201509214809, -55.26482584519046]], [[-69.00736518993423, -55.27635797046973]], [[-68.61994818592666, -55.189751648694404]], [[-68.38806715263156, -55.222111150481396]], [[-68.32352473622309, -55.2232050057382]], [[-68.32907657180533, -55.223930693685055]], [[-68.57245836360346, -55.225244423927535]], [[-68.27288949126674, -55.22746007207811]], [[-68.3076093356235, -55.228545458333244], [-68.30197429644848, -55.22984749441319], [-68.3076093356235, -55.228545458333244]], [[-68.78121337965815, -55.25085669589803]], [[-68.7832139857733, -55.255433820695245]], [[-68.31446610305915, -55.25085948519589]], [[-68.78537401625557, -55.263078336570494]], [[-68.78029848728303, -55.26332113936062], [-68.77677869886037, -55.26282145820874], [-68.78029848728303, -55.26332113936062]], [[-68.76631090810375, -55.26531985468516]], [[-68.79039688359184, -55.263639749159815]], [[-68.70440298550845, -55.26941897312166]], [[-68.73768780695872, -55.27142672145877]], [[-68.7348184726915, -55.27137024944456]], [[-68.85355959866534, -55.28350413468995]], [[-68.83108773608402, -55.2838534620612]], [[-68.83251183308387, -55.28789035700074]], [[-68.69739044427676, -55.2937644211618], [-68.69816162992223, -55.293306289583114], [-68.69739044427676, -55.2937644211618]], [[-68.78289352952889, -55.29489366308389]], [[-68.81211642586551, -55.29514461141626]], [[-68.81940527149763, -55.30308410577921]], [[-68.69481048913984, -55.306680576472495]], [[-68.81839292157332, -55.32069712529393]], [[-68.78293310491419, -55.32253512623372]], [[-68.76595396217961, -55.323043181186485]], [[-68.76816765684951, -55.32882471111364]], [[-68.78417553145239, -55.33089829845014]], [[-68.84031523332247, -55.33431873503749], [-68.84075679567947, -55.33421962391708], [-68.84145522333517, -55.33429545586245], [-68.84176376065403, -55.334594446769], [-68.84121421288, -55.33493102201743], [-68.8407476261478, -55.33519079947729], [-68.8402214041701, -55.33492126866552], [-68.84031523332247, -55.33431873503749]], [[-68.81865127852893, -55.337512105003775], [-68.81065181755011, -55.34641738135328], [-68.81715950706007, -55.335695471292766], [-68.81865127852893, -55.337512105003775]], [[-68.63354819289265, -55.339338076076416]], [[-68.65316584896746, -55.34150313146867], [-68.64600178034975, -55.343416791414256], [-68.65316584896746, -55.34150313146867]], [[-68.63339203820694, -55.34257318527323]], [[-68.6786594899279, -55.34835755201414]], [[-68.6707402917292, -55.35185371061647]], [[-68.62815593725688, -55.35061532718347]], [[-68.62219131999777, -55.35275622838123]], [[-68.69455426828922, -55.35251758776248]], [[-68.60949471374724, -55.35561174577924], [-68.60027456992518, -55.367089135777114], [-68.60949471374724, -55.35561174577924]], [[-68.67227259400632, -55.362655496328784]], [[-68.65190731906104, -55.36235787773667]], [[-68.68831399397058, -55.35841290589445]], [[-68.6922661563955, -55.358581152038774]], [[-68.7106135124229, -55.354192488945614]], [[-68.69351364036665, -55.34960450514729]], [[-68.7145058564693, -55.34854575554169]], [[-68.73398881073344, -55.34841484118353]], [[-68.70412014600795, -55.348226579587866]], [[-68.74231660482427, -55.34606465300605]], [[-68.80429420739587, -55.352531272666916]], [[-68.82456100189786, -55.35454043358622]], [[-68.84394195596515, -55.357697531356735]], [[-68.83551060250169, -55.363234282813515]], [[-68.90413812266091, -55.37707029559544]], [[-68.88477281264687, -55.38033538308925]], [[-68.91687703999199, -55.38900204922648]], [[-68.74935735825535, -55.354688743263914]], [[-68.62346697988215, -55.373214465688626]], [[-68.60486160798897, -55.37338249554468], [-68.62491125149361, -55.37981890864029], [-68.5985449303404, -55.374146664040175], [-68.60486160798897, -55.37338249554468]], [[-68.44668254468704, -55.37742962049641]], [[-68.35069741400736, -55.37992244690127]], [[-68.60871912097859, -55.382639685725906]], [[-68.66061446551066, -55.38473253258427]], [[-68.67129305148356, -55.38547851060875]], [[-68.6418935545188, -55.3824699547365]], [[-68.7285815068621, -55.37502688294831]], [[-68.62761247918647, -55.40145290133564], [-68.62329452930852, -55.397080915582215], [-68.62761247918647, -55.40145290133564]], [[-68.73041795768818, -55.402164716445526]], [[-68.71868792867699, -55.40287891548492]], [[-68.71041622700744, -55.40362211946984]], [[-68.70718204364022, -55.40567398790451]], [[-68.73358652183084, -55.40752179856264]], [[-68.73993234934576, -55.40975408112242]], [[-68.781408059406, -55.40911410638112], [-68.78785023942828, -55.40915681344313], [-68.781408059406, -55.40911410638112]], [[-68.76921645405672, -55.40782418233259]], [[-68.79905731942941, -55.397993670736646]], [[-68.83310926804376, -55.399175685758166]], [[-68.79971687723896, -55.39420316084369]], [[-68.79307710962229, -55.39492124062468]], [[-68.80363759261749, -55.39735263514157]], [[-68.8101573296355, -55.39291308733786]], [[-68.72560131183033, -55.41402042948107]], [[-68.7760977143099, -55.41622882876918]], [[-68.83582305336941, -55.4178349320919], [-68.84114421759563, -55.42077226626453], [-68.83582305336941, -55.4178349320919]], [[-68.65392062436423, -55.419548486757016], [-68.66616820290584, -55.428668020206324], [-68.68044438131923, -55.42731299762156], [-68.65007182032139, -55.435459621968114], [-68.61802499902493, -55.441683197215575], [-68.62251000961369, -55.43146102732019], [-68.64424185908494, -55.42270022779748], [-68.65392062436423, -55.419548486757016]], [[-68.59777411361735, -55.42213174620078]], [[-68.58323439701756, -55.42153959489644]], [[-68.57572850949653, -55.42325108765243]], [[-68.59222208828189, -55.42228892395929]], [[-68.63372237617126, -55.44006665992223]], [[-68.69969343655539, -55.44136471097961], [-68.70727900842482, -55.439656986636884], [-68.69969343655539, -55.44136471097961]], [[-68.81533704838121, -55.43094888862878], [-68.81533704838121, -55.43094888862878]], [[-68.78098623750789, -55.43515737948722], [-68.78158095901532, -55.434044107940835], [-68.78098623750789, -55.43515737948722]], [[-68.82720375655602, -55.43650591338575]], [[-68.78997364542742, -55.43928466223694]], [[-68.78812554083089, -55.440905909873976]], [[-68.8656875324307, -55.44178380377751]], [[-68.88691467713886, -55.43732293567419]], [[-68.84970428461587, -55.43678549206391]], [[-68.87372326308714, -55.43161012478813], [-68.86311962265263, -55.42221426041448], [-68.87639360486276, -55.4322207668796], [-68.87372326308714, -55.43161012478813]], [[-68.8946750980521, -55.4289110018551]], [[-68.74688925840991, -55.4224884696071]], [[-68.75999755116459, -55.42137486240799]], [[-68.75241351052833, -55.421039604209675]], [[-68.79797639679887, -55.423586397722815]], [[-68.78432590502257, -55.42779896718507]], [[-68.8497434042804, -55.43116498653911]], [[-68.87402351456308, -55.44315589198735]], [[-68.77570235741051, -55.44632385404303]], [[-68.88619597035725, -55.44681629781846]], [[-68.8963650390545, -55.44394285968959]], [[-68.8409197733789, -55.449199323921285]], [[-68.86641909516356, -55.45885611754648]], [[-68.77417731430394, -55.45968347374485]], [[-68.76402593118694, -55.462357357887]], [[-68.82694548705408, -55.46701511880273]], [[-68.80421992706754, -55.46782468497399]], [[-68.80773237473306, -55.470250573516324]], [[-68.8205502650841, -55.475019846725]], [[-68.80692723887141, -55.474909654088194]], [[-68.7946303574, -55.47440723174558]], [[-68.8022163487462, -55.48517379458014]], [[-68.7378379483756, -55.491811696240966], [-68.7376749622972, -55.49223641160273], [-68.73696991337629, -55.492173138646436], [-68.7367417804232, -55.49180956221113], [-68.73730470223393, -55.49156778707799], [-68.7378379483756, -55.491811696240966]], [[-68.74235856916901, -55.49456094545502]], [[-68.75067197486784, -55.49745022288305]], [[-68.73864220121725, -55.49723937703734]], [[-68.6145164661762, -55.44829908172672]], [[-68.66308446571043, -55.448909114962696]], [[-68.66386095440323, -55.45367812562016]], [[-68.35277266641604, -55.40544803187032]], [[-68.34892119237874, -55.40619661049294]], [[-68.33103425986299, -55.41021467985329]], [[-68.32059634972842, -55.41161088295074]], [[-68.19334148666042, -55.41066163231014]], [[-68.29969607640486, -55.416619951864156], [-68.30857470118374, -55.41867265103153], [-68.31791843245789, -55.41903424384801], [-68.29969607640486, -55.416619951864156]], [[-68.28101521049527, -55.418467508607336]], [[-68.33693476565608, -55.41624050951861]], [[-68.29669603923702, -55.412871557899194]], [[-68.27752172273925, -55.41242021667592]], [[-68.28086148034635, -55.412604542926054]], [[-68.28642990208895, -55.42366168189637]], [[-68.16587555692506, -55.4231139673902]], [[-68.24929672156836, -55.425444881492936]], [[-68.27654623271495, -55.42807768783635], [-68.28088069679038, -55.43092537273889], [-68.27654623271495, -55.42807768783635]], [[-68.19071051014784, -55.43254869884916], [-68.18161833288575, -55.44205922077103], [-68.19071051014784, -55.43254869884916]], [[-68.27318022735697, -55.443233466211296]], [[-68.30437757934048, -55.448665800575675]], [[-68.33992749258798, -55.449111040324624]], [[-68.25817554766986, -55.45000861529419]], [[-68.24274498318309, -55.451983392928206]], [[-68.29922924153259, -55.45240599083607]], [[-68.23755715726733, -55.45319880553598]], [[-68.20283348548512, -55.45334453798758]], [[-68.3429113479103, -55.45630348069082]], [[-68.45172555049474, -55.45698509848796]], [[-68.3504678959923, -55.45256034840273]], [[-68.3469932497019, -55.45148649209859]], [[-68.41029556890913, -55.449490331600934]], [[-68.31950699026424, -55.44843521498306]], [[-68.33018585618052, -55.447384474313104]], [[-68.38133469508493, -55.44756526683026]], [[-68.45711290707624, -55.44685672613646]], [[-68.34305159377462, -55.443976559479204]], [[-68.33439690200044, -55.44456441780656]], [[-68.30325070748836, -55.44294481579353], [-68.3037447499373, -55.4391255989157], [-68.30325070748836, -55.44294481579353]], [[-68.38744071113872, -55.439873261825866]], [[-68.33764435627837, -55.43824316143572]], [[-68.33267200081288, -55.43637955427397]], [[-68.42991512822121, -55.43288660206101]], [[-68.49824865955682, -55.4335578659399]], [[-68.49516915760418, -55.432236578377044]], [[-68.45606208998063, -55.42986314721742]], [[-68.39120360028821, -55.4310874430886]], [[-68.42778723204698, -55.42700515119004]], [[-68.46186296096495, -55.42534723135447]], [[-68.32788045982878, -55.42613300927987]], [[-68.32268941853046, -55.426184292982065]], [[-68.27557722288368, -55.42548225117811]], [[-68.29756241732102, -55.425811503018934]], [[-68.30625695149376, -55.42714769997002]], [[-68.30109322046398, -55.42857992641549]], [[-68.32475205875558, -55.42988900810518]], [[-68.31845189056604, -55.43219622684562]], [[-68.2926186908853, -55.43276600645742]], [[-68.3114523778309, -55.43310377978456]], [[-68.30620675462401, -55.43470716794402]], [[-68.29355528996389, -55.43502815413877]], [[-68.27965621956598, -55.435367444813096]], [[-68.28208344509738, -55.43709296666113]], [[-68.27841418903444, -55.43945485074406]], [[-68.28994847019952, -55.44022335965573]], [[-68.28843565257574, -55.43677993943831]], [[-68.31651787267303, -55.435803841177]], [[-68.3208025579336, -55.43621568487207]], [[-68.2900691917904, -55.445446982744706]], [[-68.28522404620736, -55.44694850671413]], [[-68.31107705644939, -55.44814955978803]], [[-68.30630622984538, -55.44647279604221]], [[-68.29052775138618, -55.4518829263074]], [[-68.37753821600792, -55.46626878734489]], [[-68.3689151473511, -55.46661632454302]], [[-68.46370967668169, -55.469631488742316]], [[-68.41074001985702, -55.470613590575425]], [[-68.4254890318238, -55.47214661238789]], [[-68.40123195901828, -55.478149606063226]], [[-68.22107951588758, -55.458075114447304]], [[-68.17598524620003, -55.4601119028858]], [[-68.31422319328603, -55.46208817651041]], [[-68.17608302923054, -55.4622397074379]], [[-68.20917699239719, -55.4713359161484]], [[-68.23398609863123, -55.47170288957928]], [[-68.19648223530879, -55.47223842702494]], [[-68.2296267389375, -55.472610336779354]], [[-68.20074152490645, -55.47347831892628], [-68.19532842194221, -55.47453625583803], [-68.20074152490645, -55.47347831892628]], [[-68.2292254388481, -55.478556899700756]], [[-68.20964250507383, -55.47812639888185]], [[-68.23847396669169, -55.47593117992846]], [[-68.21450959499312, -55.47451081487539]], [[-68.24502270637899, -55.47315519304809]], [[-68.229330741608, -55.48378927117934], [-68.23935826374976, -55.49291079021708], [-68.229330741608, -55.48378927117934]], [[-68.15471589722813, -55.48531805623377]], [[-68.18553411769092, -55.48567139771058]], [[-68.1706009696718, -55.48725967772566]], [[-68.21497036282298, -55.48949527570028]], [[-68.20976454218395, -55.48997301955149]], [[-68.17809162484984, -55.49042654084662]], [[-68.29038542861514, -55.49747703035953]], [[-68.21710302947658, -55.496926579484914]], [[-68.2404267558204, -55.497454488881345]], [[-68.22747070398262, -55.500775487509365]], [[-68.21343422681635, -55.50415622176984]], [[-68.23682312027744, -55.50763756189058]], [[-68.22294230671186, -55.50969486066779]], [[-68.24947812662457, -55.50938927845476]], [[-68.2223251862523, -55.50667088447492]], [[-68.22014628328101, -55.506509330110575]], [[-68.2176494715145, -55.50818851072188]], [[-68.25112221205657, -55.50479388548397]], [[-68.25912861593636, -55.50127761463864]], [[-68.21194870066117, -55.51110336351106]], [[-68.22391463131103, -55.51148614277084]], [[-68.23683317370148, -55.51377901285636]], [[-68.21712689431314, -55.514098421604295]], [[-68.22353075159387, -55.51453528609389]], [[-68.23946448753026, -55.51586415414452]], [[-68.24851120359736, -55.51915301361884]], [[-68.21798296001064, -55.51903458983441]], [[-68.20669001640589, -55.52256732270581]], [[-68.08334500326171, -55.536108200931906]], [[-68.07694230459326, -55.53885750302714]], [[-68.16758491305951, -55.54121612041113]], [[-68.20447777786613, -55.541873290991745]], [[-68.1914383354682, -55.544175507604756]], [[-68.17946378567493, -55.54446705420739]], [[-68.08652948551516, -55.544799796138776], [-68.07658321748805, -55.550120370879085], [-68.08652948551516, -55.544799796138776]], [[-68.05100067273945, -55.554166494903555]], [[-68.19781756029583, -55.55698137071154]], [[-68.16495220672593, -55.553703605242475]], [[-68.08949434158335, -55.552797958694896]], [[-68.17974694893985, -55.55220418994734]], [[-68.11495924982583, -55.54995825563024]], [[-68.18198958051464, -55.545679634243676]], [[-68.19966863135684, -55.56547074091298]], [[-68.18816400635482, -55.56527230502168]], [[-68.19514562214142, -55.56636381333442], [-68.19770593778438, -55.57226977427501], [-68.20495598179951, -55.58272230973558], [-68.19625609168085, -55.57798909900382], [-68.19478587867697, -55.57406497346294], [-68.19514562214142, -55.56636381333442]], [[-68.18007668560995, -55.56866271660441]], [[-68.09041188721535, -55.57081564407896]], [[-68.11331460463347, -55.5715250854797]], [[-68.10695930656084, -55.57660263180429]], [[-68.15019986049838, -55.57807253496504]], [[-68.16974022741904, -55.577837835405276]], [[-68.18250185268353, -55.57832977982274]], [[-68.18129621853411, -55.58188294567307]], [[-68.16705061350672, -55.58249134799136]], [[-68.10194772604882, -55.58284315422067]], [[-68.2145022464597, -55.5848419927902]], [[-68.1327615623684, -55.58479018248492]], [[-68.05943123128387, -55.586411933768666]], [[-68.05401045994223, -55.58795836211868]], [[-68.15397026143631, -55.58974533986322]], [[-68.05062669516548, -55.59032720116585]], [[-68.09812576201561, -55.592934476611134]], [[-68.22001121744451, -55.58466789869479]], [[-68.24374924660515, -55.581661978630976]], [[-68.22594799976804, -55.5812663250647]], [[-68.2305011124999, -55.579450174488244]], [[-68.23558315405664, -55.57758929602883]], [[-68.21307879342999, -55.5780022577401]], [[-68.21349923063106, -55.57821035643137]], [[-68.21121022290257, -55.57523841589099]], [[-68.0436796853221, -55.59562851867778]], [[-68.02454124194097, -55.60279485471921]], [[-68.11566779237099, -55.605545096602306]], [[-68.12574822588223, -55.61052335337441]], [[-68.09670921723654, -55.61031211758589]], [[-68.073513345918, -55.611701530989706]], [[-68.08781047053147, -55.6122310688346]], [[-68.0477437733919, -55.61449216295593]], [[-68.10588841286331, -55.61870133333448]], [[-68.1154878839063, -55.619439669217144]], [[-68.08718311963511, -55.62139409468915]], [[-68.11407109512544, -55.62200353358409]], [[-68.08453510302665, -55.62373687284447]], [[-68.1026897784376, -55.627748056958765]], [[-68.06003250259137, -55.627893840932686]], [[-68.04226391528692, -55.63323749876332]], [[-68.09631656190128, -55.63909078545145]], [[-68.04106962305555, -55.63959462067737]], [[-68.02865712272877, -55.642362561621724]], [[-68.0334050553666, -55.644283708365215]], [[-68.10940668045889, -55.64723869197249]], [[-68.09945477223357, -55.65278334117972], [-68.09831537733875, -55.65922959404245], [-68.09945477223357, -55.65278334117972]], [[-68.03388850706496, -55.6535066477924]], [[-68.02680993544267, -55.65489882973527]], [[-68.08189673873295, -55.65551692439209]], [[-68.12100702343116, -55.66522408042507]], [[-68.03153717564338, -55.663565564326504]], [[-68.11019220104097, -55.66483912922028]], [[-68.03717992442334, -55.6662223243629]], [[-68.11171127981244, -55.667484122474164]], [[-68.03682234784104, -55.66867161330096]], [[-68.0301199296479, -55.66927724788898]], [[-68.09030707712571, -55.681137716294536]], [[-68.09613751708112, -55.681422381779605]], [[-68.03831995037518, -55.682542249935665]], [[-68.08770138417168, -55.68687242923849]], [[-68.03459052229904, -55.687403769643005]], [[-68.08162557701972, -55.68841445466331]], [[-68.08426080129861, -55.69193124270925]], [[-68.05871725725855, -55.696095813446355], [-68.05871725725855, -55.696095813446355]], [[-68.06281903786606, -55.703872307797226]], [[-68.07661183232246, -55.47107204715649]], [[-68.22837248075028, -55.399262801284216]], [[-68.2591786879453, -55.39894930669372]], [[-68.24259412226984, -55.39661700772387]], [[-68.23542373654364, -55.39631513022476]], [[-68.23390442094428, -55.39234513439896]], [[-68.33880492369573, -55.370414332660346]], [[-68.33707513807676, -55.366355822855624]], [[-68.47520028449446, -55.36683421118239]], [[-68.33346766517097, -55.36543022205683]], [[-68.36975808415745, -55.355683129691386]], [[-68.67400448751408, -55.28114424218172]], [[-68.67321835620268, -55.27950946177196]], [[-68.30598785332405, -55.255436346586336]], [[-68.2890396461245, -55.25596885769628]], [[-68.24402023436942, -55.25728008088145]], [[-68.3469204343753, -55.25883030034997]], [[-68.30057916950386, -55.260365350238]], [[-68.26406797154208, -55.260324540923584]], [[-68.27719604596484, -55.26095401435057]], [[-68.2953477230595, -55.26186505364859]], [[-68.26568985292234, -55.262517880798754]], [[-68.28942302209838, -55.26318871555936]], [[-68.28374943127682, -55.26397575997518]], [[-68.2573768637112, -55.265129081491565]], [[-68.32915294790737, -55.26661376791683]], [[-68.26615750909167, -55.2668539160847]], [[-68.30679257661019, -55.258277587884535]], [[-68.29795531485185, -55.25641502783509]], [[-68.30309737186101, -55.257340398029136]], [[-68.56692544339265, -55.27259415086553]], [[-68.273894153112, -55.26952905634492]], [[-68.21087618300234, -55.270793969994415]], [[-68.21657648279793, -55.2718370240601]], [[-68.25201053264819, -55.27212182867141]], [[-68.2400269818824, -55.27457394690213]], [[-68.22276956126657, -55.27544704581689]], [[-68.21485054910912, -55.274317412484535]], [[-68.20208132642493, -55.27805176631004]], [[-68.20309713667477, -55.279621788168555]], [[-68.27132422896425, -55.27993282993841]], [[-68.51129962340099, -55.31015092633957]], [[-68.30573486951972, -55.29409531938962]], [[-68.34650421432801, -55.297963324333885]], [[-68.71963769761108, -55.182942300155254]], [[-68.60713853569588, -55.18238057675636]], [[-68.75999902091438, -55.167748353633705]], [[-68.74102434150272, -55.16734561078532]], [[-68.77269796881573, -55.15991128404862]], [[-68.75562728899362, -55.16847007637387]], [[-68.78848308580726, -55.168666031639184]], [[-68.68188299234909, -55.03089846682462]], [[-68.63396025016716, -55.030635849208934]], [[-68.67827910605634, -55.03628809985965]], [[-68.63391879639418, -55.036004507321806]], [[-68.6240088267647, -55.037685453250056]], [[-68.63400827961262, -55.04127998597337]], [[-68.72781150116973, -55.04531893855478]], [[-68.63784725105997, -55.04455977533155], [-68.63580896730447, -55.04654478101597], [-68.63784725105997, -55.04455977533155]], [[-68.66749953039455, -55.05098057353041]], [[-68.70405917830597, -55.05178068759826]], [[-68.73438519689674, -55.05474993529037]], [[-68.78505625529316, -55.051351384462805]], [[-68.7132547745681, -55.045808360975585]], [[-68.62371356041592, -55.057411263429145]], [[-68.62026021578785, -55.061933134772154]], [[-68.65829002066728, -55.06859729544303]], [[-68.75252569884505, -55.08857164184023]], [[-68.73329824355247, -55.122600815580995]], [[-68.73492582983842, -55.12283233485894]], [[-68.610791411244, -55.12688504685058], [-68.60289410466268, -55.130035818783824], [-68.610791411244, -55.12688504685058]], [[-68.73587749343379, -55.13155959940894]], [[-68.73897718851693, -55.13025169345598]], [[-68.70518668888575, -55.141771905712474]], [[-68.69981309977872, -55.14547343131031]], [[-68.32083390294072, -55.040979660017975]], [[-68.32168744202696, -55.04314992469465]], [[-68.32136480803979, -55.045953772787755]], [[-68.32134870397914, -55.047796744524206]]], [[[-68.28378011324307, -54.92184945915793]]], [[[-68.33623315403544, -54.92075650745774]]], [[[-68.30663397493547, -54.92088748818907]]], [[[-68.32054114259688, -54.92049026801825]]], [[[-68.3674642463435, -54.9192780613312]]], [[[-68.37690956003033, -54.9181861567437]]], [[[-68.34854256180991, -54.916501621481004]]], [[[-69.74736732536984, -54.91629664238352], [-69.74720627754054, -54.92499319755493], [-69.74754072196386, -54.915501991657294], [-69.74736732536984, -54.91629664238352]]], [[[-68.29282709549217, -54.915004118615165]]], [[[-68.36497808620712, -54.91922162079666]]], [[[-68.3761007832495, -54.914970327292494]]], [[[-68.25762371117358, -54.914125536771344]]], [[[-68.22512739041373, -54.91322852702667]]], [[[-70.13373760388536, -54.91084648711947], [-70.12678720907674, -54.924565422444715], [-70.0997141862395, -54.92421246194955], [-70.0683641293625, -54.929750314876536], [-70.09749803326912, -54.940358984830645], [-70.12831799080807, -54.95014722625178], [-70.16261336067353, -54.95730441991202], [-70.16528165970256, -54.94844228690828], [-70.16838883421684, -54.94461432751525], [-70.19816507435407, -54.944606389425005], [-70.18851970093192, -54.92681608714462], [-70.16013890195468, -54.916021625789725], [-70.13373760388536, -54.91084648711947]]], [[[-68.38207274078684, -54.91439705615934]]], [[[-68.1683178720186, -54.91183058004875]]], [[[-68.25965688789779, -54.910684970098934]]], [[[-68.27396524153474, -54.90884587781472], [-68.26931470937203, -54.91757166437795], [-68.26028076491403, -54.922659117001075], [-68.28830499883634, -54.91966477358831], [-68.29699940193797, -54.91367807201207], [-68.2746717708188, -54.90876535657717], [-68.27396524153474, -54.90884587781472]]], [[[-68.33019485529209, -54.90744685351596], [-68.33500600188974, -54.916456449508104], [-68.34430727113543, -54.91177769343424], [-68.34644010582251, -54.91061727244222], [-68.33019485529209, -54.90744685351596]]], [[[-70.2881181988318, -54.90177736607856]]], [[[-68.31079244845327, -54.90785304479846]]], [[[-68.18527634784141, -54.903802161548974]]], [[[-68.23303478614659, -54.90620383555903]]], [[[-68.17005375776614, -54.901625717952015]]], [[[-68.16461657823972, -54.90099910097121]]], [[[-70.44336880488542, -54.947106078721454], [-70.50140619808741, -54.95025874799646], [-70.51863975269471, -54.97791050055503], [-70.56529443938052, -54.9933350548876], [-70.57462340573277, -54.999223347222795], [-70.51530607412825, -55.01411209495975], [-70.52457811045647, -55.01962884383776], [-70.55729891414832, -55.01167928364327], [-70.54963797285306, -55.0208554020543], [-70.58869309158004, -55.02757373327709], [-70.60402342017517, -55.01077292480347], [-70.63118271791404, -55.017118455450756], [-70.69315018710736, -55.00521582664886], [-70.75332538384698, -55.00904801661827], [-70.74912219463342, -55.01914825386788], [-70.74191844188545, -55.030627406518626], [-70.72598938205294, -55.01971736235945], [-70.70497430372043, -55.01063568378156], [-70.6818603308132, -55.02483338602851], [-70.64914531863836, -55.041188723902], [-70.61519381198455, -55.034447476214524], [-70.58503527912623, -55.04273752694878], [-70.54727665789908, -55.026777912377845], [-70.50974637993772, -55.03060498999947], [-70.49401792549847, -55.0402777971243], [-70.51084520252599, -55.04303493215086], [-70.52687734815777, -55.05112631748822], [-70.4909772099697, -55.05979604894719], [-70.49496311545595, -55.06548752059939], [-70.46554669372401, -55.057226067079235], [-70.43023406700861, -55.044946039551434], [-70.42002683919945, -55.05734740146758], [-70.40791757281586, -55.04221765503581], [-70.36439529567434, -55.04029037090498], [-70.3166243371736, -55.03331875455371], [-70.30824116124062, -55.03893971947123], [-70.31879564629217, -55.048669578320265], [-70.30117841473894, -55.06681264444909], [-70.32681693112171, -55.074049376863776], [-70.35205671631593, -55.07684804976543], [-70.37431025287916, -55.0782930290525], [-70.39473711116241, -55.085026444844836], [-70.33893509880284, -55.08387328926999], [-70.31704910931003, -55.095543950396184], [-70.3382539009071, -55.10287686294249], [-70.30192677527388, -55.1046812603471], [-70.28180113891896, -55.110455944789365], [-70.29768477753998, -55.128110845683835], [-70.31836892447768, -55.12367963715103], [-70.33189441764146, -55.11790432089245], [-70.33515857602211, -55.13238339103879], [-70.36083371917759, -55.13149419185209], [-70.37641459804983, -55.11539946531621], [-70.39167650395552, -55.09876008662237], [-70.41782928121052, -55.09503686984187], [-70.45454974974807, -55.08931976337795], [-70.41668027339794, -55.10708654174328], [-70.42095292782278, -55.11382588942265], [-70.47275528735734, -55.09751963093119], [-70.45888035655427, -55.112092794592854], [-70.45652021467207, -55.12290316939922], [-70.45972496499364, -55.130493924728995], [-70.44987935482543, -55.13483763845189], [-70.42113460524995, -55.14486234380954], [-70.39152026013134, -55.145394871005166], [-70.37521154016589, -55.15410279019322], [-70.38266368705561, -55.156931765833086], [-70.40444911018002, -55.154164878882156], [-70.3893854008302, -55.166045655060955], [-70.39342801503318, -55.17471811967931], [-70.41723760023943, -55.18027921733775], [-70.43906171407903, -55.16901070462162], [-70.47193527215275, -55.17905869473304], [-70.48355060733007, -55.19096657444557], [-70.47750468618523, -55.20371849166499], [-70.48992234709921, -55.2109191460332], [-70.49928239343528, -55.19476966478752], [-70.50283347621128, -55.16416046370082], [-70.52912105773635, -55.156799170222904], [-70.57547070983378, -55.15688083427862], [-70.56820161626308, -55.17691891468974], [-70.52675972066405, -55.1872500883978], [-70.53401332509374, -55.19889574962291], [-70.56229786751221, -55.204375917157904], [-70.58826299397239, -55.18874788163325], [-70.58721639845932, -55.16667595761501], [-70.58000487817799, -55.14648506726297], [-70.57927644427028, -55.12454815739746], [-70.53940039889189, -55.130599141967714], [-70.57107975026123, -55.11525457224362], [-70.54219271142485, -55.10260844987918], [-70.56172470406844, -55.08850738976194], [-70.58472102635864, -55.103042373864305], [-70.5990240262706, -55.090510908870215], [-70.59535071198879, -55.06764444742239], [-70.61948889672708, -55.059701401977826], [-70.66378278556971, -55.054916681222295], [-70.6218387178611, -55.06616818079438], [-70.60664829034367, -55.079506544835205], [-70.60950959473077, -55.08377697220467], [-70.64399474589551, -55.08262469588911], [-70.66598991984944, -55.07514431008502], [-70.67493518709476, -55.09696991077737], [-70.67431503139598, -55.11635902935144], [-70.70731886445715, -55.114431747983545], [-70.70307359860749, -55.10530497444234], [-70.71532110825022, -55.119004397106075], [-70.7409399845028, -55.1222764056742], [-70.77565906349602, -55.11147920422772], [-70.75591818980965, -55.088422310062434], [-70.72691641550813, -55.06903253631461], [-70.75293566155659, -55.06369524161145], [-70.76665440120662, -55.058007938756], [-70.79140540637182, -55.068475802670335], [-70.82553589506935, -55.07183589381459], [-70.82885645688569, -55.09316309117666], [-70.85540464084299, -55.0829852712], [-70.88122373859511, -55.055589320654434], [-70.8923415480432, -55.06548804517374], [-70.91480851336999, -55.07690746344423], [-70.94172193830369, -55.091135373717364], [-70.95835126433775, -55.075279796393176], [-70.98744986968507, -55.07365997885625], [-70.98192810108564, -55.04913144029395], [-70.99228150449942, -55.0438161369414], [-71.0183878038947, -55.060145392409076], [-71.02983823384399, -55.04514074140419], [-70.98982506930321, -55.03712694329172], [-71.00937921537673, -55.03049235306238], [-71.01500754917114, -55.0157047674], [-71.00504489516203, -54.98653465902099], [-70.97012205264787, -54.95580008747728], [-70.9161836043356, -54.94591432523142], [-70.86927212671665, -54.95776234036137], [-70.86787697544534, -54.98026808985226], [-70.80796380602287, -54.970926865565616], [-70.78120777994472, -54.93252170678251], [-70.72340356899991, -54.95991173788259], [-70.72377245458651, -54.97509458487511], [-70.67981020333902, -54.96935560815855], [-70.65176776295952, -54.97960068774903], [-70.59654870454536, -54.97097647022286], [-70.58575433583512, -54.96444732367058], [-70.59982036217421, -54.936386396857785], [-70.52485715845661, -54.91055735035613], [-70.43568498657531, -54.89486484475158], [-70.324958317181, -54.902371091641555], [-70.38371892644176, -54.934667611742846], [-70.44336880488542, -54.947106078721454]]], [[[-67.97998477927834, -54.89299947288035], [-67.94815892365638, -54.896654047173776], [-67.92990444984834, -54.90307340937579], [-67.90440477702957, -54.90877914679428], [-67.87553485273307, -54.91244547169135], [-67.84369189165669, -54.911399412710054], [-67.8203139969612, -54.910227968169806], [-67.78780411121569, -54.91382421092793], [-67.77632951133883, -54.919171146246036], [-67.7561847575704, -54.92712129623108], [-67.72425421778496, -54.92603863024799], [-67.71267613684864, -54.93006225842385], [-67.71359003171099, -54.934146822160336], [-67.69001392527083, -54.93944767936807], [-67.67557780685998, -54.93731040304534], [-67.6563020425974, -54.93447213316204], [-67.63091801185399, -54.93018554125563], [-67.61922334926697, -54.933430367472894], [-67.63521512128102, -54.93564548963116], [-67.60305516130448, -54.932179947445675], [-67.57006844081296, -54.929179402666186], [-67.53711679732174, -54.92512260103485], [-67.521129325655, -54.932695369784234], [-67.48980528202233, -54.93542730800405], [-67.48156869936103, -54.93605995522166], [-67.47088945443855, -54.93117422170918], [-67.45070917716293, -54.924859670448924], [-67.44035409392923, -54.923997763076855], [-67.41134751811765, -54.92804657449818], [-67.38614665442061, -54.92772548857411], [-67.37378819941205, -54.930428235635354], [-67.34151824094386, -54.92807742336642], [-67.32619031543608, -54.92896532050999], [-67.30579575417924, -54.93293945528001], [-67.28909580506695, -54.9405090682804], [-67.26087956720784, -54.943308723105154], [-67.2433368874748, -54.94788464140268], [-67.21221751502979, -54.95277664167194], [-67.1940370952131, -54.96014311312548], [-67.17803394460665, -54.969484693856444], [-67.15693264909818, -54.982787441335454], [-67.14891442531159, -55.00249522164254], [-67.13368468823052, -55.01956324004513], [-67.11409236747971, -55.03467561205822], [-67.0945495899178, -55.0456854438027], [-67.08834539637034, -55.06271824975261], [-67.07553270700174, -55.071970820447575], [-67.06230368546949, -55.0795250047884], [-67.0589500239149, -55.09092297506014], [-67.05425834026624, -55.11067829757056], [-67.0444708494749, -55.1284051771436], [-67.04963014332952, -55.146326358462424], [-67.05353541638164, -55.16511921507144], [-67.07443447528105, -55.18192313173628], [-67.08075290103693, -55.19789042335216], [-67.0949516936572, -55.21076906289792], [-67.11735047338982, -55.21981350604795], [-67.1430492757235, -55.23204917216093], [-67.1573986225897, -55.247696335759244], [-67.17129233211938, -55.26021092775787], [-67.1877099239702, -55.27818180082521], [-67.21616470526008, -55.2907204415739], [-67.22433837913927, -55.30951615650367], [-67.23515958769072, -55.32297024102096], [-67.2686397386764, -55.330860580967226], [-67.30429767006993, -55.329523321582506], [-67.3377072011572, -55.32078300477022], [-67.37411376625501, -55.31723078490948], [-67.40554902575093, -55.31774547925184], [-67.4333311130987, -55.316808145897774], [-67.45280237320097, -55.30113435615081], [-67.46416819121278, -55.28273727475788], [-67.46581833718596, -55.2626637137466], [-67.45643734687539, -55.245267691886326], [-67.44230172199364, -55.22833778737829], [-67.42185916238132, -55.214350925958286], [-67.41616930467303, -55.200043403037064], [-67.42484284690903, -55.19567251126329], [-67.45564482131608, -55.19198808360884], [-67.4659356591118, -55.185210961848206], [-67.49307296696155, -55.17835632246868], [-67.5217331524627, -55.18167142315712], [-67.55879613103852, -55.18225809407355], [-67.59075335374705, -55.19368146965711], [-67.60966834627393, -55.2134349574983], [-67.62339685990082, -55.23379978533383], [-67.61131624467076, -55.252046162002394], [-67.60995762551036, -55.272303959018245], [-67.63785896984149, -55.27678862278367], [-67.67327649240183, -55.270942511774074], [-67.70838445249942, -55.265353876922795], [-67.73008516635953, -55.25222956342887], [-67.76170375322788, -55.256002092590734], [-67.79746338814745, -55.258152140171894], [-67.82236261505707, -55.26680264935535], [-67.82026646040615, -55.28112692573323], [-67.83700332067713, -55.27357964415008], [-67.82724709455856, -55.26058240673234], [-67.8541714394485, -55.25666217131587], [-67.86472471631451, -55.24395552130075], [-67.87292264957887, -55.241528370084325], [-67.87640242634937, -55.23748890678427], [-67.86068243094377, -55.22886497579181], [-67.88112679403007, -55.22000471543114], [-67.85294452552048, -55.22180569507182], [-67.82641433156006, -55.2287522515189], [-67.8016448289207, -55.23789580016465], [-67.78375074584773, -55.24451081529707], [-67.75879320252616, -55.24543304148063], [-67.738350865313, -55.24311530872887], [-67.73474803441685, -55.232718636880925], [-67.7508901580373, -55.22657841504306], [-67.77378600660967, -55.216761395262154], [-67.79970252935944, -55.21091054195517], [-67.82717063993023, -55.21303763743147], [-67.8456250161057, -55.20180086845236], [-67.87290930068178, -55.19842348042806], [-67.87069851704896, -55.19123675507635], [-67.878751774371, -55.18536803250672], [-67.88346735496341, -55.18788568271766], [-67.90265414736659, -55.19990435049946], [-67.91307024552385, -55.190118783228165], [-67.92313269877334, -55.1883696810384], [-67.92897434242603, -55.19581442348407], [-67.93939270921493, -55.200974309104566], [-67.94773943589996, -55.21311701573562], [-67.96288594057006, -55.22222043993245], [-67.98633124095717, -55.224530568322045], [-68.00109207371086, -55.22123439897592], [-68.0124707858215, -55.22765861316266], [-68.03686437387641, -55.23742686570377], [-68.0692520258349, -55.23065028370232], [-68.09076334511997, -55.22064881057857], [-68.10710152645618, -55.218287855775294], [-68.11563413012283, -55.22341998348215], [-68.11502389324488, -55.212516002681916], [-68.12865964271667, -55.19731819287344], [-68.12165817921665, -55.18288218770602], [-68.10593857707606, -55.17312319195587], [-68.07905953664404, -55.178243781064445], [-68.05293746937645, -55.17565477484958], [-68.07588631569998, -55.174940147539566], [-68.09628187797078, -55.17405212484951], [-68.1251535747775, -55.16989883907289], [-68.13845301890692, -55.15508667936867], [-68.15479479211199, -55.144783142422106], [-68.15248655248995, -55.12675236839778], [-68.16174343452754, -55.10820629107542], [-68.16351383628948, -55.09255095651242], [-68.1585209558098, -55.07610894850966], [-68.14863284124108, -55.059175443329394], [-68.15016912850012, -55.04925139005455], [-68.15608873862206, -55.03456961074077], [-68.16419584370857, -55.022108638897706], [-68.1738747090802, -55.009640531652586], [-68.17164973612307, -54.99497574447402], [-68.18458916116117, -54.9968964305055], [-68.18822234797692, -54.99016493679405], [-68.19431730003436, -54.97723179420388], [-68.20750442242864, -54.972776451709926], [-68.20697809432173, -54.98614183721665], [-68.21072240836477, -54.999746736640255], [-68.24575173817988, -54.99805879035617], [-68.27932913508052, -54.99561285524296], [-68.29407427895141, -54.997669473274186], [-68.30811868571134, -54.99847007697607], [-68.328530035623, -54.9909210868581], [-68.35079208484886, -54.982159740176265], [-68.35780838184992, -54.96383679091106], [-68.37405638014195, -54.95123842487585], [-68.35936359955194, -54.93744503330544], [-68.35352164343402, -54.92673370340712], [-68.33376144810327, -54.92362108593681], [-68.31488551805226, -54.92515365502308], [-68.28754911258196, -54.928764402041246], [-68.29131422037364, -54.92654225185674], [-68.27517191566824, -54.927052380393256], [-68.25173825529123, -54.92317374673697], [-68.23385236291882, -54.92224634420888], [-68.22214895445413, -54.91901722842928], [-68.21250021258999, -54.913923963211715], [-68.22068494559315, -54.91004510672629], [-68.20959977874492, -54.9066109132681], [-68.21983313949163, -54.901369445783644], [-68.1937182360186, -54.90073692257478], [-68.17609700455792, -54.90172232617441], [-68.1731819844747, -54.89745822116309], [-68.15912660159584, -54.90276580740151], [-68.14491843487245, -54.898767405615466], [-68.12555076240488, -54.9041513361051], [-68.09972844672897, -54.90613704058533], [-68.08225450233178, -54.89999015280703], [-68.04984241410982, -54.899418848529194], [-68.0216052340524, -54.898150120065765], [-67.99532381145123, -54.90132654267424], [-67.98185815315206, -54.89458620487061], [-67.97998477927834, -54.89299947288035]], [[-68.15196085697904, -54.907351527532306], [-68.17532186444565, -54.91058867114129], [-68.15336122254828, -54.909707049660746], [-68.15196085697904, -54.907351527532306]], [[-68.13914325239033, -54.908541999893124]], [[-68.13630587873186, -54.9101381527301]], [[-68.1187122821599, -54.912493051758204]], [[-68.10132139548529, -54.91405829158584]], [[-68.20127108247459, -54.912888474816235]], [[-68.17407373043646, -54.908960834496014]], [[-68.21153265417442, -54.90344169214593]], [[-68.07539595556014, -54.92128296683722]], [[-68.23992086374965, -54.92694351281722]], [[-68.22749772407498, -54.927203904056185]], [[-68.16009058168542, -54.92712315931689]], [[-68.21201806031404, -54.928724272814186]], [[-68.22493466286362, -54.92921327043913], [-68.2305123631194, -54.93364648128685], [-68.22493466286362, -54.92921327043913]], [[-67.9908318445522, -54.92945486858776]], [[-67.95890760651507, -54.931465647107146], [-67.95254741340554, -54.93837420961981], [-67.95890760651507, -54.931465647107146]], [[-67.8437488032773, -54.931038620489545]], [[-67.91593276556083, -54.93715612603602]], [[-67.85491268339622, -54.93768405217814], [-67.85043437079106, -54.93737439753951], [-67.85491268339622, -54.93768405217814]], [[-67.76098923672397, -54.941164934408434]], [[-67.90207206733366, -54.94601084798477]], [[-67.388438471042, -54.94259618844605]], [[-68.1240406120108, -54.95260501404834]], [[-67.85646302036062, -54.950916388970285]], [[-67.38911541738311, -54.94634853842536]], [[-67.76625999675697, -54.95351114828167]], [[-67.33153746804223, -54.9509199147692], [-67.3447152810433, -54.96158982386574], [-67.34632490162579, -54.97718931168239], [-67.33685981330446, -54.983083367438454], [-67.32311609399791, -54.969866174554745], [-67.32063954993147, -54.95917562110933], [-67.33153746804223, -54.9509199147692]], [[-67.32621900904377, -54.98208765848309]], [[-67.31115425812344, -54.98207315855085]], [[-67.31871547120082, -54.982399866746036]], [[-67.45677080532033, -54.98546636399496]], [[-67.46599932329103, -54.9870373893081]], [[-67.45368819999825, -54.988323837931304]], [[-67.48015876870942, -54.989443357340015]], [[-67.71477003866214, -54.99236754813525]], [[-67.48370403626699, -54.991313026254936]], [[-67.47291728732421, -54.993411934347854]], [[-67.60139718689489, -54.99623329148848]], [[-67.47906249871124, -54.995848043143106]], [[-67.5830310931441, -54.99868288837153]], [[-67.32496973627126, -54.996259771600506]], [[-67.64556729201057, -55.00037681543585]], [[-67.66062663709154, -55.00083110228791]], [[-67.6083526086477, -55.00355869080279]], [[-67.81533769105778, -55.00675137385166]], [[-67.82291370774162, -55.00675504276367]], [[-67.99146302218223, -55.00838946586638]], [[-68.11686143191118, -55.00793361855559]], [[-68.12829026667593, -55.00794995735831]], [[-67.77346769601286, -55.00273991489814], [-67.77899303571068, -54.99871655250628], [-67.77346769601286, -55.00273991489814]], [[-67.99323161205024, -55.00309227265083]], [[-68.1381003651068, -55.00432080584895]], [[-68.12005715323758, -55.002153386102904]], [[-68.10460015524585, -55.0012011987313]], [[-68.09800545459444, -55.00027547511936]], [[-67.81919076612449, -54.997218570115415]], [[-68.09784375140279, -54.998333692075676]], [[-68.00598267523927, -54.99717961824613]], [[-67.76903696545259, -54.99267058613584]], [[-67.84173424089758, -54.991528328611885]], [[-67.92641903471919, -54.99126367087044], [-67.93777055026341, -54.976168400029785], [-67.94422592887308, -54.978656296995325], [-67.93169089949664, -54.98930574481767], [-67.92641903471919, -54.99126367087044]], [[-67.9465958358096, -54.99264703872566]], [[-68.12955592596431, -54.99401097491741]], [[-68.12123027207322, -54.993730370218714]], [[-68.10062138888684, -54.99167688809234]], [[-68.12694103295999, -54.99089146297946]], [[-68.09937522439697, -54.98840253970793]], [[-68.07831229793116, -54.98889910523479]], [[-68.12519592158884, -54.98696028738598]], [[-68.03506546478806, -54.98577447644688]], [[-68.02958735887108, -54.98636819968892]], [[-68.12090004934115, -54.9895964736692]], [[-68.05992996903234, -54.989501845835896]], [[-68.06173080351594, -54.990460208124986]], [[-68.03722099884676, -54.980911754836534]], [[-68.11758677340806, -54.97757272620698]], [[-68.11945158760332, -54.97259177967752], [-68.12433592260534, -54.97560053906949], [-68.11945158760332, -54.97259177967752]], [[-68.28356549872163, -54.972157924738994]], [[-67.92475526796142, -54.96825005995348], [-67.92475526796142, -54.96825005995348]], [[-68.09600278638307, -54.968491203141895]], [[-68.30767488125919, -54.96879735173922]], [[-68.32437869676346, -54.96828336824392]], [[-68.27923548804539, -54.96564738481173]], [[-68.19193535974257, -54.96283063726604], [-68.19304360718826, -54.95994820299957], [-68.19193535974257, -54.96283063726604]], [[-68.32596959062165, -54.96221978660298]], [[-68.31884166766064, -54.9600581534742]], [[-68.3162113125271, -54.95907695940345]], [[-68.292530945778, -54.958535394515685]], [[-68.33183273677628, -54.95691816049609]], [[-68.27929282455361, -54.95521256224586]], [[-68.29125525092238, -54.955047757507735]], [[-68.33637895991653, -54.95425157245384]], [[-68.33826143014085, -54.95341515268374]], [[-68.33485917589783, -54.9529713475669]], [[-68.2921131020225, -54.95171288977378]], [[-68.21563684799702, -54.94981285915928], [-68.2103804275352, -54.94800947523083], [-68.21563684799702, -54.94981285915928]], [[-68.25433538828834, -54.94907225771933]], [[-68.28358764209152, -54.94819173588295]], [[-68.15174756635125, -54.946502969830576]], [[-68.21998507886694, -54.9467817390263]], [[-68.28540843585412, -54.946295839603046]], [[-68.28774132027992, -54.9457152199141]], [[-68.32632422824518, -54.945113364627986]], [[-68.21858499626858, -54.94381703617663]], [[-68.22891588642875, -54.94399294279282]], [[-68.1317283920318, -54.94597085441057]], [[-68.13183586625769, -54.9470454212054]], [[-68.15172534125632, -54.9505713749297]], [[-68.13295860870312, -54.951048086256606]], [[-68.16123569123143, -54.95152255379392]], [[-68.23635724866796, -54.95303923707082]], [[-68.25421388397075, -54.95621020432396]], [[-68.25235078886435, -54.956283868068745]], [[-68.16417463501355, -54.9556296834732]], [[-68.23505184410598, -54.95620585329675]], [[-68.27565782350155, -54.953284935948915], [-68.28137982264738, -54.95456908380767], [-68.27565782350155, -54.953284935948915]], [[-68.24785226021979, -54.95048586451463]], [[-68.271426684595, -54.95197615288523]], [[-68.167188416565, -54.951996584376346]], [[-68.13474376036082, -54.94763123312765]], [[-68.15652544612009, -54.958918025650924]], [[-67.72637498901376, -54.95926748989645]], [[-68.10183104818542, -54.964282749813414]], [[-68.15844105656178, -54.96450274491528]], [[-68.3184370497628, -54.967849306012866]], [[-67.94532361781245, -54.96671348227417]], [[-67.75824111926475, -54.96771532398427]], [[-67.74868507750571, -54.96653288718721]], [[-67.58112511186066, -54.967720072420036]], [[-67.85909617526501, -54.97084590310791]], [[-67.579390319084, -54.96885929348072]], [[-67.46873741459362, -54.96810521808026], [-67.46586758569502, -54.97046110917093], [-67.46873741459362, -54.96810521808026]], [[-67.73540169991948, -54.97963589022683]], [[-67.5301896879729, -54.978010950192704]], [[-67.86859079063187, -54.98272815004541]], [[-67.79791826585499, -54.98317418859748]], [[-67.69964410200288, -54.981632971370104]], [[-67.55816488796235, -54.98079614928249]], [[-67.48347201379761, -54.97940532829724]], [[-67.52008563057888, -54.980516324479495]], [[-67.49655337677854, -54.98311735809435]], [[-67.67921358091083, -54.985523299127394]], [[-67.83889568240775, -54.98720762579265]], [[-67.81829083994631, -54.98683992433384]], [[-67.78766818016261, -54.985344226852035]], [[-67.72899406724352, -54.98475010879902]], [[-67.70176933877796, -54.98329549869549]], [[-67.69332964740623, -54.98374727855893]], [[-67.86073440955786, -54.982305676053485]], [[-67.80925025446267, -54.98124871932052]], [[-67.87000785172678, -54.97914615796885]], [[-67.9223537465061, -54.97917343715689]], [[-67.81989260518698, -54.97686243559469], [-67.82110017482856, -54.97642864512622], [-67.81989260518698, -54.97686243559469]], [[-67.6801561627049, -54.97135613951148], [-67.67290923533699, -54.9700122331693], [-67.6801561627049, -54.97135613951148]], [[-67.75986536902695, -54.97129834388761]], [[-67.52073073410085, -54.97391001687343]], [[-67.48096963015173, -54.97334793500237]], [[-67.53059416983233, -54.97439509622665]], [[-67.79793797842395, -54.97678516112507]], [[-67.50898772695608, -54.9759528034517]], [[-67.51994007246977, -54.976692891834276], [-67.52056688914121, -54.97623377569863], [-67.52099475713302, -54.97626023452898], [-67.5212524046004, -54.97661846106998], [-67.52114720018078, -54.97689202599617], [-67.52025694944682, -54.97702368086285], [-67.51994007246977, -54.976692891834276]], [[-67.92824027511932, -54.97562294637932]], [[-67.69435789325159, -54.98837831542649]], [[-67.50698211253125, -54.987529219628414]], [[-67.6789290456413, -54.98994575958868]], [[-67.70133266788416, -54.990471898347046]], [[-67.70305821740918, -54.988800201232046]], [[-67.74289697431476, -54.99517822394757], [-67.74260670952836, -54.99429878735537], [-67.74289697431476, -54.99517822394757]], [[-67.69604378481418, -54.99679899485554]], [[-67.61388362166383, -54.99727923741486]], [[-67.70338248241981, -54.998491700157814]], [[-67.77911621100435, -54.99803428315322]], [[-67.7577080578361, -54.99756460493021]], [[-68.05603919927616, -55.00109233500476]], [[-68.10030635864285, -55.0030250406724]], [[-68.12330492452581, -55.00370054735793]], [[-68.07566064252751, -55.002347438127146]], [[-67.99105376621682, -55.00282411791904], [-67.99035866416794, -55.002840725478464], [-67.9898108082052, -55.002581660111765], [-67.9898209983724, -55.002241223186786], [-67.9903157342502, -55.00195725677241], [-67.99086854680256, -55.00218819160492], [-67.99136254046537, -55.00247255045796], [-67.99105376621682, -55.00282411791904]], [[-68.21212249431368, -54.94124076712378]], [[-68.2226285586235, -54.94141790686018]], [[-68.23225419383371, -54.94158125665122]], [[-68.20590940887551, -54.940205953955626]], [[-68.23843160883247, -54.93958479143211]], [[-68.15984123106216, -54.9381278470529]], [[-68.25109868271925, -54.93831226424895]], [[-68.22589466399266, -54.9367732274214]], [[-68.18463197836641, -54.9364651893582]], [[-68.14984685957818, -54.93403820616343]], [[-68.19538317250061, -54.933920649117965]], [[-68.01147278278948, -54.93235392891499]], [[-68.17242609610403, -54.934761646091474]], [[-68.20324647501317, -54.939182824190766]], [[-68.3166151788378, -54.93241205711726], [-68.31819084132208, -54.93086195340371], [-68.3166151788378, -54.93241205711726]], [[-68.22939108929985, -54.929322416098096]], [[-68.2805520468551, -54.972794586293325]], [[-68.31457033083014, -54.98038739641368]], [[-68.3053641610968, -54.98190167873454]], [[-68.24759617983453, -54.98460158667518]], [[-68.22480315604834, -54.98796695971538]], [[-68.23131627908032, -54.989949866092836]], [[-67.6126332113118, -55.007712574507295]], [[-67.62857757389077, -55.00939253594855]], [[-67.3154888666089, -55.008805475732885]], [[-67.3077774419203, -55.0123470290082]], [[-67.4842935650197, -55.01546030365372]], [[-67.31137735933301, -55.01405353879011]], [[-67.29689324221398, -55.01416171147851], [-67.29604741353097, -55.01577551182149], [-67.29689324221398, -55.01416171147851]], [[-67.28266880307238, -55.01781925239905], [-67.28167687544766, -55.03283111666218], [-67.28458867228196, -55.04543680322586], [-67.26649371826554, -55.03232239427976], [-67.26927250194282, -55.01836825413163], [-67.28266880307238, -55.01781925239905]], [[-67.6945032306995, -55.05200758090335]], [[-67.67692267529262, -55.05533696024172]], [[-67.66606495714134, -55.05790383820577], [-67.664103065678, -55.05685756545383], [-67.66606495714134, -55.05790383820577]], [[-67.27719911499133, -55.054046627925764], [-67.2893086430951, -55.067513660554376], [-67.30594878183172, -55.05527082519665], [-67.32672878860558, -55.066325853887456], [-67.32075643289319, -55.072167971548446], [-67.31696861220847, -55.083130291505654], [-67.32807666183609, -55.090460095392224], [-67.33266886645514, -55.11012147040103], [-67.34907857153298, -55.122513255262646], [-67.34420630552218, -55.12948830529588], [-67.33781005776454, -55.14756941316447], [-67.34090735543163, -55.15532628698687], [-67.33139624297444, -55.16433431081694], [-67.30290917363808, -55.157698407046645], [-67.2912207900689, -55.141908579317814], [-67.2974513547332, -55.13755053141188], [-67.29957651892988, -55.131135849823714], [-67.29512659933147, -55.11765218571442], [-67.28797853869982, -55.11310048517579], [-67.28828830213413, -55.11104652316401], [-67.28545086536425, -55.11703632234103], [-67.28735900696545, -55.1267676174684], [-67.27971759028699, -55.114749056151695], [-67.27435016733861, -55.105125679564495], [-67.28268633626463, -55.10945053289776], [-67.27850041166515, -55.09646335125601], [-67.27185466695575, -55.08116937319924], [-67.28368417679059, -55.08291019132361], [-67.26749010203321, -55.069586420950365], [-67.28184574687006, -55.07464997717387], [-67.26983919505778, -55.05838165964967], [-67.27719911499133, -55.054046627925764]], [[-67.26218044944157, -55.062947379583846]], [[-67.25828551281835, -55.063591267355775]], [[-67.2571047935946, -55.07182720708314]], [[-67.05745871739533, -55.088458170879754]], [[-67.27709453371428, -55.11822290449706], [-67.27331440609623, -55.11648904592903], [-67.27709453371428, -55.11822290449706]], [[-67.25057812609701, -55.1254105153652]], [[-67.24364605056282, -55.127711437666285]], [[-67.2704691014045, -55.12940543649739], [-67.27359430164033, -55.134083145478506], [-67.2704691014045, -55.12940543649739]], [[-67.24491755383428, -55.13167545458972]], [[-67.26736898617351, -55.13398086764438]], [[-67.26409165147685, -55.13583629828423]], [[-67.11990551741091, -55.1353070315049]], [[-67.25570955988312, -55.13745337903358]], [[-67.28196963631267, -55.139865777035816], [-67.28196963631267, -55.139865777035816]], [[-67.26511291942656, -55.14052433236617]], [[-67.13237553268148, -55.138563874809215]], [[-67.11752126824689, -55.141489360169096]], [[-67.12318998941984, -55.142204083042216]], [[-67.09299804628863, -55.144081088534364]], [[-67.08356433230605, -55.146260671443564]], [[-67.12536949069647, -55.14736924870047]], [[-67.12076640204218, -55.15135082351546]], [[-67.08298704432939, -55.1510718605715]], [[-67.17040117573147, -55.151074218932955]], [[-67.1792398659666, -55.15112092325625]], [[-67.19374085665007, -55.14952266437511]], [[-67.15597567432056, -55.147258151329474], [-67.1607071652008, -55.14376415834165], [-67.15597567432056, -55.147258151329474]], [[-67.28868204462167, -55.14758922259321]], [[-67.20312783207596, -55.1436625689306]], [[-67.14897921321607, -55.14483926317963]], [[-67.14641050376011, -55.14471644377952]], [[-67.27630491675725, -55.14121142379265]], [[-67.2729772843813, -55.13939268241582]], [[-67.28563289709452, -55.132683401979946]], [[-67.05020208732405, -55.15556479840386], [-67.05210110409827, -55.16132479128594], [-67.05020208732405, -55.15556479840386]], [[-67.55330327832326, -55.169644352085825]], [[-67.08940005667415, -55.165600647096944]], [[-67.29649079727947, -55.16970451772333]], [[-67.0658460843651, -55.16890947674907]], [[-67.10257881461668, -55.17261970845807]], [[-67.07233308811612, -55.17234833513106]], [[-67.34857987885688, -55.1787953517897]], [[-67.29376781516554, -55.17551815613273]], [[-67.52836264375593, -55.17629760372001]], [[-67.53472005392537, -55.177624254985695]], [[-67.59319723873013, -55.180117167466356]], [[-67.73197204871906, -55.181276546674646]], [[-67.61612550533637, -55.1788949742816]], [[-67.60123556735412, -55.17837532207326]], [[-67.62053179599897, -55.17737297355232]], [[-67.60871180539435, -55.176919057421664]], [[-67.61675589222313, -55.17531230845937]], [[-67.43270053954963, -55.172736771847504]], [[-67.61897826127071, -55.174064274498264]], [[-67.58044816398963, -55.17275029046456]], [[-67.8835081902373, -55.175562556605726], [-67.88781118796022, -55.17107062242988], [-67.88951309843027, -55.172267039643096], [-67.8835081902373, -55.175562556605726]], [[-68.00782830053572, -55.174956155831694]], [[-68.01514399537467, -55.17533939560895]], [[-68.04416254222966, -55.17280717367252]], [[-67.92158013893173, -55.1651380963705]], [[-67.83016111494382, -55.16386029382623], [-67.80812241086554, -55.168583370752145], [-67.82668208661998, -55.16112800407033], [-67.83016111494382, -55.16386029382623]], [[-67.76661876798377, -55.16102593969144], [-67.74856915369274, -55.16976628650041], [-67.76213632087247, -55.15794302433769], [-67.76661876798377, -55.16102593969144]], [[-67.88402585187825, -55.15938520855437]], [[-67.80635884857617, -55.15811962428442]], [[-67.92428292384672, -55.15826519036639]], [[-67.97361620849007, -55.15746479313509]], [[-67.88973487395003, -55.15774855188313]], [[-67.60670120899003, -55.154640028594244], [-67.58677311965589, -55.15616249109778], [-67.57076406593958, -55.161215001901645], [-67.54022363238028, -55.150363745640405], [-67.54818886790837, -55.138817695621455], [-67.56512691825753, -55.12059478854768], [-67.58919945525537, -55.10764416278676], [-67.61869970027637, -55.106996973795596], [-67.60634850630093, -55.115481718450546], [-67.63399460979072, -55.11664075285407], [-67.62791666743522, -55.13189063458813], [-67.61377928306362, -55.14064654364545], [-67.60670120899003, -55.154640028594244]], [[-67.9033321626529, -55.15380125033169], [-67.88841804662985, -55.15034415013317], [-67.8890690962434, -55.13884087230864], [-67.90475109627637, -55.13340639036426], [-67.90635666001592, -55.147625162014286], [-67.9033321626529, -55.15380125033169]], [[-67.9829856908643, -55.15277485061065]], [[-67.97917146303448, -55.15244041212299]], [[-67.98590505707125, -55.15029914859206]], [[-67.97677001549933, -55.151135528356455]], [[-68.10161732609086, -55.13623149675496]], [[-67.79229141592776, -55.1412824708924]], [[-67.67761946762165, -55.14375601066352]], [[-67.75486474679033, -55.147866550401226]], [[-67.87081739796872, -55.14909907324905]], [[-67.73075323320134, -55.12851680151152]], [[-67.90295923271609, -55.13018855723481]], [[-68.10557906695495, -55.13015275731352]], [[-67.87954665168303, -55.12801124220653]], [[-67.8080029261904, -55.12266312718796]], [[-68.00537410347494, -55.121976921859215]], [[-67.8109213498037, -55.118514563994374]], [[-67.74242973765966, -55.11769461525952]], [[-67.7612116415474, -55.115635896869584], [-67.7723340909654, -55.108763742633904], [-67.76410314297357, -55.11483723362117], [-67.7612116415474, -55.115635896869584]], [[-67.97289189537048, -55.11888555046287]], [[-67.98695990827511, -55.117654705510965]], [[-67.99107465274955, -55.11695663239674]], [[-68.00905179317782, -55.11549849091785]], [[-68.11690747980332, -55.11418485589884], [-68.12422519929116, -55.11218343620012], [-68.11690747980332, -55.11418485589884]], [[-68.13122142302234, -55.10866164271313]], [[-68.1173656317658, -55.1072385273973]], [[-68.13661475363428, -55.10551894271501]], [[-68.12696705413917, -55.103436780188154]], [[-68.13582862575241, -55.10304052121502], [-68.1385513530571, -55.10102146068912], [-68.13582862575241, -55.10304052121502]], [[-67.73694086361753, -55.094802579492224], [-67.74157158655612, -55.09148116363429], [-67.73694086361753, -55.094802579492224]], [[-68.05345995887713, -55.09462275085244], [-68.07255218724774, -55.08260509174909], [-68.07610176210399, -55.08491199499617], [-68.0657320294746, -55.08937716630827], [-68.05751150442902, -55.093236282666034], [-68.05345995887713, -55.09462275085244]], [[-68.08178510901438, -55.08264685135889], [-68.08570949463903, -55.081980565951824], [-68.08178510901438, -55.08264685135889]], [[-68.10782750961114, -55.077251756642205]], [[-68.074162451411, -55.078205669486366]], [[-67.79948964479352, -55.07511855734487], [-67.78625804715057, -55.074976628032026], [-67.79948964479352, -55.07511855734487]], [[-67.81510526293386, -55.07314263208432]], [[-67.82149239136895, -55.07277453768327]], [[-67.99204828613868, -55.07339986772157]], [[-67.83227614369852, -55.07173291281387]], [[-68.08610538226836, -55.072777591750615]], [[-68.1127351322957, -55.07210877206765]], [[-68.05397251040941, -55.07021189161957], [-68.04329107487433, -55.05907850113245], [-68.05153520929987, -55.06558065633242], [-68.05397251040941, -55.07021189161957]], [[-68.12354581052179, -55.0695261027737]], [[-68.10942591551019, -55.067995837840286]], [[-68.00269004957507, -55.056465832787204]], [[-67.80954635851127, -55.05347368572041]], [[-67.81611579039964, -55.052376719534095]], [[-67.75401335564563, -55.05078186669788]], [[-67.80947758928203, -55.05122842048866]], [[-68.01346282182273, -55.05272395465463]], [[-68.0101107342327, -55.05210929642746]], [[-67.81196739275032, -55.048381189894194]], [[-67.805768572794, -55.04883488401131]], [[-67.87076818231353, -55.048254979418914]], [[-67.87679377410757, -55.04657029212158]], [[-67.71567256451402, -55.0446191289152]], [[-67.37079983808039, -55.04005153028051]], [[-67.66732639630636, -55.042695129464725]], [[-67.89082149191631, -55.04329455936478]], [[-67.9815577110493, -55.044160195914]], [[-68.0001207509006, -55.04288325202404]], [[-67.73926571863463, -55.040777643253016]], [[-67.7818569827476, -55.04023237898121]], [[-67.84384465906456, -55.03922342300084]], [[-68.00245135428548, -55.040843589074626]], [[-67.85658280082977, -55.03865358191415]], [[-67.74454947357636, -55.03648245647414]], [[-67.75085477182391, -55.03533475552577]], [[-68.01569552507709, -55.03868842412464]], [[-68.10873942498377, -55.037773548383164]], [[-67.98354719634985, -55.037195456961605]], [[-67.78568057234784, -55.03421134102314]], [[-67.74504836253284, -55.03332282454587]], [[-67.98307458024674, -55.035039843873385]], [[-67.9832796874926, -55.033386415847914]], [[-67.98546744752787, -55.03258251498403]], [[-67.74423619886996, -55.02870538696571]], [[-67.79962726787583, -55.0285784206922]], [[-68.01727148796914, -55.03015904579235]], [[-67.7637388326357, -55.026252093953055], [-67.76467883921877, -55.02561866458641], [-67.7637388326357, -55.026252093953055]], [[-67.85337349612749, -55.02467814106584], [-67.87514632774177, -55.02523336071822], [-67.85337349612749, -55.02467814106584]], [[-67.87701234540123, -55.02411728221907]], [[-68.01297798174728, -55.02545437168184]], [[-67.78619534385155, -55.021804417928486]], [[-67.73994000120915, -55.02137913820087]], [[-67.81784658068905, -55.02104890974289]], [[-67.68360968429424, -55.01838422653119], [-67.68356620020369, -55.01797067087518], [-67.68360968429424, -55.01838422653119]], [[-67.80778143251581, -55.01957259409597]], [[-67.83277374842628, -55.01832705197567]], [[-67.85441734314786, -55.018840171452624]], [[-68.14681917253901, -55.019279181968145]], [[-67.81800115045436, -55.01517308454031]], [[-67.80160829937383, -55.013753687350615]], [[-68.147846564729, -55.016572432323194]], [[-67.75662357717492, -55.01293935054982]], [[-67.66401689141533, -55.00952898981679]], [[-67.70057556704185, -55.01033387013104]], [[-67.74589650981954, -55.017081236691595]], [[-67.80162435836277, -55.017972253049535]], [[-67.74276697884721, -55.01366103491675]], [[-67.84770624784787, -55.0187120898289]], [[-67.59946499120186, -55.01703556503213]], [[-67.48673149174274, -55.0184387878914]], [[-67.32496651605861, -55.0158194873439]], [[-67.61647947586806, -55.01752680175156]], [[-67.6458103072958, -55.01845640196951]], [[-67.66551177499683, -55.023144816159544]], [[-67.64883340462332, -55.02470147292832]], [[-67.47366007961614, -55.02252975839784]], [[-67.6867165733586, -55.025831788014926]], [[-67.30594468854711, -55.02347106061487], [-67.29965771137837, -55.02596755995098], [-67.30594468854711, -55.02347106061487]], [[-67.2933984397427, -55.029492268822764]], [[-67.3121395312171, -55.031764322919074]], [[-67.32571128765714, -55.035363354241206]], [[-67.38088932163588, -55.03732290671326]], [[-67.4199980446617, -55.037004992766526]], [[-67.71418350884531, -55.03961583298969]], [[-67.68466937546472, -55.03793386999392]], [[-67.68632261212657, -55.03903440789175]], [[-67.63238512424799, -55.03534500692607]], [[-67.3208894983694, -55.03033719723668]], [[-67.62487803954927, -55.032730402943805]], [[-67.6888201983281, -55.03337494079874]], [[-67.73000494135997, -55.03104121940865]], [[-67.41522692308057, -55.0294451029356]], [[-67.74948959837087, -55.029586081457914]], [[-67.3069047635502, -55.03022869379688]], [[-67.33580892281876, -55.04194433928321]], [[-67.30651773472138, -55.04068726604687]], [[-67.32192873684157, -55.04304116841995]], [[-67.62573522078395, -55.04707484400571]], [[-67.68222084847089, -55.049518566736275]], [[-67.71348097640156, -55.048463260631515]], [[-67.72170273018163, -55.04865294421696]], [[-67.75691940505655, -55.04813470227261]], [[-67.77930935773125, -55.04950744281994]], [[-67.67651375851855, -55.0489969808653]], [[-67.80213465713041, -55.046683379013096]], [[-67.86482422212364, -55.04918327109541]], [[-67.81172729161563, -55.053769803334504]], [[-67.82751156654088, -55.05718749598121]], [[-67.74882681144219, -55.05707758611968]], [[-67.7027057715843, -55.05546684122938]], [[-68.01331760536999, -55.05924587937782]], [[-67.77192544913139, -55.06134038704853]], [[-67.77676554266294, -55.06260808225145]], [[-67.8246376457553, -55.06231459561852]], [[-67.65362161758452, -55.06364173288424]], [[-67.76646769251641, -55.06531124707685]], [[-67.72478350180751, -55.06577724305328], [-67.70946276282909, -55.07164096704901], [-67.72478350180751, -55.06577724305328]], [[-67.66755180862553, -55.065722501317296]], [[-67.66102185822317, -55.066916889416675]], [[-67.73930324311596, -55.07338477759484]], [[-67.74955945628703, -55.07620590825625]], [[-67.76992438614685, -55.074197640834036]], [[-67.80574940996584, -55.07158529152399]], [[-67.82788633858182, -55.07029972133093]], [[-68.01954899361229, -55.07116160212835]], [[-68.01356548500651, -55.0706199079862]], [[-67.83440322483295, -55.0679118809233]], [[-67.81539903841873, -55.07564021600045]], [[-67.82266211883808, -55.075830688821995]], [[-67.33089123379652, -55.077391839349715]], [[-67.33575710835323, -55.079680169994546]], [[-67.77103743121133, -55.08601109267682]], [[-67.80957760920694, -55.08601561047807]], [[-67.63870648352813, -55.08436709007625]], [[-67.32825655888944, -55.08759888248715]], [[-67.35584411251746, -55.08845697738533]], [[-67.38185445720381, -55.08989003961461]], [[-67.37033103283298, -55.090658429675734], [-67.36499073291732, -55.092279325761254], [-67.37033103283298, -55.090658429675734]], [[-67.35492816545869, -55.094477714491724]], [[-67.3711356122879, -55.094898802935745]], [[-67.36115727102126, -55.09665658317655]], [[-67.38443496314034, -55.09800237664826], [-67.380330364528, -55.09973601892302], [-67.38443496314034, -55.09800237664826]], [[-67.75677027928957, -55.10696378267366]], [[-67.77378410913643, -55.105601413504246]], [[-67.96026795022628, -55.10702000230502]], [[-67.99317588731267, -55.1069361395352], [-68.01009110884384, -55.10104625803889], [-67.99317588731267, -55.1069361395352]], [[-68.04750110094403, -55.10335745266946]], [[-68.11675111669939, -55.102016985051485]], [[-68.11248038056603, -55.101804238077314]], [[-67.80208445513732, -55.09744429434309]], [[-67.71480015374793, -55.095442647681075]], [[-67.75808647969663, -55.098003396133976]], [[-67.81867848251612, -55.09921511448117]], [[-67.64680139289824, -55.09829441413661]], [[-67.60173137008243, -55.09965846283117]], [[-67.74705571139287, -55.104609308892336]], [[-67.98274191062568, -55.103596033156634]], [[-67.96716067991157, -55.101479671610846]], [[-67.81431162667096, -55.10061643624631]], [[-67.73067504670702, -55.10026659495131]], [[-67.73880074031966, -55.100516100625974]], [[-67.77701630525547, -55.11065050940492]], [[-67.7185671419527, -55.11013399863779]], [[-67.752809096875, -55.11171746964344]], [[-67.75800751729068, -55.111726749705824]], [[-67.97565564127042, -55.12036303450976]], [[-67.72955931513354, -55.12161244619037]], [[-67.36189410572062, -55.103743177873355]], [[-67.38168300992699, -55.10581368730439]], [[-67.38981519789047, -55.10776724585836], [-67.38772552947192, -55.11086402370049], [-67.38981519789047, -55.10776724585836]], [[-67.44396123053973, -55.11227835711077]], [[-67.44351489786953, -55.11706505388448]], [[-67.41437211597601, -55.117938255773424]], [[-67.49470720586557, -55.11995276133137]], [[-67.50253831571779, -55.11926065242996]], [[-67.499379941252, -55.118897051222476]], [[-67.51937141445893, -55.1255263629049]], [[-67.43427289373716, -55.12757502942997]], [[-67.47467078406058, -55.12876554980693], [-67.47843271218686, -55.13496190708251], [-67.47467078406058, -55.12876554980693]], [[-67.47490928088635, -55.13559518579173]], [[-67.50353059887541, -55.13733975812631]], [[-67.51568400042363, -55.1380324837484]], [[-67.49243012088155, -55.139981395881215]], [[-67.4205665674931, -55.13992811355194]], [[-67.4851309277876, -55.140843012160175]], [[-67.54471450960592, -55.14005522437467]], [[-67.48997531394994, -55.135974951148235]], [[-67.49885339370717, -55.13419583431361]], [[-67.5152285551203, -55.131784979989895]], [[-67.47922792268976, -55.1364764791712]], [[-67.49127379344291, -55.142596120889856]], [[-67.44057866314394, -55.142355055834734]], [[-67.44164159238098, -55.146414663697044]], [[-67.45720496977677, -55.14561878762674]], [[-67.53139449961938, -55.15022809891561]], [[-67.38396179497879, -55.15060745675353]], [[-67.38612136877894, -55.15090590060494]], [[-67.37655218013292, -55.151899373508186]], [[-67.36426925680493, -55.15340471777696]], [[-67.34957793774035, -55.15560317968841]], [[-67.53544442717497, -55.159074151373275], [-67.55403235912173, -55.160928644369946], [-67.53544442717497, -55.159074151373275]], [[-67.35658137958585, -55.16056974479024]], [[-67.52243016116147, -55.16325626571724], [-67.54133591480691, -55.16721849962519], [-67.52243016116147, -55.16325626571724]], [[-67.55721232187824, -55.16716450108595]], [[-67.5666309719588, -55.168072419884616]], [[-67.79561946487401, -55.17181188028955]], [[-67.5479287281135, -55.16641244789533]], [[-67.565957388212, -55.16552577246115]], [[-67.56252439430018, -55.16519930390345]], [[-67.47393837654397, -55.15569628148545]], [[-67.37453035258338, -55.15473432972411]], [[-67.49288778028513, -55.15603059859716]], [[-67.48312134154266, -55.148777527192195]], [[-67.51040415085028, -55.14360453933154]], [[-67.5936754958224, -55.16500629752121]], [[-67.83236866417059, -55.16525405328239]], [[-67.61506069782949, -55.171811842539626]], [[-67.5856862373251, -55.17689293687622]], [[-67.59043852960454, -55.17708190631312]], [[-67.5976565419572, -55.17759879684695]], [[-67.12136662789058, -55.161786293559715]], [[-67.28551196930509, -55.05519321052713], [-67.28558776263803, -55.056582245328116], [-67.28551196930509, -55.05519321052713]], [[-67.29427729012332, -55.06192553942998]], [[-67.29334117805335, -55.06478813924579]], [[-67.29006291117581, -55.018290750261286]], [[-68.11089175606348, -55.18034560929075]], [[-68.08896551600178, -55.1790091555576]], [[-68.0829771801101, -55.18226528582642]], [[-68.03964520319904, -55.18203848327964]], [[-68.02835616971895, -55.18192345251586]], [[-68.01008417183638, -55.18330875624819]], [[-67.8985843481764, -55.18331236569227]], [[-67.99385624929818, -55.19203000374105]], [[-67.99891940913146, -55.19226906726017]], [[-67.99659636252359, -55.19302050112637]], [[-67.98421115650784, -55.195809978911726]], [[-67.94818834942718, -55.196385426239466]], [[-67.96721469535942, -55.19734583507203]], [[-68.00008008287368, -55.193583921404546]], [[-67.95690584854316, -55.20205901287096]], [[-67.99714897784636, -55.20991626110406]], [[-67.98281680120132, -55.21515348253393], [-67.97954287014065, -55.21546169684079], [-67.98281680120132, -55.21515348253393]], [[-67.98385349420583, -55.21814854397493]], [[-67.90535162666615, -55.18778628579814]], [[-67.90281390057032, -55.19297290126478]], [[-67.8964364580507, -55.194778465833416]], [[-67.60911457719413, -55.18503864750159]], [[-67.5994183308489, -55.184791047893]], [[-67.61241488111328, -55.18630875314891]], [[-67.6741088890372, -55.187926420364825]], [[-67.61475199297391, -55.187619826971954]], [[-67.66392582886381, -55.1893346144939]], [[-67.60880798284035, -55.19185530159009]], [[-67.61455685102202, -55.19201357501487]], [[-67.63934613689332, -55.19401661327934]], [[-67.61015735322934, -55.19449465069328]], [[-67.6178284144867, -55.195954405984914]], [[-67.61638549994724, -55.195469918151474]], [[-67.7310167713299, -55.19489948417368]], [[-67.732709573898, -55.19360406369572]], [[-67.73621207695334, -55.19319596608205]], [[-67.72590741963555, -55.18994807617138]], [[-67.65296061413899, -55.2003978066608]], [[-67.6515892451498, -55.2013414223595]], [[-67.66963226224372, -55.201919552193765]], [[-67.6824354269441, -55.20306312932033]], [[-67.65253554936828, -55.204278471360944]], [[-67.65201335907702, -55.20709871385429]], [[-67.66923938763955, -55.20728577852942]], [[-67.68244421950973, -55.2078832043904]], [[-67.66909539943104, -55.21292368932284]], [[-67.69077316359544, -55.21434475874075]], [[-67.70745478772015, -55.22069402700602]], [[-67.70590425804524, -55.2208066349856]], [[-67.6663071732967, -55.22244723988194]], [[-67.71072395727934, -55.22567472612601]], [[-67.66324522088395, -55.225591050713646]], [[-67.68140196491908, -55.22596807727096]], [[-67.6602815447786, -55.229172286017665]], [[-67.66679568973984, -55.231743587796586]], [[-67.71547024359126, -55.23376710217956]], [[-67.68757907952649, -55.236343130640506]], [[-67.63334623747691, -55.235678279159885]], [[-67.63070622942178, -55.239680547523044]], [[-67.6436282101941, -55.242374548857335]], [[-67.66528555377832, -55.24351265617691]], [[-67.66333094642359, -55.24564814862088]], [[-67.6548438230222, -55.24889823749052]], [[-67.61646388893817, -55.24762327807917]], [[-67.64452468114168, -55.248476136823996], [-67.64452468114168, -55.248476136823996]], [[-67.63941660912805, -55.251163880160576]], [[-67.63916004565131, -55.25483426488377], [-67.63672556924669, -55.25610430861468], [-67.63916004565131, -55.25483426488377]], [[-67.6332634840589, -55.253747524959834]], [[-67.61524859799248, -55.25338215313941], [-67.62332574647967, -55.264080534770095], [-67.61524859799248, -55.25338215313941]], [[-67.61378081810189, -55.26467493955632], [-67.6134071982677, -55.26667748186916], [-67.61423366339048, -55.26186709000877], [-67.61378081810189, -55.26467493955632]], [[-67.6133095326666, -55.26910188622697], [-67.61412549966262, -55.27081225342184], [-67.6133095326666, -55.26910188622697]], [[-67.64047374981779, -55.27447770527258]], [[-67.65412081056131, -55.273197751034225]], [[-67.66249443640318, -55.271273717178715], [-67.66249443640318, -55.271273717178715]], [[-67.68249327824208, -55.26555431454695]], [[-67.6938326123062, -55.26291584308941]], [[-67.68822134955224, -55.26103897747682]], [[-67.6952578774214, -55.26049870740698]], [[-67.6928878999442, -55.25784903164197]], [[-67.68101132421995, -55.26012907787713]], [[-67.6769985382445, -55.25949464790293]], [[-67.65235078082264, -55.25903563908042]], [[-67.677913075144, -55.262321468189626]], [[-67.63436596744283, -55.2588775351419]], [[-67.67289206024907, -55.25678115473174]], [[-67.68104985410577, -55.254645667732824]], [[-67.68576956272703, -55.24971614900699]], [[-67.75954205132462, -55.24973276845497]], [[-67.66315236762075, -55.25065507648661]], [[-67.6577623898219, -55.25192584326225]], [[-67.81529684354169, -55.24785942552008]], [[-67.84414595769177, -55.24411161783259]], [[-67.85946241581021, -55.24283662736981]], [[-67.79621063507044, -55.244917082549435]], [[-67.71766109732353, -55.24644419511033]], [[-67.6784255430344, -55.240448809814524]], [[-67.70399312821179, -55.24174915972294]], [[-67.68545798627768, -55.24139246171939]], [[-67.64222210117973, -55.23758513278504]], [[-67.82240923360906, -55.238342544261755]], [[-67.83553714034875, -55.23232564112228], [-67.84460328981245, -55.22949346633051], [-67.83553714034875, -55.23232564112228]], [[-67.81959481687039, -55.2726615532537]], [[-67.43705281780782, -55.181171476862865]], [[-67.35229130524128, -55.18322239923874]], [[-67.32541941208392, -55.18953283826635]], [[-67.31980664198437, -55.19225653279877]], [[-67.14493183037375, -55.189278488449816]], [[-67.1422589418989, -55.190517589380555]], [[-67.21865471940883, -55.193130650380155]], [[-67.33175460395898, -55.197308940264044]], [[-67.14209169462154, -55.19530873591909]], [[-67.26166015629279, -55.19751890542325]], [[-67.26604787547565, -55.1976989123141]], [[-67.15125231658725, -55.19939785877461], [-67.14901243003428, -55.20241685303125], [-67.15125231658725, -55.19939785877461]], [[-67.34015549061277, -55.208345794580396]], [[-67.34811456042759, -55.2099577159846]], [[-67.28625353558013, -55.21115114692957]], [[-67.19516116885245, -55.209762202178304]], [[-67.17104899396486, -55.21382820030863]], [[-67.15064349040897, -55.21557411070702]], [[-67.34403787292207, -55.208449694839196]], [[-67.35007600403989, -55.20301163058332]], [[-67.39837797981295, -55.22392574601352]], [[-67.21273799017611, -55.221562695764945]], [[-67.40300777510309, -55.224379884652244]], [[-67.29530592564612, -55.226211654795144]], [[-67.39650585713386, -55.22785866826807]], [[-67.35281738491818, -55.22917455643672]], [[-67.42053020086595, -55.23211089850038]], [[-67.40786414914291, -55.22889823283816]], [[-67.34183551314207, -55.23633910371819]], [[-67.31634176491218, -55.23535723764309]], [[-67.42980913356372, -55.23976483802314]], [[-67.333901214033, -55.24013733225984]], [[-67.33329144452624, -55.24295266266321]], [[-67.30787906138085, -55.24119595009133]], [[-67.32012710088829, -55.244603357466275]], [[-67.3269163425753, -55.24572896215268]], [[-67.45506521457611, -55.24759836977205]], [[-67.34449529235005, -55.24606917134542]], [[-67.31440080301951, -55.253953366077624]], [[-67.30825657423411, -55.25371558640181]], [[-67.30570897802536, -55.25567563620456]], [[-67.2169379765443, -55.26326421314258]], [[-67.21128529681475, -55.26387711256382]], [[-67.20631133746137, -55.264347510457206]], [[-67.45634338774353, -55.26760492549564]], [[-67.2164768286381, -55.26602205682496]], [[-67.3050440932439, -55.27167340950156], [-67.30972619712261, -55.28182801759449], [-67.31155780364021, -55.28630857877739], [-67.30598296518168, -55.29056452077155], [-67.29989659751242, -55.29574724963386], [-67.2910787016282, -55.304105076564305], [-67.26703192216023, -55.29890732143559], [-67.27153292879039, -55.28634439961554], [-67.28010327003695, -55.28702142425993], [-67.30023399889274, -55.27302388127258], [-67.3050440932439, -55.27167340950156]], [[-67.21798568138908, -55.270346410054046]], [[-67.22317268732485, -55.27086476731268]], [[-67.22112783171475, -55.27207382313327]], [[-67.22894455880673, -55.27330589234282]], [[-67.2005458154707, -55.27419775428964]], [[-67.23211104886907, -55.274575051380424]], [[-67.23448026989666, -55.27460850698248]], [[-67.27925805119084, -55.27818189836397]], [[-67.23980118413333, -55.27569215867367]], [[-67.23420892966132, -55.277482055293035]], [[-67.20592387704502, -55.277051985236255]], [[-67.24453103208145, -55.278131469459105]], [[-67.24188577319997, -55.279170266622586]], [[-67.21232373538467, -55.28046744344345]], [[-67.20283246978724, -55.28117397460655]], [[-67.21839298006309, -55.28482069200516]], [[-67.23164786957943, -55.284813729209894]], [[-67.23749928086579, -55.28473715262524]], [[-67.25561883018564, -55.28882947410108]], [[-67.231360663688, -55.29143778222592]], [[-67.22552901459211, -55.29203947283243]], [[-67.24741506810464, -55.29267060035812]], [[-67.2472229520983, -55.295084789670305]], [[-67.26016486104582, -55.2871628019606], [-67.25561631025207, -55.28480320179799], [-67.26016486104582, -55.2871628019606]], [[-67.26424052543298, -55.28563358627531]], [[-67.26402796238412, -55.28450904051488]], [[-67.28204046215787, -55.283852297849435]], [[-67.2265276470827, -55.28153034106787]], [[-67.26977885933655, -55.28179052784446]], [[-67.28505850820568, -55.28125162507317]], [[-67.27524278336053, -55.28024434329096]], [[-67.26109693207347, -55.27997860286185]], [[-67.24604816248802, -55.27698975252934]], [[-67.25054301340069, -55.276219647357216]], [[-67.25389770013963, -55.279912719702]], [[-67.22317573912203, -55.28201642216157]], [[-67.21213101840951, -55.28280128597721]], [[-67.25475760647382, -55.29597047273347]], [[-67.2569251190836, -55.29611269026936]], [[-67.23705943077155, -55.29667751179436]], [[-67.2269125020575, -55.2970037102358], [-67.2250529081038, -55.30410925000133], [-67.2269125020575, -55.2970037102358]], [[-67.29443895340027, -55.307140354406194]], [[-67.27283278671295, -55.307701262058]], [[-67.2653978777988, -55.30846234273827]], [[-67.259356695441, -55.30873574375758]], [[-67.28794541966347, -55.31084286431513]], [[-67.30527847119579, -55.312135829695166]], [[-67.29807199204213, -55.31329604173309]], [[-67.26163315467475, -55.31221388006626]], [[-67.26666023715589, -55.31306907556967]], [[-67.25492811878917, -55.31734148207912]], [[-67.24258244524175, -55.317376425242365]], [[-67.256162623964, -55.31803744128796]], [[-67.28303210973513, -55.31863684063115]], [[-67.27687761725396, -55.32022070964773]], [[-67.24063998857487, -55.31881599785246]], [[-67.23928348684497, -55.320210699801414]], [[-67.25662415149318, -55.322675533585254]], [[-67.29689797376537, -55.323755301565335]], [[-67.25772998959256, -55.325132659753386]], [[-67.31696866169356, -55.32370987885286]], [[-67.27803982470354, -55.32313381314432]], [[-67.27145993004807, -55.320987045863326]], [[-67.29870446792371, -55.32004316711241]], [[-67.31973959119881, -55.32022307357161]], [[-67.30256943783606, -55.31798393560124]], [[-67.28263687851756, -55.317336143126695]], [[-67.32384844354486, -55.3169031003069]], [[-67.33090629872245, -55.31672932837035]], [[-67.33758935984622, -55.315608528086926]], [[-67.34538549240725, -55.312826821930436]], [[-67.33999660695575, -55.311019679493924]], [[-67.3340008599692, -55.31030272570048]], [[-67.33654598459222, -55.306023636578146]], [[-67.34216226093271, -55.304270958640174]], [[-67.34238621794661, -55.3037959699487]], [[-67.35176391344044, -55.3009089340706]], [[-67.33315280012891, -55.29943521610983]], [[-67.38130869810915, -55.29832652157743]], [[-67.33458824856766, -55.29642300731294]], [[-67.31762702060949, -55.2962469117379]], [[-67.30935357751, -55.297963774208206]], [[-67.30258455198557, -55.30001049020324]], [[-67.30019688168484, -55.2991575720528]], [[-67.30342027604733, -55.30033330022149]], [[-67.30048734399476, -55.3022789217737]], [[-67.31332340991949, -55.302833252757836]], [[-67.29851677297125, -55.30361352426276]], [[-67.2757566854942, -55.30418398054326]], [[-67.25837312350305, -55.30344718202024]], [[-67.26340701971587, -55.30426181380746]], [[-67.26462449636104, -55.30596262831259]], [[-67.29580892067668, -55.30566368211875]], [[-67.31449336728996, -55.3075060636186]], [[-67.3119127476071, -55.309646921867596]], [[-67.30454125998008, -55.30564135504714]], [[-67.30698159458069, -55.30511893409445]], [[-67.31863326776104, -55.304452776764194]], [[-67.32638796992984, -55.3025365258459]], [[-67.32143677625135, -55.29890678137028]], [[-67.31720553178239, -55.29953235907922]], [[-67.30559553359342, -55.30616435717127]], [[-67.32396456966089, -55.311479128709045]], [[-67.31920259939079, -55.31313017842145]], [[-67.32563547277164, -55.31179045830826]], [[-67.28759483138833, -55.31596405672949]], [[-67.283359490684, -55.31363760776495]], [[-67.29330585097226, -55.31073055601719]], [[-67.24330065383735, -55.298287970733334]], [[-67.31929164836129, -55.29507855632036]], [[-67.332246314306, -55.29372166118115]], [[-67.34290800240463, -55.29192809497617]], [[-67.3491455143999, -55.28957365296572]], [[-67.33192883040162, -55.288688128115176], [-67.3317499606237, -55.281791485417884], [-67.33192883040162, -55.288688128115176]], [[-67.33774475445595, -55.28239717986335]], [[-67.31475929581859, -55.279901316303665]], [[-67.31453369597794, -55.28306740391877]], [[-67.32076928650014, -55.284051933871844]], [[-67.32403981559516, -55.284218661821804]], [[-67.3370044710177, -55.29129468192293]], [[-67.31820487804924, -55.289964245436714]], [[-67.32635760599274, -55.29038156248245]], [[-67.30734941306598, -55.29234727661138]], [[-67.31251963846763, -55.292726005584754]], [[-67.30909889282283, -55.290052318743825]], [[-67.30751298985427, -55.28995183884079]], [[-67.31540285141355, -55.27591831709993]], [[-67.31983299445254, -55.275740017210296]], [[-67.31148494817504, -55.27402796344375]], [[-67.31679259657163, -55.27304736851767]], [[-67.30779827879057, -55.272230812921514]], [[-67.64034734674959, -54.93972224118578]], [[-67.64053576083006, -54.93082240995469]]], [[[-70.31400120960727, -54.892033869740864]]], [[[-70.25497431025796, -54.89547361336115]]], [[[-70.0265474597516, -54.88690937602714], [-69.99290862929232, -54.892895665812915], [-70.00892764200772, -54.90149039901307], [-70.04098426050068, -54.9020463963026], [-70.02093461230899, -54.89599148687281], [-70.04042655650949, -54.898647466357474], [-70.0720013081584, -54.89354876793794], [-70.09333670145608, -54.89551148790725], [-70.091444213883, -54.88781064316941], [-70.05567494984794, -54.88658186601086], [-70.0265474597516, -54.88690937602714]]], [[[-70.27034811606471, -54.88182332745611], [-70.29733878153671, -54.88407441109194], [-70.27034811606471, -54.88182332745611]]], [[[-70.32124024230856, -54.87832820308587]]], [[[-69.6698984697711, -54.87985081751442], [-69.64343932126211, -54.89061376776824], [-69.64530874440226, -54.9038884733404], [-69.62642759724997, -54.8893127388068], [-69.59826373062481, -54.883083320241234], [-69.5662394027406, -54.89205751971408], [-69.53605483019125, -54.90015397657441], [-69.50310985864967, -54.905974679278884], [-69.48001144748177, -54.918284510159594], [-69.49320952796853, -54.92455285239964], [-69.48437380376521, -54.93651079060579], [-69.4931690909431, -54.95562887202884], [-69.52113281186553, -54.96237305371287], [-69.53714278619306, -54.96881074262576], [-69.50607470337481, -54.96776431558898], [-69.48823889661725, -54.962001454369414], [-69.47987383986813, -54.94818943732831], [-69.4625477042135, -54.93701590368504], [-69.462510783822, -54.91787785836826], [-69.4303437097963, -54.91371240699145], [-69.39808877402403, -54.91953956049688], [-69.38631813810954, -54.92566325408276], [-69.36126746730545, -54.925595657177794], [-69.33003447829022, -54.93006851546018], [-69.30423908485021, -54.939314417299386], [-69.2723189349653, -54.94383573568139], [-69.23986735044471, -54.939891948310766], [-69.20936359562621, -54.94141535498225], [-69.17829511894438, -54.94909690350717], [-69.1549588189851, -54.96214598412996], [-69.13049122561054, -54.96980055607901], [-69.15585982259823, -54.97869616070488], [-69.18404844119165, -54.980790212539276], [-69.21659418482919, -54.98370480975402], [-69.24902221427625, -54.98689075716479], [-69.27755153833515, -54.991884619187175], [-69.30666506615428, -54.98289456516702], [-69.33444840538534, -54.97443107781866], [-69.35100101148825, -54.975084340527594], [-69.32421841172679, -54.98469398178841], [-69.29391834754878, -54.99272731294554], [-69.29537909085843, -54.999345768811594], [-69.32536536591948, -55.004682313959556], [-69.35507239268189, -55.00675921539351], [-69.38100973353045, -55.01682305349294], [-69.40846153124717, -55.02206862953687], [-69.43868491076827, -55.02471992457732], [-69.44432681610152, -55.00675982588501], [-69.46332068159957, -54.99290122217129], [-69.46048348702818, -55.00157596599621], [-69.45854478382805, -55.01600734166202], [-69.47977310525349, -55.02083398285951], [-69.48887775745123, -55.020146437174354], [-69.48214113092939, -55.030083563552644], [-69.50848308059346, -55.03794202263173], [-69.54058190428046, -55.03952780574516], [-69.56875109363129, -55.04252625908278], [-69.59603515711858, -55.044294692042435], [-69.61039835406808, -55.03235036394416], [-69.60668857028665, -55.042097716051614], [-69.62701509893391, -55.04838046348505], [-69.6606086013014, -55.05504371404183], [-69.69241574854841, -55.06127526129503], [-69.70239291706075, -55.055323570864324], [-69.73145489045656, -55.060479186445356], [-69.76844370067612, -55.06092734179402], [-69.80111681577436, -55.064610428408436], [-69.7956301016739, -55.05639940916324], [-69.80677117964242, -55.04356348255878], [-69.81380713759752, -55.037567963392604], [-69.80962305184427, -55.05655051229498], [-69.83162997807867, -55.05472574041228], [-69.8319995850212, -55.065953925094085], [-69.86497311346827, -55.06709533656611], [-69.90052313709194, -55.06658252408155], [-69.92497683559603, -55.06199871946475], [-69.92819464488873, -55.056999718218414], [-69.90975936428205, -55.04217322551951], [-69.89264158930682, -55.04050203992945], [-69.8963987003349, -55.03054117736707], [-69.90479853249552, -55.031632077576575], [-69.92641304589732, -55.02984687103581], [-69.93944717894887, -55.01262972211716], [-69.91648723074299, -54.99831357689906], [-69.92245163917526, -54.99242060518324], [-69.94169386256704, -54.99350992229711], [-69.95689291975272, -54.983285913823856], [-69.95116653846934, -54.97680998304156], [-69.94949888151599, -54.97493112438404], [-69.93650714496356, -54.96439000371364], [-69.91033189331384, -54.95608047278483], [-69.8816915186273, -54.960708514508056], [-69.84924922068082, -54.95878753065625], [-69.81858507039517, -54.96555301428065], [-69.81068393439145, -54.964125042862165], [-69.83485451039948, -54.95659650739763], [-69.86207051844542, -54.95285481960046], [-69.87287623558048, -54.95079826016417], [-69.88108192319503, -54.94668066711123], [-69.89231148722719, -54.937120566027794], [-69.91002790407695, -54.94226464142035], [-69.9270805413216, -54.93719318170998], [-69.94194264648755, -54.92377166947571], [-69.91804774577305, -54.91028449549902], [-69.88519273986705, -54.90606931187256], [-69.85316742716529, -54.90704700296444], [-69.87330470862719, -54.89818614346933], [-69.84689268398371, -54.8890196207628], [-69.81635375613673, -54.88881234796121], [-69.79936765082306, -54.889846484771105], [-69.7854915063426, -54.905131793037995], [-69.77353629365835, -54.915093532921624], [-69.77762973960934, -54.92877060697382], [-69.75170727783582, -54.94110434983528], [-69.76111973742736, -54.949488032466036], [-69.74880009254248, -54.95955105676346], [-69.74350067081133, -54.971584172717776], [-69.7581753728528, -54.98852969545674], [-69.74377730998827, -54.97895378841704], [-69.73828743495903, -54.963357606155924], [-69.72156584511646, -54.96148802834839], [-69.69872438714596, -54.96084886145514], [-69.69071021676886, -54.96888001434438], [-69.70307589356862, -54.96989692664307], [-69.68172921393615, -54.97592388729787], [-69.67764112509204, -54.9694263310482], [-69.67076867665385, -54.96213188139649], [-69.69802723607162, -54.95439730151684], [-69.71722678065085, -54.944948714626314], [-69.72273794090445, -54.93259249879954], [-69.69820680079124, -54.936736892564554], [-69.67162226524388, -54.94509615834203], [-69.67027495636668, -54.942155690436856], [-69.69412748182148, -54.93317715027954], [-69.70885292245248, -54.923724647814566], [-69.734917624634, -54.912215824038014], [-69.75659159395687, -54.90194046225666], [-69.7569360489085, -54.89104995109174], [-69.73224658335349, -54.88057772893338], [-69.69343336530825, -54.881145939704986], [-69.6698984697711, -54.87985081751442]], [[-69.57382669869465, -54.9052256730163]], [[-69.51403210932298, -54.92285732573214], [-69.51552676479047, -54.92698981930555], [-69.51403210932298, -54.92285732573214]], [[-69.64644058010506, -54.94284384270905]], [[-69.15435265134424, -54.971057622224485]], [[-69.14949500053665, -54.97146455028534]], [[-69.1547771768754, -54.97180302758061]], [[-69.66250601476172, -54.975181650980495]], [[-69.6619366568659, -54.97657303097711]], [[-69.42644620979239, -54.98174745603232]], [[-69.69397221074102, -54.980845946725765]], [[-69.65248384417377, -54.98561190088238]], [[-69.4018909482016, -54.98671719792146]], [[-69.68850187585916, -54.97869185579966]], [[-69.67024076360595, -54.97853987438909]], [[-69.88788434934231, -54.990419000841115]], [[-69.87022478414622, -54.97224608145633], [-69.87022478414622, -54.97224608145633]], [[-69.83209168587551, -54.94379282321727]], [[-69.88158791127643, -54.911963485667634]], [[-69.80037955551747, -54.9116278287439]], [[-69.87066877196342, -54.96488392661875], [-69.87463082429856, -54.96367046478072], [-69.87066877196342, -54.96488392661875]], [[-69.76632740083735, -54.99949921917783]], [[-69.67239959639187, -55.00012103607519], [-69.65297479384114, -55.00570923377615], [-69.67239959639187, -55.00012103607519]], [[-69.638175225206, -55.00389974488012]], [[-69.63332521820692, -55.00577783356804]], [[-69.90449337321486, -55.003081399216725]], [[-69.62757251772646, -55.01295729629762], [-69.62718883339272, -55.024394223732855], [-69.61014577670007, -55.02639185130241], [-69.62700030224634, -55.015795429591655], [-69.62757251772646, -55.01295729629762]], [[-69.62568508971025, -55.028457649044796], [-69.63627032574743, -55.032450188369], [-69.61971480119433, -55.035792393882005], [-69.62568508971025, -55.028457649044796]], [[-69.87522275684478, -55.02936227740343], [-69.86999107531683, -55.02422637131776], [-69.87522275684478, -55.02936227740343]], [[-69.37999371513516, -54.992922852012136]], [[-69.37498331837688, -54.996162756910536]], [[-69.41419307122901, -54.96841671061565]], [[-69.16268372172098, -54.964432971891874]], [[-69.31575079459783, -54.9596317574243]], [[-69.40030041404354, -54.95672495794766]], [[-69.38454565832427, -54.95669610638881]], [[-69.43833656053752, -54.95287806702277]], [[-69.26667763770588, -54.951782632992156]], [[-69.26973839102745, -54.95514895063001]], [[-69.37429523690766, -54.94413695394461]], [[-69.42819701384848, -54.940268023510086]]], [[[-71.29993877571778, -54.81761761807486], [-71.26708991676759, -54.82746037971707], [-71.20595863545888, -54.82675068352855], [-71.1433967033601, -54.82656355392284], [-71.14168515748263, -54.84567120178994], [-71.14444640708479, -54.86690106306872], [-71.13517970286972, -54.84630990526753], [-71.10848990095288, -54.85002589030172], [-71.09824082452326, -54.87827798185154], [-71.02968385314095, -54.86813671491041], [-71.00469001947535, -54.88647289952176], [-70.96850166703081, -54.87761727315216], [-70.93572746141979, -54.90979792111432], [-70.9920446530899, -54.91818086955638], [-71.00577325785355, -54.91740430012869], [-70.94378169300265, -54.92020846625153], [-70.97493917906584, -54.93396998190796], [-71.02980133281217, -54.923723988649], [-71.0275055497558, -54.92750718976075], [-71.03345372799785, -54.94304812407301], [-71.08016165942283, -54.94538473567411], [-71.13059706548535, -54.92974219472958], [-71.17102629175625, -54.930950044908755], [-71.10719753469802, -54.905615515025694], [-71.16248364709274, -54.89955236494058], [-71.20926133364499, -54.86362738156979], [-71.2710845085737, -54.882954122180294], [-71.3003445365675, -54.86401853349579], [-71.33322645378966, -54.88763814071198], [-71.3393437092353, -54.92228268525602], [-71.3784592200422, -54.93449875404478], [-71.37226374140322, -54.88672531882868], [-71.39523635965826, -54.92393735914215], [-71.42570697380297, -54.90097713404936], [-71.44616308562887, -54.862881669841315], [-71.43755290980451, -54.823683203987336], [-71.39131700560378, -54.82187855193501], [-71.37146540900228, -54.81770821435365], [-71.34060441404638, -54.82082332949811], [-71.31368305226809, -54.82941122544843], [-71.29826580934963, -54.8360985029435], [-71.31019686370963, -54.825599105005466], [-71.31210152310994, -54.81445134382162], [-71.29993877571778, -54.81761761807486]]], [[[-71.24292243371794, -54.80427693143984], [-71.21325677782892, -54.81119716612155], [-71.22647267739495, -54.8217935368795], [-71.25405409488154, -54.80598324236224], [-71.24379265661615, -54.80227736204115], [-71.24292243371794, -54.80427693143984]]], [[[-71.35717058764125, -54.79226371857164], [-71.36832726132506, -54.793813906196746], [-71.35734785613941, -54.787581489814066], [-71.35717058764125, -54.79226371857164]]], [[[-69.75503598943058, -54.790387243367796]]], [[[-69.75671287755831, -54.782915410346064]]], [[[-71.92532129511773, -54.73458987501453]]], [[[-71.28081900770978, -54.748015315908155]]], [[[-71.99882366594576, -54.730350788975606]]], [[[-72.05662473127072, -54.727154477288174]]], [[[-72.02525890973479, -54.72963172096993]]], [[[-71.38219629050896, -54.732776363595306]]], [[[-72.06460106728755, -54.7162894172147]]], [[[-72.01667822547043, -54.72028599911333]]], [[[-71.90810999831508, -54.721368625559855]]], [[[-71.35899443865401, -54.72786250486151]]], [[[-72.0213686211065, -54.71558007528573]]], [[[-72.06310707441204, -54.714266247051036]]], [[[-72.04639965190304, -54.71971971623373], [-72.0462969958382, -54.70934168925772], [-72.04639965190304, -54.71971971623373]]], [[[-72.05368518802922, -54.70639525871724]]], [[[-72.00305057513188, -54.70362202508049]]], [[[-71.87067556979709, -54.70350656280147], [-71.8392082587699, -54.714643124472474], [-71.79414484417785, -54.736735101166076], [-71.78739479961172, -54.761862816479834], [-71.8283268172862, -54.747305337899505], [-71.85306142411083, -54.748447240339225], [-71.86430588959843, -54.72497710711668], [-71.87067556979709, -54.70350656280147]]], [[[-72.0143098166298, -54.71063661817545]]], [[[-71.87378642929141, -54.70143438034349]]], [[[-71.14066885985923, -54.71476391117009], [-71.1280159471743, -54.726462694199576], [-71.15000433687395, -54.73901561833191], [-71.16834306529945, -54.7361584666278], [-71.1790327345453, -54.72233757176507], [-71.17422939196113, -54.71714086470696], [-71.15180314120057, -54.71505504178385], [-71.14066885985923, -54.71476391117009]]], [[[-71.23265649403119, -54.71346166372692], [-71.2031956507145, -54.71330882033846], [-71.20398680874789, -54.73117033696482], [-71.23519450350537, -54.73428316137795], [-71.25913526212283, -54.73902039521343], [-71.29507747364318, -54.73417146978386], [-71.2986180944357, -54.71763979537618], [-71.26407539200768, -54.72234865075745], [-71.25273559564761, -54.71334910396459], [-71.23265649403119, -54.71346166372692]]], [[[-71.72132748465891, -54.70568892001824]]], [[[-71.07504162682558, -54.7104893556118], [-71.07319764220706, -54.72543724913059], [-71.07868517964442, -54.711270381437885], [-71.07504162682558, -54.7104893556118]]], [[[-71.11073564576928, -54.712758490569115], [-71.0880133497328, -54.71523866260062], [-71.10651201048265, -54.72446324969074], [-71.11502450351382, -54.71707874517027], [-71.11073564576928, -54.712758490569115]]], [[[-72.02193200470168, -54.69145121598304], [-72.0443934013657, -54.72783439936291], [-72.03644405815498, -54.69886958403157], [-72.02193200470168, -54.69145121598304]]], [[[-71.65483426057024, -54.697150327372434]]], [[[-72.0505686564737, -54.68708135222562]]], [[[-71.66115687663961, -54.69632227262401]]], [[[-71.59125101454313, -54.69975199622061], [-71.5458699811116, -54.70639796016095], [-71.51516483498207, -54.73008969184976], [-71.5426665406566, -54.733620660504116], [-71.55134658865808, -54.75017352116118], [-71.57564506230575, -54.77176294805934], [-71.61722418958128, -54.78129274595359], [-71.61174169395859, -54.76404393517927], [-71.62956652212183, -54.75260677655905], [-71.64076149281739, -54.72331272966013], [-71.61198397473026, -54.70846394455794], [-71.59125101454313, -54.69975199622061]]], [[[-71.80184080159685, -54.68623106301815]]], [[[-71.7743342892804, -54.6813577437954], [-71.7421961577425, -54.68967942420075], [-71.74901509225593, -54.704372639274034], [-71.77794088553813, -54.71115895706979], [-71.79979968246577, -54.69262040324702], [-71.78119064973714, -54.6824017186278], [-71.7743342892804, -54.6813577437954]]], [[[-71.80417699601126, -54.67897892971557], [-71.81488973794951, -54.70168154164764], [-71.81762591528471, -54.67711460836574], [-71.80417699601126, -54.67897892971557]]], [[[-71.41545983770693, -54.68165534381081]]], [[[-71.40678168938733, -54.68366452212457], [-71.41065871119439, -54.68083640773447], [-71.40678168938733, -54.68366452212457]]], [[[-72.1225454464966, -54.663315847002664]]], [[[-71.43046888769445, -54.67982914210161], [-71.43399676887863, -54.68882651986747], [-71.44300131880448, -54.68355073066187], [-71.43046888769445, -54.67982914210161]]], [[[-71.80475248860283, -54.66538548999468]]], [[[-71.39378134395312, -54.677910688034366]]], [[[-71.41367706871517, -54.66651170430686]]], [[[-71.57743725266356, -54.662470639656355], [-71.52753151099932, -54.67457435213945], [-71.56621181077998, -54.69175940618069], [-71.57822792262051, -54.692135754380054], [-71.61052019518974, -54.66870878529853], [-71.57743725266356, -54.662470639656355]]], [[[-71.36608123363997, -54.66419058994113], [-71.36223384757899, -54.67058280804076], [-71.38132311380257, -54.66633715196756], [-71.36608123363997, -54.66419058994113]]], [[[-71.42399319521918, -54.66263759347491]]], [[[-70.55777680734467, -54.67336463398469]]], [[[-70.55423316231423, -54.67142022253739]]], [[[-71.76013766965785, -54.64185167554838], [-71.687781701757, -54.67066031935911], [-71.7212242656512, -54.69864239713508], [-71.73862300968388, -54.67914673338962], [-71.76041804571514, -54.671360802341184], [-71.76163989182415, -54.64015424914345], [-71.76013766965785, -54.64185167554838]]], [[[-72.07251565610422, -54.59031824195311], [-72.0352272200528, -54.61245018618793], [-72.00632243523643, -54.61699560189443], [-71.97589894525866, -54.6470624973178], [-71.94875634044737, -54.65846510886453], [-71.9442096515932, -54.69328329882598], [-71.92381715721713, -54.6797497368443], [-71.89840680986725, -54.69413686733034], [-71.9073471134766, -54.715800744016036], [-71.96345762475892, -54.73228094869775], [-71.95882336384028, -54.71686186262893], [-71.99010296769903, -54.69949959029141], [-71.98839096364556, -54.685925521381726], [-72.02041717021541, -54.67188980192604], [-72.0316663001092, -54.636510380422536], [-72.05638513736245, -54.63146587333809], [-72.05393772870339, -54.663499309430534], [-72.08051159082312, -54.65255643269074], [-72.10516297005644, -54.651640553171134], [-72.08325753365567, -54.62178186038014], [-72.08106529676654, -54.603166183029145], [-72.07251565610422, -54.59031824195311]]], [[[-71.99520886269113, -54.5865917924258]]], [[[-72.00002208415432, -54.58068074712596]]], [[[-72.03527101052806, -54.522515290072555], [-72.01604334198774, -54.53464115065667], [-72.00499923098317, -54.549141009412175], [-71.99440118401972, -54.558583919098616], [-71.96810574724131, -54.57094007636096], [-71.94547501837697, -54.58037115894358], [-71.96119058994279, -54.58271781321394], [-71.98126032184001, -54.588239944979456], [-71.99303936739324, -54.57625822285934], [-72.00416158803293, -54.58317140802207], [-72.02590789059808, -54.58375571302536], [-72.02381158753722, -54.57318948013798], [-72.0502780505464, -54.56957980560363], [-72.05941247660223, -54.55417314289666], [-72.04707394524988, -54.54028902898577], [-72.05693170046546, -54.531798986073994], [-72.03597388252831, -54.524102592938284], [-72.03527101052806, -54.522515290072555]], [[-72.02073219019505, -54.551874920883435], [-72.0198878869258, -54.54969086685867], [-72.02073219019505, -54.551874920883435]]], [[[-72.00031255174713, -54.46894521680043], [-72.00439760111972, -54.482753419563245], [-72.00587068621357, -54.46856297270911], [-72.00031255174713, -54.46894521680043]]], [[[-71.58404061045472, -54.393391323543874], [-71.567509563048, -54.400821407519004], [-71.5916939011487, -54.3975574497984], [-71.58404061045472, -54.393391323543874]]], [[[-71.65270100139517, -54.39434150712519], [-71.64427010179507, -54.40500708014995], [-71.62481751936001, -54.417031377867964], [-71.60732908407407, -54.42431193784401], [-71.63640406689743, -54.42589524650291], [-71.63417929094008, -54.429423747782664], [-71.62638316505193, -54.43436105657775], [-71.6138820443241, -54.436575641624856], [-71.61016535802369, -54.441087746321166], [-71.59999681454839, -54.45334305281564], [-71.62699438506536, -54.444046940146684], [-71.65377299712452, -54.43512356151632], [-71.65990362992918, -54.4268300510969], [-71.66073433069188, -54.42310866985369], [-71.65958942737923, -54.407996862779264], [-71.67123533262863, -54.397752392230856], [-71.6592858513186, -54.39011283411621], [-71.65270100139517, -54.39434150712519]], [[-71.64635019843871, -54.40968132312114]], [[-71.64692638452763, -54.41769906823905], [-71.63651853547292, -54.41376756609612], [-71.64692638452763, -54.41769906823905]]], [[[-71.55724953060309, -54.37218863478574], [-71.54115243908146, -54.382859064286826], [-71.55485126412086, -54.387175210580324], [-71.5854026260112, -54.38335054290649], [-71.61398322443914, -54.38097605711529], [-71.60854098126218, -54.37238528497054], [-71.58580928905731, -54.37105139837417], [-71.55778241144152, -54.36897226945847], [-71.55724953060309, -54.37218863478574]]], [[[-71.30153901089571, -54.36964245800019], [-71.26797762559771, -54.375410188988575], [-71.2842978727906, -54.38342361059088], [-71.31368234903404, -54.374642200414016], [-71.30153901089571, -54.36964245800019]]], [[[-71.35109079508281, -54.36996004831624], [-71.31692343949184, -54.38571594349144], [-71.27259777138137, -54.392699010144725], [-71.23247438489257, -54.392552344929385], [-71.20981463381021, -54.41957670389137], [-71.17707455631381, -54.430916635777834], [-71.13869207237418, -54.418554872142764], [-71.00124804994095, -54.525959046716], [-70.81581435266128, -54.58515657700927], [-70.83719722156381, -54.62284855238044], [-70.58975606963409, -54.62019372855779], [-69.87220983614925, -54.611976531542844], [-69.64492456218423, -54.6643283967507], [-69.50363682689655, -54.74208613359348], [-69.02628345150461, -54.583458348918406], [-68.89689274886761, -54.61804877254641], [-68.6380661616598, -54.79335018890355], [-68.66470857639372, -54.78071576864529], [-68.68959329808246, -54.777109549679714], [-68.71249170785552, -54.7766216674935], [-68.70290699050285, -54.7886775003196], [-68.6784175672084, -54.799234501391076], [-68.64939921693018, -54.80802630847921], [-68.6457540290116, -54.89483103148139], [-68.66999125790328, -54.88792866299366], [-68.68317660579467, -54.881874800930106], [-68.69059275669171, -54.86937169050174], [-68.7089823946838, -54.8569152786634], [-68.7406455418685, -54.84876547015571], [-68.77324679640614, -54.84353880761716], [-68.80483770024559, -54.83999097346151], [-68.82941081587424, -54.83047853668088], [-68.82500997202642, -54.84725578580484], [-68.81526491148655, -54.86017105677986], [-68.78127179398766, -54.86633840335735], [-68.76288225616774, -54.879448663179694], [-68.73164072978037, -54.88688809071533], [-68.71185758731238, -54.90292113248247], [-68.71403304222132, -54.91544744052278], [-68.74034331276488, -54.92815167266725], [-68.7736671050094, -54.932562015775346], [-68.80022347840966, -54.94385937869739], [-68.83287171564331, -54.94955242051713], [-68.86518145565766, -54.954266312732706], [-68.89922704713163, -54.95686706076051], [-68.93321352352503, -54.95878809287189], [-68.96623983800343, -54.956649547251324], [-68.99803998698623, -54.95825278831201], [-69.02591123653588, -54.96401321682853], [-69.04790298561885, -54.9660585246334], [-69.07861022605162, -54.963346561217136], [-69.09478817079477, -54.95975304415138], [-69.12094366178158, -54.95244960919874], [-69.14205810389635, -54.94174195539018], [-69.15864605030912, -54.94239273215658], [-69.1852570666603, -54.93040319811733], [-69.21724209771908, -54.925953270346966], [-69.23550249432076, -54.920092501074556], [-69.26630592143594, -54.92355728376092], [-69.2986145066628, -54.91828692688806], [-69.32714308286593, -54.91231672499654], [-69.36051310034077, -54.90836599150383], [-69.39335527770376, -54.90174534755763], [-69.41360354241282, -54.89257217267145], [-69.39872122699096, -54.87754238330963], [-69.37953628543498, -54.87531979219807], [-69.40337057871571, -54.87618549427231], [-69.41900648693722, -54.89091060528214], [-69.44695002088622, -54.89140898922182], [-69.47056402007243, -54.8848459710517], [-69.49828944304463, -54.88578732657073], [-69.52309424461099, -54.876126017786476], [-69.54862657729404, -54.86579683291106], [-69.57773726689547, -54.85704122420411], [-69.60804412944378, -54.85033924660314], [-69.63667680484826, -54.85126291102316], [-69.65671650340911, -54.83793886778122], [-69.65316091891906, -54.81929020304476], [-69.64550649318232, -54.80153049459569], [-69.62281694384278, -54.789632604964005], [-69.61394089547673, -54.79715919864028], [-69.59374999890848, -54.783975192564064], [-69.59367168839762, -54.76863723304942], [-69.60263326471666, -54.76114276422701], [-69.61842383679374, -54.74611067138003], [-69.6181893916926, -54.73153238782976], [-69.628338825602, -54.749938492329036], [-69.61395904424126, -54.76827781732919], [-69.6278917186082, -54.781208542099584], [-69.65473067474093, -54.79570835462746], [-69.67162018754667, -54.7901429978261], [-69.6624991117781, -54.773192254343485], [-69.66905596648174, -54.75927149096821], [-69.67185498828488, -54.74293707257085], [-69.68041023909186, -54.723591239693505], [-69.69818096051546, -54.7079142702736], [-69.71332548896586, -54.71368868642311], [-69.69302242824241, -54.727544040717675], [-69.68935170609775, -54.74551318164516], [-69.68201287833188, -54.765026096547665], [-69.67566321484553, -54.780724692179], [-69.69767440587651, -54.79633554088386], [-69.71126333850266, -54.80838353939582], [-69.69543007468421, -54.808405010185055], [-69.68701134539127, -54.792177025479326], [-69.67249478247246, -54.806635675748936], [-69.67902525629987, -54.82590112095056], [-69.70000527497126, -54.836989026994075], [-69.73215381799571, -54.83532028835581], [-69.7634902880235, -54.834798462892024], [-69.74971528030353, -54.82146302957263], [-69.75954834625536, -54.80353080874613], [-69.75002533356768, -54.791807862934256], [-69.75003416271716, -54.777783497250645], [-69.73590566497553, -54.77936027840506], [-69.72904094994985, -54.76335339663121], [-69.73247242404318, -54.75032770068837], [-69.75689755935885, -54.73884573674077], [-69.78240169157951, -54.72734993436335], [-69.77296181944082, -54.73879781013303], [-69.74468148214672, -54.74923962386254], [-69.74745164253706, -54.76405143731252], [-69.74463589728556, -54.77114395267126], [-69.7552884874685, -54.77474926191358], [-69.76491111570778, -54.7920479153813], [-69.76893717360923, -54.80805622605173], [-69.77343207875765, -54.828108578830296], [-69.78233390572883, -54.83454043168955], [-69.81139525315116, -54.84014644368252], [-69.84105053870682, -54.84310388826781], [-69.86511014141651, -54.839948605626915], [-69.8758984960893, -54.83864011422778], [-69.87504785132205, -54.84533608282587], [-69.90845840535793, -54.84432017582702], [-69.92577141596661, -54.83656893616628], [-69.94496047633295, -54.82183217676985], [-69.9555086356401, -54.806247924553645], [-69.95259993178692, -54.79082030944255], [-69.96044311553338, -54.77368742193336], [-69.9663946577889, -54.75552489448794], [-69.97069857876193, -54.73762347893519], [-69.96542756638601, -54.72221548219979], [-69.94985429296858, -54.705257267307], [-69.93423280013107, -54.686151926596935], [-69.94508049153173, -54.684844186298314], [-69.96202261683491, -54.70262214916618], [-69.97711720090022, -54.720820678913], [-69.98045057064128, -54.73641062521442], [-69.97898663005007, -54.75618214632201], [-69.98094236825979, -54.77559556837816], [-69.98037283179202, -54.794118528347866], [-69.97273408689132, -54.81180059156588], [-69.95630019160409, -54.8285210902475], [-69.95087289149933, -54.84750841315513], [-69.97640774585236, -54.85516495128331], [-70.01223573012403, -54.85776430045243], [-70.04608064936987, -54.863771530378244], [-70.06796425531553, -54.865528384702635], [-70.0974929397891, -54.860298862039606], [-70.0958871669708, -54.84364058111593], [-70.08147221236148, -54.82855776714843], [-70.07138464682056, -54.812554054689315], [-70.06906390703105, -54.795770796403374], [-70.07405982008737, -54.805013789288594], [-70.09244436798429, -54.820591981790265], [-70.11661771906124, -54.811618005759065], [-70.14305259287015, -54.79813553720094], [-70.14990315409291, -54.80148114864701], [-70.12748698238764, -54.811722541213435], [-70.10244330026059, -54.82585329876706], [-70.1042651474172, -54.838711123430514], [-70.13201441898272, -54.848709190848545], [-70.14868405845729, -54.86104279319532], [-70.17955683700484, -54.85626145250621], [-70.19778973880297, -54.852843268584785], [-70.22100594821305, -54.84076349551485], [-70.23196883840487, -54.83874351449501], [-70.21055593984008, -54.85165836948753], [-70.18412035932944, -54.8615849312056], [-70.1671630713623, -54.8735983460466], [-70.20097403926727, -54.8760131042167], [-70.23145315977227, -54.87102673976667], [-70.26315063146231, -54.86543773572238], [-70.28384795814885, -54.86279325711654], [-70.3119205798409, -54.86158630415646], [-70.3156167302004, -54.84864786942811], [-70.32590571229147, -54.83176347570541], [-70.33443744064789, -54.817881373824676], [-70.317494930775, -54.804016307716864], [-70.30474787563682, -54.78888311100705], [-70.28924318793935, -54.77487893343868], [-70.27164372809005, -54.76198098828151], [-70.24843212237282, -54.75421613345714], [-70.25500770108917, -54.73954840764039], [-70.23641927289462, -54.72408262229151], [-70.22411335017865, -54.70705272315799], [-70.19563399437426, -54.701758796913786], [-70.17575802089573, -54.69399241455069], [-70.19851626218373, -54.69199390141977], [-70.21770772393579, -54.70001504831806], [-70.22997177833155, -54.69569072063136], [-70.23518700198149, -54.693277735010014], [-70.25209265915296, -54.70544048174195], [-70.26299756862052, -54.72329325766896], [-70.27946083943935, -54.738719482454904], [-70.30339707292295, -54.74943449369557], [-70.30050577653797, -54.7615815301744], [-70.3109950599804, -54.769819935198974], [-70.32875780831904, -54.78571745566739], [-70.33476902552475, -54.8043020893671], [-70.3435790151294, -54.82297009037942], [-70.34750020701748, -54.84124601315631], [-70.3963979107329, -54.828173522099256], [-70.44188120764908, -54.81621998733914], [-70.48036041055038, -54.807556416564545], [-70.51915240746388, -54.80766273015863], [-70.5590927373052, -54.79807710668954], [-70.59289520401576, -54.78753387546409], [-70.56496802145277, -54.78614010695301], [-70.59732640143609, -54.77781075043275], [-70.61552302373526, -54.789431231698686], [-70.60099177049345, -54.8064641526985], [-70.62726625550015, -54.81050779594035], [-70.64137169257687, -54.822888953787604], [-70.61572180578193, -54.830329683914115], [-70.58292678320556, -54.82997327219892], [-70.5636191767858, -54.84283952421528], [-70.54164897058374, -54.83996651275834], [-70.48239542022948, -54.826117448186494], [-70.4065779490214, -54.84515473812964], [-70.36778291695802, -54.869646418205235], [-70.41161103968084, -54.871904584066186], [-70.43696465568293, -54.87357845134102], [-70.47019616149879, -54.88500798134298], [-70.51403121373916, -54.886834973739596], [-70.53761748254648, -54.895606327379326], [-70.56666942882467, -54.90390854832196], [-70.6075436396331, -54.909723442556974], [-70.64997219197885, -54.891810229399496], [-70.66716894244841, -54.91024340647784], [-70.68471557493908, -54.89035813165382], [-70.69811012814698, -54.875543601460926], [-70.73321700272706, -54.868848097949034], [-70.7146845894133, -54.85336856302244], [-70.73387906660855, -54.844876316828014], [-70.77102060821942, -54.83577215168657], [-70.77395789036137, -54.83670447786327], [-70.8057803560107, -54.841250692976615], [-70.84187379669119, -54.83074709073622], [-70.82591329848626, -54.813991314107334], [-70.80772897052957, -54.79573416920181], [-70.81139119060305, -54.77248286308689], [-70.77393433908193, -54.77011078377219], [-70.72648391049943, -54.76494417887451], [-70.73074468747768, -54.734930069073926], [-70.75919878929825, -54.74705921836095], [-70.78928137244304, -54.757485938122926], [-70.83537789245186, -54.762021514824674], [-70.87813815853207, -54.75412206656562], [-70.91850413503312, -54.75195755151469], [-70.94181093136046, -54.7507506008379], [-70.90516320689213, -54.72945830023035], [-70.89986318082175, -54.71651478603126], [-70.86115735737742, -54.71739399033092], [-70.83168243581764, -54.70418952530526], [-70.80858706672511, -54.69339071663581], [-70.76776759636726, -54.694968368662224], [-70.78279732167293, -54.686667569809295], [-70.84740122879982, -54.6927354661525], [-70.87264410863635, -54.6924872880972], [-70.89347102288136, -54.6748874611327], [-70.9068027364852, -54.6823411712207], [-70.91931321585004, -54.687577253854776], [-70.95058013110057, -54.70268228349774], [-70.91620188956884, -54.70065330865062], [-70.93966739331752, -54.723547097465925], [-70.97142483184118, -54.7455356698683], [-70.98468062555601, -54.7605057757508], [-70.99703721274837, -54.78148026889765], [-70.99756568916094, -54.792199538334806], [-71.0099811435021, -54.78001253204614], [-71.02882659574827, -54.754411142397714], [-70.99458982319995, -54.73909611236107], [-71.0007646210251, -54.72025506536411], [-70.96206493651592, -54.72130572528649], [-70.97488993827889, -54.70786152757633], [-70.97062718658967, -54.704308456466585], [-70.98485640072103, -54.69515938062439], [-70.97286140899675, -54.67598898988707], [-70.99284236571177, -54.69614289867546], [-71.02055514204082, -54.706830046175064], [-71.00824526151416, -54.69630654624176], [-70.98623616022998, -54.68155246240612], [-71.00001330062851, -54.68299771328768], [-71.01324881933816, -54.683196448279816], [-70.99274315386295, -54.6622185295847], [-70.95618110777534, -54.64909099156974], [-70.94004801363117, -54.6281730096456], [-70.93545537999606, -54.61995663301157], [-70.96168810136568, -54.63123778397786], [-71.0020441168889, -54.62653664137163], [-71.03427209101045, -54.61791830428206], [-71.03056856502283, -54.625504236925345], [-71.03567139429035, -54.6483380783478], [-71.07380797758354, -54.66120586631298], [-71.11632010161996, -54.65141393016294], [-71.12969935751572, -54.670615999597224], [-71.13905710439869, -54.68856407749531], [-71.17397786824273, -54.70069127382344], [-71.21249681436865, -54.692330698257024], [-71.21139140127183, -54.672008276749004], [-71.22791372926251, -54.66641079743349], [-71.2447170076707, -54.679058579765595], [-71.28569237316792, -54.66582173425981], [-71.30668346869813, -54.650236055959006], [-71.28843607151495, -54.6419434932635], [-71.24976347446581, -54.63117318275258], [-71.2348846720899, -54.63576816765588], [-71.21421467936996, -54.64436868183525], [-71.18101358854395, -54.63452134882044], [-71.14281231737816, -54.62517167117683], [-71.17244925687304, -54.629311041480186], [-71.19643425735887, -54.62873888838459], [-71.18386740806129, -54.60486159799354], [-71.19231928334423, -54.61028212837975], [-71.21914042224924, -54.62233338252223], [-71.2505656871847, -54.61743374513641], [-71.26361917464916, -54.595244904075024], [-71.24717137779625, -54.57980653358791], [-71.2578254949692, -54.56860058882606], [-71.27857850944379, -54.58381717149938], [-71.30040148495101, -54.58368285341267], [-71.3128510836107, -54.566306875090866], [-71.3063302711383, -54.55911613424132], [-71.31190188809005, -54.53894499897742], [-71.33663961514272, -54.52314209241647], [-71.34106940760876, -54.53566665477289], [-71.31504200623463, -54.54996235514572], [-71.32675033307949, -54.57035979839675], [-71.33881502223632, -54.58002018181844], [-71.36363316303446, -54.569505332953554], [-71.38265035683588, -54.55018187457326], [-71.39789250249443, -54.560749197646146], [-71.41857843920049, -54.5700277618558], [-71.39156835012533, -54.573565398631], [-71.38274316223847, -54.57661847409485], [-71.35443436741775, -54.58439027241556], [-71.33487635501909, -54.59762286302714], [-71.33085314793257, -54.617649712933016], [-71.34376966737996, -54.625996314042766], [-71.35571316334239, -54.63192764271212], [-71.37332124255519, -54.62704236842562], [-71.36405336429766, -54.61063978580599], [-71.3564856888508, -54.600569396485554], [-71.34929703504841, -54.595802928931114], [-71.37912695492518, -54.59959919881299], [-71.39780145698886, -54.60125797105511], [-71.41167489121436, -54.60674007824941], [-71.39337357786168, -54.61744314668992], [-71.39354947218402, -54.6275766238299], [-71.39959060188798, -54.63759397890569], [-71.40434610970217, -54.65420530688735], [-71.42335428497702, -54.64458140550561], [-71.42885237320962, -54.63478022951112], [-71.45295949605186, -54.63348315112201], [-71.44506818726731, -54.64175244953747], [-71.44543443787946, -54.65017907531149], [-71.45831664274017, -54.652756579387315], [-71.47808663984857, -54.65012337078597], [-71.46146159347606, -54.666600740833374], [-71.47437596462557, -54.67420391679791], [-71.48898651270959, -54.68428492545876], [-71.50784068790941, -54.67112315864196], [-71.51376667688129, -54.65153685036058], [-71.51349165557417, -54.63009218704141], [-71.50528889905785, -54.606946604315645], [-71.48363698347148, -54.59093012512292], [-71.48504786511253, -54.58887369571936], [-71.49179868737225, -54.58508543178921], [-71.50986295444216, -54.58819921589478], [-71.51711136314955, -54.59477977129723], [-71.52301831332929, -54.61237674747411], [-71.5277320169311, -54.620793710672274], [-71.53212038784547, -54.636313395682805], [-71.52858893709374, -54.65374222813277], [-71.53970581340289, -54.64648255975477], [-71.59756383249328, -54.64133452812145], [-71.57598890688291, -54.610527812076725], [-71.62386403939124, -54.634578742790985], [-71.5910208778556, -54.60149049519212], [-71.59310223878398, -54.59297738278606], [-71.61252768612783, -54.58023063129793], [-71.62232670057864, -54.60602429910619], [-71.65701704412204, -54.63018298788499], [-71.66377150323811, -54.65660331121771], [-71.6821167441623, -54.64884246455252], [-71.68299587826183, -54.62043888331852], [-71.66281001028968, -54.606930691139034], [-71.63543503040023, -54.5843281494166], [-71.68114218036908, -54.59743840442569], [-71.74007410464147, -54.58893702056166], [-71.77668756809707, -54.58168674430214], [-71.7320944203745, -54.59776509598702], [-71.727505112165, -54.60121971180486], [-71.7570947454871, -54.620265470913715], [-71.79820742485522, -54.6034880131841], [-71.83162382284812, -54.596822821283084], [-71.8570375845335, -54.59042339235597], [-71.82999843383152, -54.60092780449059], [-71.80163454732202, -54.6094658758523], [-71.80852209489113, -54.614140955227455], [-71.79469906645066, -54.623362688554664], [-71.79148974825212, -54.6308879923157], [-71.80331340907416, -54.640284201200934], [-71.81898386875288, -54.64424308279935], [-71.8324574157857, -54.63772859790808], [-71.85849221169501, -54.63135552038076], [-71.87657303033079, -54.626757010742644], [-71.87849275857684, -54.63543057661443], [-71.88637724897376, -54.643709297236555], [-71.91349745131917, -54.644156448320786], [-71.91807618863511, -54.63128373276923], [-71.95121193630116, -54.62403339934983], [-71.97089008625309, -54.60800242366718], [-71.96617515658319, -54.596465477661766], [-71.93873821839132, -54.5919202777298], [-71.90959706551237, -54.595889506145305], [-71.87927820330938, -54.60231934399581], [-71.87770109392414, -54.602379036752936], [-71.89742483637616, -54.59377979677658], [-71.8970261924579, -54.57956461512245], [-71.91813106354192, -54.585830916865106], [-71.93581822078734, -54.57075861756023], [-71.92664871558335, -54.55514319319246], [-71.8998593972156, -54.546757109203924], [-71.9135494377942, -54.54733108509995], [-71.93201224576302, -54.544820297449974], [-71.94387892045778, -54.550533886679325], [-71.9562445920343, -54.563912147322846], [-71.97897409111037, -54.55350824395537], [-71.97340256786646, -54.54076279904352], [-71.98789332437103, -54.53043668529869], [-71.99936170443277, -54.52285238069152], [-72.01769477030956, -54.51475827323352], [-72.003535931133, -54.505019528380195], [-71.98619983383017, -54.511583901271116], [-71.9698602582128, -54.526863009392926], [-71.95197071759411, -54.52928448485365], [-71.9776516674093, -54.51293402221959], [-72.00055113668667, -54.49650941647725], [-71.97732487801049, -54.49112587190104], [-71.95909987823946, -54.502573404208626], [-71.93176262331014, -54.51451445760176], [-71.94250041303447, -54.5060953958996], [-71.97101783873828, -54.48643990623792], [-71.96095512543222, -54.472569734696634], [-71.99191287848976, -54.462391773218464], [-71.97829930218629, -54.450583284925585], [-71.97415104609385, -54.459554598390305], [-71.95854483494941, -54.45234737133741], [-71.95054051342895, -54.4445108911031], [-71.93153760315371, -54.455671626325234], [-71.92121790659827, -54.45895416344458], [-71.91784913929769, -54.44412610458935], [-71.9063564539894, -54.45122628474177], [-71.89683715311534, -54.45970997207078], [-71.89313406731507, -54.47463803932937], [-71.89080539390893, -54.495304818905524], [-71.8838199295489, -54.498940979137394], [-71.88676667022995, -54.47801802535494], [-71.87370004292151, -54.46068515513669], [-71.84283135477384, -54.46610112187769], [-71.83191543835811, -54.48293165483621], [-71.82372778046106, -54.504388076934816], [-71.81618576490544, -54.51582187674137], [-71.8008871427989, -54.53181310156165], [-71.81110869859276, -54.53970637038416], [-71.77068672298081, -54.55033364540546], [-71.77919410057636, -54.5370045201221], [-71.72875689752875, -54.54675303299697], [-71.72607195178055, -54.55689837267645], [-71.69912725380625, -54.56438234803505], [-71.66208729678611, -54.56989392296173], [-71.6970415320161, -54.553171547898266], [-71.70395227809054, -54.53159692591411], [-71.73481164416876, -54.50862220344894], [-71.75682182395397, -54.50030431294976], [-71.72405999948205, -54.48838268095462], [-71.69339203548358, -54.50392378664977], [-71.64994525455786, -54.517548792953086], [-71.60768264625302, -54.53543186592454], [-71.56544748981196, -54.54790517163596], [-71.52122602676803, -54.55039881175459], [-71.55619832914212, -54.53762587115947], [-71.61168767443381, -54.52236844406924], [-71.6555778862737, -54.50702780966924], [-71.68461068709732, -54.48473150312702], [-71.72189622509305, -54.46794900916332], [-71.76637686665549, -54.46678204977795], [-71.81277354313677, -54.45640706063871], [-71.84273255322323, -54.44726207057918], [-71.85473152123153, -54.43462646277088], [-71.8331238624687, -54.428568360856595], [-71.85353730514933, -54.417454972571804], [-71.86469213446293, -54.41593984935439], [-71.81624471762973, -54.403398510217706], [-71.76797715494003, -54.39904269371925], [-71.72405768333113, -54.39746218104723], [-71.71486132933964, -54.42049730537715], [-71.71131362087846, -54.4241898784745], [-71.70173017443429, -54.430698896728956], [-71.68343430714458, -54.43609615445667], [-71.67059487184267, -54.4468475066672], [-71.65246763230782, -54.456590436901664], [-71.64089663128131, -54.46784618703546], [-71.60575537029396, -54.48165834694633], [-71.57481408888886, -54.49972018631252], [-71.54205151978503, -54.510136380290014], [-71.5245467356467, -54.50436278835729], [-71.5322849299813, -54.487314367781245], [-71.48999468655303, -54.485634768351986], [-71.44115742775107, -54.49200421339832], [-71.45165744925512, -54.48386023333504], [-71.49962353837704, -54.470596350940475], [-71.53982687384291, -54.46719917473277], [-71.58243345279658, -54.4532468869006], [-71.58968142018348, -54.43766387827297], [-71.60157406717471, -54.42263682595801], [-71.61409391295787, -54.40629265950313], [-71.60804618846893, -54.39647952722896], [-71.58937036113588, -54.404365216106726], [-71.56958779272145, -54.416987008223025], [-71.55698511490934, -54.425387935476195], [-71.52773616950931, -54.43495890206038], [-71.49422007870632, -54.432329744237265], [-71.51360012429093, -54.4119709602213], [-71.52788641835727, -54.416022220444994], [-71.52392429872448, -54.401521188627775], [-71.49062166361941, -54.40195712494795], [-71.47090412251153, -54.42411005621599], [-71.45954625062134, -54.432273454032206], [-71.42828840022935, -54.43802315060978], [-71.411403710354, -54.43452372490253], [-71.38885323747476, -54.4316459095634], [-71.38976102618876, -54.44723476080471], [-71.36015025953267, -54.45907430648845], [-71.34967922419291, -54.437275641402785], [-71.30313394739026, -54.43689308200866], [-71.34047471145806, -54.422103582757096], [-71.37679583239023, -54.42804610922013], [-71.41650263450009, -54.41676805412366], [-71.42203536083363, -54.39900335405974], [-71.40325572419991, -54.38530689106488], [-71.38587514878694, -54.38795440644245], [-71.36769379409972, -54.36912370246006], [-71.35109079508281, -54.36996004831624]], [[-71.93098820525931, -54.60275346437587], [-71.93098820525931, -54.60275346437587]], [[-70.71169818796497, -54.64643913820468]], [[-70.57023414401537, -54.64918083337753], [-70.564674716343, -54.6601354433567], [-70.56456128290164, -54.66553794396016], [-70.58536538396325, -54.66694341255238], [-70.61814875991053, -54.67064341445869], [-70.60842401981614, -54.68055162406404], [-70.57552507750616, -54.68586359069256], [-70.56112831320529, -54.70203922980385], [-70.59298253554908, -54.716944666201734], [-70.62168415758022, -54.73411249104592], [-70.57590993287097, -54.72673964364238], [-70.55276534274533, -54.71599651738899], [-70.52554500008897, -54.70625017770267], [-70.5146399307658, -54.69491779260341], [-70.49465338161198, -54.69175920498077], [-70.47239998675589, -54.69826782310309], [-70.48562071534677, -54.68155205325144], [-70.46974764824728, -54.6672227054104], [-70.44332426800217, -54.65507080684003], [-70.42751055503366, -54.64395883425972], [-70.43807963685273, -54.636742381226234], [-70.46941259054759, -54.63249096621453], [-70.50016409683215, -54.633432659575895], [-70.53215481041005, -54.63537859159969], [-70.55870019704264, -54.62473820142202], [-70.56096050850005, -54.639637848051215], [-70.57023414401537, -54.64918083337753]], [[-70.60231460079235, -54.69982017277763], [-70.60603254880948, -54.695238499771], [-70.60231460079235, -54.69982017277763]], [[-70.6151409714454, -54.69707211443732]], [[-70.71685606553882, -54.6475057172369]], [[-70.04373908743014, -54.75485461182285], [-70.05432301298939, -54.76222519721284], [-70.04373908743014, -54.75485461182285]], [[-70.06756387436468, -54.78983273496506], [-70.06140144194542, -54.77822205276008], [-70.06662407737798, -54.77862549302306], [-70.06756387436468, -54.78983273496506]], [[-70.19175389019914, -54.82002179323211], [-70.18464650994056, -54.831847565457174], [-70.16908301579974, -54.83689361754694], [-70.18224703473389, -54.82476141529758], [-70.19175389019914, -54.82002179323211]], [[-69.81688850496367, -54.83014330053897], [-69.82009116518174, -54.82832791844271], [-69.81688850496367, -54.83014330053897]], [[-69.70995657891223, -54.81520254460901]], [[-69.37525696121224, -54.7979496391189], [-69.3527232906119, -54.80992742514895], [-69.36149373237059, -54.8185769089421], [-69.38846143459921, -54.81209030460446], [-69.408970917453, -54.7991789853998], [-69.42036068875575, -54.808635608570086], [-69.39413569071316, -54.8199267542499], [-69.36401822418956, -54.82707784821258], [-69.34388631879786, -54.83237853679486], [-69.33489983503688, -54.81881139358218], [-69.35118897645175, -54.80792666851403], [-69.37126902692333, -54.79462042973398], [-69.37525696121224, -54.7979496391189]], [[-69.0165784073038, -54.82386922623941], [-69.00443962455562, -54.8243163552867], [-69.0165784073038, -54.82386922623941]], [[-68.98930307112742, -54.87113694193688]], [[-69.00328467279765, -54.88205388833953]], [[-69.2846929703596, -54.891982722144675], [-69.27238381078838, -54.89761921056755], [-69.2846929703596, -54.891982722144675]], [[-69.05654791704262, -54.900215985390105]], [[-69.38058903839145, -54.89746314968584]], [[-69.32390618548499, -54.90505661887114]], [[-69.29336094655211, -54.90554334662911]], [[-69.15534725932142, -54.92437507383874]], [[-69.11534051818263, -54.930221177672976], [-69.11692692511603, -54.94048283508354], [-69.10775742783937, -54.93189839824126], [-69.11534051818263, -54.930221177672976]], [[-68.63695046251856, -54.88525456654025]], [[-68.67063282628186, -54.64096361420313], [-68.64252122147147, -54.635911772461476], [-68.6547756367955, -54.63089156606353], [-68.67102106092342, -54.640722502721744], [-68.67063282628186, -54.64096361420313]]]]}}]}