{"type": "FeatureCollection", "features": [{"type": "Feature", "id": 0, "properties": {"REGION": "VALPARAÍSO", "COMUNA": "ISLA DE PASCUA", "NOMBRE": "E TORU HANUA NUA MEA", "PUEBLO": "RAPANUI"}, "geometry": {"type": "Point", "coordinates": [-109.428353, -27.144118]}}, {"type": "Feature", "id": 1, "properties": {"REGION": "VALPARAÍSO", "COMUNA": "ISLA DE PASCUA", "NOMBRE": "HE MEE O TE RAPA NUI", "PUEBLO": "RAPANUI"}, "geometry": {"type": "Point", "coordinates": [-109.4319357905328, -27.1545094330433]}}, {"type": "Feature", "id": 2, "properties": {"REGION": "VALPARAÍSO", "COMUNA": "ISLA DE PASCUA", "NOMBRE": "HANGA PIKO", "PUEBLO": "RAPANUI"}, "geometry": {"type": "Point", "coordinates": [-109.437164, -27.152479]}}, {"type": "Feature", "id": 3, "properties": {"REGION": "VALPARAÍSO", "COMUNA": "ISLA DE PASCUA", "NOMBRE": "MANA TAPU AO", "PUEBLO": "RAPANUI"}, "geometry": {"type": "Point", "coordinates": [-109.4318036016164, -27.15743023326418]}}, {"type": "Feature", "id": 4, "properties": {"REGION": "VALPARAÍSO", "COMUNA": "ISLA DE PASCUA", "NOMBRE": "\"PAPA RAAU\"", "PUEBLO": "RAPANUI"}, "geometry": {"type": "Point", "coordinates": [-109.4284117169927, -27.14873242633352]}}, {"type": "Feature", "id": 5, "properties": {"REGION": "VALPARAÍSO", "COMUNA": "ISLA DE PASCUA", "NOMBRE": "RIU HAKARI", "PUEBLO": "RAPANUI"}, "geometry": {"type": "Point", "coordinates": [-109.438743, -27.159894]}}, {"type": "Feature", "id": 6, "properties": {"REGION": "VALPARAÍSO", "COMUNA": "ISLA DE PASCUA", "NOMBRE": "HAHAU", "PUEBLO": "RAPANUI"}, "geometry": {"type": "Point", "coordinates": [-109.430169, -27.149152]}}, {"type": "Feature", "id": 7, "properties": {"REGION": "VALPARAÍSO", "COMUNA": "ISLA DE PASCUA", "NOMBRE": "NUNA A HI IKA O HANGA HO ONU", "PUEBLO": "MAPUCHE"}, "geometry": {"type": "Point", "coordinates": [-109.298861, -27.088514]}}, {"type": "Feature", "id": 8, "properties": {"REGION": "VALPARAÍSO", "COMUNA": "ISLA DE PASCUA", "NOMBRE": "DE VAIHU", "PUEBLO": "RAPANUI"}, "geometry": {"type": "Point", "coordinates": [-109.3563647815617, -27.13644362047701]}}, {"type": "Feature", "id": 9, "properties": {"REGION": "VALPARAÍSO", "COMUNA": "ISLA DE PASCUA", "NOMBRE": "ACADEMIA DE LA LENGUA Y CULTURA RAPA NUI UMANGA HATU REO", "PUEBLO": "RAPANUI"}, "geometry": {"type": "Point", "coordinates": [-109.4283463582798, -27.14868249669148]}}, {"type": "Feature", "id": 10, "properties": {"REGION": "VALPARAÍSO", "COMUNA": "ISLA DE PASCUA", "NOMBRE": "MAORI RAPA NUI", "PUEBLO": "MAPUCHE"}, "geometry": {"type": "Point", "coordinates": [-109.42672, -27.148286]}}, {"type": "Feature", "id": 11, "properties": {"REGION": "VALPARAÍSO", "COMUNA": "CALLE LARGA", "NOMBRE": "FÜTA REPÜ", "PUEBLO": "MAPUCHE"}, "geometry": {"type": "Point", "coordinates": [-70.60793536284329, -32.86106149223865]}}, {"type": "Feature", "id": 12, "properties": {"REGION": "VALPARAÍSO", "COMUNA": "LOS ANDES", "NOMBRE": "WE KEYEN", "PUEBLO": "MULTICULTURAL"}, "geometry": {"type": "Point", "coordinates": [-70.5887254807892, -32.8449344207636]}}, {"type": "Feature", "id": 13, "properties": {"REGION": "VALPARAÍSO", "COMUNA": "RINCONADA", "NOMBRE": "MARÍA SAAVEDRA PAYACAN", "PUEBLO": "MAPUCHE"}, "geometry": {"type": "Point", "coordinates": [-70.68907816575309, -32.84647803318466]}}, {"type": "Feature", "id": 14, "properties": {"REGION": "VALPARAÍSO", "COMUNA": "SAN ESTEBAN", "NOMBRE": "RAKIN MAHUIDA DE SAN ESTEBAN", "PUEBLO": "MAPUCHE"}, "geometry": {"type": "Point", "coordinates": [-70.58357659613979, -32.79571721745612]}}, {"type": "Feature", "id": 15, "properties": {"REGION": "VALPARAÍSO", "COMUNA": "LIMACHE", "NOMBRE": "NEWEN", "PUEBLO": "MAPUCHE"}, "geometry": {"type": "Point", "coordinates": [-71.25572141154197, -33.01202389468742]}}, {"type": "Feature", "id": 16, "properties": {"REGION": "VALPARAÍSO", "COMUNA": "QUILPUÉ", "NOMBRE": "ASOCIACIÓN INDÍGENA INDÍGENA ANTÜMAPÜ (MAPUCHE)", "PUEBLO": "MAPUCHE"}, "geometry": {"type": "Point", "coordinates": [-71.40856073557056, -33.04849841191206]}}, {"type": "Feature", "id": 17, "properties": {"REGION": "VALPARAÍSO", "COMUNA": "QUILPUÉ", "NOMBRE": "ASOCIACIÓN INDÍGENA RAPA NUI \"ATAMU TEKENA\"", "PUEBLO": "MAPUCHE"}, "geometry": {"type": "Point", "coordinates": [-71.45564876790993, -33.04449485658885]}}, {"type": "Feature", "id": 18, "properties": {"REGION": "VALPARAÍSO", "COMUNA": "QUILPUÉ", "NOMBRE": "ALONGKEWUN", "PUEBLO": "MAPUCHE"}, "geometry": {"type": "Point", "coordinates": [-71.40708425803143, -33.06150249522938]}}, {"type": "Feature", "id": 19, "properties": {"REGION": "VALPARAÍSO", "COMUNA": "QUILPUÉ", "NOMBRE": "WE NEPELN PU DOMO", "PUEBLO": "MAPUCHE"}, "geometry": {"type": "Point", "coordinates": [-71.40708425803143, -33.06150249522938]}}, {"type": "Feature", "id": 20, "properties": {"REGION": "VALPARAÍSO", "COMUNA": "QUILPUÉ", "NOMBRE": "KIMCHENGNEAMI", "PUEBLO": "MAPUCHE"}, "geometry": {"type": "Point", "coordinates": [-71.40708425803143, -33.06150249522938]}}, {"type": "Feature", "id": 21, "properties": {"REGION": "VALPARAÍSO", "COMUNA": "QUILPUÉ", "NOMBRE": "FOLITUN IÑ FOLILN", "PUEBLO": "MAPUCHE"}, "geometry": {"type": "Point", "coordinates": [-71.40755506805645, -33.05877362887794]}}, {"type": "Feature", "id": 22, "properties": {"REGION": "VALPARAÍSO", "COMUNA": "QUILPUÉ", "NOMBRE": "PUEBLOS ANDINOS KOLLA SUYO", "PUEBLO": "MULTICULTURAL"}, "geometry": {"type": "Point", "coordinates": [-71.40755506805645, -33.05877362887794]}}, {"type": "Feature", "id": 23, "properties": {"REGION": "VALPARAÍSO", "COMUNA": "QUILPUÉ", "NOMBRE": "DIAGUITA YPACHAY DEL MARGA MARGA", "PUEBLO": "DIAGUITA"}, "geometry": {"type": "Point", "coordinates": [-71.40755506805645, -33.05877362887794]}}, {"type": "Feature", "id": 24, "properties": {"REGION": "VALPARAÍSO", "COMUNA": "QUILPUÉ", "NOMBRE": "NEHUEN MAPU", "PUEBLO": "MULTICULTURAL"}, "geometry": {"type": "Point", "coordinates": [-71.40987576171337, -33.05676480479028]}}, {"type": "Feature", "id": 25, "properties": {"REGION": "VALPARAÍSO", "COMUNA": "QUILPUÉ", "NOMBRE": "RAYEN MAHUIDA", "PUEBLO": "MAPUCHE"}, "geometry": {"type": "Point", "coordinates": [-71.40240466004866, -33.06214719203121]}}, {"type": "Feature", "id": 26, "properties": {"REGION": "VALPARAÍSO", "COMUNA": "VILLA ALEMANA", "NOMBRE": "ASOCIACIÓN INDÍGENA URBANA WE CHRIPAN ANTU", "PUEBLO": "MAPUCHE"}, "geometry": {"type": "Point", "coordinates": [-71.39237798305145, -33.04512113734852]}}, {"type": "Feature", "id": 27, "properties": {"REGION": "VALPARAÍSO", "COMUNA": "VILLA ALEMANA", "NOMBRE": "WITRAPÜRRAN", "PUEBLO": "MAPUCHE"}, "geometry": {"type": "Point", "coordinates": [-71.35733149500578, -33.04114524324507]}}, {"type": "Feature", "id": 28, "properties": {"REGION": "VALPARAÍSO", "COMUNA": "VILLA ALEMANA", "NOMBRE": "MICROEMPRESARIO RUKACURA", "PUEBLO": "MAPUCHE"}, "geometry": {"type": "Point", "coordinates": [-71.37216571156384, -33.05712906710399]}}, {"type": "Feature", "id": 29, "properties": {"REGION": "VALPARAÍSO", "COMUNA": "VILLA ALEMANA", "NOMBRE": "ARTESANOS DE PUEBLOS ORIGINARIOS, A.D.E.P.O", "PUEBLO": "MULTICULTURAL"}, "geometry": {"type": "Point", "coordinates": [-71.3544523506409, -33.04241178759782]}}, {"type": "Feature", "id": 30, "properties": {"REGION": "VALPARAÍSO", "COMUNA": "VILLA ALEMANA", "NOMBRE": "ANTUTRIPANTU-SOL DE PRIMAVERA", "PUEBLO": "MULTICULTURAL"}, "geometry": {"type": "Point", "coordinates": [-71.37477792476338, -33.06610076963249]}}, {"type": "Feature", "id": 31, "properties": {"REGION": "VALPARAÍSO", "COMUNA": "VILLA ALEMANA", "NOMBRE": "CUNOKAWESKAR Y PUEBLOS INDÍGENAS PULAMNGIEN", "PUEBLO": "MULTICULTURAL"}, "geometry": {"type": "Point", "coordinates": [-71.39516624055403, -33.05595343828629]}}, {"type": "Feature", "id": 32, "properties": {"REGION": "VALPARAÍSO", "COMUNA": "VILLA ALEMANA", "NOMBRE": "RUKA ANTU", "PUEBLO": "MAPUCHE"}, "geometry": {"type": "Point", "coordinates": [-71.37290121834543, -33.04370944250689]}}, {"type": "Feature", "id": 33, "properties": {"REGION": "VALPARAÍSO", "COMUNA": "VILLA ALEMANA", "NOMBRE": "DIAGUITA CHACAYA", "PUEBLO": "DIAGUITA"}, "geometry": {"type": "Point", "coordinates": [-71.37290121834543, -33.04370944250689]}}, {"type": "Feature", "id": 34, "properties": {"REGION": "VALPARAÍSO", "COMUNA": "VILLA ALEMANA", "NOMBRE": "MULTICULTURAL PACHAKUTI", "PUEBLO": "MULTICULTURAL"}, "geometry": {"type": "Point", "coordinates": [-71.3977660905683, -33.05800021210165]}}, {"type": "Feature", "id": 35, "properties": {"REGION": "VALPARAÍSO", "COMUNA": "VILLA ALEMANA", "NOMBRE": "CHAC´TABIL´TAY", "PUEBLO": "DIAGUITA"}, "geometry": {"type": "Point", "coordinates": [-71.56095125389287, -33.03537522625214]}}, {"type": "Feature", "id": 36, "properties": {"REGION": "VALPARAÍSO", "COMUNA": "VILLA ALEMANA", "NOMBRE": "LIF-KO VILLA ALEMANA", "PUEBLO": "MULTICULTURAL"}, "geometry": {"type": "Point", "coordinates": [-71.36636049410947, -33.03608760212653]}}, {"type": "Feature", "id": 37, "properties": {"REGION": "VALPARAÍSO", "COMUNA": "VILLA ALEMANA", "NOMBRE": "LLALLIN ÑI RÜPÜ", "PUEBLO": "MULTICULTURAL"}, "geometry": {"type": "Point", "coordinates": [-71.39461813003172, -33.03479026415269]}}, {"type": "Feature", "id": 38, "properties": {"REGION": "VALPARAÍSO", "COMUNA": "CABILDO", "NOMBRE": "MULTICULTURAL NEWEN MAPU", "PUEBLO": "MULTICULTURAL"}, "geometry": {"type": "Point", "coordinates": [-71.0589789526735, -32.424477267806]}}, {"type": "Feature", "id": 39, "properties": {"REGION": "VALPARAÍSO", "COMUNA": "LA LIGUA", "NOMBRE": "LONKO KATRINRAYEN", "PUEBLO": "MAPUCHE"}, "geometry": {"type": "Point", "coordinates": [-71.23828078023558, -32.44437181284957]}}, {"type": "Feature", "id": 40, "properties": {"REGION": "VALPARAÍSO", "COMUNA": "PAPUDO", "NOMBRE": "AYEKANTUN", "PUEBLO": "MULTICULTURAL"}, "geometry": {"type": "Point", "coordinates": [-71.42649065568597, -32.51035732515918]}}, {"type": "Feature", "id": 41, "properties": {"REGION": "VALPARAÍSO", "COMUNA": "PAPUDO", "NOMBRE": "AYEKAN", "PUEBLO": "MULTICULTURAL"}, "geometry": {"type": "Point", "coordinates": [-71.433988, -32.508291]}}, {"type": "Feature", "id": 42, "properties": {"REGION": "VALPARAÍSO", "COMUNA": "PETORCA", "NOMBRE": "ASOCIACION INDÍGENA DE PETORCA", "PUEBLO": "MAPUCHE"}, "geometry": {"type": "Point", "coordinates": [-71.00311038419004, -32.275141743077]}}, {"type": "Feature", "id": 43, "properties": {"REGION": "VALPARAÍSO", "COMUNA": "ZAPALLAR", "NOMBRE": "RAYEN ANTU I", "PUEBLO": "MULTICULTURAL"}, "geometry": {"type": "Point", "coordinates": [-71.30179488287907, -32.57727562310103]}}, {"type": "Feature", "id": 44, "properties": {"REGION": "VALPARAÍSO", "COMUNA": "CALERA", "NOMBRE": "ALTUE ANTU MILLAN", "PUEBLO": "MULTICULTURAL"}, "geometry": {"type": "Point", "coordinates": [-71.21324733848789, -32.78809703280805]}}, {"type": "Feature", "id": 45, "properties": {"REGION": "VALPARAÍSO", "COMUNA": "QUILLOTA", "NOMBRE": "ASOCIACIÓN DE PUEBLOS ORIGINARIOS DE QUILLOTA", "PUEBLO": "MULTICULTURAL"}, "geometry": {"type": "Point", "coordinates": [-71.24979496157597, -32.8941959691377]}}, {"type": "Feature", "id": 46, "properties": {"REGION": "VALPARAÍSO", "COMUNA": "QUILLOTA", "NOMBRE": "DIAGUITA ASHPAI MILANKA", "PUEBLO": "DIAGUITA"}, "geometry": {"type": "Point", "coordinates": [-71.25467979447357, -32.88023036957426]}}, {"type": "Feature", "id": 47, "properties": {"REGION": "VALPARAÍSO", "COMUNA": "QUILLOTA", "NOMBRE": "MULTICULTURAL PULLE-CHE DE LA COMUNA DE QUILLOTA", "PUEBLO": "MULTICULTURAL"}, "geometry": {"type": "Point", "coordinates": [-71.26845569922986, -32.93372634700416]}}, {"type": "Feature", "id": 48, "properties": {"REGION": "VALPARAÍSO", "COMUNA": "ALGARROBO", "NOMBRE": "INALAFKEN CHE", "PUEBLO": "MAPUCHE"}, "geometry": {"type": "Point", "coordinates": [-71.66102451716691, -33.37247943492243]}}, {"type": "Feature", "id": 49, "properties": {"REGION": "VALPARAÍSO", "COMUNA": "CARTAGENA", "NOMBRE": "KURUF KALLFU", "PUEBLO": "MAPUCHE"}, "geometry": {"type": "Point", "coordinates": [-71.606357, -33.552407]}}, {"type": "Feature", "id": 50, "properties": {"REGION": "VALPARAÍSO", "COMUNA": "CARTAGENA", "NOMBRE": "PANGYNEWEN", "PUEBLO": "MAPUCHE"}, "geometry": {"type": "Point", "coordinates": [-71.59046856164973, -33.53398189066758]}}, {"type": "Feature", "id": 51, "properties": {"REGION": "VALPARAÍSO", "COMUNA": "CARTAGENA", "NOMBRE": "KALFU KURRÜF DE CARTAGENA", "PUEBLO": "MAPUCHE"}, "geometry": {"type": "Point", "coordinates": [-71.60138, -33.525842]}}, {"type": "Feature", "id": 52, "properties": {"REGION": "VALPARAÍSO", "COMUNA": "EL QUISCO", "NOMBRE": "NEWEN TRAWÜN", "PUEBLO": "MAPUCHE"}, "geometry": {"type": "Point", "coordinates": [-71.6890461482698, -33.37442432819054]}}, {"type": "Feature", "id": 53, "properties": {"REGION": "ÑUBLE", "COMUNA": "RÁNQUIL", "NOMBRE": "ANTU WAW", "PUEBLO": "MAPUCHE"}, "geometry": {"type": "Point", "coordinates": [-72.535198, -36.60358]}}, {"type": "Feature", "id": 54, "properties": {"REGION": "VALPARAÍSO", "COMUNA": "SAN ANTONIO", "NOMBRE": "ASOCIACIÓN INDÍGENA CALAUCAN", "PUEBLO": "MULTICULTURAL"}, "geometry": {"type": "Point", "coordinates": [-71.60375070624957, -33.61083715279248]}}, {"type": "Feature", "id": 55, "properties": {"REGION": "VALPARAÍSO", "COMUNA": "SAN ANTONIO", "NOMBRE": "ASOCIACIÓN INDÍGENA \"FOLIL MAPU\"", "PUEBLO": "MAPUCHE"}, "geometry": {"type": "Point", "coordinates": [-71.6096095204328, -33.57043522066918]}}, {"type": "Feature", "id": 56, "properties": {"REGION": "VALPARAÍSO", "COMUNA": "SAN ANTONIO", "NOMBRE": "RAYEN MAPU CARIMAN", "PUEBLO": "MAPUCHE"}, "geometry": {"type": "Point", "coordinates": [-71.60734723453687, -33.6167137784627]}}, {"type": "Feature", "id": 57, "properties": {"REGION": "VALPARAÍSO", "COMUNA": "SAN ANTONIO", "NOMBRE": "NEWEN LOF LAFKEN", "PUEBLO": "MAPUCHE"}, "geometry": {"type": "Point", "coordinates": [-71.61401011980747, -33.59636645253203]}}, {"type": "Feature", "id": 58, "properties": {"REGION": "VALPARAÍSO", "COMUNA": "SAN ANTONIO", "NOMBRE": "KUIFI RAKIZUAM", "PUEBLO": "MAPUCHE"}, "geometry": {"type": "Point", "coordinates": [-71.60870529486058, -33.60808051054501]}}, {"type": "Feature", "id": 59, "properties": {"REGION": "VALPARAÍSO", "COMUNA": "SAN ANTONIO", "NOMBRE": "TAIÑ MAWIDACHE", "PUEBLO": "MAPUCHE"}, "geometry": {"type": "Point", "coordinates": [-71.60855643375959, -33.57093795695847]}}, {"type": "Feature", "id": 60, "properties": {"REGION": "VALPARAÍSO", "COMUNA": "SAN ANTONIO", "NOMBRE": "RED DE EMPRENDEDORAS (ES) INDÍGENAS DE LA PROVINCIA DE SAN ANTONIO", "PUEBLO": "MULTICULTURAL"}, "geometry": {"type": "Point", "coordinates": [-71.60082157695093, -33.61364237169961]}}, {"type": "Feature", "id": 61, "properties": {"REGION": "VALPARAÍSO", "COMUNA": "CATEMU", "NOMBRE": "PAILLACAR", "PUEBLO": "MULTICULTURAL"}, "geometry": {"type": "Point", "coordinates": [-70.96329786857733, -32.77861219349373]}}, {"type": "Feature", "id": 62, "properties": {"REGION": "VALPARAÍSO", "COMUNA": "CATEMU", "NOMBRE": "WILUF WANGULEN PICUNCHE", "PUEBLO": "MULTICULTURAL"}, "geometry": {"type": "Point", "coordinates": [-70.97024553604756, -32.77572260951791]}}, {"type": "Feature", "id": 63, "properties": {"REGION": "VALPARAÍSO", "COMUNA": "LLAILLAY", "NOMBRE": "AYLLU SUYAY RECHE", "PUEBLO": "MULTICULTURAL"}, "geometry": {"type": "Point", "coordinates": [-70.95583079008198, -32.84109500125011]}}, {"type": "Feature", "id": 64, "properties": {"REGION": "VALPARAÍSO", "COMUNA": "LLAILLAY", "NOMBRE": "LOF MAPUCHE JOSÉ CALQUIN MORALES", "PUEBLO": "MAPUCHE"}, "geometry": {"type": "Point", "coordinates": [-70.95703413913618, -32.84024019234162]}}, {"type": "Feature", "id": 65, "properties": {"REGION": "VALPARAÍSO", "COMUNA": "PUTAENDO", "NOMBRE": "PAILLACAR DE LA COMUNA DE PUTAENDO", "PUEBLO": "MULTICULTURAL"}, "geometry": {"type": "Point", "coordinates": [-70.71783050024794, -32.62149371073865]}}, {"type": "Feature", "id": 66, "properties": {"REGION": "VALPARAÍSO", "COMUNA": "SANTA MARÍA", "NOMBRE": "ASOCIACIÓN \"AGRUPACIÓN MAPUCHE PEWENCHE DE LA COMUNA DE SANTA MARIA\"", "PUEBLO": "MAPUCHE"}, "geometry": {"type": "Point", "coordinates": [-70.65295714544939, -32.74753828725952]}}, {"type": "Feature", "id": 67, "properties": {"REGION": "VALPARAÍSO", "COMUNA": "CONCÓN", "NOMBRE": "DE PUEBLOS ORIGINARIOS LAFKEN KO", "PUEBLO": "MULTICULTURAL"}, "geometry": {"type": "Point", "coordinates": [-71.52701052302662, -32.92964565118694]}}, {"type": "Feature", "id": 68, "properties": {"REGION": "VALPARAÍSO", "COMUNA": "PUCHUNCAVÍ", "NOMBRE": "ALIHUEN DE LA COMUNA DE PUCHUNCAVI", "PUEBLO": "MAPUCHE"}, "geometry": {"type": "Point", "coordinates": [-71.41621099889677, -32.72593236318917]}}, {"type": "Feature", "id": 69, "properties": {"REGION": "VALPARAÍSO", "COMUNA": "QUINTERO", "NOMBRE": "LOF PÖ NEWEN", "PUEBLO": "MULTICULTURAL"}, "geometry": {"type": "Point", "coordinates": [-71.53260955856143, -32.79614953239668]}}, {"type": "Feature", "id": 70, "properties": {"REGION": "VALPARAÍSO", "COMUNA": "VALPARAÍSO", "NOMBRE": "ASOCIACIÓN INDÍGENA COMUNIDAD \"WE FOLILCHE AMULEAIN KINTIL WARHIAMU\"\"", "PUEBLO": "MAPUCHE"}, "geometry": {"type": "Point", "coordinates": [-71.6414809329206, -33.04508359164036]}}, {"type": "Feature", "id": 71, "properties": {"REGION": "VALPARAÍSO", "COMUNA": "VALPARAÍSO", "NOMBRE": "ASOCIACIÓN INDÍGENA MICROEMPRESARIAL KME KDHAUTUFE", "PUEBLO": "MAPUCHE"}, "geometry": {"type": "Point", "coordinates": [-71.6414809329206, -33.04508359164036]}}, {"type": "Feature", "id": 72, "properties": {"REGION": "VALPARAÍSO", "COMUNA": "VALPARAÍSO", "NOMBRE": "ASOCIACIÓN INDÍGENA LAFKEN ANTU \"KECHU\"", "PUEBLO": "MAPUCHE"}, "geometry": {"type": "Point", "coordinates": [-71.63513311086459, -33.04610385617813]}}, {"type": "Feature", "id": 73, "properties": {"REGION": "VALPARAÍSO", "COMUNA": "VALPARAÍSO", "NOMBRE": "TAIHUEL", "PUEBLO": "MULTICULTURAL"}, "geometry": {"type": "Point", "coordinates": [-71.50685422552537, -33.03917843083865]}}, {"type": "Feature", "id": 74, "properties": {"REGION": "VALPARAÍSO", "COMUNA": "VALPARAÍSO", "NOMBRE": "RAYEN FOYE", "PUEBLO": "MAPUCHE"}, "geometry": {"type": "Point", "coordinates": [-71.66317065577212, -33.11616866902595]}}, {"type": "Feature", "id": 75, "properties": {"REGION": "VALPARAÍSO", "COMUNA": "VALPARAÍSO", "NOMBRE": "ASOCIACION INDIGENA MULTICULTURAL PEWMA-SAMKA", "PUEBLO": "MULTICULTURAL"}, "geometry": {"type": "Point", "coordinates": [-71.58935221319514, -33.06309992228353]}}, {"type": "Feature", "id": 76, "properties": {"REGION": "VALPARAÍSO", "COMUNA": "VALPARAÍSO", "NOMBRE": "GUACALAGASTA (DIAGUITA)", "PUEBLO": "DIAGUITA"}, "geometry": {"type": "Point", "coordinates": [-71.64848077700972, -33.0482675335555]}}, {"type": "Feature", "id": 77, "properties": {"REGION": "VALPARAÍSO", "COMUNA": "VALPARAÍSO", "NOMBRE": "DIAGUITA TALINAY", "PUEBLO": "DIAGUITA"}, "geometry": {"type": "Point", "coordinates": [-71.59983011981623, -33.04492162038643]}}, {"type": "Feature", "id": 78, "properties": {"REGION": "VALPARAÍSO", "COMUNA": "VALPARAÍSO", "NOMBRE": "DIAGUITA PAZIOKA", "PUEBLO": "DIAGUITA"}, "geometry": {"type": "Point", "coordinates": [-71.63166113896771, -33.04100243818196]}}, {"type": "Feature", "id": 79, "properties": {"REGION": "VALPARAÍSO", "COMUNA": "VALPARAÍSO", "NOMBRE": "DIAGUITA QUINTILGASTA", "PUEBLO": "DIAGUITA"}, "geometry": {"type": "Point", "coordinates": [-71.64384012236724, -33.06428412726817]}}, {"type": "Feature", "id": 80, "properties": {"REGION": "VALPARAÍSO", "COMUNA": "VIÑA DEL MAR", "NOMBRE": "ASOCIACIÓN INDÍGENA \"ASOCIACIÓN GREMIAL DE MICROEMPRESARIOS INDIGENAS\"", "PUEBLO": "MAPUCHE"}, "geometry": {"type": "Point", "coordinates": [-71.57197179947362, -33.02583625742493]}}, {"type": "Feature", "id": 81, "properties": {"REGION": "VALPARAÍSO", "COMUNA": "VIÑA DEL MAR", "NOMBRE": "ASOCIACIÓN INDÍGENA MAPUCHE \"WILLI KÜRROF\"", "PUEBLO": "MAPUCHE"}, "geometry": {"type": "Point", "coordinates": [-71.57197179947362, -33.02583625742493]}}, {"type": "Feature", "id": 82, "properties": {"REGION": "VALPARAÍSO", "COMUNA": "VIÑA DEL MAR", "NOMBRE": "RHAIEN WARHIA", "PUEBLO": "MAPUCHE"}, "geometry": {"type": "Point", "coordinates": [-71.47960384004541, -32.99473642132962]}}, {"type": "Feature", "id": 83, "properties": {"REGION": "VALPARAÍSO", "COMUNA": "VIÑA DEL MAR", "NOMBRE": "RELMU LAFQUEN", "PUEBLO": "MAPUCHE"}, "geometry": {"type": "Point", "coordinates": [-71.55703235149971, -33.0228400146069]}}, {"type": "Feature", "id": 84, "properties": {"REGION": "VALPARAÍSO", "COMUNA": "VIÑA DEL MAR", "NOMBRE": "ASOCIACION INDIGENA NAG MAPU", "PUEBLO": "MAPUCHE"}, "geometry": {"type": "Point", "coordinates": [-71.54567891453837, -33.04291824438587]}}, {"type": "Feature", "id": 85, "properties": {"REGION": "VALPARAÍSO", "COMUNA": "VIÑA DEL MAR", "NOMBRE": "ASOCIACION INDIGENA NGUILLATUE RELMU RAYEN CHOD LAFKEN", "PUEBLO": "MAPUCHE"}, "geometry": {"type": "Point", "coordinates": [-71.53372754803036, -33.05845820894382]}}, {"type": "Feature", "id": 86, "properties": {"REGION": "VALPARAÍSO", "COMUNA": "VIÑA DEL MAR", "NOMBRE": "WITRA LEWI NI PUCHE", "PUEBLO": "MAPUCHE"}, "geometry": {"type": "Point", "coordinates": [-71.58522759546058, -33.02916721449839]}}, {"type": "Feature", "id": 87, "properties": {"REGION": "VALPARAÍSO", "COMUNA": "VIÑA DEL MAR", "NOMBRE": "TAIÑ LOF", "PUEBLO": "MAPUCHE"}, "geometry": {"type": "Point", "coordinates": [-71.49237379470328, -33.00198652257691]}}, {"type": "Feature", "id": 88, "properties": {"REGION": "METROPOLITANA DE SANTIAGO", "COMUNA": "COLINA", "NOMBRE": "TAÑI RUKA MEU", "PUEBLO": "MAPUCHE"}, "geometry": {"type": "Point", "coordinates": [-70.67021221626096, -33.19042337400896]}}, {"type": "Feature", "id": 89, "properties": {"REGION": "METROPOLITANA DE SANTIAGO", "COMUNA": "COLINA", "NOMBRE": "KUME MONGEN MAPU", "PUEBLO": "MAPUCHE"}, "geometry": {"type": "Point", "coordinates": [-70.88966471339715, -33.29113067071257]}}, {"type": "Feature", "id": 90, "properties": {"REGION": "METROPOLITANA DE SANTIAGO", "COMUNA": "LAMPA", "NOMBRE": "TREN TREN HUINCUL", "PUEBLO": "MAPUCHE"}, "geometry": {"type": "Point", "coordinates": [-70.812912, -33.230115]}}, {"type": "Feature", "id": 91, "properties": {"REGION": "METROPOLITANA DE SANTIAGO", "COMUNA": "LAMPA", "NOMBRE": "WE RAYEN LOF", "PUEBLO": "MAPUCHE"}, "geometry": {"type": "Point", "coordinates": [-70.89234791432052, -33.27947457244717]}}, {"type": "Feature", "id": 92, "properties": {"REGION": "METROPOLITANA DE SANTIAGO", "COMUNA": "LAMPA", "NOMBRE": "ASOCIACION INDIGENA ADKIN TULEN", "PUEBLO": "MULTICULTURAL"}, "geometry": {"type": "Point", "coordinates": [-70.88572335152111, -33.29432756137373]}}, {"type": "Feature", "id": 93, "properties": {"REGION": "METROPOLITANA DE SANTIAGO", "COMUNA": "LAMPA", "NOMBRE": "NEWHÜEN ÑUKE MAPU", "PUEBLO": "MAPUCHE"}, "geometry": {"type": "Point", "coordinates": [-70.90386804993038, -33.19807487819388]}}, {"type": "Feature", "id": 94, "properties": {"REGION": "METROPOLITANA DE SANTIAGO", "COMUNA": "LAMPA", "NOMBRE": "NEHUEN ÑUKE MAPU DE LA PROVINCIA DE CHACABUCO", "PUEBLO": "MAPUCHE"}, "geometry": {"type": "Point", "coordinates": [-70.90386804993038, -33.19807487819388]}}, {"type": "Feature", "id": 95, "properties": {"REGION": "METROPOLITANA DE SANTIAGO", "COMUNA": "LAMPA", "NOMBRE": "MAWUEN", "PUEBLO": "MAPUCHE"}, "geometry": {"type": "Point", "coordinates": [-70.80821048485942, -33.22578386423233]}}, {"type": "Feature", "id": 96, "properties": {"REGION": "METROPOLITANA DE SANTIAGO", "COMUNA": "TILTIL", "NOMBRE": "UNIÓN DE RAÍCES INDÍGENAS", "PUEBLO": "MULTICULTURAL"}, "geometry": {"type": "Point", "coordinates": [-70.92400357636872, -33.08888941719764]}}, {"type": "Feature", "id": 97, "properties": {"REGION": "METROPOLITANA DE SANTIAGO", "COMUNA": "TILTIL", "NOMBRE": "WILLKA MAPU", "PUEBLO": "MAPUCHE"}, "geometry": {"type": "Point", "coordinates": [-70.92400357636872, -33.08888941719764]}}, {"type": "Feature", "id": 98, "properties": {"REGION": "METROPOLITANA DE SANTIAGO", "COMUNA": "PUENTE ALTO", "NOMBRE": "ASOCIACIÓN INDÍGENA RHUMEL MONGE LEAIÑ", "PUEBLO": "MAPUCHE"}, "geometry": {"type": "Point", "coordinates": [-70.56224519452122, -33.57041381561721]}}, {"type": "Feature", "id": 99, "properties": {"REGION": "METROPOLITANA DE SANTIAGO", "COMUNA": "PUENTE ALTO", "NOMBRE": "ASOCIACIÓN INDÍGENA \"ASOCIACIÓN DE MUJERES INDÍGENAS MAPUCHES \"WE FACHANTU DOMO\"\"\"", "PUEBLO": "MAPUCHE"}, "geometry": {"type": "Point", "coordinates": [-70.56264948533325, -33.57032478812664]}}, {"type": "Feature", "id": 100, "properties": {"REGION": "METROPOLITANA DE SANTIAGO", "COMUNA": "PUENTE ALTO", "NOMBRE": "ASOCIACIÓN INDÍGENA MICROEMPRESARIO MAPUCHE DE PUENTE ALTO \"WE PEÜTUN\"", "PUEBLO": "MAPUCHE"}, "geometry": {"type": "Point", "coordinates": [-70.60821310107107, -33.58707060043236]}}, {"type": "Feature", "id": 101, "properties": {"REGION": "METROPOLITANA DE SANTIAGO", "COMUNA": "PUENTE ALTO", "NOMBRE": "ASOCIACIÓN INDÍGENA DE ALLEGADOS MAPUCHE ANTUCO DE PUENTE ALTO", "PUEBLO": "MAPUCHE"}, "geometry": {"type": "Point", "coordinates": [-70.58564987740395, -33.57993655642585]}}, {"type": "Feature", "id": 102, "properties": {"REGION": "METROPOLITANA DE SANTIAGO", "COMUNA": "PUENTE ALTO", "NOMBRE": "WEFTUN MAPU", "PUEBLO": "MAPUCHE"}, "geometry": {"type": "Point", "coordinates": [-70.62292099077932, -33.61299710269336]}}, {"type": "Feature", "id": 103, "properties": {"REGION": "METROPOLITANA DE SANTIAGO", "COMUNA": "PUENTE ALTO", "NOMBRE": "ALLIWUEM DOMO", "PUEBLO": "MAPUCHE"}, "geometry": {"type": "Point", "coordinates": [-70.62496022548372, -33.62416478560279]}}, {"type": "Feature", "id": 104, "properties": {"REGION": "METROPOLITANA DE SANTIAGO", "COMUNA": "PUENTE ALTO", "NOMBRE": "KUME WENUY", "PUEBLO": "MAPUCHE"}, "geometry": {"type": "Point", "coordinates": [-70.60361203618066, -33.5843124872443]}}, {"type": "Feature", "id": 105, "properties": {"REGION": "METROPOLITANA DE SANTIAGO", "COMUNA": "PUENTE ALTO", "NOMBRE": "TRAWUN WUENEI", "PUEBLO": "MAPUCHE"}, "geometry": {"type": "Point", "coordinates": [-70.60677123191326, -33.62261622153132]}}, {"type": "Feature", "id": 106, "properties": {"REGION": "METROPOLITANA DE SANTIAGO", "COMUNA": "PUENTE ALTO", "NOMBRE": "NEWEN WAKOLDA", "PUEBLO": "MAPUCHE"}, "geometry": {"type": "Point", "coordinates": [-70.58174852988344, -33.57781648964573]}}, {"type": "Feature", "id": 107, "properties": {"REGION": "METROPOLITANA DE SANTIAGO", "COMUNA": "PUENTE ALTO", "NOMBRE": "NEWEN WE KUYEN", "PUEBLO": "MAPUCHE"}, "geometry": {"type": "Point", "coordinates": [-70.58124624129823, -33.5767696210256]}}, {"type": "Feature", "id": 108, "properties": {"REGION": "METROPOLITANA DE SANTIAGO", "COMUNA": "PUENTE ALTO", "NOMBRE": "PEWEN MAPU", "PUEBLO": "MAPUCHE"}, "geometry": {"type": "Point", "coordinates": [-70.60766833539714, -33.62938934966934]}}, {"type": "Feature", "id": 109, "properties": {"REGION": "METROPOLITANA DE SANTIAGO", "COMUNA": "PUENTE ALTO", "NOMBRE": "WIÑAY MARKA", "PUEBLO": "AYMARA"}, "geometry": {"type": "Point", "coordinates": [-70.59391426868252, -33.6275029675277]}}, {"type": "Feature", "id": 110, "properties": {"REGION": "METROPOLITANA DE SANTIAGO", "COMUNA": "PUENTE ALTO", "NOMBRE": "KUYFI KIMÜN", "PUEBLO": "MAPUCHE"}, "geometry": {"type": "Point", "coordinates": [-70.60818118558336, -33.61726578195788]}}, {"type": "Feature", "id": 111, "properties": {"REGION": "METROPOLITANA DE SANTIAGO", "COMUNA": "PUENTE ALTO", "NOMBRE": "PETÜ MONGELEIN", "PUEBLO": "MULTICULTURAL"}, "geometry": {"type": "Point", "coordinates": [-70.6223464509928, -33.63277733896088]}}, {"type": "Feature", "id": 112, "properties": {"REGION": "METROPOLITANA DE SANTIAGO", "COMUNA": "PUENTE ALTO", "NOMBRE": "REÑMA MAPUCHE", "PUEBLO": "MAPUCHE"}, "geometry": {"type": "Point", "coordinates": [-70.60404933580836, -33.58381092589331]}}, {"type": "Feature", "id": 113, "properties": {"REGION": "METROPOLITANA DE SANTIAGO", "COMUNA": "PUENTE ALTO", "NOMBRE": "ASOCIACIÓN DE PUEBLOS ORIGINARIOS COIPUCO", "PUEBLO": "MAPUCHE"}, "geometry": {"type": "Point", "coordinates": [-70.60754930550699, -33.58839442572163]}}, {"type": "Feature", "id": 114, "properties": {"REGION": "METROPOLITANA DE SANTIAGO", "COMUNA": "PUENTE ALTO", "NOMBRE": "MELI FOLIL WINKUL DE LA ETNIA MAPUCHE", "PUEBLO": "MAPUCHE"}, "geometry": {"type": "Point", "coordinates": [-70.58047434403323, -33.62788303985549]}}, {"type": "Feature", "id": 115, "properties": {"REGION": "METROPOLITANA DE SANTIAGO", "COMUNA": "PUENTE ALTO", "NOMBRE": "MONGUETUN", "PUEBLO": "MAPUCHE"}, "geometry": {"type": "Point", "coordinates": [-70.57249074263521, -33.60718213176151]}}, {"type": "Feature", "id": 116, "properties": {"REGION": "METROPOLITANA DE SANTIAGO", "COMUNA": "BUIN", "NOMBRE": "ASOCIACIÓN INDÍGENA MAPUCHE COLAHUEN", "PUEBLO": "MAPUCHE"}, "geometry": {"type": "Point", "coordinates": [-70.74145737820481, -33.72871432082881]}}, {"type": "Feature", "id": 117, "properties": {"REGION": "METROPOLITANA DE SANTIAGO", "COMUNA": "BUIN", "NOMBRE": "KUMEI NÜTRAM", "PUEBLO": "MAPUCHE"}, "geometry": {"type": "Point", "coordinates": [-70.73998653507161, -33.7268538446293]}}, {"type": "Feature", "id": 118, "properties": {"REGION": "METROPOLITANA DE SANTIAGO", "COMUNA": "BUIN", "NOMBRE": "FOLIL MAPÜ", "PUEBLO": "MAPUCHE"}, "geometry": {"type": "Point", "coordinates": [-70.770196, -33.799635]}}, {"type": "Feature", "id": 119, "properties": {"REGION": "METROPOLITANA DE SANTIAGO", "COMUNA": "CALERA DE TANGO", "NOMBRE": "JACH´A MARKA", "PUEBLO": "MULTICULTURAL"}, "geometry": {"type": "Point", "coordinates": [-70.76856405112042, -33.57328179864064]}}, {"type": "Feature", "id": 120, "properties": {"REGION": "METROPOLITANA DE SANTIAGO", "COMUNA": "PAINE", "NOMBRE": "RAYEN DE PAINE", "PUEBLO": "MAPUCHE"}, "geometry": {"type": "Point", "coordinates": [-70.73646943431177, -33.80483633913141]}}, {"type": "Feature", "id": 121, "properties": {"REGION": "METROPOLITANA DE SANTIAGO", "COMUNA": "PAINE", "NOMBRE": "EL PEHUEN", "PUEBLO": "MAPUCHE"}, "geometry": {"type": "Point", "coordinates": [-70.655582, -33.796202]}}, {"type": "Feature", "id": 122, "properties": {"REGION": "METROPOLITANA DE SANTIAGO", "COMUNA": "SAN BERNARDO", "NOMBRE": "ASOCIACIÓN INDÍGENA NEHUENTUAIN DE SAN BERNARDO", "PUEBLO": "MAPUCHE"}, "geometry": {"type": "Point", "coordinates": [-70.69544626879858, -33.59948358076997]}}, {"type": "Feature", "id": 123, "properties": {"REGION": "METROPOLITANA DE SANTIAGO", "COMUNA": "SAN BERNARDO", "NOMBRE": "MONGEN MAPU", "PUEBLO": "MAPUCHE"}, "geometry": {"type": "Point", "coordinates": [-70.70954844112599, -33.59130043195999]}}, {"type": "Feature", "id": 124, "properties": {"REGION": "METROPOLITANA DE SANTIAGO", "COMUNA": "SAN BERNARDO", "NOMBRE": "TRAFKÛLEY TAIÑ RELMAWEN", "PUEBLO": "MAPUCHE"}, "geometry": {"type": "Point", "coordinates": [-70.67060828502117, -33.5941309105725]}}, {"type": "Feature", "id": 125, "properties": {"REGION": "METROPOLITANA DE SANTIAGO", "COMUNA": "SAN BERNARDO", "NOMBRE": "WARRIACHE KOLILLEO", "PUEBLO": "MAPUCHE"}, "geometry": {"type": "Point", "coordinates": [-70.66708410633625, -33.58940510238601]}}, {"type": "Feature", "id": 126, "properties": {"REGION": "METROPOLITANA DE SANTIAGO", "COMUNA": "SAN BERNARDO", "NOMBRE": "MAPUCHE SUYAI", "PUEBLO": "MAPUCHE"}, "geometry": {"type": "Point", "coordinates": [-70.67521592935623, -33.59105407315117]}}, {"type": "Feature", "id": 127, "properties": {"REGION": "METROPOLITANA DE SANTIAGO", "COMUNA": "SAN BERNARDO", "NOMBRE": "MAPUCHE PEUMAYEN", "PUEBLO": "MAPUCHE"}, "geometry": {"type": "Point", "coordinates": [-70.71071374629894, -33.57673349558097]}}, {"type": "Feature", "id": 128, "properties": {"REGION": "METROPOLITANA DE SANTIAGO", "COMUNA": "SAN BERNARDO", "NOMBRE": "MAPUCHE INALEN RÜPU", "PUEBLO": "MAPUCHE"}, "geometry": {"type": "Point", "coordinates": [-70.71142100880094, -33.57967633308432]}}, {"type": "Feature", "id": 129, "properties": {"REGION": "METROPOLITANA DE SANTIAGO", "COMUNA": "MARÍA PINTO", "NOMBRE": "ASOCIACION INDIGENA DE LA COMUNA DE MARIA PINTO", "PUEBLO": "MAPUCHE"}, "geometry": {"type": "Point", "coordinates": [-71.07894846894094, -33.46173296950149]}}, {"type": "Feature", "id": 130, "properties": {"REGION": "METROPOLITANA DE SANTIAGO", "COMUNA": "MELIPILLA", "NOMBRE": "ASOCIACIÓN INDÍGENA AMOTUYÜ MELIPILLA", "PUEBLO": "MAPUCHE"}, "geometry": {"type": "Point", "coordinates": [-71.2303471822819, -33.68481758575921]}}, {"type": "Feature", "id": 131, "properties": {"REGION": "METROPOLITANA DE SANTIAGO", "COMUNA": "MELIPILLA", "NOMBRE": "CONSEJO INDÍGENA AMOTUYIN", "PUEBLO": "MULTICULTURAL"}, "geometry": {"type": "Point", "coordinates": [-71.2303471822819, -33.68481758575921]}}, {"type": "Feature", "id": 132, "properties": {"REGION": "METROPOLITANA DE SANTIAGO", "COMUNA": "MELIPILLA", "NOMBRE": "ALUN MEU RAYUN", "PUEBLO": "MAPUCHE"}, "geometry": {"type": "Point", "coordinates": [-70.80924937410548, -33.57429616697477]}}, {"type": "Feature", "id": 133, "properties": {"REGION": "METROPOLITANA DE SANTIAGO", "COMUNA": "MELIPILLA", "NOMBRE": "MELI PÜLLÜ ÑI FOLIL", "PUEBLO": "MAPUCHE"}, "geometry": {"type": "Point", "coordinates": [-71.282362639467, -33.65610227534042]}}, {"type": "Feature", "id": 134, "properties": {"REGION": "METROPOLITANA DE SANTIAGO", "COMUNA": "SAN PEDRO", "NOMBRE": "RAYEN MAPU", "PUEBLO": "MAPUCHE"}, "geometry": {"type": "Point", "coordinates": [-71.51495509890529, -33.91993416014284]}}, {"type": "Feature", "id": 135, "properties": {"REGION": "METROPOLITANA DE SANTIAGO", "COMUNA": "CERRILLOS", "NOMBRE": "RAYEN BOYE", "PUEBLO": "MULTICULTURAL"}, "geometry": {"type": "Point", "coordinates": [-70.71680552308628, -33.48063715261299]}}, {"type": "Feature", "id": 136, "properties": {"REGION": "METROPOLITANA DE SANTIAGO", "COMUNA": "CERRO NAVIA", "NOMBRE": "ASOCIACIÓN INDÍGENA KATRIWALA", "PUEBLO": "MAPUCHE"}, "geometry": {"type": "Point", "coordinates": [-70.72812353621306, -33.41812919691873]}}, {"type": "Feature", "id": 137, "properties": {"REGION": "METROPOLITANA DE SANTIAGO", "COMUNA": "CERRO NAVIA", "NOMBRE": "ASOCIACIÓN INDÍGENA KIÑE RAKIDUAN KVIFIQUECHE MAPU", "PUEBLO": "MAPUCHE"}, "geometry": {"type": "Point", "coordinates": [-70.74234961065072, -33.42114514138201]}}, {"type": "Feature", "id": 138, "properties": {"REGION": "METROPOLITANA DE SANTIAGO", "COMUNA": "CERRO NAVIA", "NOMBRE": "ASOCIACIÓN INDÍGENA FOLILAIN FUTA KE CHE EN LA CIUDAD", "PUEBLO": "MAPUCHE"}, "geometry": {"type": "Point", "coordinates": [-70.72980531467245, -33.41687585663734]}}, {"type": "Feature", "id": 139, "properties": {"REGION": "METROPOLITANA DE SANTIAGO", "COMUNA": "CERRO NAVIA", "NOMBRE": "ASOCIACIÓN INDÍGENA \"KIME LIWEN\"", "PUEBLO": "MAPUCHE"}, "geometry": {"type": "Point", "coordinates": [-70.75026809713384, -33.4153177027644]}}, {"type": "Feature", "id": 140, "properties": {"REGION": "METROPOLITANA DE SANTIAGO", "COMUNA": "CERRO NAVIA", "NOMBRE": "ASOCIACIÓN INDÍGENA \"WEFTUY TAIÑ MAPUCHE NEWEN\"", "PUEBLO": "MAPUCHE"}, "geometry": {"type": "Point", "coordinates": [-70.74247500295223, -33.41874491223641]}}, {"type": "Feature", "id": 141, "properties": {"REGION": "METROPOLITANA DE SANTIAGO", "COMUNA": "CERRO NAVIA", "NOMBRE": "WE RAKIZUAM", "PUEBLO": "MAPUCHE"}, "geometry": {"type": "Point", "coordinates": [-70.74971781476462, -33.41607789192462]}}, {"type": "Feature", "id": 142, "properties": {"REGION": "METROPOLITANA DE SANTIAGO", "COMUNA": "CERRO NAVIA", "NOMBRE": "WITRUNKO", "PUEBLO": "MAPUCHE"}, "geometry": {"type": "Point", "coordinates": [-70.75972068318217, -33.41496114818131]}}, {"type": "Feature", "id": 143, "properties": {"REGION": "METROPOLITANA DE SANTIAGO", "COMUNA": "CERRO NAVIA", "NOMBRE": "CONSEJO MAPUCHE KIÑEWKULEAIÑ TAIÑ RAKIDUAM", "PUEBLO": "MAPUCHE"}, "geometry": {"type": "Point", "coordinates": [-70.73512489335087, -33.42064461216037]}}, {"type": "Feature", "id": 144, "properties": {"REGION": "METROPOLITANA DE SANTIAGO", "COMUNA": "CERRO NAVIA", "NOMBRE": "ÑUKE MAPU", "PUEBLO": "MAPUCHE"}, "geometry": {"type": "Point", "coordinates": [-70.72151820432026, -33.41874191854674]}}, {"type": "Feature", "id": 145, "properties": {"REGION": "METROPOLITANA DE SANTIAGO", "COMUNA": "CERRO NAVIA", "NOMBRE": "NEWEN RUKACURA", "PUEBLO": "MAPUCHE"}, "geometry": {"type": "Point", "coordinates": [-70.72151820432026, -33.41874191854674]}}, {"type": "Feature", "id": 146, "properties": {"REGION": "METROPOLITANA DE SANTIAGO", "COMUNA": "CERRO NAVIA", "NOMBRE": "CHOYIM FOLIL", "PUEBLO": "MAPUCHE"}, "geometry": {"type": "Point", "coordinates": [-70.73551079288879, -33.42631185772397]}}, {"type": "Feature", "id": 147, "properties": {"REGION": "METROPOLITANA DE SANTIAGO", "COMUNA": "CERRO NAVIA", "NOMBRE": "MAPUCHE O NEWEN KE PU ZOMOCHE FUERZA DE MUJERES", "PUEBLO": "MAPUCHE"}, "geometry": {"type": "Point", "coordinates": [-70.73551079288879, -33.42631185772397]}}, {"type": "Feature", "id": 148, "properties": {"REGION": "METROPOLITANA DE SANTIAGO", "COMUNA": "CERRO NAVIA", "NOMBRE": "LIFKO", "PUEBLO": "MAPUCHE"}, "geometry": {"type": "Point", "coordinates": [-70.73357792072797, -33.41271355632861]}}, {"type": "Feature", "id": 149, "properties": {"REGION": "METROPOLITANA DE SANTIAGO", "COMUNA": "CERRO NAVIA", "NOMBRE": "TAIN NEWEN RUKA MAPU", "PUEBLO": "MAPUCHE"}, "geometry": {"type": "Point", "coordinates": [-70.76527699784455, -33.42012278114528]}}, {"type": "Feature", "id": 150, "properties": {"REGION": "METROPOLITANA DE SANTIAGO", "COMUNA": "CERRO NAVIA", "NOMBRE": "EPU TAIN NEWEN RUKA MAPU", "PUEBLO": "MAPUCHE"}, "geometry": {"type": "Point", "coordinates": [-70.76527699784455, -33.42012278114528]}}, {"type": "Feature", "id": 151, "properties": {"REGION": "METROPOLITANA DE SANTIAGO", "COMUNA": "CERRO NAVIA", "NOMBRE": "NEWEN WARRIACHE", "PUEBLO": "MAPUCHE"}, "geometry": {"type": "Point", "coordinates": [-70.74536804154543, -33.41821170432917]}}, {"type": "Feature", "id": 152, "properties": {"REGION": "METROPOLITANA DE SANTIAGO", "COMUNA": "CONCHALÍ", "NOMBRE": "ASOCIACION INDIGENA NEWEN CONCHALI", "PUEBLO": "MAPUCHE"}, "geometry": {"type": "Point", "coordinates": [-70.66720569542159, -33.3793417523303]}}, {"type": "Feature", "id": 153, "properties": {"REGION": "METROPOLITANA DE SANTIAGO", "COMUNA": "CONCHALÍ", "NOMBRE": "MAPUCHE CONCHALÍ", "PUEBLO": "MAPUCHE"}, "geometry": {"type": "Point", "coordinates": [-70.66518826854566, -33.37752249718709]}}, {"type": "Feature", "id": 154, "properties": {"REGION": "METROPOLITANA DE SANTIAGO", "COMUNA": "EL BOSQUE", "NOMBRE": "ASOCIACIÓN INDÍGENA \"PETU MOGUELEIN MAHUIDACHE\"", "PUEBLO": "MAPUCHE"}, "geometry": {"type": "Point", "coordinates": [-70.66172496584313, -33.55928489088058]}}, {"type": "Feature", "id": 155, "properties": {"REGION": "METROPOLITANA DE SANTIAGO", "COMUNA": "EL BOSQUE", "NOMBRE": "ASOCIACIÓN INDÍGENA FOLILL MAWIDA", "PUEBLO": "MAPUCHE"}, "geometry": {"type": "Point", "coordinates": [-70.67116070452524, -33.57135632113844]}}, {"type": "Feature", "id": 156, "properties": {"REGION": "METROPOLITANA DE SANTIAGO", "COMUNA": "EL BOSQUE", "NOMBRE": "KOM NEHUENTULEIÑ PU CHENGUEN", "PUEBLO": "MAPUCHE"}, "geometry": {"type": "Point", "coordinates": [-70.6550665920164, -33.55488034691915]}}, {"type": "Feature", "id": 157, "properties": {"REGION": "METROPOLITANA DE SANTIAGO", "COMUNA": "EL BOSQUE", "NOMBRE": "ASOCIACION DE MICROEMPRESARIOS ETNICOS", "PUEBLO": "MAPUCHE"}, "geometry": {"type": "Point", "coordinates": [-70.67788252843175, -33.57922558434606]}}, {"type": "Feature", "id": 158, "properties": {"REGION": "METROPOLITANA DE SANTIAGO", "COMUNA": "EL BOSQUE", "NOMBRE": "RAYEN TRIWE MAPU", "PUEBLO": "MAPUCHE"}, "geometry": {"type": "Point", "coordinates": [-70.6705356098762, -33.57292791206395]}}, {"type": "Feature", "id": 159, "properties": {"REGION": "METROPOLITANA DE SANTIAGO", "COMUNA": "EL BOSQUE", "NOMBRE": "TRÜR TREMÜAÑ", "PUEBLO": "MAPUCHE"}, "geometry": {"type": "Point", "coordinates": [-70.65621779761283, -33.55750476620668]}}, {"type": "Feature", "id": 160, "properties": {"REGION": "METROPOLITANA DE SANTIAGO", "COMUNA": "ESTACIÓN CENTRAL", "NOMBRE": "ASOCIACIÓN INDÍGENA MAHUIDA CHE", "PUEBLO": "MAPUCHE"}, "geometry": {"type": "Point", "coordinates": [-70.71126026819215, -33.47500823525407]}}, {"type": "Feature", "id": 161, "properties": {"REGION": "METROPOLITANA DE SANTIAGO", "COMUNA": "ESTACIÓN CENTRAL", "NOMBRE": "ALGOLCHE", "PUEBLO": "MAPUCHE"}, "geometry": {"type": "Point", "coordinates": [-70.68357864862854, -33.45873555502754]}}, {"type": "Feature", "id": 162, "properties": {"REGION": "METROPOLITANA DE SANTIAGO", "COMUNA": "ESTACIÓN CENTRAL", "NOMBRE": "RAYEN ANTÜ", "PUEBLO": "MAPUCHE"}, "geometry": {"type": "Point", "coordinates": [-70.71228547529714, -33.46943623044948]}}, {"type": "Feature", "id": 163, "properties": {"REGION": "METROPOLITANA DE SANTIAGO", "COMUNA": "ESTACIÓN CENTRAL", "NOMBRE": "WE NEWEN MAPUCHE", "PUEBLO": "MAPUCHE"}, "geometry": {"type": "Point", "coordinates": [-70.71075022909415, -33.47717732723167]}}, {"type": "Feature", "id": 164, "properties": {"REGION": "METROPOLITANA DE SANTIAGO", "COMUNA": "ESTACIÓN CENTRAL", "NOMBRE": "WE MONGEN DE ESTACIÓN CENTRAL", "PUEBLO": "MAPUCHE"}, "geometry": {"type": "Point", "coordinates": [-70.69688671189704, -33.45402580861514]}}, {"type": "Feature", "id": 165, "properties": {"REGION": "METROPOLITANA DE SANTIAGO", "COMUNA": "HUECHURABA", "NOMBRE": "ASOCIACIÓN INDÍGENA \"DHEGÑ - WINKUL\"", "PUEBLO": "MAPUCHE"}, "geometry": {"type": "Point", "coordinates": [-70.63329983086466, -33.37893420919305]}}, {"type": "Feature", "id": 166, "properties": {"REGION": "METROPOLITANA DE SANTIAGO", "COMUNA": "HUECHURABA", "NOMBRE": "HUECHURABA ÑI PU CHOYÜN", "PUEBLO": "MAPUCHE"}, "geometry": {"type": "Point", "coordinates": [-70.63357808806705, -33.36855357743384]}}, {"type": "Feature", "id": 167, "properties": {"REGION": "METROPOLITANA DE SANTIAGO", "COMUNA": "INDEPENDENCIA", "NOMBRE": "ASOCIACIÓN INDÍGENA MAPUCHE \"COFQUECURRA\"", "PUEBLO": "MAPUCHE"}, "geometry": {"type": "Point", "coordinates": [-70.65547740526762, -33.42639312234639]}}, {"type": "Feature", "id": 168, "properties": {"REGION": "METROPOLITANA DE SANTIAGO", "COMUNA": "INDEPENDENCIA", "NOMBRE": "KIÑEW KÜLE TUAYIÑ", "PUEBLO": "MAPUCHE"}, "geometry": {"type": "Point", "coordinates": [-70.66268391751636, -33.40512668975654]}}, {"type": "Feature", "id": 169, "properties": {"REGION": "METROPOLITANA DE SANTIAGO", "COMUNA": "LA CISTERNA", "NOMBRE": "ASOCIACIÓN INDÍGENA REGLE MAPU", "PUEBLO": "MAPUCHE"}, "geometry": {"type": "Point", "coordinates": [-70.66600682129251, -33.53227841282722]}}, {"type": "Feature", "id": 170, "properties": {"REGION": "METROPOLITANA DE SANTIAGO", "COMUNA": "LA CISTERNA", "NOMBRE": "FOLIL MAPU", "PUEBLO": "MAPUCHE"}, "geometry": {"type": "Point", "coordinates": [-70.6721528183981, -33.53700722538598]}}, {"type": "Feature", "id": 171, "properties": {"REGION": "METROPOLITANA DE SANTIAGO", "COMUNA": "LA CISTERNA", "NOMBRE": "NEHUEN PU LAGMEN", "PUEBLO": "MAPUCHE"}, "geometry": {"type": "Point", "coordinates": [-70.67233210162574, -33.51551976255667]}}, {"type": "Feature", "id": 172, "properties": {"REGION": "METROPOLITANA DE SANTIAGO", "COMUNA": "LA CISTERNA", "NOMBRE": "ASOCIACIÓN NACIONAL DE EDUCADORAS Y EDUCADORES DE LENGUA Y CULTURA INDÍGENA", "PUEBLO": "MULTICULTURAL"}, "geometry": {"type": "Point", "coordinates": [-70.67092679975894, -33.51553863368235]}}, {"type": "Feature", "id": 173, "properties": {"REGION": "METROPOLITANA DE SANTIAGO", "COMUNA": "LA FLORIDA", "NOMBRE": "ASOCIACIÓN INDÍGENA \"LELFUNCHE\"", "PUEBLO": "MAPUCHE"}, "geometry": {"type": "Point", "coordinates": [-70.56862497143122, -33.5354974559042]}}, {"type": "Feature", "id": 174, "properties": {"REGION": "METROPOLITANA DE SANTIAGO", "COMUNA": "LA FLORIDA", "NOMBRE": "ASOCIACIÓN INDÍGENA MAPUCHE \"HUE RAYEN MAPU\"", "PUEBLO": "MAPUCHE"}, "geometry": {"type": "Point", "coordinates": [-70.58917666379922, -33.51705940884553]}}, {"type": "Feature", "id": 175, "properties": {"REGION": "METROPOLITANA DE SANTIAGO", "COMUNA": "LA FLORIDA", "NOMBRE": "KALLFULICAN", "PUEBLO": "MAPUCHE"}, "geometry": {"type": "Point", "coordinates": [-70.54971892149621, -33.51504704682085]}}, {"type": "Feature", "id": 176, "properties": {"REGION": "METROPOLITANA DE SANTIAGO", "COMUNA": "LA FLORIDA", "NOMBRE": "ASOCIACIÓN INDÍGENA RAYEN COSKLLA", "PUEBLO": "MAPUCHE"}, "geometry": {"type": "Point", "coordinates": [-70.57971939416926, -33.51749403086549]}}, {"type": "Feature", "id": 177, "properties": {"REGION": "METROPOLITANA DE SANTIAGO", "COMUNA": "LA FLORIDA", "NOMBRE": "ASOCIACIÓN INDÍGENA KIÑE HUE CHOYNG", "PUEBLO": "MAPUCHE"}, "geometry": {"type": "Point", "coordinates": [-70.57499912244289, -33.51733274937671]}}, {"type": "Feature", "id": 178, "properties": {"REGION": "METROPOLITANA DE SANTIAGO", "COMUNA": "LA FLORIDA", "NOMBRE": "ASOCIACIÓN INDÍGENA KIÑE HUE LIHUEN HUARRIA MAPUCHE", "PUEBLO": "MAPUCHE"}, "geometry": {"type": "Point", "coordinates": [-70.5742907531899, -33.51459450738889]}}, {"type": "Feature", "id": 179, "properties": {"REGION": "METROPOLITANA DE SANTIAGO", "COMUNA": "LA FLORIDA", "NOMBRE": "ASOCIACIÓN INDÍGENA NEHUEN KO LEUFU", "PUEBLO": "MAPUCHE"}, "geometry": {"type": "Point", "coordinates": [-70.60168744861613, -33.5375006556277]}}, {"type": "Feature", "id": 180, "properties": {"REGION": "METROPOLITANA DE SANTIAGO", "COMUNA": "LA FLORIDA", "NOMBRE": "FOYE LAWEN", "PUEBLO": "MAPUCHE"}, "geometry": {"type": "Point", "coordinates": [-70.60168744861613, -33.5375006556277]}}, {"type": "Feature", "id": 181, "properties": {"REGION": "METROPOLITANA DE SANTIAGO", "COMUNA": "LA FLORIDA", "NOMBRE": "ASOCIACIÓN INDÍGENA LLUG KYM HUE HUARRIA", "PUEBLO": "MAPUCHE"}, "geometry": {"type": "Point", "coordinates": [-70.60790207663744, -33.5572380955124]}}, {"type": "Feature", "id": 182, "properties": {"REGION": "BIOBÍO", "COMUNA": "CONTULMO", "NOMBRE": "LUIS ALONSO DE TRICAUCO", "PUEBLO": "MAPUCHE"}, "geometry": {"type": "Point", "coordinates": [-73.217652, -38.152335]}}, {"type": "Feature", "id": 183, "properties": {"REGION": "METROPOLITANA DE SANTIAGO", "COMUNA": "LA FLORIDA", "NOMBRE": "NEWEN WENECHEN", "PUEBLO": "MAPUCHE"}, "geometry": {"type": "Point", "coordinates": [-70.60925628285007, -33.56602724207514]}}, {"type": "Feature", "id": 184, "properties": {"REGION": "METROPOLITANA DE SANTIAGO", "COMUNA": "LA FLORIDA", "NOMBRE": "ASOCIACION DE JOVENES MAPUCHE WECHEKECHE ÑI TRAWUN", "PUEBLO": "MAPUCHE"}, "geometry": {"type": "Point", "coordinates": [-70.59431777945166, -33.5393699003632]}}, {"type": "Feature", "id": 185, "properties": {"REGION": "METROPOLITANA DE SANTIAGO", "COMUNA": "LA FLORIDA", "NOMBRE": "RAYEN MAPU", "PUEBLO": "MAPUCHE"}, "geometry": {"type": "Point", "coordinates": [-70.60748701674652, -33.55993970539805]}}, {"type": "Feature", "id": 186, "properties": {"REGION": "METROPOLITANA DE SANTIAGO", "COMUNA": "LA FLORIDA", "NOMBRE": "WE FOLIL DOMO", "PUEBLO": "MAPUCHE"}, "geometry": {"type": "Point", "coordinates": [-70.59571594030332, -33.53604825744262]}}, {"type": "Feature", "id": 187, "properties": {"REGION": "METROPOLITANA DE SANTIAGO", "COMUNA": "LA FLORIDA", "NOMBRE": "WIÑOCHOYUKEY TAIÑ FOLIL", "PUEBLO": "MAPUCHE"}, "geometry": {"type": "Point", "coordinates": [-70.6055073739926, -33.54045228572017]}}, {"type": "Feature", "id": 188, "properties": {"REGION": "METROPOLITANA DE SANTIAGO", "COMUNA": "LA GRANJA", "NOMBRE": "ASOCIACIÓN INDÍGENA TRAWUN MAPU", "PUEBLO": "MAPUCHE"}, "geometry": {"type": "Point", "coordinates": [-70.63196741773216, -33.53392352849361]}}, {"type": "Feature", "id": 189, "properties": {"REGION": "METROPOLITANA DE SANTIAGO", "COMUNA": "LA GRANJA", "NOMBRE": "ASOCIACIÓN INDÍGENA MAPUCHE WE TRRIPANTO", "PUEBLO": "MAPUCHE"}, "geometry": {"type": "Point", "coordinates": [-70.63010597993188, -33.55305944967505]}}, {"type": "Feature", "id": 190, "properties": {"REGION": "METROPOLITANA DE SANTIAGO", "COMUNA": "LA GRANJA", "NOMBRE": "ASOCIACIÓN INDÍGENA KALLFU WENU", "PUEBLO": "MAPUCHE"}, "geometry": {"type": "Point", "coordinates": [-70.6175080240118, -33.51428817980778]}}, {"type": "Feature", "id": 191, "properties": {"REGION": "METROPOLITANA DE SANTIAGO", "COMUNA": "LA GRANJA", "NOMBRE": "NEWEN PEÑI", "PUEBLO": "MAPUCHE"}, "geometry": {"type": "Point", "coordinates": [-70.61961574678777, -33.52078548832869]}}, {"type": "Feature", "id": 192, "properties": {"REGION": "METROPOLITANA DE SANTIAGO", "COMUNA": "LA GRANJA", "NOMBRE": "ASOCIACION INDIGENA WERKEN MAPU", "PUEBLO": "MAPUCHE"}, "geometry": {"type": "Point", "coordinates": [-70.63025090147846, -33.52262922003096]}}, {"type": "Feature", "id": 193, "properties": {"REGION": "METROPOLITANA DE SANTIAGO", "COMUNA": "LA GRANJA", "NOMBRE": "KÛLA LOF", "PUEBLO": "MAPUCHE"}, "geometry": {"type": "Point", "coordinates": [-70.63040197613198, -33.55394103557963]}}, {"type": "Feature", "id": 194, "properties": {"REGION": "METROPOLITANA DE SANTIAGO", "COMUNA": "LA GRANJA", "NOMBRE": "LOS SIN TIERRA", "PUEBLO": "MAPUCHE"}, "geometry": {"type": "Point", "coordinates": [-70.61686087495379, -33.52571364041705]}}, {"type": "Feature", "id": 195, "properties": {"REGION": "METROPOLITANA DE SANTIAGO", "COMUNA": "LA GRANJA", "NOMBRE": "ASOCIACION INDIGENA LAKUTUN", "PUEBLO": "MAPUCHE"}, "geometry": {"type": "Point", "coordinates": [-70.62616642948134, -33.54813512964866]}}, {"type": "Feature", "id": 196, "properties": {"REGION": "METROPOLITANA DE SANTIAGO", "COMUNA": "LA GRANJA", "NOMBRE": "RAKIDUAM MAPUCHE", "PUEBLO": "MAPUCHE"}, "geometry": {"type": "Point", "coordinates": [-70.61980982353955, -33.54940943913109]}}, {"type": "Feature", "id": 197, "properties": {"REGION": "METROPOLITANA DE SANTIAGO", "COMUNA": "LA GRANJA", "NOMBRE": "CHINKO FOYE", "PUEBLO": "MAPUCHE"}, "geometry": {"type": "Point", "coordinates": [-70.62111544193593, -33.52247586828604]}}, {"type": "Feature", "id": 198, "properties": {"REGION": "METROPOLITANA DE SANTIAGO", "COMUNA": "LA GRANJA", "NOMBRE": "CONSEJO LONKO MANQUE WHINKUL", "PUEBLO": "MAPUCHE"}, "geometry": {"type": "Point", "coordinates": [-70.61562667664141, -33.51872534485132]}}, {"type": "Feature", "id": 199, "properties": {"REGION": "METROPOLITANA DE SANTIAGO", "COMUNA": "LA PINTANA", "NOMBRE": "ASOCIACIÓN INDÍGENA \"INCHIÑ MAPU\"", "PUEBLO": "MAPUCHE"}, "geometry": {"type": "Point", "coordinates": [-70.64898722586187, -33.5855865235963]}}, {"type": "Feature", "id": 200, "properties": {"REGION": "METROPOLITANA DE SANTIAGO", "COMUNA": "LA PINTANA", "NOMBRE": "ASOCIACIÓN INDÍGENA MAPUCHE \" TAIÑ-ADKIMN \"", "PUEBLO": "MAPUCHE"}, "geometry": {"type": "Point", "coordinates": [-70.63543918057964, -33.58507331864525]}}, {"type": "Feature", "id": 201, "properties": {"REGION": "METROPOLITANA DE SANTIAGO", "COMUNA": "LA PINTANA", "NOMBRE": "ASOCIACIÓN INDÍGENA KIÑE LIWEN", "PUEBLO": "MAPUCHE"}, "geometry": {"type": "Point", "coordinates": [-70.6430360494514, -33.57769128687298]}}, {"type": "Feature", "id": 202, "properties": {"REGION": "METROPOLITANA DE SANTIAGO", "COMUNA": "LA PINTANA", "NOMBRE": "ASOCIACIÓN INDÍGENA KO KIYEN", "PUEBLO": "MAPUCHE"}, "geometry": {"type": "Point", "coordinates": [-70.64993965673153, -33.58588061009983]}}, {"type": "Feature", "id": 203, "properties": {"REGION": "METROPOLITANA DE SANTIAGO", "COMUNA": "LA PINTANA", "NOMBRE": "ASOCIACIÓN INDÍGENA MAPUCHE \"TRHALKAN MAWIDHA\"", "PUEBLO": "MAPUCHE"}, "geometry": {"type": "Point", "coordinates": [-70.64261932062422, -33.56145523162584]}}, {"type": "Feature", "id": 204, "properties": {"REGION": "METROPOLITANA DE SANTIAGO", "COMUNA": "LA PINTANA", "NOMBRE": "ASOCIACIÓN INDÍGENA \"AGRUPACIÓN DE MUJERES MAPUCHES DE LA PINTANA\"", "PUEBLO": "MAPUCHE"}, "geometry": {"type": "Point", "coordinates": [-70.62203574317718, -33.59445472100041]}}, {"type": "Feature", "id": 205, "properties": {"REGION": "METROPOLITANA DE SANTIAGO", "COMUNA": "LA PINTANA", "NOMBRE": "ASOCIACIÓN INDÍGENA RELMU PICHIKECHE", "PUEBLO": "MAPUCHE"}, "geometry": {"type": "Point", "coordinates": [-70.64300939188236, -33.58225963203054]}}, {"type": "Feature", "id": 206, "properties": {"REGION": "METROPOLITANA DE SANTIAGO", "COMUNA": "LA PINTANA", "NOMBRE": "ASOCIACIÓN INDÍGENA COMUNIDAD WE RAYEN MAPU", "PUEBLO": "MAPUCHE"}, "geometry": {"type": "Point", "coordinates": [-70.64385744545031, -33.56369777619177]}}, {"type": "Feature", "id": 207, "properties": {"REGION": "METROPOLITANA DE SANTIAGO", "COMUNA": "LA PINTANA", "NOMBRE": "ASOCIACIÓN INDÍGENA FO TTUM MAPU", "PUEBLO": "MAPUCHE"}, "geometry": {"type": "Point", "coordinates": [-70.6446713652406, -33.58298962576978]}}, {"type": "Feature", "id": 208, "properties": {"REGION": "METROPOLITANA DE SANTIAGO", "COMUNA": "LA PINTANA", "NOMBRE": "ASOCIACIÓN INDÍGENA FOLILKO", "PUEBLO": "MAPUCHE"}, "geometry": {"type": "Point", "coordinates": [-70.65883068664127, -33.58249913404846]}}, {"type": "Feature", "id": 209, "properties": {"REGION": "METROPOLITANA DE SANTIAGO", "COMUNA": "LA PINTANA", "NOMBRE": "RUKA ÑAMKU", "PUEBLO": "MAPUCHE"}, "geometry": {"type": "Point", "coordinates": [-70.61916939901025, -33.58950594120228]}}, {"type": "Feature", "id": 210, "properties": {"REGION": "METROPOLITANA DE SANTIAGO", "COMUNA": "LA PINTANA", "NOMBRE": "RAYEN FOLLE", "PUEBLO": "MAPUCHE"}, "geometry": {"type": "Point", "coordinates": [-70.63490097297448, -33.57701809959334]}}, {"type": "Feature", "id": 211, "properties": {"REGION": "METROPOLITANA DE SANTIAGO", "COMUNA": "LA PINTANA", "NOMBRE": "LA QUEBRADA DE PINTE", "PUEBLO": "MAPUCHE"}, "geometry": {"type": "Point", "coordinates": [-70.6535985815232, -33.57577186312182]}}, {"type": "Feature", "id": 212, "properties": {"REGION": "METROPOLITANA DE SANTIAGO", "COMUNA": "LA PINTANA", "NOMBRE": "RAYEN MAPU", "PUEBLO": "MAPUCHE"}, "geometry": {"type": "Point", "coordinates": [-70.62352055753914, -33.59473521664332]}}, {"type": "Feature", "id": 213, "properties": {"REGION": "METROPOLITANA DE SANTIAGO", "COMUNA": "LA PINTANA", "NOMBRE": "KIÑE PU LIWEN", "PUEBLO": "MAPUCHE"}, "geometry": {"type": "Point", "coordinates": [-70.6432508936183, -33.57764906982204]}}, {"type": "Feature", "id": 214, "properties": {"REGION": "METROPOLITANA DE SANTIAGO", "COMUNA": "LA PINTANA", "NOMBRE": "ALTO NEWEN", "PUEBLO": "MAPUCHE"}, "geometry": {"type": "Point", "coordinates": [-70.62834373211994, -33.58505511222779]}}, {"type": "Feature", "id": 215, "properties": {"REGION": "METROPOLITANA DE SANTIAGO", "COMUNA": "LA PINTANA", "NOMBRE": "COMUNIDAD LOF PINTANA MEW", "PUEBLO": "MAPUCHE"}, "geometry": {"type": "Point", "coordinates": [-70.64467026793315, -33.58299491832785]}}, {"type": "Feature", "id": 216, "properties": {"REGION": "METROPOLITANA DE SANTIAGO", "COMUNA": "LA REINA", "NOMBRE": "ASOCIACION INDIGENA MAPUCHE WILKUNCHE", "PUEBLO": "MAPUCHE"}, "geometry": {"type": "Point", "coordinates": [-70.53877374404766, -33.45728001452057]}}, {"type": "Feature", "id": 217, "properties": {"REGION": "METROPOLITANA DE SANTIAGO", "COMUNA": "LA REINA", "NOMBRE": "FOLIL HUINCUL", "PUEBLO": "MAPUCHE"}, "geometry": {"type": "Point", "coordinates": [-70.56518887908062, -33.44782909777363]}}, {"type": "Feature", "id": 218, "properties": {"REGION": "METROPOLITANA DE SANTIAGO", "COMUNA": "LO BARNECHEA", "NOMBRE": "INCHIN KIM LONKO", "PUEBLO": "MAPUCHE"}, "geometry": {"type": "Point", "coordinates": [-70.50706616673011, -33.35440233337999]}}, {"type": "Feature", "id": 219, "properties": {"REGION": "METROPOLITANA DE SANTIAGO", "COMUNA": "LO ESPEJO", "NOMBRE": "CENTRO DE ADELANTO Y DESARROLLO LOCAL WE KUYEN", "PUEBLO": "MAPUCHE"}, "geometry": {"type": "Point", "coordinates": [-70.6973560376572, -33.51616900024545]}}, {"type": "Feature", "id": 220, "properties": {"REGION": "METROPOLITANA DE SANTIAGO", "COMUNA": "LO ESPEJO", "NOMBRE": "CARELMAPU", "PUEBLO": "MAPUCHE"}, "geometry": {"type": "Point", "coordinates": [-70.69883677114106, -33.51924581047158]}}, {"type": "Feature", "id": 221, "properties": {"REGION": "METROPOLITANA DE SANTIAGO", "COMUNA": "LO ESPEJO", "NOMBRE": "RAYEN COYAM PALIFES", "PUEBLO": "MAPUCHE"}, "geometry": {"type": "Point", "coordinates": [-70.69267958396412, -33.52083140441704]}}, {"type": "Feature", "id": 222, "properties": {"REGION": "METROPOLITANA DE SANTIAGO", "COMUNA": "LO PRADO", "NOMBRE": "ASOCIACIÓN INDÍGENA \"NEWEN\"", "PUEBLO": "MAPUCHE"}, "geometry": {"type": "Point", "coordinates": [-70.72552321370162, -33.4509815982486]}}, {"type": "Feature", "id": 223, "properties": {"REGION": "METROPOLITANA DE SANTIAGO", "COMUNA": "LO PRADO", "NOMBRE": "ASOCIACIÓN INDÍGENA \"WE - LIWEN\"", "PUEBLO": "MAPUCHE"}, "geometry": {"type": "Point", "coordinates": [-70.74111817596727, -33.47068659648892]}}, {"type": "Feature", "id": 224, "properties": {"REGION": "METROPOLITANA DE SANTIAGO", "COMUNA": "LO PRADO", "NOMBRE": "FOLIL RAYEN DOMO", "PUEBLO": "MAPUCHE"}, "geometry": {"type": "Point", "coordinates": [-70.72656080134358, -33.45078269190125]}}, {"type": "Feature", "id": 225, "properties": {"REGION": "METROPOLITANA DE SANTIAGO", "COMUNA": "LO PRADO", "NOMBRE": "CHAÑIL", "PUEBLO": "MAPUCHE"}, "geometry": {"type": "Point", "coordinates": [-70.72800025067549, -33.43819847453273]}}, {"type": "Feature", "id": 226, "properties": {"REGION": "METROPOLITANA DE SANTIAGO", "COMUNA": "LO PRADO", "NOMBRE": "CONSEJO MAPUCHE DE LO PRADO", "PUEBLO": "MAPUCHE"}, "geometry": {"type": "Point", "coordinates": [-70.72081394437657, -33.45622661366856]}}, {"type": "Feature", "id": 227, "properties": {"REGION": "METROPOLITANA DE SANTIAGO", "COMUNA": "LO PRADO", "NOMBRE": "MUJERES ARTESANAS Y EMPRENDEDORAS MAPUCHE KIMÜN TAIÑ WALLMAPU", "PUEBLO": "MAPUCHE"}, "geometry": {"type": "Point", "coordinates": [-70.71377138836729, -33.45724600361373]}}, {"type": "Feature", "id": 228, "properties": {"REGION": "METROPOLITANA DE SANTIAGO", "COMUNA": "MACUL", "NOMBRE": "ASOCIACIÓN INDÍGENA KUNIL", "PUEBLO": "MAPUCHE"}, "geometry": {"type": "Point", "coordinates": [-70.5902111278233, -33.4946416252867]}}, {"type": "Feature", "id": 229, "properties": {"REGION": "METROPOLITANA DE SANTIAGO", "COMUNA": "MACUL", "NOMBRE": "ASOCIACIÓN INDÍGENA CHOYITUYIÑ WARRIA MEU", "PUEBLO": "MAPUCHE"}, "geometry": {"type": "Point", "coordinates": [-70.61329835729863, -33.4857769818119]}}, {"type": "Feature", "id": 230, "properties": {"REGION": "METROPOLITANA DE SANTIAGO", "COMUNA": "MACUL", "NOMBRE": "WEKECHE WILLI KÜRÜF", "PUEBLO": "MAPUCHE"}, "geometry": {"type": "Point", "coordinates": [-70.60584840048514, -33.4911490034122]}}, {"type": "Feature", "id": 231, "properties": {"REGION": "METROPOLITANA DE SANTIAGO", "COMUNA": "MAIPÚ", "NOMBRE": "QUETRAHUE", "PUEBLO": "MAPUCHE"}, "geometry": {"type": "Point", "coordinates": [-70.73461972807804, -33.49584222927908]}}, {"type": "Feature", "id": 232, "properties": {"REGION": "METROPOLITANA DE SANTIAGO", "COMUNA": "MAIPÚ", "NOMBRE": "TRIPAY ANTU", "PUEBLO": "MAPUCHE"}, "geometry": {"type": "Point", "coordinates": [-70.75480062319268, -33.51011809204767]}}, {"type": "Feature", "id": 233, "properties": {"REGION": "METROPOLITANA DE SANTIAGO", "COMUNA": "MAIPÚ", "NOMBRE": "ASOCIACION INDIGENA NEWEN PU DOMO", "PUEBLO": "MAPUCHE"}, "geometry": {"type": "Point", "coordinates": [-70.7433139939884, -33.51449613210479]}}, {"type": "Feature", "id": 234, "properties": {"REGION": "METROPOLITANA DE SANTIAGO", "COMUNA": "MAIPÚ", "NOMBRE": "DE MUJERES MAPUCHE WEICHAFE DOMO", "PUEBLO": "MAPUCHE"}, "geometry": {"type": "Point", "coordinates": [-70.78525075070691, -33.50668128308484]}}, {"type": "Feature", "id": 235, "properties": {"REGION": "METROPOLITANA DE SANTIAGO", "COMUNA": "MAIPÚ", "NOMBRE": "MUJERES EMPRENDEDORAS MAPUCHES", "PUEBLO": "MAPUCHE"}, "geometry": {"type": "Point", "coordinates": [-70.79789683475617, -33.51652616756326]}}, {"type": "Feature", "id": 236, "properties": {"REGION": "METROPOLITANA DE SANTIAGO", "COMUNA": "MAIPÚ", "NOMBRE": "PEWMA PU DOMO", "PUEBLO": "MAPUCHE"}, "geometry": {"type": "Point", "coordinates": [-70.76749706982156, -33.54446148710306]}}, {"type": "Feature", "id": 237, "properties": {"REGION": "METROPOLITANA DE SANTIAGO", "COMUNA": "MAIPÚ", "NOMBRE": "NUUTUIKARONE MAPU", "PUEBLO": "MULTICULTURAL"}, "geometry": {"type": "Point", "coordinates": [-70.79712626120418, -33.52395919677441]}}, {"type": "Feature", "id": 238, "properties": {"REGION": "METROPOLITANA DE SANTIAGO", "COMUNA": "MAIPÚ", "NOMBRE": "AIUKLEN", "PUEBLO": "MAPUCHE"}, "geometry": {"type": "Point", "coordinates": [-70.74482843699325, -33.49246693893908]}}, {"type": "Feature", "id": 239, "properties": {"REGION": "METROPOLITANA DE SANTIAGO", "COMUNA": "MAIPÚ", "NOMBRE": "FUTAKIMCHE KA WECHEKIMCHE", "PUEBLO": "MAPUCHE"}, "geometry": {"type": "Point", "coordinates": [-70.75657162237967, -33.48444852821584]}}, {"type": "Feature", "id": 240, "properties": {"REGION": "METROPOLITANA DE SANTIAGO", "COMUNA": "MAIPÚ", "NOMBRE": "ASOCIACION CULTURAL ESPIRITUAL Y DE SALUD ANDINA AWATIRI TIKNAMARKA", "PUEBLO": "MULTICULTURAL"}, "geometry": {"type": "Point", "coordinates": [-70.76364808222209, -33.48531722034807]}}, {"type": "Feature", "id": 241, "properties": {"REGION": "METROPOLITANA DE SANTIAGO", "COMUNA": "MAIPÚ", "NOMBRE": "COMUNIDAD MAPUCHE DE MAIPU", "PUEBLO": "MAPUCHE"}, "geometry": {"type": "Point", "coordinates": [-70.785709234308, -33.50596127982557]}}, {"type": "Feature", "id": 242, "properties": {"REGION": "METROPOLITANA DE SANTIAGO", "COMUNA": "MAIPÚ", "NOMBRE": "WE RAYEN DE LA FARFANA", "PUEBLO": "MAPUCHE"}, "geometry": {"type": "Point", "coordinates": [-70.76516096456002, -33.48524134780074]}}, {"type": "Feature", "id": 243, "properties": {"REGION": "METROPOLITANA DE SANTIAGO", "COMUNA": "ÑUÑOA", "NOMBRE": "ASOCIACIÓN INDÍGENA MAPUCHE MARI KECHU WE CHE ÑUKE MAPU MEUU", "PUEBLO": "MAPUCHE"}, "geometry": {"type": "Point", "coordinates": [-70.59168344252492, -33.47033034681462]}}, {"type": "Feature", "id": 244, "properties": {"REGION": "METROPOLITANA DE SANTIAGO", "COMUNA": "PEDRO AGUIRRE CERDA", "NOMBRE": "ASOCIACIÓN INDÍGENA WUERKEN", "PUEBLO": "MAPUCHE"}, "geometry": {"type": "Point", "coordinates": [-70.67108744321625, -33.49210941809167]}}, {"type": "Feature", "id": 245, "properties": {"REGION": "METROPOLITANA DE SANTIAGO", "COMUNA": "PEDRO AGUIRRE CERDA", "NOMBRE": "WE NEWEN", "PUEBLO": "MAPUCHE"}, "geometry": {"type": "Point", "coordinates": [-70.67197414466587, -33.49155810997583]}}, {"type": "Feature", "id": 246, "properties": {"REGION": "METROPOLITANA DE SANTIAGO", "COMUNA": "PEDRO AGUIRRE CERDA", "NOMBRE": "KÜIFI KIMÜN", "PUEBLO": "MAPUCHE"}, "geometry": {"type": "Point", "coordinates": [-70.68049147931328, -33.49932389688977]}}, {"type": "Feature", "id": 247, "properties": {"REGION": "METROPOLITANA DE SANTIAGO", "COMUNA": "PEÑALOLÉN", "NOMBRE": "ASOCIACIÓN INDÍGENA \"CENTRO DE DIFUSIÓN CULTURAL MAPUCHE KIMUN MAPU\"", "PUEBLO": "MAPUCHE"}, "geometry": {"type": "Point", "coordinates": [-70.53203291286388, -33.47552886861645]}}, {"type": "Feature", "id": 248, "properties": {"REGION": "METROPOLITANA DE SANTIAGO", "COMUNA": "PEÑALOLÉN", "NOMBRE": "ASOCIACIÓN INDÍGENA KAXAWAIÑ", "PUEBLO": "MAPUCHE"}, "geometry": {"type": "Point", "coordinates": [-70.54474704383854, -33.47197081730612]}}, {"type": "Feature", "id": 249, "properties": {"REGION": "METROPOLITANA DE SANTIAGO", "COMUNA": "PEÑALOLÉN", "NOMBRE": "WAIQUI FOYE", "PUEBLO": "MAPUCHE"}, "geometry": {"type": "Point", "coordinates": [-70.54474704383854, -33.47197081730612]}}, {"type": "Feature", "id": 250, "properties": {"REGION": "METROPOLITANA DE SANTIAGO", "COMUNA": "PEÑALOLÉN", "NOMBRE": "ASOCIACIÓN INDÍGENA TREPEIÑ PU LAMNGEN", "PUEBLO": "MAPUCHE"}, "geometry": {"type": "Point", "coordinates": [-70.57248143822625, -33.47648521063766]}}, {"type": "Feature", "id": 251, "properties": {"REGION": "METROPOLITANA DE SANTIAGO", "COMUNA": "PEÑALOLÉN", "NOMBRE": "ASOCIACIÓN INDÍGENA WENTECHE", "PUEBLO": "MAPUCHE"}, "geometry": {"type": "Point", "coordinates": [-70.56833632757439, -33.47991710897727]}}, {"type": "Feature", "id": 252, "properties": {"REGION": "METROPOLITANA DE SANTIAGO", "COMUNA": "PEÑALOLÉN", "NOMBRE": "FOLILCHE AFLAIAI", "PUEBLO": "MAPUCHE"}, "geometry": {"type": "Point", "coordinates": [-70.56455577821825, -33.467189546482]}}, {"type": "Feature", "id": 253, "properties": {"REGION": "METROPOLITANA DE SANTIAGO", "COMUNA": "PEÑALOLÉN", "NOMBRE": "ASOCIACIÓN INDÍGENA \"KIMÜNCHE\"", "PUEBLO": "MAPUCHE"}, "geometry": {"type": "Point", "coordinates": [-70.5678695207257, -33.47761241486557]}}, {"type": "Feature", "id": 254, "properties": {"REGION": "METROPOLITANA DE SANTIAGO", "COMUNA": "PEÑALOLÉN", "NOMBRE": "ASOCIACIÓN INDÍGENA NEHUENTUN", "PUEBLO": "MAPUCHE"}, "geometry": {"type": "Point", "coordinates": [-70.62099483923119, -33.46962648446995]}}, {"type": "Feature", "id": 255, "properties": {"REGION": "METROPOLITANA DE SANTIAGO", "COMUNA": "PEÑALOLÉN", "NOMBRE": "WE CHE", "PUEBLO": "MAPUCHE"}, "geometry": {"type": "Point", "coordinates": [-70.56196307633702, -33.47696356068602]}}, {"type": "Feature", "id": 256, "properties": {"REGION": "METROPOLITANA DE SANTIAGO", "COMUNA": "PEÑALOLÉN", "NOMBRE": "ASOCIACIÓN INDÍGENA BACHANTUN WENANTUN LAMNIEN", "PUEBLO": "MAPUCHE"}, "geometry": {"type": "Point", "coordinates": [-70.58173464847243, -33.50928338831723]}}, {"type": "Feature", "id": 257, "properties": {"REGION": "METROPOLITANA DE SANTIAGO", "COMUNA": "PEÑALOLÉN", "NOMBRE": "NEWEN MAPU", "PUEBLO": "MAPUCHE"}, "geometry": {"type": "Point", "coordinates": [-70.54081725361617, -33.47696212363439]}}, {"type": "Feature", "id": 258, "properties": {"REGION": "METROPOLITANA DE SANTIAGO", "COMUNA": "PEÑALOLÉN", "NOMBRE": "WANGLEN MAPU", "PUEBLO": "MAPUCHE"}, "geometry": {"type": "Point", "coordinates": [-70.529705, -33.479847]}}, {"type": "Feature", "id": 259, "properties": {"REGION": "BIOBÍO", "COMUNA": "LOS ÁLAMOS", "NOMBRE": "RUKA PEÑI", "PUEBLO": "MAPUCHE"}, "geometry": {"type": "Point", "coordinates": [-73.454, -37.6316]}}, {"type": "Feature", "id": 260, "properties": {"REGION": "METROPOLITANA DE SANTIAGO", "COMUNA": "PEÑALOLÉN", "NOMBRE": "ANTU PIREN", "PUEBLO": "MAPUCHE"}, "geometry": {"type": "Point", "coordinates": [-70.53193585596341, -33.47870586138568]}}, {"type": "Feature", "id": 261, "properties": {"REGION": "METROPOLITANA DE SANTIAGO", "COMUNA": "PEÑALOLÉN", "NOMBRE": "ACUIMI NEHUEN", "PUEBLO": "MAPUCHE"}, "geometry": {"type": "Point", "coordinates": [-70.53416511697155, -33.47872091026642]}}, {"type": "Feature", "id": 262, "properties": {"REGION": "METROPOLITANA DE SANTIAGO", "COMUNA": "PEÑALOLÉN", "NOMBRE": "WENTELOLEN", "PUEBLO": "MAPUCHE"}, "geometry": {"type": "Point", "coordinates": [-70.53275413635126, -33.47983971307433]}}, {"type": "Feature", "id": 263, "properties": {"REGION": "METROPOLITANA DE SANTIAGO", "COMUNA": "PEÑALOLÉN", "NOMBRE": "LA RUKA", "PUEBLO": "MAPUCHE"}, "geometry": {"type": "Point", "coordinates": [-70.53204710415916, -33.47103906039725]}}, {"type": "Feature", "id": 264, "properties": {"REGION": "METROPOLITANA DE SANTIAGO", "COMUNA": "PEÑALOLÉN", "NOMBRE": "ASOCIACION INDIGENA ANTG NEWEN", "PUEBLO": "MAPUCHE"}, "geometry": {"type": "Point", "coordinates": [-70.58722005837348, -33.50479465297474]}}, {"type": "Feature", "id": 265, "properties": {"REGION": "METROPOLITANA DE SANTIAGO", "COMUNA": "PEÑALOLÉN", "NOMBRE": "PUELMAPU AILLA LONGKO DE PEÑALOLEN", "PUEBLO": "MAPUCHE"}, "geometry": {"type": "Point", "coordinates": [-70.56456785362053, -33.46717663644401]}}, {"type": "Feature", "id": 266, "properties": {"REGION": "METROPOLITANA DE SANTIAGO", "COMUNA": "PEÑALOLÉN", "NOMBRE": "TAÑI MAPU PIWKEYEYU", "PUEBLO": "MAPUCHE"}, "geometry": {"type": "Point", "coordinates": [-70.5735314262468, -33.50577636820913]}}, {"type": "Feature", "id": 267, "properties": {"REGION": "METROPOLITANA DE SANTIAGO", "COMUNA": "PEÑALOLÉN", "NOMBRE": "WIÑO TXAWUTUYIN", "PUEBLO": "MAPUCHE"}, "geometry": {"type": "Point", "coordinates": [-70.53981989258928, -33.46938172402731]}}, {"type": "Feature", "id": 268, "properties": {"REGION": "METROPOLITANA DE SANTIAGO", "COMUNA": "PEÑALOLÉN", "NOMBRE": "WAIWEN", "PUEBLO": "MAPUCHE"}, "geometry": {"type": "Point", "coordinates": [-70.5503341786392, -33.4629827413619]}}, {"type": "Feature", "id": 269, "properties": {"REGION": "METROPOLITANA DE SANTIAGO", "COMUNA": "PEÑALOLÉN", "NOMBRE": "KIÑE MOLLBUN", "PUEBLO": "MAPUCHE"}, "geometry": {"type": "Point", "coordinates": [-70.57251917202645, -33.47225513203572]}}, {"type": "Feature", "id": 270, "properties": {"REGION": "METROPOLITANA DE SANTIAGO", "COMUNA": "PEÑALOLÉN", "NOMBRE": "MULTICULTURAL APU INTI WAWANAKA", "PUEBLO": "MULTICULTURAL"}, "geometry": {"type": "Point", "coordinates": [-70.567685, -33.472556]}}, {"type": "Feature", "id": 271, "properties": {"REGION": "METROPOLITANA DE SANTIAGO", "COMUNA": "PEÑALOLÉN", "NOMBRE": "WINKUL AUKAN", "PUEBLO": "MAPUCHE"}, "geometry": {"type": "Point", "coordinates": [-70.52946089271293, -33.46746989518707]}}, {"type": "Feature", "id": 272, "properties": {"REGION": "METROPOLITANA DE SANTIAGO", "COMUNA": "PROVIDENCIA", "NOMBRE": "MANOS CON ORIGEN ANCESTRAL", "PUEBLO": "MULTICULTURAL"}, "geometry": {"type": "Point", "coordinates": [-70.60984279002638, -33.43223923770598]}}, {"type": "Feature", "id": 273, "properties": {"REGION": "METROPOLITANA DE SANTIAGO", "COMUNA": "PUDAHUEL", "NOMBRE": "ASOCIACIÓN MAPUCHE MELI REWE", "PUEBLO": "MAPUCHE"}, "geometry": {"type": "Point", "coordinates": [-70.75489862368927, -33.45938723778327]}}, {"type": "Feature", "id": 274, "properties": {"REGION": "METROPOLITANA DE SANTIAGO", "COMUNA": "PUDAHUEL", "NOMBRE": "ASOCIACIÓN INDÍGENA NEWENCHE DE PUDAHUEL", "PUEBLO": "MAPUCHE"}, "geometry": {"type": "Point", "coordinates": [-70.75701528688614, -33.42917872696181]}}, {"type": "Feature", "id": 275, "properties": {"REGION": "METROPOLITANA DE SANTIAGO", "COMUNA": "PUDAHUEL", "NOMBRE": "ASOCIACIÓN INDÍGENA CONSEJO MAPUCHE PUDAHUEL", "PUEBLO": "MAPUCHE"}, "geometry": {"type": "Point", "coordinates": [-70.76340423184207, -33.4442983611118]}}, {"type": "Feature", "id": 276, "properties": {"REGION": "METROPOLITANA DE SANTIAGO", "COMUNA": "PUDAHUEL", "NOMBRE": "ASOCIACION INDIGENA WINTRUNKO MAPU", "PUEBLO": "MAPUCHE"}, "geometry": {"type": "Point", "coordinates": [-70.7570671407566, -33.45970419826801]}}, {"type": "Feature", "id": 277, "properties": {"REGION": "METROPOLITANA DE SANTIAGO", "COMUNA": "QUILICURA", "NOMBRE": "ASOCIACIÓN INDÍGENA \"COMUNIDAD MAPUCHE AUKIÑ MAPU\"", "PUEBLO": "MAPUCHE"}, "geometry": {"type": "Point", "coordinates": [-70.75527862731984, -33.3650175381614]}}, {"type": "Feature", "id": 278, "properties": {"REGION": "METROPOLITANA DE SANTIAGO", "COMUNA": "QUILICURA", "NOMBRE": "ASOCIACIÓN INDÍGENA ORGANIZACIÓN DE JÓVENES \"PEGUN DUGUN METROPOLITANO\"", "PUEBLO": "MAPUCHE"}, "geometry": {"type": "Point", "coordinates": [-70.73668530861599, -33.36619012987665]}}, {"type": "Feature", "id": 279, "properties": {"REGION": "METROPOLITANA DE SANTIAGO", "COMUNA": "QUILICURA", "NOMBRE": "ARAK MAPU", "PUEBLO": "MAPUCHE"}, "geometry": {"type": "Point", "coordinates": [-70.73086748365506, -33.36718173288222]}}, {"type": "Feature", "id": 280, "properties": {"REGION": "METROPOLITANA DE SANTIAGO", "COMUNA": "QUILICURA", "NOMBRE": "SOCIAL, DEPORTIVA Y CULTURAL RAYEN MAPU", "PUEBLO": "MAPUCHE"}, "geometry": {"type": "Point", "coordinates": [-70.71498877095418, -33.36725990211401]}}, {"type": "Feature", "id": 281, "properties": {"REGION": "METROPOLITANA DE SANTIAGO", "COMUNA": "QUINTA NORMAL", "NOMBRE": "ASOCIACIÓN INDÍGENA \"WE NEWEN\"", "PUEBLO": "MAPUCHE"}, "geometry": {"type": "Point", "coordinates": [-70.69467852848474, -33.43139464485364]}}, {"type": "Feature", "id": 282, "properties": {"REGION": "METROPOLITANA DE SANTIAGO", "COMUNA": "RECOLETA", "NOMBRE": "ASOCIACIÓN INDÍGENA RAPA NUI \"PAE-PAE HERE TAINA\"", "PUEBLO": "MAPUCHE"}, "geometry": {"type": "Point", "coordinates": [-70.63584012239396, -33.40972443966645]}}, {"type": "Feature", "id": 283, "properties": {"REGION": "METROPOLITANA DE SANTIAGO", "COMUNA": "RECOLETA", "NOMBRE": "COMUNIDAD PILLAN WINGKUL", "PUEBLO": "MAPUCHE"}, "geometry": {"type": "Point", "coordinates": [-70.6423452407387, -33.4222232479103]}}, {"type": "Feature", "id": 284, "properties": {"REGION": "METROPOLITANA DE SANTIAGO", "COMUNA": "RECOLETA", "NOMBRE": "MONGELTUN TAIÑ FOLIL", "PUEBLO": "MAPUCHE"}, "geometry": {"type": "Point", "coordinates": [-70.63155150632954, -33.39350717392149]}}, {"type": "Feature", "id": 285, "properties": {"REGION": "METROPOLITANA DE SANTIAGO", "COMUNA": "RECOLETA", "NOMBRE": "CONSEJO INDÍGENA CERRO BLANCO", "PUEBLO": "MULTICULTURAL"}, "geometry": {"type": "Point", "coordinates": [-70.6435450641576, -33.40191479560877]}}, {"type": "Feature", "id": 286, "properties": {"REGION": "METROPOLITANA DE SANTIAGO", "COMUNA": "RECOLETA", "NOMBRE": "MAPUCHE WE TRAYEN LAWEN", "PUEBLO": "MAPUCHE"}, "geometry": {"type": "Point", "coordinates": [-70.63353106445581, -33.41556678405458]}}, {"type": "Feature", "id": 287, "properties": {"REGION": "METROPOLITANA DE SANTIAGO", "COMUNA": "RENCA", "NOMBRE": "ASOCIACIÓN INDÍGENA MAPUCHE \"LONKO KALLFUKURA\"", "PUEBLO": "MAPUCHE"}, "geometry": {"type": "Point", "coordinates": [-70.73938442939821, -33.40832837588635]}}, {"type": "Feature", "id": 288, "properties": {"REGION": "METROPOLITANA DE SANTIAGO", "COMUNA": "RENCA", "NOMBRE": "ASOCIACIÓN INDÍGENA \"HUILKUNCHE\"", "PUEBLO": "MAPUCHE"}, "geometry": {"type": "Point", "coordinates": [-70.74342557032767, -33.40339561580477]}}, {"type": "Feature", "id": 289, "properties": {"REGION": "METROPOLITANA DE SANTIAGO", "COMUNA": "RENCA", "NOMBRE": "ASOCIACIÓN INDÍGENA RAYEN WINGKUL", "PUEBLO": "MAPUCHE"}, "geometry": {"type": "Point", "coordinates": [-70.74276802894119, -33.40401229580214]}}, {"type": "Feature", "id": 290, "properties": {"REGION": "METROPOLITANA DE SANTIAGO", "COMUNA": "RENCA", "NOMBRE": "ASOCIACIÓN INDÍGENA DZOMO TAÑI RAKIDUAM", "PUEBLO": "MAPUCHE"}, "geometry": {"type": "Point", "coordinates": [-70.7430572003408, -33.40443011125856]}}, {"type": "Feature", "id": 291, "properties": {"REGION": "METROPOLITANA DE SANTIAGO", "COMUNA": "RENCA", "NOMBRE": "ASOCIACIÓN INDÍGENA MAPUCHE WEICHAFE", "PUEBLO": "MAPUCHE"}, "geometry": {"type": "Point", "coordinates": [-70.7430572003408, -33.40443011125856]}}, {"type": "Feature", "id": 292, "properties": {"REGION": "METROPOLITANA DE SANTIAGO", "COMUNA": "RENCA", "NOMBRE": "MAPUCHE RENCA WINCHANLOF", "PUEBLO": "MAPUCHE"}, "geometry": {"type": "Point", "coordinates": [-70.71892830445094, -33.39898237848823]}}, {"type": "Feature", "id": 293, "properties": {"REGION": "METROPOLITANA DE SANTIAGO", "COMUNA": "RENCA", "NOMBRE": "ASOCIACIÓN MAPUCHE MELI NEWEN MAPU", "PUEBLO": "MAPUCHE"}, "geometry": {"type": "Point", "coordinates": [-70.7260778162147, -33.40972893782585]}}, {"type": "Feature", "id": 294, "properties": {"REGION": "METROPOLITANA DE SANTIAGO", "COMUNA": "RENCA", "NOMBRE": "WE ADQUINTUN", "PUEBLO": "MAPUCHE"}, "geometry": {"type": "Point", "coordinates": [-70.74702235295496, -33.39716992282824]}}, {"type": "Feature", "id": 295, "properties": {"REGION": "METROPOLITANA DE SANTIAGO", "COMUNA": "RENCA", "NOMBRE": "PIUKE WINKUL KO RENCA", "PUEBLO": "MAPUCHE"}, "geometry": {"type": "Point", "coordinates": [-70.71423852121752, -33.4037975633076]}}, {"type": "Feature", "id": 296, "properties": {"REGION": "METROPOLITANA DE SANTIAGO", "COMUNA": "RENCA", "NOMBRE": "PARA LA SALUD Y PRÁCTICAS ANCESTRALES KUIFI KIMUN", "PUEBLO": "MAPUCHE"}, "geometry": {"type": "Point", "coordinates": [-70.71129805201298, -33.39752129031591]}}, {"type": "Feature", "id": 297, "properties": {"REGION": "METROPOLITANA DE SANTIAGO", "COMUNA": "SAN JOAQUÍN", "NOMBRE": "RAYEN FOLLE", "PUEBLO": "MAPUCHE"}, "geometry": {"type": "Point", "coordinates": [-70.61968585439753, -33.49883444079741]}}, {"type": "Feature", "id": 298, "properties": {"REGION": "METROPOLITANA DE SANTIAGO", "COMUNA": "SAN JOAQUÍN", "NOMBRE": "PICHI FEN PEHUEN", "PUEBLO": "MULTICULTURAL"}, "geometry": {"type": "Point", "coordinates": [-70.62501381504728, -33.49899228792484]}}, {"type": "Feature", "id": 299, "properties": {"REGION": "METROPOLITANA DE SANTIAGO", "COMUNA": "SAN MIGUEL", "NOMBRE": "ASOCIACIÓN INDÍGENA \"LIGA CULTURAL ARAUCANA MULLELLCHE\"", "PUEBLO": "MAPUCHE"}, "geometry": {"type": "Point", "coordinates": [-70.66359736043133, -33.50185435798888]}}, {"type": "Feature", "id": 300, "properties": {"REGION": "METROPOLITANA DE SANTIAGO", "COMUNA": "SAN MIGUEL", "NOMBRE": "PETU MONGUELEIÑ", "PUEBLO": "MAPUCHE"}, "geometry": {"type": "Point", "coordinates": [-70.6496437322247, -33.48569674474476]}}, {"type": "Feature", "id": 301, "properties": {"REGION": "METROPOLITANA DE SANTIAGO", "COMUNA": "SAN MIGUEL", "NOMBRE": "COMUNIDAD ÑUKE MAPU NEWEN", "PUEBLO": "MAPUCHE"}, "geometry": {"type": "Point", "coordinates": [-70.6496437322247, -33.48569674474476]}}, {"type": "Feature", "id": 302, "properties": {"REGION": "METROPOLITANA DE SANTIAGO", "COMUNA": "SAN RAMÓN", "NOMBRE": "KUEME PEUMAN", "PUEBLO": "MAPUCHE"}, "geometry": {"type": "Point", "coordinates": [-70.64291593687713, -33.55235541309482]}}, {"type": "Feature", "id": 303, "properties": {"REGION": "METROPOLITANA DE SANTIAGO", "COMUNA": "SAN RAMÓN", "NOMBRE": "EPU WEE NEWEEN", "PUEBLO": "MAPUCHE"}, "geometry": {"type": "Point", "coordinates": [-70.64417464897913, -33.55023733165056]}}, {"type": "Feature", "id": 304, "properties": {"REGION": "METROPOLITANA DE SANTIAGO", "COMUNA": "SAN RAMÓN", "NOMBRE": "ASOCIACIÓN INDÍGENA MULTICULTURAL MARICHIWEU: 10 VECES VENCEREMOS", "PUEBLO": "MULTICULTURAL"}, "geometry": {"type": "Point", "coordinates": [-70.63854504423574, -33.54718111313838]}}, {"type": "Feature", "id": 305, "properties": {"REGION": "METROPOLITANA DE SANTIAGO", "COMUNA": "SAN RAMÓN", "NOMBRE": "AKUN NEWEN", "PUEBLO": "MAPUCHE"}, "geometry": {"type": "Point", "coordinates": [-70.6438332802536, -33.54305983876611]}}, {"type": "Feature", "id": 306, "properties": {"REGION": "METROPOLITANA DE SANTIAGO", "COMUNA": "SAN RAMÓN", "NOMBRE": "WENEWEN", "PUEBLO": "MULTICULTURAL"}, "geometry": {"type": "Point", "coordinates": [-70.64266475071624, -33.53309379445718]}}, {"type": "Feature", "id": 307, "properties": {"REGION": "METROPOLITANA DE SANTIAGO", "COMUNA": "SAN RAMÓN", "NOMBRE": "ORGANIZACION PUEBLOS ORIGINARIOS WEICHAFE", "PUEBLO": "MAPUCHE"}, "geometry": {"type": "Point", "coordinates": [-70.65232971172205, -33.54746478325739]}}, {"type": "Feature", "id": 308, "properties": {"REGION": "METROPOLITANA DE SANTIAGO", "COMUNA": "SAN RAMÓN", "NOMBRE": "ASOCIACIÓN MAPUCHE PALIFE LLANCOLEN", "PUEBLO": "MAPUCHE"}, "geometry": {"type": "Point", "coordinates": [-70.64589831228415, -33.55227404163757]}}, {"type": "Feature", "id": 309, "properties": {"REGION": "METROPOLITANA DE SANTIAGO", "COMUNA": "SAN RAMÓN", "NOMBRE": "MAPUCHE PALIFE JANEQUEO", "PUEBLO": "MAPUCHE"}, "geometry": {"type": "Point", "coordinates": [-70.6436489934069, -33.55599790339441]}}, {"type": "Feature", "id": 310, "properties": {"REGION": "METROPOLITANA DE SANTIAGO", "COMUNA": "SAN RAMÓN", "NOMBRE": "FOLIL TAIÑ REÑMA", "PUEBLO": "MAPUCHE"}, "geometry": {"type": "Point", "coordinates": [-70.64689829098472, -33.55408961448293]}}, {"type": "Feature", "id": 311, "properties": {"REGION": "METROPOLITANA DE SANTIAGO", "COMUNA": "SAN RAMÓN", "NOMBRE": "INCHIÑ FÜN NGEIÑ", "PUEBLO": "MAPUCHE"}, "geometry": {"type": "Point", "coordinates": [-70.6354687442901, -33.54146291735082]}}, {"type": "Feature", "id": 312, "properties": {"REGION": "METROPOLITANA DE SANTIAGO", "COMUNA": "SAN RAMÓN", "NOMBRE": "MULTICULTURAL MAPU MARICHIWEU", "PUEBLO": "MULTICULTURAL"}, "geometry": {"type": "Point", "coordinates": [-70.64475509740501, -33.55412794391883]}}, {"type": "Feature", "id": 313, "properties": {"REGION": "METROPOLITANA DE SANTIAGO", "COMUNA": "SANTIAGO", "NOMBRE": "COMUNIDAD URBANA MAPUCHE DE SANTIAGO", "PUEBLO": "MAPUCHE"}, "geometry": {"type": "Point", "coordinates": [-70.66800939036042, -33.44357457577912]}}, {"type": "Feature", "id": 314, "properties": {"REGION": "METROPOLITANA DE SANTIAGO", "COMUNA": "SANTIAGO", "NOMBRE": "ASOCIACION DE PROFESIONALES Y TÉCNICOS MAPUCHES APROM", "PUEBLO": "MAPUCHE"}, "geometry": {"type": "Point", "coordinates": [-70.6526012003603, -33.44835172309491]}}, {"type": "Feature", "id": 315, "properties": {"REGION": "METROPOLITANA DE SANTIAGO", "COMUNA": "SANTIAGO", "NOMBRE": "ASOCIACIÓN INDÍGENA MAPUCHE \"COMUNIDAD MELI WIXAN MAPU\"", "PUEBLO": "MAPUCHE"}, "geometry": {"type": "Point", "coordinates": [-70.73448540293663, -33.41959825720332]}}, {"type": "Feature", "id": 316, "properties": {"REGION": "METROPOLITANA DE SANTIAGO", "COMUNA": "SANTIAGO", "NOMBRE": "ASOCIACIÓN INDÍGENA \"UNIÓN DE JÓVENES Y ESTUDIANTES INDÍGENAS\"", "PUEBLO": "MAPUCHE"}, "geometry": {"type": "Point", "coordinates": [-70.665383196514, -33.44169841311771]}}, {"type": "Feature", "id": 317, "properties": {"REGION": "METROPOLITANA DE SANTIAGO", "COMUNA": "SANTIAGO", "NOMBRE": "ASOCIACIÓN AYMARA INTI MARKA", "PUEBLO": "AYMARA"}, "geometry": {"type": "Point", "coordinates": [-70.67986304385629, -33.20606838093826]}}, {"type": "Feature", "id": 318, "properties": {"REGION": "METROPOLITANA DE SANTIAGO", "COMUNA": "SANTIAGO", "NOMBRE": "ASOCIACIÓN INDÍGENA \"FEDERACIÓN MAPUCHE URBANA\"", "PUEBLO": "MAPUCHE"}, "geometry": {"type": "Point", "coordinates": [-70.66967795651964, -33.44385430464947]}}, {"type": "Feature", "id": 319, "properties": {"REGION": "METROPOLITANA DE SANTIAGO", "COMUNA": "SANTIAGO", "NOMBRE": "ASOCIACIÓN INDÍGENA \"NEHUEN MAPU\"", "PUEBLO": "MAPUCHE"}, "geometry": {"type": "Point", "coordinates": [-70.72759131077876, -33.44696898317326]}}, {"type": "Feature", "id": 320, "properties": {"REGION": "METROPOLITANA DE SANTIAGO", "COMUNA": "SANTIAGO", "NOMBRE": "ASOCIACIÓN INDÍGENA DE DIRIGENTES MAPUCHE", "PUEBLO": "MAPUCHE"}, "geometry": {"type": "Point", "coordinates": [-70.67556953071228, -33.48616251639977]}}, {"type": "Feature", "id": 321, "properties": {"REGION": "METROPOLITANA DE SANTIAGO", "COMUNA": "SANTIAGO", "NOMBRE": "ASOCIACIÓN INDÍGENA EPU REHUE", "PUEBLO": "MAPUCHE"}, "geometry": {"type": "Point", "coordinates": [-70.65643193160271, -33.44036424136736]}}, {"type": "Feature", "id": 322, "properties": {"REGION": "METROPOLITANA DE SANTIAGO", "COMUNA": "SANTIAGO", "NOMBRE": "ASOCIACIÓN INDÍGENA \"ASOCIACIÓN MAPUCHE KATRURRAI\"", "PUEBLO": "MAPUCHE"}, "geometry": {"type": "Point", "coordinates": [-70.73283328682737, -33.47622772010673]}}, {"type": "Feature", "id": 323, "properties": {"REGION": "METROPOLITANA DE SANTIAGO", "COMUNA": "SANTIAGO", "NOMBRE": "ASOCIACIÓN INDÍGENA DE PROFESORES E INTELECTUALES MAPUCHE\"LIKAN MAPU\"", "PUEBLO": "MAPUCHE"}, "geometry": {"type": "Point", "coordinates": [-70.64911171597136, -33.44539137122757]}}, {"type": "Feature", "id": 324, "properties": {"REGION": "METROPOLITANA DE SANTIAGO", "COMUNA": "SANTIAGO", "NOMBRE": "ASOCIACIÓN INDÍGENA MAPUCHE \"RAÑINTU WARRIA EPU WARRANKA TRIPANTU (MAPUCHE URBANO 2000)", "PUEBLO": "MAPUCHE"}, "geometry": {"type": "Point", "coordinates": [-70.6436961322329, -33.5861277283321]}}, {"type": "Feature", "id": 325, "properties": {"REGION": "METROPOLITANA DE SANTIAGO", "COMUNA": "SANTIAGO", "NOMBRE": "LIGA CULTURAL MAPUCHE KOLO KOLO", "PUEBLO": "MAPUCHE"}, "geometry": {"type": "Point", "coordinates": [-70.62927712929543, -33.5587793033088]}}, {"type": "Feature", "id": 326, "properties": {"REGION": "METROPOLITANA DE SANTIAGO", "COMUNA": "SANTIAGO", "NOMBRE": "ASOCIACIÓN INDÍGEN TRAYENKO", "PUEBLO": "MAPUCHE"}, "geometry": {"type": "Point", "coordinates": [-70.64255302882015, -33.46582327541424]}}, {"type": "Feature", "id": 327, "properties": {"REGION": "METROPOLITANA DE SANTIAGO", "COMUNA": "SANTIAGO", "NOMBRE": "RED DE EDUCADORES TRADICIONALES", "PUEBLO": "MAPUCHE"}, "geometry": {"type": "Point", "coordinates": [-70.64255302882015, -33.46582327541424]}}, {"type": "Feature", "id": 328, "properties": {"REGION": "METROPOLITANA DE SANTIAGO", "COMUNA": "SANTIAGO", "NOMBRE": "ASOCIACIÓN INDÌGENA\"EMPRENDEDORES AYMARAS-QUECHUAS PUKARA\"", "PUEBLO": "MAPUCHE"}, "geometry": {"type": "Point", "coordinates": [-70.63611018680028, -33.44646146026068]}}, {"type": "Feature", "id": 329, "properties": {"REGION": "METROPOLITANA DE SANTIAGO", "COMUNA": "SANTIAGO", "NOMBRE": "LICKAN ANTAI CKAUSAMA", "PUEBLO": "MAPUCHE"}, "geometry": {"type": "Point", "coordinates": [-70.63611018680028, -33.44646146026068]}}, {"type": "Feature", "id": 330, "properties": {"REGION": "METROPOLITANA DE SANTIAGO", "COMUNA": "SANTIAGO", "NOMBRE": "ASOCIACIÓN INDÍGENA JAQARU DUNGU", "PUEBLO": "MAPUCHE"}, "geometry": {"type": "Point", "coordinates": [-70.64854645736204, -33.43864951423785]}}, {"type": "Feature", "id": 331, "properties": {"REGION": "METROPOLITANA DE SANTIAGO", "COMUNA": "SANTIAGO", "NOMBRE": "ASOCIACIÓN DE EDUCADORES TRADICIONALES EIB DE LAS PRIMERAS NACIONES R.M", "PUEBLO": "MULTICULTURAL"}, "geometry": {"type": "Point", "coordinates": [-70.64854645736204, -33.43864951423785]}}, {"type": "Feature", "id": 332, "properties": {"REGION": "METROPOLITANA DE SANTIAGO", "COMUNA": "SANTIAGO", "NOMBRE": "ASOCIACIÓN INTERCULTURAL INDÍGENA WUÑELFE", "PUEBLO": "MULTICULTURAL"}, "geometry": {"type": "Point", "coordinates": [-70.66063038722395, -33.44232805490065]}}, {"type": "Feature", "id": 333, "properties": {"REGION": "METROPOLITANA DE SANTIAGO", "COMUNA": "SANTIAGO", "NOMBRE": "LEUFUMAPU", "PUEBLO": "MAPUCHE"}, "geometry": {"type": "Point", "coordinates": [-70.64269586106096, -33.46610280595418]}}, {"type": "Feature", "id": 334, "properties": {"REGION": "METROPOLITANA DE SANTIAGO", "COMUNA": "SANTIAGO", "NOMBRE": "KIMUN TANI MAPU", "PUEBLO": "MAPUCHE"}, "geometry": {"type": "Point", "coordinates": [-70.64949951144197, -33.43720936323273]}}, {"type": "Feature", "id": 335, "properties": {"REGION": "METROPOLITANA DE SANTIAGO", "COMUNA": "SANTIAGO", "NOMBRE": "ASOCIACION INDIGENA MONGEL CHEFE", "PUEBLO": "MAPUCHE"}, "geometry": {"type": "Point", "coordinates": [-70.6428092140292, -33.46108618486964]}}, {"type": "Feature", "id": 336, "properties": {"REGION": "ÑUBLE", "COMUNA": "COIHUECO", "NOMBRE": "COIHUECO", "PUEBLO": "MAPUCHE"}, "geometry": {"type": "Point", "coordinates": [-71.83188177958857, -36.62818594746155]}}, {"type": "Feature", "id": 337, "properties": {"REGION": "METROPOLITANA DE SANTIAGO", "COMUNA": "SANTIAGO", "NOMBRE": "AYMARA QUECHUA PARA EL DESARROLLO DE LA CULTURA, SALUD Y GENERO KURMI", "PUEBLO": "AYMARA"}, "geometry": {"type": "Point", "coordinates": [-70.6502255379169, -33.44176486395428]}}, {"type": "Feature", "id": 338, "properties": {"REGION": "METROPOLITANA DE SANTIAGO", "COMUNA": "SANTIAGO", "NOMBRE": "ASOCIACION INDIGENA DE MUJERES MAPUCHES AD LLALLIN", "PUEBLO": "MAPUCHE"}, "geometry": {"type": "Point", "coordinates": [-70.63722893438853, -33.46799489708651]}}, {"type": "Feature", "id": 339, "properties": {"REGION": "METROPOLITANA DE SANTIAGO", "COMUNA": "SANTIAGO", "NOMBRE": "CONSEJO RED SALUD INTERCULTURAL WARIACHE, V REGIÓN Y METROPOLITANA", "PUEBLO": "MAPUCHE"}, "geometry": {"type": "Point", "coordinates": [-70.6471095157711, -33.44981174634067]}}, {"type": "Feature", "id": 340, "properties": {"REGION": "METROPOLITANA DE SANTIAGO", "COMUNA": "SANTIAGO", "NOMBRE": "PLATAFORMA POLÍTICA MAPUCHE", "PUEBLO": "MAPUCHE"}, "geometry": {"type": "Point", "coordinates": [-70.6471095157711, -33.44981174634067]}}, {"type": "Feature", "id": 341, "properties": {"REGION": "METROPOLITANA DE SANTIAGO", "COMUNA": "SANTIAGO", "NOMBRE": "CENTRO DE DERECHOS HUMANOS DE LOS PUEBLOS INDÍGENAS EN CHILE-CEDEHPI CHILE", "PUEBLO": "MAPUCHE"}, "geometry": {"type": "Point", "coordinates": [-70.65520541777904, -33.43918621841888]}}, {"type": "Feature", "id": 342, "properties": {"REGION": "METROPOLITANA DE SANTIAGO", "COMUNA": "SANTIAGO", "NOMBRE": "CENTRO DE EXPOSICIÓN DE ARTE Y CULTURA INDÍGENA \"CENWE\"", "PUEBLO": "MULTICULTURAL"}, "geometry": {"type": "Point", "coordinates": [-70.70713217510351, -33.45723568201935]}}, {"type": "Feature", "id": 343, "properties": {"REGION": "METROPOLITANA DE SANTIAGO", "COMUNA": "SANTIAGO", "NOMBRE": "MESA INDÍGENA COMUNAL DE SANTIAGO POR UN CENTRO CULTURAL Y CEREMONIAL", "PUEBLO": "MULTICULTURAL"}, "geometry": {"type": "Point", "coordinates": [-70.643813093197, -33.44953919232293]}}, {"type": "Feature", "id": 344, "properties": {"REGION": "METROPOLITANA DE SANTIAGO", "COMUNA": "SANTIAGO", "NOMBRE": "SELK´NAM TELKACHER", "PUEBLO": "MULTICULTURAL"}, "geometry": {"type": "Point", "coordinates": [-70.643813093197, -33.44953919232293]}}, {"type": "Feature", "id": 345, "properties": {"REGION": "METROPOLITANA DE SANTIAGO", "COMUNA": "SANTIAGO", "NOMBRE": "MINKANA", "PUEBLO": "MULTICULTURAL"}, "geometry": {"type": "Point", "coordinates": [-70.67139584512313, -33.43056696490669]}}, {"type": "Feature", "id": 346, "properties": {"REGION": "METROPOLITANA DE SANTIAGO", "COMUNA": "VITACURA", "NOMBRE": "ASOCIACION DE MICROEMPRESARIOS MAPUCHE", "PUEBLO": "MAPUCHE"}, "geometry": {"type": "Point", "coordinates": [-70.58598496173879, -33.39937970665909]}}, {"type": "Feature", "id": 347, "properties": {"REGION": "METROPOLITANA DE SANTIAGO", "COMUNA": "ISLA DE MAIPO", "NOMBRE": "WARIA MAPU KO", "PUEBLO": "MAPUCHE"}, "geometry": {"type": "Point", "coordinates": [-70.90003255102779, -33.74638341153294]}}, {"type": "Feature", "id": 348, "properties": {"REGION": "METROPOLITANA DE SANTIAGO", "COMUNA": "PADRE HURTADO", "NOMBRE": "MAPU RAYEN", "PUEBLO": "MAPUCHE"}, "geometry": {"type": "Point", "coordinates": [-70.80737698040078, -33.57479089991867]}}, {"type": "Feature", "id": 349, "properties": {"REGION": "METROPOLITANA DE SANTIAGO", "COMUNA": "PADRE HURTADO", "NOMBRE": "CHANCO KUPAYN", "PUEBLO": "MAPUCHE"}, "geometry": {"type": "Point", "coordinates": [-70.8063805855247, -33.57747558351131]}}, {"type": "Feature", "id": 350, "properties": {"REGION": "METROPOLITANA DE SANTIAGO", "COMUNA": "PADRE HURTADO", "NOMBRE": "NEWEN WEICHAFE", "PUEBLO": "MAPUCHE"}, "geometry": {"type": "Point", "coordinates": [-70.80469628254079, -33.56975648162704]}}, {"type": "Feature", "id": 351, "properties": {"REGION": "METROPOLITANA DE SANTIAGO", "COMUNA": "PADRE HURTADO", "NOMBRE": "AKUY NEWEN MAPU", "PUEBLO": "MAPUCHE"}, "geometry": {"type": "Point", "coordinates": [-70.807940983562, -33.57459232078063]}}, {"type": "Feature", "id": 352, "properties": {"REGION": "METROPOLITANA DE SANTIAGO", "COMUNA": "PEÑAFLOR", "NOMBRE": "MALLINCO MAPUCHE DE PEÑAFLOR", "PUEBLO": "MAPUCHE"}, "geometry": {"type": "Point", "coordinates": [-70.87065752218248, -33.60909183235336]}}, {"type": "Feature", "id": 353, "properties": {"REGION": "METROPOLITANA DE SANTIAGO", "COMUNA": "PEÑAFLOR", "NOMBRE": "ASOCIACIÓN INDÍGENA MAPUCHE EL TRAPICHE DE PEÑAFLOR", "PUEBLO": "MAPUCHE"}, "geometry": {"type": "Point", "coordinates": [-70.87252602013001, -33.60933805513748]}}, {"type": "Feature", "id": 354, "properties": {"REGION": "LIBERTADOR GENERAL BERNARDO O HIGGINS", "COMUNA": "GRANEROS", "NOMBRE": "ORGANIZACIÓN DE HERMANOS WE RAYEN MAPU", "PUEBLO": "MAPUCHE"}, "geometry": {"type": "Point", "coordinates": [-70.72663048548995, -34.06342370027521]}}, {"type": "Feature", "id": 355, "properties": {"REGION": "LIBERTADOR GENERAL BERNARDO O HIGGINS", "COMUNA": "LAS CABRAS", "NOMBRE": "ASOCIACION INDIGENA DE MIGRANTES MAPUCHE WETXIPANTU", "PUEBLO": "MAPUCHE"}, "geometry": {"type": "Point", "coordinates": [-71.3829207, -34.1018422]}}, {"type": "Feature", "id": 356, "properties": {"REGION": "LIBERTADOR GENERAL BERNARDO O HIGGINS", "COMUNA": "LAS CABRAS", "NOMBRE": "NAHUEL MAPU", "PUEBLO": "MAPUCHE"}, "geometry": {"type": "Point", "coordinates": [-71.30282079166865, -34.28888373261081]}}, {"type": "Feature", "id": 357, "properties": {"REGION": "LIBERTADOR GENERAL BERNARDO O HIGGINS", "COMUNA": "MACHALÍ", "NOMBRE": "ASOCIACION ANTU RAYEN DE MACHALÍ", "PUEBLO": "MAPUCHE"}, "geometry": {"type": "Point", "coordinates": [-70.66026305990898, -34.17024128310658]}}, {"type": "Feature", "id": 358, "properties": {"REGION": "LIBERTADOR GENERAL BERNARDO O HIGGINS", "COMUNA": "MOSTAZAL", "NOMBRE": "AGRUPACIÓN DE PUEBLOS ORIGINARIOS DE MOSTAZAL", "PUEBLO": "MULTICULTURAL"}, "geometry": {"type": "Point", "coordinates": [-70.64167326995616, -34.00510296603698]}}, {"type": "Feature", "id": 359, "properties": {"REGION": "LIBERTADOR GENERAL BERNARDO O HIGGINS", "COMUNA": "PICHIDEGUA", "NOMBRE": "AGRUPACION DE PUEBLOS ORIGINARIOS RAYEN MAPU", "PUEBLO": "MULTICULTURAL"}, "geometry": {"type": "Point", "coordinates": [-71.388956, -34.307995]}}, {"type": "Feature", "id": 360, "properties": {"REGION": "LIBERTADOR GENERAL BERNARDO O HIGGINS", "COMUNA": "QUINTA DE TILCOCO", "NOMBRE": "FEYENTUNEYIN", "PUEBLO": "MAPUCHE"}, "geometry": {"type": "Point", "coordinates": [-70.97413784044527, -34.35387617088914]}}, {"type": "Feature", "id": 361, "properties": {"REGION": "LIBERTADOR GENERAL BERNARDO O HIGGINS", "COMUNA": "RANCAGUA", "NOMBRE": "ASOCIACIÓN INDÍGENA RAYEN PEWEN", "PUEBLO": "MAPUCHE"}, "geometry": {"type": "Point", "coordinates": [-70.74717262680113, -34.17179803652304]}}, {"type": "Feature", "id": 362, "properties": {"REGION": "LIBERTADOR GENERAL BERNARDO O HIGGINS", "COMUNA": "RANCAGUA", "NOMBRE": "ASOCIACION INDIGENA NEWEN MAPU", "PUEBLO": "MAPUCHE"}, "geometry": {"type": "Point", "coordinates": [-70.75480317335028, -34.16801998067679]}}, {"type": "Feature", "id": 363, "properties": {"REGION": "LIBERTADOR GENERAL BERNARDO O HIGGINS", "COMUNA": "RENGO", "NOMBRE": "ASOCIACIÓN INDÍGENA \"EPU NEWEN\"", "PUEBLO": "MAPUCHE"}, "geometry": {"type": "Point", "coordinates": [-70.87107024688747, -34.4023152308143]}}, {"type": "Feature", "id": 364, "properties": {"REGION": "LIBERTADOR GENERAL BERNARDO O HIGGINS", "COMUNA": "REQUÍNOA", "NOMBRE": "ZOMO CHOYÜN (REGIONAL)", "PUEBLO": "MAPUCHE"}, "geometry": {"type": "Point", "coordinates": [-70.78453205785297, -34.22648251842287]}}, {"type": "Feature", "id": 365, "properties": {"REGION": "LIBERTADOR GENERAL BERNARDO O HIGGINS", "COMUNA": "PICHILEMU", "NOMBRE": "PACHA WE LIWEN", "PUEBLO": "MULTICULTURAL"}, "geometry": {"type": "Point", "coordinates": [-72.00305113375516, -34.38874830010585]}}, {"type": "Feature", "id": 366, "properties": {"REGION": "LIBERTADOR GENERAL BERNARDO O HIGGINS", "COMUNA": "SAN FERNANDO", "NOMBRE": "WE RUPU", "PUEBLO": "MAPUCHE"}, "geometry": {"type": "Point", "coordinates": [-70.98839144925228, -34.58420737832785]}}, {"type": "Feature", "id": 367, "properties": {"REGION": "ÑUBLE", "COMUNA": "BULNES", "NOMBRE": "MAPUCHE RAYEN MAPU", "PUEBLO": "MAPUCHE"}, "geometry": {"type": "Point", "coordinates": [-72.30666647994464, -36.73757677369309]}}, {"type": "Feature", "id": 368, "properties": {"REGION": "ÑUBLE", "COMUNA": "CHILLÁN", "NOMBRE": "ANTU", "PUEBLO": "MAPUCHE"}, "geometry": {"type": "Point", "coordinates": [-71.98703202476328, -36.63948564150314]}}, {"type": "Feature", "id": 369, "properties": {"REGION": "ÑUBLE", "COMUNA": "CHILLÁN", "NOMBRE": "CHILLAN", "PUEBLO": "MAPUCHE"}, "geometry": {"type": "Point", "coordinates": [-72.07840739794092, -36.61656303458025]}}, {"type": "Feature", "id": 370, "properties": {"REGION": "ÑUBLE", "COMUNA": "CHILLÁN", "NOMBRE": "PEUMAYEN", "PUEBLO": "MAPUCHE"}, "geometry": {"type": "Point", "coordinates": [-72.10297540869153, -36.60563184552506]}}, {"type": "Feature", "id": 371, "properties": {"REGION": "ÑUBLE", "COMUNA": "CHILLÁN", "NOMBRE": "TRABUN", "PUEBLO": "MAPUCHE"}, "geometry": {"type": "Point", "coordinates": [-72.09679777604369, -36.59665023022333]}}, {"type": "Feature", "id": 372, "properties": {"REGION": "ÑUBLE", "COMUNA": "CHILLÁN", "NOMBRE": "WEICHAFE", "PUEBLO": "MAPUCHE"}, "geometry": {"type": "Point", "coordinates": [-72.07039085419274, -36.61354763629469]}}, {"type": "Feature", "id": 373, "properties": {"REGION": "ÑUBLE", "COMUNA": "CHILLÁN", "NOMBRE": "WENGAMEN", "PUEBLO": "MAPUCHE"}, "geometry": {"type": "Point", "coordinates": [-72.09579721697315, -36.60706856976076]}}, {"type": "Feature", "id": 374, "properties": {"REGION": "ÑUBLE", "COMUNA": "CHILLÁN", "NOMBRE": "ELUNEY", "PUEBLO": "MAPUCHE"}, "geometry": {"type": "Point", "coordinates": [-72.06593985762221, -36.60528582070367]}}, {"type": "Feature", "id": 375, "properties": {"REGION": "ÑUBLE", "COMUNA": "CHILLÁN", "NOMBRE": "AMUY LEWFU", "PUEBLO": "MAPUCHE"}, "geometry": {"type": "Point", "coordinates": [-72.12915351628159, -36.6050495605082]}}, {"type": "Feature", "id": 376, "properties": {"REGION": "ÑUBLE", "COMUNA": "CHILLÁN", "NOMBRE": "MELI WITRAN MAPU", "PUEBLO": "MAPUCHE"}, "geometry": {"type": "Point", "coordinates": [-72.07878827101437, -36.62096127789103]}}, {"type": "Feature", "id": 377, "properties": {"REGION": "ÑUBLE", "COMUNA": "CHILLÁN", "NOMBRE": "PETU MONGELEIÑ", "PUEBLO": "MAPUCHE"}, "geometry": {"type": "Point", "coordinates": [-72.06778068300251, -36.60921405419025]}}, {"type": "Feature", "id": 378, "properties": {"REGION": "ÑUBLE", "COMUNA": "CHILLÁN", "NOMBRE": "ANTU WENUY QUINCHAMALI", "PUEBLO": "MAPUCHE"}, "geometry": {"type": "Point", "coordinates": [-72.403204, -36.648376]}}, {"type": "Feature", "id": 379, "properties": {"REGION": "ÑUBLE", "COMUNA": "CHILLÁN VIEJO", "NOMBRE": "MAPUCHE MAPU TRAFÜN", "PUEBLO": "MAPUCHE"}, "geometry": {"type": "Point", "coordinates": [-72.13607402612159, -36.623659521993]}}, {"type": "Feature", "id": 380, "properties": {"REGION": "ÑUBLE", "COMUNA": "CHILLÁN VIEJO", "NOMBRE": "KETRAWE", "PUEBLO": "MAPUCHE"}, "geometry": {"type": "Point", "coordinates": [-72.10332220048996, -36.64315421014343]}}, {"type": "Feature", "id": 381, "properties": {"REGION": "ÑUBLE", "COMUNA": "EL CARMEN", "NOMBRE": "FUERZA DE LA TIERRA (NEWEN MAPU)", "PUEBLO": "MAPUCHE"}, "geometry": {"type": "Point", "coordinates": [-72.03407838895131, -36.89808668164589]}}, {"type": "Feature", "id": 382, "properties": {"REGION": "ÑUBLE", "COMUNA": "PINTO", "NOMBRE": "RUCALAF", "PUEBLO": "MAPUCHE"}, "geometry": {"type": "Point", "coordinates": [-71.89282819345159, -36.70276950799505]}}, {"type": "Feature", "id": 383, "properties": {"REGION": "ÑUBLE", "COMUNA": "QUILLÓN", "NOMBRE": "EPU MARI KECHU PANGE MEW KEULLIN", "PUEBLO": "MAPUCHE"}, "geometry": {"type": "Point", "coordinates": [-72.4782608585282, -36.74070451578634]}}, {"type": "Feature", "id": 384, "properties": {"REGION": "ÑUBLE", "COMUNA": "SAN IGNACIO", "NOMBRE": "MONGUETUN MAPU", "PUEBLO": "MAPUCHE"}, "geometry": {"type": "Point", "coordinates": [-72.02958305727788, -36.799188500532]}}, {"type": "Feature", "id": 385, "properties": {"REGION": "ÑUBLE", "COMUNA": "YUNGAY", "NOMBRE": "SAYEN", "PUEBLO": "MAPUCHE"}, "geometry": {"type": "Point", "coordinates": [-72.02267787618018, -37.12179696859388]}}, {"type": "Feature", "id": 386, "properties": {"REGION": "ÑUBLE", "COMUNA": "COELEMU", "NOMBRE": "ANTU-BURALEO", "PUEBLO": "MAPUCHE"}, "geometry": {"type": "Point", "coordinates": [-72.7032473098332, -36.48756362743792]}}, {"type": "Feature", "id": 387, "properties": {"REGION": "ÑUBLE", "COMUNA": "COELEMU", "NOMBRE": "ANTÜ KÜYEN", "PUEBLO": "MAPUCHE"}, "geometry": {"type": "Point", "coordinates": [-72.71043844365279, -36.49073675370691]}}, {"type": "Feature", "id": 388, "properties": {"REGION": "ÑUBLE", "COMUNA": "QUIRIHUE", "NOMBRE": "HUICHA COIQUEN", "PUEBLO": "MAPUCHE"}, "geometry": {"type": "Point", "coordinates": [-72.55080113903692, -36.2771718632144]}}, {"type": "Feature", "id": 389, "properties": {"REGION": "ÑUBLE", "COMUNA": "COIHUECO", "NOMBRE": "ALIWEN", "PUEBLO": "MAPUCHE"}, "geometry": {"type": "Point", "coordinates": [-71.82882977613181, -36.6322456066408]}}, {"type": "Feature", "id": 390, "properties": {"REGION": "ÑUBLE", "COMUNA": "SAN CARLOS", "NOMBRE": "WANGUELEN", "PUEBLO": "MAPUCHE"}, "geometry": {"type": "Point", "coordinates": [-71.95820735507203, -36.42348789136192]}}, {"type": "Feature", "id": 391, "properties": {"REGION": "ÑUBLE", "COMUNA": "SAN FABIÁN", "NOMBRE": "SAN FABIAN DE ALICO", "PUEBLO": "MAPUCHE"}, "geometry": {"type": "Point", "coordinates": [-71.55107853562082, -36.55647637271556]}}, {"type": "Feature", "id": 392, "properties": {"REGION": "BIOBÍO", "COMUNA": "ARAUCO", "NOMBRE": "YANI LAFQUEN", "PUEBLO": "MAPUCHE"}, "geometry": {"type": "Point", "coordinates": [-73.646333, -37.350684]}}, {"type": "Feature", "id": 393, "properties": {"REGION": "BIOBÍO", "COMUNA": "ARAUCO", "NOMBRE": "URVANA ARAUCO", "PUEBLO": "MAPUCHE"}, "geometry": {"type": "Point", "coordinates": [-73.3172966506492, -37.24678469093895]}}, {"type": "Feature", "id": 394, "properties": {"REGION": "BIOBÍO", "COMUNA": "ARAUCO", "NOMBRE": "ANTU TRIPAY LAFKEN", "PUEBLO": "MAPUCHE"}, "geometry": {"type": "Point", "coordinates": [-73.443389, -37.230448]}}, {"type": "Feature", "id": 395, "properties": {"REGION": "BIOBÍO", "COMUNA": "ARAUCO", "NOMBRE": "PIUKE RAYEN", "PUEBLO": "MAPUCHE"}, "geometry": {"type": "Point", "coordinates": [-73.437866, -37.305985]}}, {"type": "Feature", "id": 396, "properties": {"REGION": "BIOBÍO", "COMUNA": "ARAUCO", "NOMBRE": "MAPUCHE KIMÜN", "PUEBLO": "MAPUCHE"}, "geometry": {"type": "Point", "coordinates": [-73.325644, -37.243622]}}, {"type": "Feature", "id": 397, "properties": {"REGION": "BIOBÍO", "COMUNA": "ARAUCO", "NOMBRE": "YAL DE LIHUEN Y CALEUCHE", "PUEBLO": "MAPUCHE"}, "geometry": {"type": "Point", "coordinates": [-73.31043211030465, -37.24766164223422]}}, {"type": "Feature", "id": 398, "properties": {"REGION": "BIOBÍO", "COMUNA": "ARAUCO", "NOMBRE": "PESCADORES ARTESANALES Y BUZOS MARISCADORES DE ORIGEN MAPUCHE DEL GOLFO DE ARAUCO", "PUEBLO": "MAPUCHE"}, "geometry": {"type": "Point", "coordinates": [-73.44883428163607, -37.22862373688676]}}, {"type": "Feature", "id": 399, "properties": {"REGION": "BIOBÍO", "COMUNA": "ARAUCO", "NOMBRE": "KEÜPÜMILL", "PUEBLO": "MAPUCHE"}, "geometry": {"type": "Point", "coordinates": [-73.179355, -37.165075]}}, {"type": "Feature", "id": 400, "properties": {"REGION": "BIOBÍO", "COMUNA": "ARAUCO", "NOMBRE": "LAFKENCHE HUENUMILLA ANTILEO LINCOPI", "PUEBLO": "MAPUCHE"}, "geometry": {"type": "Point", "coordinates": [-73.564882, -37.198147]}}, {"type": "Feature", "id": 401, "properties": {"REGION": "BIOBÍO", "COMUNA": "ARAUCO", "NOMBRE": "PÜEL MAPÜ", "PUEBLO": "MAPUCHE"}, "geometry": {"type": "Point", "coordinates": [-73.33165398156487, -37.24560790428274]}}, {"type": "Feature", "id": 402, "properties": {"REGION": "BIOBÍO", "COMUNA": "ARAUCO", "NOMBRE": "TAMY MONGUEN", "PUEBLO": "MAPUCHE"}, "geometry": {"type": "Point", "coordinates": [-73.33404905125103, -37.24607573477118]}}, {"type": "Feature", "id": 403, "properties": {"REGION": "BIOBÍO", "COMUNA": "ARAUCO", "NOMBRE": "FOTÜN MAPÜ PÜ LAFKEN", "PUEBLO": "MAPUCHE"}, "geometry": {"type": "Point", "coordinates": [-73.580831, -37.149703]}}, {"type": "Feature", "id": 404, "properties": {"REGION": "BIOBÍO", "COMUNA": "LOS ÁLAMOS", "NOMBRE": "WENTE LAFKEN MEÜ", "PUEBLO": "MAPUCHE"}, "geometry": {"type": "Point", "coordinates": [-73.64644666735873, -37.35088598480489]}}, {"type": "Feature", "id": 405, "properties": {"REGION": "BIOBÍO", "COMUNA": "ARAUCO", "NOMBRE": "MAULEN ARAUCO", "PUEBLO": "MAPUCHE"}, "geometry": {"type": "Point", "coordinates": [-73.315181, -37.242234]}}, {"type": "Feature", "id": 406, "properties": {"REGION": "BIOBÍO", "COMUNA": "ARAUCO", "NOMBRE": "NEWEN PUELMAPU", "PUEBLO": "MAPUCHE"}, "geometry": {"type": "Point", "coordinates": [-73.3316399136809, -37.24564766236465]}}, {"type": "Feature", "id": 407, "properties": {"REGION": "BIOBÍO", "COMUNA": "ARAUCO", "NOMBRE": "MAPÜ PÜ RAÜKO", "PUEBLO": "MAPUCHE"}, "geometry": {"type": "Point", "coordinates": [-73.33404979548364, -37.24608941708727]}}, {"type": "Feature", "id": 408, "properties": {"REGION": "BIOBÍO", "COMUNA": "ARAUCO", "NOMBRE": "NEWEN ANTU (FUERZA DEL SOL)", "PUEBLO": "MAPUCHE"}, "geometry": {"type": "Point", "coordinates": [-73.31880865296868, -37.24605833782413]}}, {"type": "Feature", "id": 409, "properties": {"REGION": "BIOBÍO", "COMUNA": "ARAUCO", "NOMBRE": "AYELEN WECHE", "PUEBLO": "MAPUCHE"}, "geometry": {"type": "Point", "coordinates": [-73.33163860278732, -37.24553006200617]}}, {"type": "Feature", "id": 410, "properties": {"REGION": "BIOBÍO", "COMUNA": "ARAUCO", "NOMBRE": "ANTULAF", "PUEBLO": "MAPUCHE"}, "geometry": {"type": "Point", "coordinates": [-73.18648082244248, -37.16931845201821]}}, {"type": "Feature", "id": 411, "properties": {"REGION": "BIOBÍO", "COMUNA": "ARAUCO", "NOMBRE": "LAFKEN MAPU", "PUEBLO": "MAPUCHE"}, "geometry": {"type": "Point", "coordinates": [-73.57801630449313, -37.15020474519015]}}, {"type": "Feature", "id": 412, "properties": {"REGION": "BIOBÍO", "COMUNA": "ARAUCO", "NOMBRE": "NAHUEN", "PUEBLO": "MAPUCHE"}, "geometry": {"type": "Point", "coordinates": [-73.30935117397375, -37.246868947143]}}, {"type": "Feature", "id": 413, "properties": {"REGION": "BIOBÍO", "COMUNA": "ARAUCO", "NOMBRE": "COÑARIPE", "PUEBLO": "MAPUCHE"}, "geometry": {"type": "Point", "coordinates": [-73.606674, -37.178614]}}, {"type": "Feature", "id": 414, "properties": {"REGION": "BIOBÍO", "COMUNA": "ARAUCO", "NOMBRE": "ANTÜLAF MILLARAY", "PUEBLO": "MAPUCHE"}, "geometry": {"type": "Point", "coordinates": [-73.3171087144443, -37.243442123224]}}, {"type": "Feature", "id": 415, "properties": {"REGION": "BIOBÍO", "COMUNA": "ARAUCO", "NOMBRE": "NGEN KÜRÜF", "PUEBLO": "MAPUCHE"}, "geometry": {"type": "Point", "coordinates": [-73.43969751140477, -37.22941405925204]}}, {"type": "Feature", "id": 416, "properties": {"REGION": "BIOBÍO", "COMUNA": "ARAUCO", "NOMBRE": "ANDALICAN CHE", "PUEBLO": "MAPUCHE"}, "geometry": {"type": "Point", "coordinates": [-73.18292560317364, -37.16573899056547]}}, {"type": "Feature", "id": 417, "properties": {"REGION": "BIOBÍO", "COMUNA": "ARAUCO", "NOMBRE": "BUZOS MARISCADORES Y PESCADORES LABKENCHE", "PUEBLO": "MAPUCHE"}, "geometry": {"type": "Point", "coordinates": [-73.447793, -37.228883]}}, {"type": "Feature", "id": 418, "properties": {"REGION": "BIOBÍO", "COMUNA": "ARAUCO", "NOMBRE": "PEÛMA MAPÛ", "PUEBLO": "MAPUCHE"}, "geometry": {"type": "Point", "coordinates": [-73.361565, -37.265489]}}, {"type": "Feature", "id": 419, "properties": {"REGION": "BIOBÍO", "COMUNA": "CAÑETE", "NOMBRE": "ASOCIACION GREMIAL PEQUEÑAS AGRICULTORAS Y ARTESANAS RAYEN VOYGUE", "PUEBLO": "MAPUCHE"}, "geometry": {"type": "Point", "coordinates": [-73.40041281213699, -37.79966050066843]}}, {"type": "Feature", "id": 420, "properties": {"REGION": "BIOBÍO", "COMUNA": "CAÑETE", "NOMBRE": "RAGKO CHE ÑI MAPU", "PUEBLO": "MAPUCHE"}, "geometry": {"type": "Point", "coordinates": [-73.439081, -37.843897]}}, {"type": "Feature", "id": 421, "properties": {"REGION": "BIOBÍO", "COMUNA": "CAÑETE", "NOMBRE": "AYELEN", "PUEBLO": "MAPUCHE"}, "geometry": {"type": "Point", "coordinates": [-73.3927428635732, -37.79221643597239]}}, {"type": "Feature", "id": 422, "properties": {"REGION": "BIOBÍO", "COMUNA": "CAÑETE", "NOMBRE": "ANTU MAPU", "PUEBLO": "MAPUCHE"}, "geometry": {"type": "Point", "coordinates": [-73.39841776685944, -38.05243169709216]}}, {"type": "Feature", "id": 423, "properties": {"REGION": "BIOBÍO", "COMUNA": "CAÑETE", "NOMBRE": "WE MAPU", "PUEBLO": "MAPUCHE"}, "geometry": {"type": "Point", "coordinates": [-73.39911680518252, -37.79985045209412]}}, {"type": "Feature", "id": 424, "properties": {"REGION": "BIOBÍO", "COMUNA": "CAÑETE", "NOMBRE": "RUCA LAMUEN", "PUEBLO": "MAPUCHE"}, "geometry": {"type": "Point", "coordinates": [-73.39339975629774, -37.80336847373694]}}, {"type": "Feature", "id": 425, "properties": {"REGION": "BIOBÍO", "COMUNA": "CAÑETE", "NOMBRE": "MIRAMAR", "PUEBLO": "MAPUCHE"}, "geometry": {"type": "Point", "coordinates": [-73.404505, -37.952755]}}, {"type": "Feature", "id": 426, "properties": {"REGION": "BIOBÍO", "COMUNA": "CAÑETE", "NOMBRE": "GUACOLDA", "PUEBLO": "MAPUCHE"}, "geometry": {"type": "Point", "coordinates": [-73.404505, -37.952755]}}, {"type": "Feature", "id": 427, "properties": {"REGION": "BIOBÍO", "COMUNA": "CAÑETE", "NOMBRE": "LAFQUENCHE", "PUEBLO": "MAPUCHE"}, "geometry": {"type": "Point", "coordinates": [-73.38762, -38.091]}}, {"type": "Feature", "id": 428, "properties": {"REGION": "BIOBÍO", "COMUNA": "CAÑETE", "NOMBRE": "NAI CAHUE", "PUEBLO": "MAPUCHE"}, "geometry": {"type": "Point", "coordinates": [-73.39166977768444, -37.79998171573438]}}, {"type": "Feature", "id": 429, "properties": {"REGION": "BIOBÍO", "COMUNA": "YUMBEL", "NOMBRE": "WE KEPU MELEN", "PUEBLO": "MAPUCHE"}, "geometry": {"type": "Point", "coordinates": [-73.39835195725364, -38.05262852297042]}}, {"type": "Feature", "id": 430, "properties": {"REGION": "BIOBÍO", "COMUNA": "CAÑETE", "NOMBRE": "LUIS ANTIMAN", "PUEBLO": "MAPUCHE"}, "geometry": {"type": "Point", "coordinates": [-73.40453, -37.95279]}}, {"type": "Feature", "id": 431, "properties": {"REGION": "BIOBÍO", "COMUNA": "LOTA", "NOMBRE": "WEKECHE (GENTE JOVEN)", "PUEBLO": "MAPUCHE"}, "geometry": {"type": "Point", "coordinates": [-73.425499, -37.837276]}}, {"type": "Feature", "id": 432, "properties": {"REGION": "BIOBÍO", "COMUNA": "CAÑETE", "NOMBRE": "NEWUEN MALEN", "PUEBLO": "MAPUCHE"}, "geometry": {"type": "Point", "coordinates": [-73.404803, -37.952592]}}, {"type": "Feature", "id": 433, "properties": {"REGION": "BIOBÍO", "COMUNA": "CAÑETE", "NOMBRE": "ASOCIACION DE MUJERES INDIGENAS DE LANALHUE", "PUEBLO": "MAPUCHE"}, "geometry": {"type": "Point", "coordinates": [-73.380781, -37.910545]}}, {"type": "Feature", "id": 434, "properties": {"REGION": "BIOBÍO", "COMUNA": "CAÑETE", "NOMBRE": "JUAN ANDRES PORMA HUENTELOLEN", "PUEBLO": "MAPUCHE"}, "geometry": {"type": "Point", "coordinates": [-73.404652, -37.952493]}}, {"type": "Feature", "id": 435, "properties": {"REGION": "BIOBÍO", "COMUNA": "CAÑETE", "NOMBRE": "MESA TERRITORIAL CAYUCUPIL", "PUEBLO": "MAPUCHE"}, "geometry": {"type": "Point", "coordinates": [-73.265371, -37.811941]}}, {"type": "Feature", "id": 436, "properties": {"REGION": "BIOBÍO", "COMUNA": "CAÑETE", "NOMBRE": "TUCA NEWEN", "PUEBLO": "MAPUCHE"}, "geometry": {"type": "Point", "coordinates": [-73.39945215291426, -37.80233261244941]}}, {"type": "Feature", "id": 437, "properties": {"REGION": "BIOBÍO", "COMUNA": "CAÑETE", "NOMBRE": "MESA TERRITORIAL CAYUCUPIL 2", "PUEBLO": "MAPUCHE"}, "geometry": {"type": "Point", "coordinates": [-73.4010235478892, -37.8040862555217]}}, {"type": "Feature", "id": 438, "properties": {"REGION": "BIOBÍO", "COMUNA": "CAÑETE", "NOMBRE": "KINTXÜY", "PUEBLO": "MAPUCHE"}, "geometry": {"type": "Point", "coordinates": [-73.39420565029064, -37.80419127616857]}}, {"type": "Feature", "id": 439, "properties": {"REGION": "BIOBÍO", "COMUNA": "CAÑETE", "NOMBRE": "MILLAHUAL", "PUEBLO": "MAPUCHE"}, "geometry": {"type": "Point", "coordinates": [-73.38324575956648, -37.79873436827763]}}, {"type": "Feature", "id": 440, "properties": {"REGION": "BIOBÍO", "COMUNA": "CAÑETE", "NOMBRE": "PEUMO MAPU", "PUEBLO": "MAPUCHE"}, "geometry": {"type": "Point", "coordinates": [-73.40524418081583, -37.80066550961872]}}, {"type": "Feature", "id": 441, "properties": {"REGION": "BIOBÍO", "COMUNA": "CAÑETE", "NOMBRE": "JUANA MELIN", "PUEBLO": "MAPUCHE"}, "geometry": {"type": "Point", "coordinates": [-73.38527483852785, -37.786381682189]}}, {"type": "Feature", "id": 442, "properties": {"REGION": "BIOBÍO", "COMUNA": "CAÑETE", "NOMBRE": "GALVARINO", "PUEBLO": "MAPUCHE"}, "geometry": {"type": "Point", "coordinates": [-73.3934792706096, -37.80480028096768]}}, {"type": "Feature", "id": 443, "properties": {"REGION": "BIOBÍO", "COMUNA": "LOS ÁLAMOS", "NOMBRE": "WE MAPU LABKEN", "PUEBLO": "MAPUCHE"}, "geometry": {"type": "Point", "coordinates": [-73.3989359237829, -37.79921000455222]}}, {"type": "Feature", "id": 444, "properties": {"REGION": "BIOBÍO", "COMUNA": "CAÑETE", "NOMBRE": "MARIA HUENUL", "PUEBLO": "MAPUCHE"}, "geometry": {"type": "Point", "coordinates": [-73.397513825052, -37.79948260921967]}}, {"type": "Feature", "id": 445, "properties": {"REGION": "BIOBÍO", "COMUNA": "CAÑETE", "NOMBRE": "NEWENCHE", "PUEBLO": "MAPUCHE"}, "geometry": {"type": "Point", "coordinates": [-73.394622, -37.806104]}}, {"type": "Feature", "id": 446, "properties": {"REGION": "BIOBÍO", "COMUNA": "TIRÚA", "NOMBRE": "WENU PE - EL", "PUEBLO": "MAPUCHE"}, "geometry": {"type": "Point", "coordinates": [-73.41035369148898, -37.79985285226881]}}, {"type": "Feature", "id": 447, "properties": {"REGION": "BIOBÍO", "COMUNA": "CAÑETE", "NOMBRE": "NEWEN TUCAPEL", "PUEBLO": "MAPUCHE"}, "geometry": {"type": "Point", "coordinates": [-73.4075125072468, -37.8046183528819]}}, {"type": "Feature", "id": 448, "properties": {"REGION": "BIOBÍO", "COMUNA": "CAÑETE", "NOMBRE": "CULTURAL MAPUCHE ALIWEN", "PUEBLO": "MAPUCHE"}, "geometry": {"type": "Point", "coordinates": [-73.38341435759042, -37.79873548384084]}}, {"type": "Feature", "id": 449, "properties": {"REGION": "BIOBÍO", "COMUNA": "CAÑETE", "NOMBRE": "KACIKE MIGUEL MELITAKÜN", "PUEBLO": "MAPUCHE"}, "geometry": {"type": "Point", "coordinates": [-73.328848, -37.849947]}}, {"type": "Feature", "id": 450, "properties": {"REGION": "BIOBÍO", "COMUNA": "CONTULMO", "NOMBRE": "LAFKENCHE MAPUCHES URBANOS", "PUEBLO": "MAPUCHE"}, "geometry": {"type": "Point", "coordinates": [-73.2330822166281, -38.02680598682892]}}, {"type": "Feature", "id": 451, "properties": {"REGION": "BIOBÍO", "COMUNA": "CONTULMO", "NOMBRE": "PEUMAN ÑI MAPU", "PUEBLO": "MAPUCHE"}, "geometry": {"type": "Point", "coordinates": [-73.272484, -38.126185]}}, {"type": "Feature", "id": 452, "properties": {"REGION": "BIOBÍO", "COMUNA": "CONTULMO", "NOMBRE": "KECHU LOB", "PUEBLO": "MAPUCHE"}, "geometry": {"type": "Point", "coordinates": [-73.21685689817485, -38.15393473771958]}}, {"type": "Feature", "id": 453, "properties": {"REGION": "BIOBÍO", "COMUNA": "CONTULMO", "NOMBRE": "TREN TREN", "PUEBLO": "MAPUCHE"}, "geometry": {"type": "Point", "coordinates": [-73.229907, -37.95649]}}, {"type": "Feature", "id": 454, "properties": {"REGION": "BIOBÍO", "COMUNA": "CONTULMO", "NOMBRE": "RAYEN KOLKEDA", "PUEBLO": "MAPUCHE"}, "geometry": {"type": "Point", "coordinates": [-73.227584, -37.956391]}}, {"type": "Feature", "id": 455, "properties": {"REGION": "BIOBÍO", "COMUNA": "CONTULMO", "NOMBRE": "CULTURAL RAYEN WEKECHE", "PUEBLO": "MAPUCHE"}, "geometry": {"type": "Point", "coordinates": [-73.23298273097163, -37.94438246811437]}}, {"type": "Feature", "id": 456, "properties": {"REGION": "BIOBÍO", "COMUNA": "CONTULMO", "NOMBRE": "INCHIN TAIN VOLIL", "PUEBLO": "MAPUCHE"}, "geometry": {"type": "Point", "coordinates": [-73.230363, -37.956606]}}, {"type": "Feature", "id": 457, "properties": {"REGION": "BIOBÍO", "COMUNA": "CURANILAHUE", "NOMBRE": "NEHUEN-CHE", "PUEBLO": "MAPUCHE"}, "geometry": {"type": "Point", "coordinates": [-73.34953482943435, -37.47912752594772]}}, {"type": "Feature", "id": 458, "properties": {"REGION": "BIOBÍO", "COMUNA": "ALTO BIOBÍO", "NOMBRE": "WE CHE", "PUEBLO": "MAPUCHE"}, "geometry": {"type": "Point", "coordinates": [-73.34116093494762, -37.47478619908844]}}, {"type": "Feature", "id": 459, "properties": {"REGION": "BIOBÍO", "COMUNA": "CURANILAHUE", "NOMBRE": "NEWEN SUYAI", "PUEBLO": "MAPUCHE"}, "geometry": {"type": "Point", "coordinates": [-73.32989221740701, -37.48058922882266]}}, {"type": "Feature", "id": 460, "properties": {"REGION": "BIOBÍO", "COMUNA": "CURANILAHUE", "NOMBRE": "TUBACHI MAPUMU MONGUELEIÑ", "PUEBLO": "MAPUCHE"}, "geometry": {"type": "Point", "coordinates": [-73.348479046487, -37.47382481817423]}}, {"type": "Feature", "id": 461, "properties": {"REGION": "BIOBÍO", "COMUNA": "ALTO BIOBÍO", "NOMBRE": "WE NEWEN CHE", "PUEBLO": "MAPUCHE"}, "geometry": {"type": "Point", "coordinates": [-73.349536474796, -37.47912946455997]}}, {"type": "Feature", "id": 462, "properties": {"REGION": "BIOBÍO", "COMUNA": "CURANILAHUE", "NOMBRE": "ALIWEN", "PUEBLO": "MAPUCHE"}, "geometry": {"type": "Point", "coordinates": [-73.34529330277766, -37.48107079026133]}}, {"type": "Feature", "id": 463, "properties": {"REGION": "BIOBÍO", "COMUNA": "CURANILAHUE", "NOMBRE": "NEWENTUAIÑ", "PUEBLO": "MAPUCHE"}, "geometry": {"type": "Point", "coordinates": [-73.346129, -37.476972]}}, {"type": "Feature", "id": 464, "properties": {"REGION": "BIOBÍO", "COMUNA": "CURANILAHUE", "NOMBRE": "AUKIN KURRA", "PUEBLO": "MAPUCHE"}, "geometry": {"type": "Point", "coordinates": [-73.34559, -37.477551]}}, {"type": "Feature", "id": 465, "properties": {"REGION": "BIOBÍO", "COMUNA": "LEBU", "NOMBRE": "TRAUGUN RUKA", "PUEBLO": "MAPUCHE"}, "geometry": {"type": "Point", "coordinates": [-73.656029, -37.603894]}}, {"type": "Feature", "id": 466, "properties": {"REGION": "BIOBÍO", "COMUNA": "LEBU", "NOMBRE": "TREN TREN", "PUEBLO": "MAPUCHE"}, "geometry": {"type": "Point", "coordinates": [-73.661372, -37.723585]}}, {"type": "Feature", "id": 467, "properties": {"REGION": "BIOBÍO", "COMUNA": "LEBU", "NOMBRE": "NEHUEN MAPU", "PUEBLO": "MAPUCHE"}, "geometry": {"type": "Point", "coordinates": [-73.644681, -37.604733]}}, {"type": "Feature", "id": 468, "properties": {"REGION": "BIOBÍO", "COMUNA": "LEBU", "NOMBRE": "LAUTARO DE SANTA FE", "PUEBLO": "MAPUCHE"}, "geometry": {"type": "Point", "coordinates": [-73.65703, -37.615243]}}, {"type": "Feature", "id": 469, "properties": {"REGION": "BIOBÍO", "COMUNA": "LEBU", "NOMBRE": "LEFIAN ANTU", "PUEBLO": "MAPUCHE"}, "geometry": {"type": "Point", "coordinates": [-73.64522696977765, -37.61083377704563]}}, {"type": "Feature", "id": 470, "properties": {"REGION": "BIOBÍO", "COMUNA": "LEBU", "NOMBRE": "RUCA RAQUI CENTRO", "PUEBLO": "MAPUCHE"}, "geometry": {"type": "Point", "coordinates": [-73.53714, -37.737757]}}, {"type": "Feature", "id": 471, "properties": {"REGION": "BIOBÍO", "COMUNA": "LEBU", "NOMBRE": "TAÑI MAPU", "PUEBLO": "MAPUCHE"}, "geometry": {"type": "Point", "coordinates": [-73.6457909618935, -37.60177753467018]}}, {"type": "Feature", "id": 472, "properties": {"REGION": "BIOBÍO", "COMUNA": "LEBU", "NOMBRE": "CAUPOLICAN", "PUEBLO": "MAPUCHE"}, "geometry": {"type": "Point", "coordinates": [-73.64524035633528, -37.6115515593017]}}, {"type": "Feature", "id": 473, "properties": {"REGION": "BIOBÍO", "COMUNA": "LEBU", "NOMBRE": "FUTALAF KENKO", "PUEBLO": "MAPUCHE"}, "geometry": {"type": "Point", "coordinates": [-73.64472310379755, -37.60456132244511]}}, {"type": "Feature", "id": 474, "properties": {"REGION": "BIOBÍO", "COMUNA": "LEBU", "NOMBRE": "ANTILLANCA", "PUEBLO": "MAPUCHE"}, "geometry": {"type": "Point", "coordinates": [-73.65135645595977, -37.60666250651526]}}, {"type": "Feature", "id": 475, "properties": {"REGION": "BIOBÍO", "COMUNA": "LEBU", "NOMBRE": "TREN TREN MAGUIDA", "PUEBLO": "MAPUCHE"}, "geometry": {"type": "Point", "coordinates": [-73.648696, -37.61506]}}, {"type": "Feature", "id": 476, "properties": {"REGION": "BIOBÍO", "COMUNA": "LEBU", "NOMBRE": "NAHUEL", "PUEBLO": "MAPUCHE"}, "geometry": {"type": "Point", "coordinates": [-73.65911783903692, -37.60129320485645]}}, {"type": "Feature", "id": 477, "properties": {"REGION": "BIOBÍO", "COMUNA": "LEBU", "NOMBRE": "IÑ MAPU", "PUEBLO": "MAPUCHE"}, "geometry": {"type": "Point", "coordinates": [-73.64722426260575, -37.61098631652787]}}, {"type": "Feature", "id": 478, "properties": {"REGION": "BIOBÍO", "COMUNA": "LEBU", "NOMBRE": "NEWENCHE", "PUEBLO": "MAPUCHE"}, "geometry": {"type": "Point", "coordinates": [-73.65346, -37.613061]}}, {"type": "Feature", "id": 479, "properties": {"REGION": "BIOBÍO", "COMUNA": "LEBU", "NOMBRE": "MICHIMALONGO", "PUEBLO": "MAPUCHE"}, "geometry": {"type": "Point", "coordinates": [-73.65876784625004, -37.6195934709491]}}, {"type": "Feature", "id": 480, "properties": {"REGION": "BIOBÍO", "COMUNA": "LEBU", "NOMBRE": "RAYEN ANTÜ", "PUEBLO": "MAPUCHE"}, "geometry": {"type": "Point", "coordinates": [-73.64129166069846, -37.59367319626281]}}, {"type": "Feature", "id": 481, "properties": {"REGION": "BIOBÍO", "COMUNA": "LEBU", "NOMBRE": "ANTÜ AYELEN", "PUEBLO": "MAPUCHE"}, "geometry": {"type": "Point", "coordinates": [-73.64129166049365, -37.59624968771322]}}, {"type": "Feature", "id": 482, "properties": {"REGION": "BIOBÍO", "COMUNA": "LEBU", "NOMBRE": "LEUFUCHE", "PUEBLO": "MAPUCHE"}, "geometry": {"type": "Point", "coordinates": [-73.6442504027723, -37.6123990225579]}}, {"type": "Feature", "id": 483, "properties": {"REGION": "BIOBÍO", "COMUNA": "LEBU", "NOMBRE": "TXRAN MAPU", "PUEBLO": "MAPUCHE"}, "geometry": {"type": "Point", "coordinates": [-73.66124356473385, -37.60981513465862]}}, {"type": "Feature", "id": 484, "properties": {"REGION": "BIOBÍO", "COMUNA": "LEBU", "NOMBRE": "ELUNEY SUYAI", "PUEBLO": "MAPUCHE"}, "geometry": {"type": "Point", "coordinates": [-73.65986158455009, -37.60163684958587]}}, {"type": "Feature", "id": 485, "properties": {"REGION": "BIOBÍO", "COMUNA": "LEBU", "NOMBRE": "LAFQUENMAPU", "PUEBLO": "MAPUCHE"}, "geometry": {"type": "Point", "coordinates": [-73.65008, -37.613044]}}, {"type": "Feature", "id": 486, "properties": {"REGION": "BIOBÍO", "COMUNA": "LEBU", "NOMBRE": "YAUPE LLANQUILEO", "PUEBLO": "MAPUCHE"}, "geometry": {"type": "Point", "coordinates": [-73.64644, -37.610384]}}, {"type": "Feature", "id": 487, "properties": {"REGION": "BIOBÍO", "COMUNA": "LEBU", "NOMBRE": "TRIPAWE ANTU", "PUEBLO": "MAPUCHE"}, "geometry": {"type": "Point", "coordinates": [-73.61078337328918, -37.6476319682249]}}, {"type": "Feature", "id": 488, "properties": {"REGION": "BIOBÍO", "COMUNA": "LEBU", "NOMBRE": "CATRIMAN MAPU", "PUEBLO": "MAPUCHE"}, "geometry": {"type": "Point", "coordinates": [-73.6419879209174, -37.61976620255597]}}, {"type": "Feature", "id": 489, "properties": {"REGION": "BIOBÍO", "COMUNA": "LEBU", "NOMBRE": "NEWEN ANTÛ DE LEBU", "PUEBLO": "MAPUCHE"}, "geometry": {"type": "Point", "coordinates": [-73.64234242890265, -37.61380714076248]}}, {"type": "Feature", "id": 490, "properties": {"REGION": "BIOBÍO", "COMUNA": "LEBU", "NOMBRE": "NEHUEN", "PUEBLO": "MAPUCHE"}, "geometry": {"type": "Point", "coordinates": [-73.64465996534196, -37.60465925740957]}}, {"type": "Feature", "id": 491, "properties": {"REGION": "BIOBÍO", "COMUNA": "LEBU", "NOMBRE": "WEICHAFE MAPU", "PUEBLO": "MAPUCHE"}, "geometry": {"type": "Point", "coordinates": [-73.623317, -37.646643]}}, {"type": "Feature", "id": 492, "properties": {"REGION": "BIOBÍO", "COMUNA": "LOS ÁLAMOS", "NOMBRE": "KDAU MAPU", "PUEBLO": "MAPUCHE"}, "geometry": {"type": "Point", "coordinates": [-73.48326, -37.758773]}}, {"type": "Feature", "id": 493, "properties": {"REGION": "BIOBÍO", "COMUNA": "LOS ÁLAMOS", "NOMBRE": "RAYEN MAHUIDA", "PUEBLO": "MAPUCHE"}, "geometry": {"type": "Point", "coordinates": [-73.498476, -37.818925]}}, {"type": "Feature", "id": 494, "properties": {"REGION": "BIOBÍO", "COMUNA": "LOS ÁLAMOS", "NOMBRE": "AUQUIÑCO", "PUEBLO": "MAPUCHE"}, "geometry": {"type": "Point", "coordinates": [-73.483252, -37.758762]}}, {"type": "Feature", "id": 495, "properties": {"REGION": "BIOBÍO", "COMUNA": "LOS ÁLAMOS", "NOMBRE": "QUILAMAPU", "PUEBLO": "MAPUCHE"}, "geometry": {"type": "Point", "coordinates": [-73.461821, -37.627148]}}, {"type": "Feature", "id": 496, "properties": {"REGION": "BIOBÍO", "COMUNA": "LOS ÁLAMOS", "NOMBRE": "HUENTE HUINCUL", "PUEBLO": "MAPUCHE"}, "geometry": {"type": "Point", "coordinates": [-73.413659, -37.614588]}}, {"type": "Feature", "id": 497, "properties": {"REGION": "BIOBÍO", "COMUNA": "LOS ÁLAMOS", "NOMBRE": "AKUNCHE WEMAPU", "PUEBLO": "MAPUCHE"}, "geometry": {"type": "Point", "coordinates": [-73.483265, -37.758758]}}, {"type": "Feature", "id": 498, "properties": {"REGION": "BIOBÍO", "COMUNA": "LOS ÁLAMOS", "NOMBRE": "ASOCIACION DE PEQUEÑOS PROPIETARIOS INDIGENAS ISLA PANGAL", "PUEBLO": "MAPUCHE"}, "geometry": {"type": "Point", "coordinates": [-73.49840539869808, -37.81901472489461]}}, {"type": "Feature", "id": 499, "properties": {"REGION": "BIOBÍO", "COMUNA": "LOS ÁLAMOS", "NOMBRE": "NEWEN KOM PUCHE", "PUEBLO": "MAPUCHE"}, "geometry": {"type": "Point", "coordinates": [-73.41387601652926, -37.61448963253319]}}, {"type": "Feature", "id": 500, "properties": {"REGION": "BIOBÍO", "COMUNA": "LOS ÁLAMOS", "NOMBRE": "LONCO NEWEN", "PUEBLO": "MAPUCHE"}, "geometry": {"type": "Point", "coordinates": [-73.4620150954591, -37.62650908282745]}}, {"type": "Feature", "id": 501, "properties": {"REGION": "BIOBÍO", "COMUNA": "LOS ÁLAMOS", "NOMBRE": "CUYINCO", "PUEBLO": "MAPUCHE"}, "geometry": {"type": "Point", "coordinates": [-73.4522469423363, -37.63232561443698]}}, {"type": "Feature", "id": 502, "properties": {"REGION": "BIOBÍO", "COMUNA": "LOS ÁLAMOS", "NOMBRE": "HUILLIMAPU", "PUEBLO": "MAPUCHE"}, "geometry": {"type": "Point", "coordinates": [-73.417811, -37.611926]}}, {"type": "Feature", "id": 503, "properties": {"REGION": "BIOBÍO", "COMUNA": "LOS ÁLAMOS", "NOMBRE": "RUKA HUECHELU", "PUEBLO": "MAPUCHE"}, "geometry": {"type": "Point", "coordinates": [-73.45849925919964, -37.62556651977959]}}, {"type": "Feature", "id": 504, "properties": {"REGION": "BIOBÍO", "COMUNA": "LOS ÁLAMOS", "NOMBRE": "VICTORINA YAUPE CATRILEO", "PUEBLO": "MAPUCHE"}, "geometry": {"type": "Point", "coordinates": [-73.390418, -37.667527]}}, {"type": "Feature", "id": 505, "properties": {"REGION": "BIOBÍO", "COMUNA": "LOS ÁLAMOS", "NOMBRE": "PEUMAN TA PEÑI", "PUEBLO": "MAPUCHE"}, "geometry": {"type": "Point", "coordinates": [-73.45811751829113, -37.62968758661004]}}, {"type": "Feature", "id": 506, "properties": {"REGION": "BIOBÍO", "COMUNA": "LOS ÁLAMOS", "NOMBRE": "ÑUKE MAPU", "PUEBLO": "MAPUCHE"}, "geometry": {"type": "Point", "coordinates": [-73.41308295184281, -37.61272282797001]}}, {"type": "Feature", "id": 507, "properties": {"REGION": "BIOBÍO", "COMUNA": "LOS ÁLAMOS", "NOMBRE": "RAYEN ÑUKE MAPU", "PUEBLO": "MAPUCHE"}, "geometry": {"type": "Point", "coordinates": [-73.45664903105896, -37.62773644056927]}}, {"type": "Feature", "id": 508, "properties": {"REGION": "BIOBÍO", "COMUNA": "LOS ÁLAMOS", "NOMBRE": "AYELEN", "PUEBLO": "MAPUCHE"}, "geometry": {"type": "Point", "coordinates": [-73.46439679451107, -37.62662150285382]}}, {"type": "Feature", "id": 509, "properties": {"REGION": "BIOBÍO", "COMUNA": "LOS ÁLAMOS", "NOMBRE": "CAUPOLICAN DE LOS ALAMOS", "PUEBLO": "MAPUCHE"}, "geometry": {"type": "Point", "coordinates": [-73.45826259463816, -37.62664431710873]}}, {"type": "Feature", "id": 510, "properties": {"REGION": "BIOBÍO", "COMUNA": "CAÑETE", "NOMBRE": "WENU MAPU", "PUEBLO": "MAPUCHE"}, "geometry": {"type": "Point", "coordinates": [-73.4100656894059, -37.61088217600734]}}, {"type": "Feature", "id": 511, "properties": {"REGION": "BIOBÍO", "COMUNA": "LOS ÁLAMOS", "NOMBRE": "NEWEN MAPU (FUERZA DE LA TIERRA)", "PUEBLO": "MAPUCHE"}, "geometry": {"type": "Point", "coordinates": [-73.45343596112416, -37.63436968252167]}}, {"type": "Feature", "id": 512, "properties": {"REGION": "BIOBÍO", "COMUNA": "LOS ÁLAMOS", "NOMBRE": "KAYKUN", "PUEBLO": "MAPUCHE"}, "geometry": {"type": "Point", "coordinates": [-73.46376727926689, -37.62163973165863]}}, {"type": "Feature", "id": 513, "properties": {"REGION": "BIOBÍO", "COMUNA": "LOS ÁLAMOS", "NOMBRE": "AYNELEN MAPU", "PUEBLO": "MAPUCHE"}, "geometry": {"type": "Point", "coordinates": [-73.4688459704867, -37.75904921471152]}}, {"type": "Feature", "id": 514, "properties": {"REGION": "BIOBÍO", "COMUNA": "LOS ÁLAMOS", "NOMBRE": "NEWEN ANTU", "PUEBLO": "MAPUCHE"}, "geometry": {"type": "Point", "coordinates": [-73.51820273976332, -37.76458548200939]}}, {"type": "Feature", "id": 515, "properties": {"REGION": "BIOBÍO", "COMUNA": "LOS ÁLAMOS", "NOMBRE": "NEWENCHE", "PUEBLO": "MAPUCHE"}, "geometry": {"type": "Point", "coordinates": [-73.45066141401378, -37.63346305092487]}}, {"type": "Feature", "id": 516, "properties": {"REGION": "BIOBÍO", "COMUNA": "MULCHÉN", "NOMBRE": "WE MONGEN", "PUEBLO": "MAPUCHE"}, "geometry": {"type": "Point", "coordinates": [-73.46657314170793, -37.62258288120265]}}, {"type": "Feature", "id": 517, "properties": {"REGION": "BIOBÍO", "COMUNA": "LOS ÁLAMOS", "NOMBRE": "HUECHELU", "PUEBLO": "MAPUCHE"}, "geometry": {"type": "Point", "coordinates": [-73.46321120193168, -37.62656851380248]}}, {"type": "Feature", "id": 518, "properties": {"REGION": "BIOBÍO", "COMUNA": "LOS ÁLAMOS", "NOMBRE": "YUMBREL", "PUEBLO": "MAPUCHE"}, "geometry": {"type": "Point", "coordinates": [-73.46374097940325, -37.62328558487096]}}, {"type": "Feature", "id": 519, "properties": {"REGION": "BIOBÍO", "COMUNA": "LOS ÁLAMOS", "NOMBRE": "SUYAI", "PUEBLO": "MAPUCHE"}, "geometry": {"type": "Point", "coordinates": [-73.4622157737648, -37.67416703256139]}}, {"type": "Feature", "id": 520, "properties": {"REGION": "BIOBÍO", "COMUNA": "LOS ÁLAMOS", "NOMBRE": "RAYÜN MAPU", "PUEBLO": "MAPUCHE"}, "geometry": {"type": "Point", "coordinates": [-73.4042350047917, -37.6274012848191]}}, {"type": "Feature", "id": 521, "properties": {"REGION": "BIOBÍO", "COMUNA": "TIRÚA", "NOMBRE": "HUINICO", "PUEBLO": "MAPUCHE"}, "geometry": {"type": "Point", "coordinates": [-73.380518, -38.166288]}}, {"type": "Feature", "id": 522, "properties": {"REGION": "BIOBÍO", "COMUNA": "TIRÚA", "NOMBRE": "QUELLU HUAIÑ", "PUEBLO": "MAPUCHE"}, "geometry": {"type": "Point", "coordinates": [-73.3691812687779, -38.149723101802]}}, {"type": "Feature", "id": 523, "properties": {"REGION": "BIOBÍO", "COMUNA": "TIRÚA", "NOMBRE": "MICROEMPRESARIOS TURÍSTICA PRODUCTIVA LIBKO", "PUEBLO": "MAPUCHE"}, "geometry": {"type": "Point", "coordinates": [-73.37127, -38.150306]}}, {"type": "Feature", "id": 524, "properties": {"REGION": "BIOBÍO", "COMUNA": "TIRÚA", "NOMBRE": "PU LAFQUENCHE", "PUEBLO": "MAPUCHE"}, "geometry": {"type": "Point", "coordinates": [-73.507863, -38.376539]}}, {"type": "Feature", "id": 525, "properties": {"REGION": "BIOBÍO", "COMUNA": "TIRÚA", "NOMBRE": "HUANILEN", "PUEBLO": "MAPUCHE"}, "geometry": {"type": "Point", "coordinates": [-73.49861, -38.46635]}}, {"type": "Feature", "id": 526, "properties": {"REGION": "BIOBÍO", "COMUNA": "TIRÚA", "NOMBRE": "NEGUEN KECHE", "PUEBLO": "MAPUCHE"}, "geometry": {"type": "Point", "coordinates": [-73.379483, -38.166242]}}, {"type": "Feature", "id": 527, "properties": {"REGION": "BIOBÍO", "COMUNA": "TIRÚA", "NOMBRE": "BUCHA PEUMAN", "PUEBLO": "MAPUCHE"}, "geometry": {"type": "Point", "coordinates": [-73.475693, -38.35697]}}, {"type": "Feature", "id": 528, "properties": {"REGION": "BIOBÍO", "COMUNA": "TIRÚA", "NOMBRE": "THURUN MAPU", "PUEBLO": "MAPUCHE"}, "geometry": {"type": "Point", "coordinates": [-73.489147, -38.330464]}}, {"type": "Feature", "id": 529, "properties": {"REGION": "BIOBÍO", "COMUNA": "TIRÚA", "NOMBRE": "NEHUEN MALENCHE", "PUEBLO": "MAPUCHE"}, "geometry": {"type": "Point", "coordinates": [-73.37142, -38.149602]}}, {"type": "Feature", "id": 530, "properties": {"REGION": "BIOBÍO", "COMUNA": "TIRÚA", "NOMBRE": "LONCO MALEN", "PUEBLO": "MAPUCHE"}, "geometry": {"type": "Point", "coordinates": [-73.501703, -38.469874]}}, {"type": "Feature", "id": 531, "properties": {"REGION": "BIOBÍO", "COMUNA": "TIRÚA", "NOMBRE": "ASOCIACION INDIGENA DE MUJERES ANTI MAPU", "PUEBLO": "MAPUCHE"}, "geometry": {"type": "Point", "coordinates": [-73.501703, -38.469874]}}, {"type": "Feature", "id": 532, "properties": {"REGION": "BIOBÍO", "COMUNA": "TIRÚA", "NOMBRE": "ASOCIACION DE MUJERES RAYEN MAPU", "PUEBLO": "MAPUCHE"}, "geometry": {"type": "Point", "coordinates": [-73.516747, -38.425445]}}, {"type": "Feature", "id": 533, "properties": {"REGION": "BIOBÍO", "COMUNA": "TIRÚA", "NOMBRE": "MALEN LAFQUEN", "PUEBLO": "MAPUCHE"}, "geometry": {"type": "Point", "coordinates": [-73.499903, -38.277308]}}, {"type": "Feature", "id": 534, "properties": {"REGION": "BIOBÍO", "COMUNA": "TIRÚA", "NOMBRE": "ASOCIACION DE MUJERES MAPUCHES KIMTURAYEN", "PUEBLO": "MAPUCHE"}, "geometry": {"type": "Point", "coordinates": [-73.358148, -38.197956]}}, {"type": "Feature", "id": 535, "properties": {"REGION": "BIOBÍO", "COMUNA": "TIRÚA", "NOMBRE": "ASOCIACION JOVENES MAPUCHES NEHUEN MAPU", "PUEBLO": "MAPUCHE"}, "geometry": {"type": "Point", "coordinates": [-73.493487, -38.343855]}}, {"type": "Feature", "id": 536, "properties": {"REGION": "BIOBÍO", "COMUNA": "TIRÚA", "NOMBRE": "ASOCIACION DE MUJERES MAPUCHE RAYEN ANTU", "PUEBLO": "MAPUCHE"}, "geometry": {"type": "Point", "coordinates": [-73.38295836372487, -38.16936284969147]}}, {"type": "Feature", "id": 537, "properties": {"REGION": "BIOBÍO", "COMUNA": "TIRÚA", "NOMBRE": "ASOCIACION INDIGENA RAYEN KELU", "PUEBLO": "MAPUCHE"}, "geometry": {"type": "Point", "coordinates": [-73.49741638924415, -38.45477945097053]}}, {"type": "Feature", "id": 538, "properties": {"REGION": "BIOBÍO", "COMUNA": "TIRÚA", "NOMBRE": "ASOCIACION INDIGENA PICHI RUCA PAPELTUN", "PUEBLO": "MAPUCHE"}, "geometry": {"type": "Point", "coordinates": [-73.36680482448367, -38.15066711980789]}}, {"type": "Feature", "id": 539, "properties": {"REGION": "BIOBÍO", "COMUNA": "TIRÚA", "NOMBRE": "KURA AYIN DE MENHUE", "PUEBLO": "MAPUCHE"}, "geometry": {"type": "Point", "coordinates": [-73.499871, -38.277599]}}, {"type": "Feature", "id": 540, "properties": {"REGION": "BIOBÍO", "COMUNA": "TIRÚA", "NOMBRE": "MAPU LAFQUEN", "PUEBLO": "MAPUCHE"}, "geometry": {"type": "Point", "coordinates": [-73.394197, -38.146585]}}, {"type": "Feature", "id": 541, "properties": {"REGION": "BIOBÍO", "COMUNA": "TIRÚA", "NOMBRE": "KOLLAMKO", "PUEBLO": "MAPUCHE"}, "geometry": {"type": "Point", "coordinates": [-73.369639, -38.14999]}}, {"type": "Feature", "id": 542, "properties": {"REGION": "BIOBÍO", "COMUNA": "TIRÚA", "NOMBRE": "RAGÑCHE LEUVU LAFQUEN", "PUEBLO": "MAPUCHE"}, "geometry": {"type": "Point", "coordinates": [-73.394294, -38.146703]}}, {"type": "Feature", "id": 543, "properties": {"REGION": "BIOBÍO", "COMUNA": "TIRÚA", "NOMBRE": "TEJEDORAS LAVKENCHE RELMU WITRAL", "PUEBLO": "MAPUCHE"}, "geometry": {"type": "Point", "coordinates": [-73.500659, -38.362825]}}, {"type": "Feature", "id": 544, "properties": {"REGION": "BIOBÍO", "COMUNA": "TIRÚA", "NOMBRE": "AMULIAN", "PUEBLO": "MAPUCHE"}, "geometry": {"type": "Point", "coordinates": [-73.37009837028032, -38.18942743753685]}}, {"type": "Feature", "id": 545, "properties": {"REGION": "BIOBÍO", "COMUNA": "TIRÚA", "NOMBRE": "KUME MAPU", "PUEBLO": "MAPUCHE"}, "geometry": {"type": "Point", "coordinates": [-73.39496984146328, -38.14644119226136]}}, {"type": "Feature", "id": 546, "properties": {"REGION": "BIOBÍO", "COMUNA": "SANTA BÁRBARA", "NOMBRE": "WE-NUTRAM", "PUEBLO": "MAPUCHE"}, "geometry": {"type": "Point", "coordinates": [-73.487865, -38.338665]}}, {"type": "Feature", "id": 547, "properties": {"REGION": "BIOBÍO", "COMUNA": "TIRÚA", "NOMBRE": "RAYEN NOTRO EL MALO", "PUEBLO": "MAPUCHE"}, "geometry": {"type": "Point", "coordinates": [-73.35390592029303, -38.13382846132275]}}, {"type": "Feature", "id": 548, "properties": {"REGION": "BIOBÍO", "COMUNA": "TIRÚA", "NOMBRE": "MUJERES RAYEN LAFKEN DE PILICO", "PUEBLO": "MAPUCHE"}, "geometry": {"type": "Point", "coordinates": [-73.498503, -38.466117]}}, {"type": "Feature", "id": 549, "properties": {"REGION": "BIOBÍO", "COMUNA": "TIRÚA", "NOMBRE": "MALAR KURRA", "PUEBLO": "MAPUCHE"}, "geometry": {"type": "Point", "coordinates": [-73.49388556949371, -38.34425769906871]}}, {"type": "Feature", "id": 550, "properties": {"REGION": "BIOBÍO", "COMUNA": "TIRÚA", "NOMBRE": "NEHUENTUAIN PEÑI", "PUEBLO": "MAPUCHE"}, "geometry": {"type": "Point", "coordinates": [-73.380132, -38.166086]}}, {"type": "Feature", "id": 551, "properties": {"REGION": "BIOBÍO", "COMUNA": "TIRÚA", "NOMBRE": "KUPAL TUAIN KUIVI NI KU DAW", "PUEBLO": "MAPUCHE"}, "geometry": {"type": "Point", "coordinates": [-73.516747, -38.425454]}}, {"type": "Feature", "id": 552, "properties": {"REGION": "BIOBÍO", "COMUNA": "TIRÚA", "NOMBRE": "BOLIL ÑI KUIBI KECHE", "PUEBLO": "MAPUCHE"}, "geometry": {"type": "Point", "coordinates": [-73.49138204227143, -38.34097501406576]}}, {"type": "Feature", "id": 553, "properties": {"REGION": "BIOBÍO", "COMUNA": "TIRÚA", "NOMBRE": "LAFKENCHE Y/O LORENZO CATRIL", "PUEBLO": "MAPUCHE"}, "geometry": {"type": "Point", "coordinates": [-73.456183, -38.22333]}}, {"type": "Feature", "id": 554, "properties": {"REGION": "BIOBÍO", "COMUNA": "TIRÚA", "NOMBRE": "INCHE TAIN LAFKEN MAPU", "PUEBLO": "MAPUCHE"}, "geometry": {"type": "Point", "coordinates": [-73.5083334710457, -38.376744324934]}}, {"type": "Feature", "id": 555, "properties": {"REGION": "BIOBÍO", "COMUNA": "TIRÚA", "NOMBRE": "PESCADORES ARTESANALES, BUZOS, MARISCADORES Y RECOLECTORES DE ORILLA ANTU LAFKEN MAPU", "PUEBLO": "MAPUCHE"}, "geometry": {"type": "Point", "coordinates": [-73.49103329228919, -38.33094339151275]}}, {"type": "Feature", "id": 556, "properties": {"REGION": "BIOBÍO", "COMUNA": "TIRÚA", "NOMBRE": "TRAGUN NEHUEN PULLI", "PUEBLO": "MAPUCHE"}, "geometry": {"type": "Point", "coordinates": [-73.502164, -38.391226]}}, {"type": "Feature", "id": 557, "properties": {"REGION": "BIOBÍO", "COMUNA": "TIRÚA", "NOMBRE": "KOÑI MAPU", "PUEBLO": "MAPUCHE"}, "geometry": {"type": "Point", "coordinates": [-73.424415, -38.248317]}}, {"type": "Feature", "id": 558, "properties": {"REGION": "BIOBÍO", "COMUNA": "TIRÚA", "NOMBRE": "HUENTE MEÑUCO DE CERRO NEGRO", "PUEBLO": "MAPUCHE"}, "geometry": {"type": "Point", "coordinates": [-73.41120512327691, -38.39326667871846]}}, {"type": "Feature", "id": 559, "properties": {"REGION": "BIOBÍO", "COMUNA": "TIRÚA", "NOMBRE": "DE DESARROLLO EDUCATIVO CULTURAL DE PRIMER AGUA", "PUEBLO": "MAPUCHE"}, "geometry": {"type": "Point", "coordinates": [-73.500348, -38.407902]}}, {"type": "Feature", "id": 560, "properties": {"REGION": "BIOBÍO", "COMUNA": "TIRÚA", "NOMBRE": "CEMENTERIO LEF HUECAHUE", "PUEBLO": "MAPUCHE"}, "geometry": {"type": "Point", "coordinates": [-73.506719, -38.374566]}}, {"type": "Feature", "id": 561, "properties": {"REGION": "BIOBÍO", "COMUNA": "ALTO BIOBÍO", "NOMBRE": "WE - PULAFKENCHE", "PUEBLO": "MAPUCHE"}, "geometry": {"type": "Point", "coordinates": [-73.50100890066338, -38.36277118344707]}}, {"type": "Feature", "id": 562, "properties": {"REGION": "BIOBÍO", "COMUNA": "TIRÚA", "NOMBRE": "NEWEN MILLAHUAL DE MIQUIHUE", "PUEBLO": "MAPUCHE"}, "geometry": {"type": "Point", "coordinates": [-73.35162151981753, -38.16494115216944]}}, {"type": "Feature", "id": 563, "properties": {"REGION": "BIOBÍO", "COMUNA": "TIRÚA", "NOMBRE": "AMULEY PU LAMUEN", "PUEBLO": "MAPUCHE"}, "geometry": {"type": "Point", "coordinates": [-73.502162, -38.391224]}}, {"type": "Feature", "id": 564, "properties": {"REGION": "BIOBÍO", "COMUNA": "TIRÚA", "NOMBRE": "ASOCIACION TURISMO AYELEN", "PUEBLO": "MAPUCHE"}, "geometry": {"type": "Point", "coordinates": [-73.34997155519322, -38.18467763965581]}}, {"type": "Feature", "id": 565, "properties": {"REGION": "BIOBÍO", "COMUNA": "TIRÚA", "NOMBRE": "INCHE TAÑI MAPU LAFQUEN", "PUEBLO": "MAPUCHE"}, "geometry": {"type": "Point", "coordinates": [-73.5001847457466, -38.36201332363273]}}, {"type": "Feature", "id": 566, "properties": {"REGION": "BIOBÍO", "COMUNA": "TIRÚA", "NOMBRE": "NEWEN CHE MAPU", "PUEBLO": "MAPUCHE"}, "geometry": {"type": "Point", "coordinates": [-73.352628, -38.164201]}}, {"type": "Feature", "id": 567, "properties": {"REGION": "BIOBÍO", "COMUNA": "TIRÚA", "NOMBRE": "KURACO", "PUEBLO": "MAPUCHE"}, "geometry": {"type": "Point", "coordinates": [-73.357853, -38.198108]}}, {"type": "Feature", "id": 568, "properties": {"REGION": "BIOBÍO", "COMUNA": "TIRÚA", "NOMBRE": "MACHI MARGARITA ALBORNOZ", "PUEBLO": "MAPUCHE"}, "geometry": {"type": "Point", "coordinates": [-73.50246191890346, -38.39212651404783]}}, {"type": "Feature", "id": 569, "properties": {"REGION": "BIOBÍO", "COMUNA": "TIRÚA", "NOMBRE": "LAVKEN MAPU DEL KOLLOV", "PUEBLO": "MAPUCHE"}, "geometry": {"type": "Point", "coordinates": [-73.50237268951685, -38.46704171472964]}}, {"type": "Feature", "id": 570, "properties": {"REGION": "BIOBÍO", "COMUNA": "TIRÚA", "NOMBRE": "LEMU ANTÛ", "PUEBLO": "MAPUCHE"}, "geometry": {"type": "Point", "coordinates": [-73.35836852180742, -38.13534868062931]}}, {"type": "Feature", "id": 571, "properties": {"REGION": "BIOBÍO", "COMUNA": "TIRÚA", "NOMBRE": "NEWEN MALEN", "PUEBLO": "MAPUCHE"}, "geometry": {"type": "Point", "coordinates": [-73.37239046302847, -38.14972533616057]}}, {"type": "Feature", "id": 572, "properties": {"REGION": "BIOBÍO", "COMUNA": "TIRÚA", "NOMBRE": "ANTÜ LAVKEN", "PUEBLO": "MAPUCHE"}, "geometry": {"type": "Point", "coordinates": [-73.4958627683966, -38.34168937308947]}}, {"type": "Feature", "id": 573, "properties": {"REGION": "BIOBÍO", "COMUNA": "TIRÚA", "NOMBRE": "NEWEN ÑUKE MAPU", "PUEBLO": "MAPUCHE"}, "geometry": {"type": "Point", "coordinates": [-73.42632540277427, -38.24945817515457]}}, {"type": "Feature", "id": 574, "properties": {"REGION": "BIOBÍO", "COMUNA": "ALTO BIOBÍO", "NOMBRE": "RAHUECO", "PUEBLO": "MAPUCHE"}, "geometry": {"type": "Point", "coordinates": [-71.45397674030899, -37.73000977811336]}}, {"type": "Feature", "id": 575, "properties": {"REGION": "BIOBÍO", "COMUNA": "ALTO BIOBÍO", "NOMBRE": "AUKINKO PITRIL", "PUEBLO": "MAPUCHE"}, "geometry": {"type": "Point", "coordinates": [-71.560258, -37.820249]}}, {"type": "Feature", "id": 576, "properties": {"REGION": "BIOBÍO", "COMUNA": "ALTO BIOBÍO", "NOMBRE": "ASOC. DE LONKOS Y COM. PEHUENCHES DEL ALTO BIO-BIO", "PUEBLO": "MAPUCHE"}, "geometry": {"type": "Point", "coordinates": [-71.638627, -37.879689]}}, {"type": "Feature", "id": 577, "properties": {"REGION": "BIOBÍO", "COMUNA": "ALTO BIOBÍO", "NOMBRE": "ÑIREVETUM", "PUEBLO": "MAPUCHE"}, "geometry": {"type": "Point", "coordinates": [-71.482587, -37.71224]}}, {"type": "Feature", "id": 578, "properties": {"REGION": "BIOBÍO", "COMUNA": "ALTO BIOBÍO", "NOMBRE": "ANTONIO CANIO", "PUEBLO": "MAPUCHE"}, "geometry": {"type": "Point", "coordinates": [-71.265714, -37.710727]}}, {"type": "Feature", "id": 579, "properties": {"REGION": "BIOBÍO", "COMUNA": "LOS ÁNGELES", "NOMBRE": "NEWEN DOMO CHE", "PUEBLO": "MAPUCHE"}, "geometry": {"type": "Point", "coordinates": [-71.222128, -37.731816]}}, {"type": "Feature", "id": 580, "properties": {"REGION": "BIOBÍO", "COMUNA": "ALTO BIOBÍO", "NOMBRE": "MUJERES PEHUENCHES DE QUEPUCA RALCO", "PUEBLO": "MAPUCHE"}, "geometry": {"type": "Point", "coordinates": [-71.470898, -38.006942]}}, {"type": "Feature", "id": 581, "properties": {"REGION": "BIOBÍO", "COMUNA": "ALTO BIOBÍO", "NOMBRE": "ARTESANAS PEWENCHES KINTUPI", "PUEBLO": "MAPUCHE"}, "geometry": {"type": "Point", "coordinates": [-71.557356, -37.819056]}}, {"type": "Feature", "id": 582, "properties": {"REGION": "BIOBÍO", "COMUNA": "TALCAHUANO", "NOMBRE": "WE NEWENCHE", "PUEBLO": "MAPUCHE"}, "geometry": {"type": "Point", "coordinates": [-71.637651, -37.881865]}}, {"type": "Feature", "id": 583, "properties": {"REGION": "BIOBÍO", "COMUNA": "ALTO BIOBÍO", "NOMBRE": "KIÑE LOM", "PUEBLO": "MAPUCHE"}, "geometry": {"type": "Point", "coordinates": [-71.63705957034729, -37.88154880405664]}}, {"type": "Feature", "id": 584, "properties": {"REGION": "BIOBÍO", "COMUNA": "ALTO BIOBÍO", "NOMBRE": "PALIWELELBUN", "PUEBLO": "MAPUCHE"}, "geometry": {"type": "Point", "coordinates": [-71.48374, -37.713263]}}, {"type": "Feature", "id": 585, "properties": {"REGION": "BIOBÍO", "COMUNA": "ALTO BIOBÍO", "NOMBRE": "LOLKOKO", "PUEBLO": "MAPUCHE"}, "geometry": {"type": "Point", "coordinates": [-71.63675101543798, -37.88226461725783]}}, {"type": "Feature", "id": 586, "properties": {"REGION": "BIOBÍO", "COMUNA": "ALTO BIOBÍO", "NOMBRE": "RED DE SENDEROS TURISTICOS PEWENCHE TREKALEYIN", "PUEBLO": "MAPUCHE"}, "geometry": {"type": "Point", "coordinates": [-71.53043883234236, -37.76533926284166]}}, {"type": "Feature", "id": 587, "properties": {"REGION": "BIOBÍO", "COMUNA": "ALTO BIOBÍO", "NOMBRE": "ÑIREWECO", "PUEBLO": "MAPUCHE"}, "geometry": {"type": "Point", "coordinates": [-71.266208, -37.710778]}}, {"type": "Feature", "id": 588, "properties": {"REGION": "BIOBÍO", "COMUNA": "ALTO BIOBÍO", "NOMBRE": "ASOCIACION DE FUNCIONARIOS PEHUENCHES TRAWÜLCHE", "PUEBLO": "MAPUCHE"}, "geometry": {"type": "Point", "coordinates": [-71.63737299974684, -37.88200824427025]}}, {"type": "Feature", "id": 589, "properties": {"REGION": "BIOBÍO", "COMUNA": "ALTO BIOBÍO", "NOMBRE": "LIG MAWIDA", "PUEBLO": "MAPUCHE"}, "geometry": {"type": "Point", "coordinates": [-71.221997, -37.732045]}}, {"type": "Feature", "id": 590, "properties": {"REGION": "BIOBÍO", "COMUNA": "ALTO BIOBÍO", "NOMBRE": "AGRUPACION CULTURAL LICAN RAYEN", "PUEBLO": "MAPUCHE"}, "geometry": {"type": "Point", "coordinates": [-71.57059, -37.831459]}}, {"type": "Feature", "id": 591, "properties": {"REGION": "BIOBÍO", "COMUNA": "ALTO BIOBÍO", "NOMBRE": "CHEFQUELAFQUEN", "PUEBLO": "MAPUCHE"}, "geometry": {"type": "Point", "coordinates": [-71.313238, -37.992273]}}, {"type": "Feature", "id": 592, "properties": {"REGION": "BIOBÍO", "COMUNA": "ALTO BIOBÍO", "NOMBRE": "LEPOY ALTO", "PUEBLO": "MAPUCHE"}, "geometry": {"type": "Point", "coordinates": [-71.35691665679849, -38.06306812422514]}}, {"type": "Feature", "id": 593, "properties": {"REGION": "BIOBÍO", "COMUNA": "ALTO BIOBÍO", "NOMBRE": "CONSEJO TERRITORIAL PROVINCIA BIO-BIO", "PUEBLO": "MAPUCHE"}, "geometry": {"type": "Point", "coordinates": [-71.63881992141083, -37.8795887535735]}}, {"type": "Feature", "id": 594, "properties": {"REGION": "BIOBÍO", "COMUNA": "CAÑETE", "NOMBRE": "WE CHE KIMUNN", "PUEBLO": "MAPUCHE"}, "geometry": {"type": "Point", "coordinates": [-71.6375970219649, -37.88230944432713]}}, {"type": "Feature", "id": 595, "properties": {"REGION": "BIOBÍO", "COMUNA": "ALTO BIOBÍO", "NOMBRE": "RED DE TURISMO COMUNITARIO PEHUENCHE KAYULOF MONGÜEN", "PUEBLO": "MAPUCHE"}, "geometry": {"type": "Point", "coordinates": [-71.63692120600396, -37.88195568696062]}}, {"type": "Feature", "id": 596, "properties": {"REGION": "BIOBÍO", "COMUNA": "ALTO BIOBÍO", "NOMBRE": "KIÑE PEWEN", "PUEBLO": "MAPUCHE"}, "geometry": {"type": "Point", "coordinates": [-71.222091, -37.731879]}}, {"type": "Feature", "id": 597, "properties": {"REGION": "BIOBÍO", "COMUNA": "ALTO BIOBÍO", "NOMBRE": "PEHUENCHE ALTO BIO-BIO BUTALELBUN", "PUEBLO": "MAPUCHE"}, "geometry": {"type": "Point", "coordinates": [-71.63844374191736, -37.88190359796039]}}, {"type": "Feature", "id": 598, "properties": {"REGION": "BIOBÍO", "COMUNA": "ALTO BIOBÍO", "NOMBRE": "NEWENTUIN PEÑI", "PUEBLO": "MAPUCHE"}, "geometry": {"type": "Point", "coordinates": [-71.68002133362545, -37.84501396344152]}}, {"type": "Feature", "id": 599, "properties": {"REGION": "BIOBÍO", "COMUNA": "ALTO BIOBÍO", "NOMBRE": "BANDERA MAHUIDA", "PUEBLO": "MAPUCHE"}, "geometry": {"type": "Point", "coordinates": [-71.222091, -37.733178]}}, {"type": "Feature", "id": 600, "properties": {"REGION": "BIOBÍO", "COMUNA": "ALTO BIOBÍO", "NOMBRE": "TROLOM", "PUEBLO": "MAPUCHE"}, "geometry": {"type": "Point", "coordinates": [-71.22178520672313, -37.7337347271547]}}, {"type": "Feature", "id": 601, "properties": {"REGION": "BIOBÍO", "COMUNA": "ALTO BIOBÍO", "NOMBRE": "AMULEN ÑAÑA", "PUEBLO": "MAPUCHE"}, "geometry": {"type": "Point", "coordinates": [-71.266047, -37.710574]}}, {"type": "Feature", "id": 602, "properties": {"REGION": "BIOBÍO", "COMUNA": "ALTO BIOBÍO", "NOMBRE": "ASOCIACION INDIGENA DE APICULTORES DE CALLAQUI", "PUEBLO": "MAPUCHE"}, "geometry": {"type": "Point", "coordinates": [-71.68018693067694, -37.84416103103661]}}, {"type": "Feature", "id": 603, "properties": {"REGION": "BIOBÍO", "COMUNA": "CURANILAHUE", "NOMBRE": "WE ANTU", "PUEBLO": "MAPUCHE"}, "geometry": {"type": "Point", "coordinates": [-71.63664595840132, -37.88266164786344]}}, {"type": "Feature", "id": 604, "properties": {"REGION": "BIOBÍO", "COMUNA": "ALTO BIOBÍO", "NOMBRE": "MIEL PEHUENCHE BUTALELBUN", "PUEBLO": "MAPUCHE"}, "geometry": {"type": "Point", "coordinates": [-71.2212273243265, -37.73278933984389]}}, {"type": "Feature", "id": 605, "properties": {"REGION": "BIOBÍO", "COMUNA": "ALTO BIOBÍO", "NOMBRE": "RAYENKO", "PUEBLO": "MAPUCHE"}, "geometry": {"type": "Point", "coordinates": [-71.253585, -37.961009]}}, {"type": "Feature", "id": 606, "properties": {"REGION": "BIOBÍO", "COMUNA": "ALTO BIOBÍO", "NOMBRE": "RALCO", "PUEBLO": "MAPUCHE"}, "geometry": {"type": "Point", "coordinates": [-71.641243, -37.873853]}}, {"type": "Feature", "id": 607, "properties": {"REGION": "BIOBÍO", "COMUNA": "ALTO BIOBÍO", "NOMBRE": "TUKUN YAGEL", "PUEBLO": "MAPUCHE"}, "geometry": {"type": "Point", "coordinates": [-71.66662, -37.835555]}}, {"type": "Feature", "id": 608, "properties": {"REGION": "BIOBÍO", "COMUNA": "ALTO BIOBÍO", "NOMBRE": "ITROBILL KÜPAN KÜDAW", "PUEBLO": "MAPUCHE"}, "geometry": {"type": "Point", "coordinates": [-71.68139943825052, -37.8384773035899]}}, {"type": "Feature", "id": 609, "properties": {"REGION": "BIOBÍO", "COMUNA": "ALTO BIOBÍO", "NOMBRE": "KUIBIKE CHOYIN", "PUEBLO": "MAPUCHE"}, "geometry": {"type": "Point", "coordinates": [-71.67056, -37.85375]}}, {"type": "Feature", "id": 610, "properties": {"REGION": "BIOBÍO", "COMUNA": "ALTO BIOBÍO", "NOMBRE": "CHARCAO CHICHIQUEÑ", "PUEBLO": "MAPUCHE"}, "geometry": {"type": "Point", "coordinates": [-71.337866, -37.70748]}}, {"type": "Feature", "id": 611, "properties": {"REGION": "BIOBÍO", "COMUNA": "ANTUCO", "NOMBRE": "NEUHUENTUE - CHE", "PUEBLO": "MAPUCHE"}, "geometry": {"type": "Point", "coordinates": [-71.534423, -37.357503]}}, {"type": "Feature", "id": 612, "properties": {"REGION": "BIOBÍO", "COMUNA": "CABRERO", "NOMBRE": "TRAWEN MONGÜEN CABRERO", "PUEBLO": "MAPUCHE"}, "geometry": {"type": "Point", "coordinates": [-72.39304454529385, -37.03252757401886]}}, {"type": "Feature", "id": 613, "properties": {"REGION": "BIOBÍO", "COMUNA": "CURANILAHUE", "NOMBRE": "WE MONGUEN", "PUEBLO": "MAPUCHE"}, "geometry": {"type": "Point", "coordinates": [-72.40573301509072, -37.03746032287247]}}, {"type": "Feature", "id": 614, "properties": {"REGION": "BIOBÍO", "COMUNA": "LAJA", "NOMBRE": "ASOCIACION CULTURAL NEHUEN MAPUCHE", "PUEBLO": "MAPUCHE"}, "geometry": {"type": "Point", "coordinates": [-72.7015319492587, -37.282681163931]}}, {"type": "Feature", "id": 615, "properties": {"REGION": "BIOBÍO", "COMUNA": "LOS ÁNGELES", "NOMBRE": "PEHUENCHESKDAU MAHUIDA", "PUEBLO": "MAPUCHE"}, "geometry": {"type": "Point", "coordinates": [-72.34537740930111, -37.46753320617601]}}, {"type": "Feature", "id": 616, "properties": {"REGION": "BIOBÍO", "COMUNA": "LOS ÁNGELES", "NOMBRE": "LOS ANGELES", "PUEBLO": "MAPUCHE"}, "geometry": {"type": "Point", "coordinates": [-72.37657604324413, -37.4636970917311]}}, {"type": "Feature", "id": 617, "properties": {"REGION": "BIOBÍO", "COMUNA": "LOS ÁNGELES", "NOMBRE": "NEWENCHE LOS ANGELES", "PUEBLO": "MAPUCHE"}, "geometry": {"type": "Point", "coordinates": [-72.34978825529288, -37.47155006279782]}}, {"type": "Feature", "id": 618, "properties": {"REGION": "BIOBÍO", "COMUNA": "LOS ÁNGELES", "NOMBRE": "HUILLIMAPU", "PUEBLO": "MAPUCHE"}, "geometry": {"type": "Point", "coordinates": [-72.33479777841865, -37.48460453479709]}}, {"type": "Feature", "id": 619, "properties": {"REGION": "BIOBÍO", "COMUNA": "LOS ÁNGELES", "NOMBRE": "PEWUN KIMUN", "PUEBLO": "MAPUCHE"}, "geometry": {"type": "Point", "coordinates": [-72.336752, -37.453899]}}, {"type": "Feature", "id": 620, "properties": {"REGION": "BIOBÍO", "COMUNA": "LOS ÁNGELES", "NOMBRE": "NEWEN AMULEN", "PUEBLO": "MAPUCHE"}, "geometry": {"type": "Point", "coordinates": [-72.33563613282978, -37.485557253032]}}, {"type": "Feature", "id": 621, "properties": {"REGION": "BIOBÍO", "COMUNA": "LOS ÁNGELES", "NOMBRE": "LAS NEWENCHES DE SANTA FE", "PUEBLO": "MAPUCHE"}, "geometry": {"type": "Point", "coordinates": [-72.58108, -37.466462]}}, {"type": "Feature", "id": 622, "properties": {"REGION": "BIOBÍO", "COMUNA": "LOTA", "NOMBRE": "WE RAKIDUAM", "PUEBLO": "MAPUCHE"}, "geometry": {"type": "Point", "coordinates": [-72.33812088564918, -37.48270173054949]}}, {"type": "Feature", "id": 623, "properties": {"REGION": "BIOBÍO", "COMUNA": "ALTO BIOBÍO", "NOMBRE": "NEWEN DOMO", "PUEBLO": "MAPUCHE"}, "geometry": {"type": "Point", "coordinates": [-72.337273, -37.487352]}}, {"type": "Feature", "id": 624, "properties": {"REGION": "BIOBÍO", "COMUNA": "MULCHÉN", "NOMBRE": "AD MAPU NAHUALFURI", "PUEBLO": "MAPUCHE"}, "geometry": {"type": "Point", "coordinates": [-72.24972113662285, -37.7208317612928]}}, {"type": "Feature", "id": 625, "properties": {"REGION": "BIOBÍO", "COMUNA": "MULCHÉN", "NOMBRE": "UNION COMUNAL DE COMUNIDADES Y ORGANIZACIONES DE LA COMUNA DE MULCHEN", "PUEBLO": "MAPUCHE"}, "geometry": {"type": "Point", "coordinates": [-72.24494609107056, -37.7198403277304]}}, {"type": "Feature", "id": 626, "properties": {"REGION": "BIOBÍO", "COMUNA": "MULCHÉN", "NOMBRE": "MALVEN COLHUE DE AURORA DE ENERO", "PUEBLO": "MAPUCHE"}, "geometry": {"type": "Point", "coordinates": [-72.461464, -37.70914]}}, {"type": "Feature", "id": 627, "properties": {"REGION": "BIOBÍO", "COMUNA": "CABRERO", "NOMBRE": "WE MONGEN ANTU", "PUEBLO": "MAPUCHE"}, "geometry": {"type": "Point", "coordinates": [-72.23457071975011, -37.7286779654488]}}, {"type": "Feature", "id": 628, "properties": {"REGION": "BIOBÍO", "COMUNA": "MULCHÉN", "NOMBRE": "MOLUCHES EMPRENDEDORES", "PUEBLO": "MAPUCHE"}, "geometry": {"type": "Point", "coordinates": [-72.2443586636189, -37.71868313987942]}}, {"type": "Feature", "id": 629, "properties": {"REGION": "BIOBÍO", "COMUNA": "MULCHÉN", "NOMBRE": "CALFUMANKE", "PUEBLO": "MAPUCHE"}, "geometry": {"type": "Point", "coordinates": [-72.24107602659348, -37.71942098599972]}}, {"type": "Feature", "id": 630, "properties": {"REGION": "BIOBÍO", "COMUNA": "MULCHÉN", "NOMBRE": "TAIÑ MOGEN", "PUEBLO": "MAPUCHE"}, "geometry": {"type": "Point", "coordinates": [-72.2440816217587, -37.71752291010789]}}, {"type": "Feature", "id": 631, "properties": {"REGION": "BIOBÍO", "COMUNA": "NACIMIENTO", "NOMBRE": "MAPUCHE NEWEN MAPU", "PUEBLO": "MAPUCHE"}, "geometry": {"type": "Point", "coordinates": [-72.65677346648134, -37.51017382110862]}}, {"type": "Feature", "id": 632, "properties": {"REGION": "BIOBÍO", "COMUNA": "NEGRETE", "NOMBRE": "NAHUEN", "PUEBLO": "MAPUCHE"}, "geometry": {"type": "Point", "coordinates": [-72.52747738727602, -37.58462316668513]}}, {"type": "Feature", "id": 633, "properties": {"REGION": "BIOBÍO", "COMUNA": "NEGRETE", "NOMBRE": "RIHUE", "PUEBLO": "MAPUCHE"}, "geometry": {"type": "Point", "coordinates": [-72.618193, -37.631809]}}, {"type": "Feature", "id": 634, "properties": {"REGION": "BIOBÍO", "COMUNA": "NEGRETE", "NOMBRE": "KIÑE SUYAI", "PUEBLO": "MAPUCHE"}, "geometry": {"type": "Point", "coordinates": [-72.594771, -37.563029]}}, {"type": "Feature", "id": 635, "properties": {"REGION": "BIOBÍO", "COMUNA": "QUILACO", "NOMBRE": "CHACAY MAPU QUILACO", "PUEBLO": "MAPUCHE"}, "geometry": {"type": "Point", "coordinates": [-72.00638902163838, -37.68472790960273]}}, {"type": "Feature", "id": 636, "properties": {"REGION": "BIOBÍO", "COMUNA": "QUILLECO", "NOMBRE": "NEWEN MAPU", "PUEBLO": "MAPUCHE"}, "geometry": {"type": "Point", "coordinates": [-71.989288, -37.517257]}}, {"type": "Feature", "id": 637, "properties": {"REGION": "BIOBÍO", "COMUNA": "SANTA BÁRBARA", "NOMBRE": "CAUÑICU LAS VEGAS", "PUEBLO": "MAPUCHE"}, "geometry": {"type": "Point", "coordinates": [-71.48259, -37.71225]}}, {"type": "Feature", "id": 638, "properties": {"REGION": "BIOBÍO", "COMUNA": "SANTA BÁRBARA", "NOMBRE": "PEWENCHE LABKEN", "PUEBLO": "MAPUCHE"}, "geometry": {"type": "Point", "coordinates": [-71.3594, -38.06389]}}, {"type": "Feature", "id": 639, "properties": {"REGION": "BIOBÍO", "COMUNA": "SANTA BÁRBARA", "NOMBRE": "NACIMIENTO LLALLAHUEN", "PUEBLO": "MAPUCHE"}, "geometry": {"type": "Point", "coordinates": [-71.48321619464613, -37.71280416016059]}}, {"type": "Feature", "id": 640, "properties": {"REGION": "BIOBÍO", "COMUNA": "SANTA BÁRBARA", "NOMBRE": "PEHUENCHE PEHUEN MENUKO CHENQUE", "PUEBLO": "MAPUCHE"}, "geometry": {"type": "Point", "coordinates": [-71.265172, -37.710886]}}, {"type": "Feature", "id": 641, "properties": {"REGION": "BIOBÍO", "COMUNA": "SANTA BÁRBARA", "NOMBRE": "QUEPUCA RALCO", "PUEBLO": "MAPUCHE"}, "geometry": {"type": "Point", "coordinates": [-71.48744683940399, -38.00079325313593]}}, {"type": "Feature", "id": 642, "properties": {"REGION": "BIOBÍO", "COMUNA": "SANTA BÁRBARA", "NOMBRE": "MALLA-MALLA", "PUEBLO": "MAPUCHE"}, "geometry": {"type": "Point", "coordinates": [-71.339325, -37.708227]}}, {"type": "Feature", "id": 643, "properties": {"REGION": "BIOBÍO", "COMUNA": "SANTA BÁRBARA", "NOMBRE": "LAS ARAÑITAS TRABAJADORAS", "PUEBLO": "MAPUCHE"}, "geometry": {"type": "Point", "coordinates": [-71.48592462040902, -37.71602168183694]}}, {"type": "Feature", "id": 644, "properties": {"REGION": "BIOBÍO", "COMUNA": "SANTA BÁRBARA", "NOMBRE": "PALKIHUE", "PUEBLO": "MAPUCHE"}, "geometry": {"type": "Point", "coordinates": [-71.22311, -37.731315]}}, {"type": "Feature", "id": 645, "properties": {"REGION": "BIOBÍO", "COMUNA": "SANTA BÁRBARA", "NOMBRE": "ASOCIACION INDIGENAS DE MUJERES PEHUENCHES DE QUEPUCA RALCO", "PUEBLO": "MAPUCHE"}, "geometry": {"type": "Point", "coordinates": [-71.48123675988066, -38.00064721142851]}}, {"type": "Feature", "id": 646, "properties": {"REGION": "BIOBÍO", "COMUNA": "SANTA BÁRBARA", "NOMBRE": "MAÑIL", "PUEBLO": "MAPUCHE"}, "geometry": {"type": "Point", "coordinates": [-72.106002, -37.625292]}}, {"type": "Feature", "id": 647, "properties": {"REGION": "BIOBÍO", "COMUNA": "SANTA BÁRBARA", "NOMBRE": "QUEPUCA ESTADIO INA LEUBU CHE", "PUEBLO": "MAPUCHE"}, "geometry": {"type": "Point", "coordinates": [-71.831145, -37.669818]}}, {"type": "Feature", "id": 648, "properties": {"REGION": "BIOBÍO", "COMUNA": "SANTA BÁRBARA", "NOMBRE": "KUME MOÑEN", "PUEBLO": "MAPUCHE"}, "geometry": {"type": "Point", "coordinates": [-72.01653736166573, -37.66641208162071]}}, {"type": "Feature", "id": 649, "properties": {"REGION": "BIOBÍO", "COMUNA": "TIRÚA", "NOMBRE": "WE - NGÙTRAM", "PUEBLO": "MAPUCHE"}, "geometry": {"type": "Point", "coordinates": [-72.02122254043351, -37.66101039909376]}}, {"type": "Feature", "id": 650, "properties": {"REGION": "BIOBÍO", "COMUNA": "TUCAPEL", "NOMBRE": "RELMU TRAYEN", "PUEBLO": "MAPUCHE"}, "geometry": {"type": "Point", "coordinates": [-71.9532416753089, -37.23835925689166]}}, {"type": "Feature", "id": 651, "properties": {"REGION": "BIOBÍO", "COMUNA": "YUMBEL", "NOMBRE": "PELON RELMU", "PUEBLO": "MAPUCHE"}, "geometry": {"type": "Point", "coordinates": [-72.56400679449604, -37.09940239819964]}}, {"type": "Feature", "id": 652, "properties": {"REGION": "BIOBÍO", "COMUNA": "CAÑETE", "NOMBRE": "WE KUYEN", "PUEBLO": "MAPUCHE"}, "geometry": {"type": "Point", "coordinates": [-72.56400679449604, -37.09940239819964]}}, {"type": "Feature", "id": 653, "properties": {"REGION": "BIOBÍO", "COMUNA": "CHIGUAYANTE", "NOMBRE": "MÜLLEN ANTU", "PUEBLO": "MAPUCHE"}, "geometry": {"type": "Point", "coordinates": [-73.02756307895652, -36.93156572695737]}}, {"type": "Feature", "id": 654, "properties": {"REGION": "BIOBÍO", "COMUNA": "CHIGUAYANTE", "NOMBRE": "RAYEN LEUFU", "PUEBLO": "MAPUCHE"}, "geometry": {"type": "Point", "coordinates": [-73.01702385270708, -36.92869896546144]}}, {"type": "Feature", "id": 655, "properties": {"REGION": "BIOBÍO", "COMUNA": "CHIGUAYANTE", "NOMBRE": "CHIGUAYANTÚ", "PUEBLO": "MAPUCHE"}, "geometry": {"type": "Point", "coordinates": [-73.01444770513523, -36.94475595643439]}}, {"type": "Feature", "id": 656, "properties": {"REGION": "BIOBÍO", "COMUNA": "CHIGUAYANTE", "NOMBRE": "TRIPAWE ANTU", "PUEBLO": "MAPUCHE"}, "geometry": {"type": "Point", "coordinates": [-73.02450587659499, -36.92920711154985]}}, {"type": "Feature", "id": 657, "properties": {"REGION": "BIOBÍO", "COMUNA": "CHIGUAYANTE", "NOMBRE": "MANQUE-MAHUIDA", "PUEBLO": "MAPUCHE"}, "geometry": {"type": "Point", "coordinates": [-73.02756667716672, -36.93154926625279]}}, {"type": "Feature", "id": 658, "properties": {"REGION": "BIOBÍO", "COMUNA": "CONCEPCIÓN", "NOMBRE": "RUKA ALIWEN", "PUEBLO": "MAPUCHE"}, "geometry": {"type": "Point", "coordinates": [-73.03768017280933, -36.82105877102448]}}, {"type": "Feature", "id": 659, "properties": {"REGION": "BIOBÍO", "COMUNA": "CONCEPCIÓN", "NOMBRE": "LIEF RAKIDUAM", "PUEBLO": "MAPUCHE"}, "geometry": {"type": "Point", "coordinates": [-73.05729073375396, -36.82006631058253]}}, {"type": "Feature", "id": 660, "properties": {"REGION": "BIOBÍO", "COMUNA": "CONCEPCIÓN", "NOMBRE": "KURIÑANCO", "PUEBLO": "MAPUCHE"}, "geometry": {"type": "Point", "coordinates": [-73.02142529712276, -36.81826986453381]}}, {"type": "Feature", "id": 661, "properties": {"REGION": "BIOBÍO", "COMUNA": "CONCEPCIÓN", "NOMBRE": "NEWEN MAPU", "PUEBLO": "MAPUCHE"}, "geometry": {"type": "Point", "coordinates": [-73.04569504299259, -36.8046934476726]}}, {"type": "Feature", "id": 662, "properties": {"REGION": "BIOBÍO", "COMUNA": "CONCEPCIÓN", "NOMBRE": "TRAWUN HUECHELU", "PUEBLO": "MAPUCHE"}, "geometry": {"type": "Point", "coordinates": [-73.0719060569466, -36.8246047648536]}}, {"type": "Feature", "id": 663, "properties": {"REGION": "BIOBÍO", "COMUNA": "CONCEPCIÓN", "NOMBRE": "AUKINKO WALLMAPU", "PUEBLO": "MAPUCHE"}, "geometry": {"type": "Point", "coordinates": [-73.04568690414676, -36.80468607371557]}}, {"type": "Feature", "id": 664, "properties": {"REGION": "BIOBÍO", "COMUNA": "CONCEPCIÓN", "NOMBRE": "NEWENTUAIN", "PUEBLO": "MAPUCHE"}, "geometry": {"type": "Point", "coordinates": [-73.04046631745672, -36.78350672480211]}}, {"type": "Feature", "id": 665, "properties": {"REGION": "BIOBÍO", "COMUNA": "CONCEPCIÓN", "NOMBRE": "NONKEN LIBKO LELFUN", "PUEBLO": "MAPUCHE"}, "geometry": {"type": "Point", "coordinates": [-73.00749525399162, -36.82364466391273]}}, {"type": "Feature", "id": 666, "properties": {"REGION": "BIOBÍO", "COMUNA": "CONCEPCIÓN", "NOMBRE": "CHAPEKAN", "PUEBLO": "MAPUCHE"}, "geometry": {"type": "Point", "coordinates": [-73.06718242290445, -36.81888039363158]}}, {"type": "Feature", "id": 667, "properties": {"REGION": "BIOBÍO", "COMUNA": "CORONEL", "NOMBRE": "RAYEN WENU", "PUEBLO": "MAPUCHE"}, "geometry": {"type": "Point", "coordinates": [-73.15490320946937, -36.99826045320189]}}, {"type": "Feature", "id": 668, "properties": {"REGION": "BIOBÍO", "COMUNA": "CORONEL", "NOMBRE": "NEWEN BOYEN", "PUEBLO": "MAPUCHE"}, "geometry": {"type": "Point", "coordinates": [-73.15110913319893, -36.98308835933378]}}, {"type": "Feature", "id": 669, "properties": {"REGION": "BIOBÍO", "COMUNA": "CORONEL", "NOMBRE": "TRIPAI ANTI", "PUEBLO": "MAPUCHE"}, "geometry": {"type": "Point", "coordinates": [-73.15594539593857, -36.99945498624455]}}, {"type": "Feature", "id": 670, "properties": {"REGION": "BIOBÍO", "COMUNA": "CORONEL", "NOMBRE": "KIMÜN LAFKENCHE", "PUEBLO": "MAPUCHE"}, "geometry": {"type": "Point", "coordinates": [-73.15712219978114, -36.99227652849063]}}, {"type": "Feature", "id": 671, "properties": {"REGION": "BIOBÍO", "COMUNA": "CORONEL", "NOMBRE": "NEWEN ZOMO", "PUEBLO": "MAPUCHE"}, "geometry": {"type": "Point", "coordinates": [-73.1626888865273, -37.00910037891016]}}, {"type": "Feature", "id": 672, "properties": {"REGION": "BIOBÍO", "COMUNA": "CORONEL", "NOMBRE": "NEWEN LAFKEN MAPU", "PUEBLO": "MAPUCHE"}, "geometry": {"type": "Point", "coordinates": [-73.511933, -37.043596]}}, {"type": "Feature", "id": 673, "properties": {"REGION": "BIOBÍO", "COMUNA": "CORONEL", "NOMBRE": "ANTÜ LAFKEN", "PUEBLO": "MAPUCHE"}, "geometry": {"type": "Point", "coordinates": [-73.17953530731518, -37.02536291660686]}}, {"type": "Feature", "id": 674, "properties": {"REGION": "BIOBÍO", "COMUNA": "CORONEL", "NOMBRE": "ANTÜ NEWEN MAPU", "PUEBLO": "MAPUCHE"}, "geometry": {"type": "Point", "coordinates": [-73.14238839073516, -36.99493221447831]}}, {"type": "Feature", "id": 675, "properties": {"REGION": "BIOBÍO", "COMUNA": "CORONEL", "NOMBRE": "AYUWUN CHE MAPU", "PUEBLO": "MAPUCHE"}, "geometry": {"type": "Point", "coordinates": [-73.14153536819896, -37.0350606630553]}}, {"type": "Feature", "id": 676, "properties": {"REGION": "BIOBÍO", "COMUNA": "CORONEL", "NOMBRE": "PEDRO HUMIRE LOREDO", "PUEBLO": "AYMARA"}, "geometry": {"type": "Point", "coordinates": [-73.15480569143358, -37.01985697126936]}}, {"type": "Feature", "id": 677, "properties": {"REGION": "BIOBÍO", "COMUNA": "FLORIDA", "NOMBRE": "MULTICULTURAL WILAMASI", "PUEBLO": "MAPUCHE"}, "geometry": {"type": "Point", "coordinates": [-72.66531081739014, -36.82249161020761]}}, {"type": "Feature", "id": 678, "properties": {"REGION": "BIOBÍO", "COMUNA": "HUALPÉN", "NOMBRE": "HUALPEN WAJ MAPU", "PUEBLO": "MAPUCHE"}, "geometry": {"type": "Point", "coordinates": [-73.09630299156899, -36.78057405527491]}}, {"type": "Feature", "id": 679, "properties": {"REGION": "BIOBÍO", "COMUNA": "HUALPÉN", "NOMBRE": "MAPUCHE LAFQUENCHE LIWEN", "PUEBLO": "MAPUCHE"}, "geometry": {"type": "Point", "coordinates": [-73.09669935660843, -36.7808403389956]}}, {"type": "Feature", "id": 680, "properties": {"REGION": "BIOBÍO", "COMUNA": "HUALPÉN", "NOMBRE": "SUYAI HUENTEO", "PUEBLO": "MAPUCHE"}, "geometry": {"type": "Point", "coordinates": [-73.11677515682912, -36.79498640164221]}}, {"type": "Feature", "id": 681, "properties": {"REGION": "BIOBÍO", "COMUNA": "HUALQUI", "NOMBRE": "MAPUCHE MAWIDA CHE", "PUEBLO": "MAPUCHE"}, "geometry": {"type": "Point", "coordinates": [-72.92738774390337, -36.96032098257439]}}, {"type": "Feature", "id": 682, "properties": {"REGION": "BIOBÍO", "COMUNA": "HUALQUI", "NOMBRE": "PEWUN KOYAM", "PUEBLO": "MAPUCHE"}, "geometry": {"type": "Point", "coordinates": [-72.92779384088443, -36.96082843486582]}}, {"type": "Feature", "id": 683, "properties": {"REGION": "BIOBÍO", "COMUNA": "LOTA", "NOMBRE": "EL COPIHUE LOTA", "PUEBLO": "MAPUCHE"}, "geometry": {"type": "Point", "coordinates": [-73.14928245628043, -37.07790739544046]}}, {"type": "Feature", "id": 684, "properties": {"REGION": "BIOBÍO", "COMUNA": "LOTA", "NOMBRE": "INCHE ÑI PU VOLIL CHE", "PUEBLO": "MAPUCHE"}, "geometry": {"type": "Point", "coordinates": [-73.151661, -37.11437]}}, {"type": "Feature", "id": 685, "properties": {"REGION": "BIOBÍO", "COMUNA": "LOTA", "NOMBRE": "WEICHAFE", "PUEBLO": "MAPUCHE"}, "geometry": {"type": "Point", "coordinates": [-73.13623643126849, -37.10446803683826]}}, {"type": "Feature", "id": 686, "properties": {"REGION": "BIOBÍO", "COMUNA": "LOTA", "NOMBRE": "PALINFE PU KUYUL. LOTA", "PUEBLO": "MAPUCHE"}, "geometry": {"type": "Point", "coordinates": [-73.14514634372813, -37.09528620339823]}}, {"type": "Feature", "id": 687, "properties": {"REGION": "BIOBÍO", "COMUNA": "LOTA", "NOMBRE": "OCOA DE LOTA", "PUEBLO": "MAPUCHE"}, "geometry": {"type": "Point", "coordinates": [-73.15617874664841, -37.08665837442788]}}, {"type": "Feature", "id": 688, "properties": {"REGION": "BIOBÍO", "COMUNA": "LOTA", "NOMBRE": "AYMARA INTI", "PUEBLO": "MAPUCHE"}, "geometry": {"type": "Point", "coordinates": [-73.154086, -37.074581]}}, {"type": "Feature", "id": 689, "properties": {"REGION": "BIOBÍO", "COMUNA": "LOTA", "NOMBRE": "LAFKEN MAPU COLLICURA", "PUEBLO": "MAPUCHE"}, "geometry": {"type": "Point", "coordinates": [-73.14572546102376, -37.11043350505623]}}, {"type": "Feature", "id": 690, "properties": {"REGION": "BIOBÍO", "COMUNA": "ARAUCO", "NOMBRE": "WELIWEN", "PUEBLO": "MAPUCHE"}, "geometry": {"type": "Point", "coordinates": [-73.15736004925107, -37.07533718691359]}}, {"type": "Feature", "id": 691, "properties": {"REGION": "BIOBÍO", "COMUNA": "PENCO", "NOMBRE": "KOÑINTU LAFKEN-MAPU PENCO", "PUEBLO": "MAPUCHE"}, "geometry": {"type": "Point", "coordinates": [-72.9981747602042, -36.73889080003453]}}, {"type": "Feature", "id": 692, "properties": {"REGION": "BIOBÍO", "COMUNA": "SAN PEDRO DE LA PAZ", "NOMBRE": "KARU MAPU", "PUEBLO": "MAPUCHE"}, "geometry": {"type": "Point", "coordinates": [-73.11301183532457, -36.83819071550928]}}, {"type": "Feature", "id": 693, "properties": {"REGION": "BIOBÍO", "COMUNA": "SAN PEDRO DE LA PAZ", "NOMBRE": "ALIWEN", "PUEBLO": "MAPUCHE"}, "geometry": {"type": "Point", "coordinates": [-73.12305745119184, -36.82764614729646]}}, {"type": "Feature", "id": 694, "properties": {"REGION": "BIOBÍO", "COMUNA": "SAN PEDRO DE LA PAZ", "NOMBRE": "KIÑE MILLARAY", "PUEBLO": "MAPUCHE"}, "geometry": {"type": "Point", "coordinates": [-73.13295036266861, -36.88782378872472]}}, {"type": "Feature", "id": 695, "properties": {"REGION": "BIOBÍO", "COMUNA": "SAN PEDRO DE LA PAZ", "NOMBRE": "CHIWAYAN MEU", "PUEBLO": "MAPUCHE"}, "geometry": {"type": "Point", "coordinates": [-73.11967696777216, -36.8362196450141]}}, {"type": "Feature", "id": 696, "properties": {"REGION": "BIOBÍO", "COMUNA": "SAN PEDRO DE LA PAZ", "NOMBRE": "FEY ALIWEN TAIÑ", "PUEBLO": "MAPUCHE"}, "geometry": {"type": "Point", "coordinates": [-73.14099671426736, -36.84373908087494]}}, {"type": "Feature", "id": 697, "properties": {"REGION": "BIOBÍO", "COMUNA": "SAN PEDRO DE LA PAZ", "NOMBRE": "INALTU LAFQUEN", "PUEBLO": "MAPUCHE"}, "geometry": {"type": "Point", "coordinates": [-73.14042984433219, -36.84992238410538]}}, {"type": "Feature", "id": 698, "properties": {"REGION": "BIOBÍO", "COMUNA": "SAN PEDRO DE LA PAZ", "NOMBRE": "ASOCIACION MAPUCHE LAFKEN PALIFE", "PUEBLO": "MAPUCHE"}, "geometry": {"type": "Point", "coordinates": [-73.13129829851741, -36.89091439601356]}}, {"type": "Feature", "id": 699, "properties": {"REGION": "BIOBÍO", "COMUNA": "SAN PEDRO DE LA PAZ", "NOMBRE": "NEWEN LEUFU", "PUEBLO": "MAPUCHE"}, "geometry": {"type": "Point", "coordinates": [-73.12379111089793, -36.82680128906735]}}, {"type": "Feature", "id": 700, "properties": {"REGION": "BIOBÍO", "COMUNA": "SAN PEDRO DE LA PAZ", "NOMBRE": "RUKA COLIMAPU KIÑE", "PUEBLO": "MAPUCHE"}, "geometry": {"type": "Point", "coordinates": [-73.13205509142647, -36.89132700285854]}}, {"type": "Feature", "id": 701, "properties": {"REGION": "BIOBÍO", "COMUNA": "SAN PEDRO DE LA PAZ", "NOMBRE": "MAPUCHE LOF YAL", "PUEBLO": "MAPUCHE"}, "geometry": {"type": "Point", "coordinates": [-73.1474769824081, -36.88541922627795]}}, {"type": "Feature", "id": 702, "properties": {"REGION": "BIOBÍO", "COMUNA": "SAN PEDRO DE LA PAZ", "NOMBRE": "KURA COLIMAPU EPU", "PUEBLO": "MAPUCHE"}, "geometry": {"type": "Point", "coordinates": [-73.1345395223946, -36.89082419377792]}}, {"type": "Feature", "id": 703, "properties": {"REGION": "BIOBÍO", "COMUNA": "SANTA JUANA", "NOMBRE": "BUTAMALLIN", "PUEBLO": "MAPUCHE"}, "geometry": {"type": "Point", "coordinates": [-72.95148020464764, -37.17444349212518]}}, {"type": "Feature", "id": 704, "properties": {"REGION": "BIOBÍO", "COMUNA": "SANTA JUANA", "NOMBRE": "LELFUN MAPU", "PUEBLO": "MAPUCHE"}, "geometry": {"type": "Point", "coordinates": [-72.939211, -37.17546]}}, {"type": "Feature", "id": 705, "properties": {"REGION": "BIOBÍO", "COMUNA": "SANTA JUANA", "NOMBRE": "WINKUL CATIRAY", "PUEBLO": "MAPUCHE"}, "geometry": {"type": "Point", "coordinates": [-72.9324596870383, -37.1922200170862]}}, {"type": "Feature", "id": 706, "properties": {"REGION": "BIOBÍO", "COMUNA": "TALCAHUANO", "NOMBRE": "TALCAHUEÑU NI FOLIL", "PUEBLO": "MAPUCHE"}, "geometry": {"type": "Point", "coordinates": [-73.1123256478265, -36.71361891300845]}}, {"type": "Feature", "id": 707, "properties": {"REGION": "BIOBÍO", "COMUNA": "LOS ÁNGELES", "NOMBRE": "WE PU REPÜ", "PUEBLO": "MAPUCHE"}, "geometry": {"type": "Point", "coordinates": [-73.10560704568175, -36.74361711308767]}}, {"type": "Feature", "id": 708, "properties": {"REGION": "BIOBÍO", "COMUNA": "TOMÉ", "NOMBRE": "PEUMAYEN", "PUEBLO": "MAPUCHE"}, "geometry": {"type": "Point", "coordinates": [-72.95671499930566, -36.61746864434937]}}, {"type": "Feature", "id": 709, "properties": {"REGION": "BIOBÍO", "COMUNA": "TOMÉ", "NOMBRE": "GUERREROS DE LA COSTA (WEYCHAFE LEFUEN)", "PUEBLO": "MAPUCHE"}, "geometry": {"type": "Point", "coordinates": [-72.93092575159069, -36.55061120996668]}}, {"type": "Feature", "id": 710, "properties": {"REGION": "LA ARAUCANÍA", "COMUNA": "SAAVEDRA", "NOMBRE": "KONUNKO LAFKEN", "PUEBLO": "MAPUCHE"}, "geometry": {"type": "Point", "coordinates": [-73.34710191047908, -38.89279843610559]}}, {"type": "Feature", "id": 711, "properties": {"REGION": "LA ARAUCANÍA", "COMUNA": "SAAVEDRA", "NOMBRE": "AYYEN MAPU DE CALOF CENTRO", "PUEBLO": "MAPUCHE"}, "geometry": {"type": "Point", "coordinates": [-73.33913967566113, -38.73075957664127]}}, {"type": "Feature", "id": 712, "properties": {"REGION": "LA ARAUCANÍA", "COMUNA": "SAAVEDRA", "NOMBRE": "EPU LOF RUKA CALOF RANCO", "PUEBLO": "MAPUCHE"}, "geometry": {"type": "Point", "coordinates": [-73.33913967566113, -38.73075957664127]}}, {"type": "Feature", "id": 713, "properties": {"REGION": "LA ARAUCANÍA", "COMUNA": "SAAVEDRA", "NOMBRE": "ROLONCHE ZOMO", "PUEBLO": "MAPUCHE"}, "geometry": {"type": "Point", "coordinates": [-73.35738144817283, -38.8196506478783]}}, {"type": "Feature", "id": 714, "properties": {"REGION": "LA ARAUCANÍA", "COMUNA": "SAAVEDRA", "NOMBRE": "PRODUCTIVA KÜZAWAL TAYÑMAPU", "PUEBLO": "MAPUCHE"}, "geometry": {"type": "Point", "coordinates": [-73.35738144817283, -38.8196506478783]}}, {"type": "Feature", "id": 715, "properties": {"REGION": "LA ARAUCANÍA", "COMUNA": "SAAVEDRA", "NOMBRE": "RAYEN ZOMO", "PUEBLO": "MAPUCHE"}, "geometry": {"type": "Point", "coordinates": [-73.3066584, -38.8259002]}}, {"type": "Feature", "id": 716, "properties": {"REGION": "LA ARAUCANÍA", "COMUNA": "SAAVEDRA", "NOMBRE": "ASO. INDIGENA CENTRO DE PADRES Y APODERADOS DE LA ESC. SOL NACIENTE.", "PUEBLO": "MAPUCHE"}, "geometry": {"type": "Point", "coordinates": [-73.3066584, -38.8259002]}}, {"type": "Feature", "id": 717, "properties": {"REGION": "LA ARAUCANÍA", "COMUNA": "SAAVEDRA", "NOMBRE": "WENEWEN", "PUEBLO": "MAPUCHE"}, "geometry": {"type": "Point", "coordinates": [-73.3717291, -38.7991572]}}, {"type": "Feature", "id": 718, "properties": {"REGION": "LA ARAUCANÍA", "COMUNA": "SAAVEDRA", "NOMBRE": "NEWEN ZOMO", "PUEBLO": "MAPUCHE"}, "geometry": {"type": "Point", "coordinates": [-73.40250496955274, -38.77831810614654]}}, {"type": "Feature", "id": 719, "properties": {"REGION": "LA ARAUCANÍA", "COMUNA": "SAAVEDRA", "NOMBRE": "ZOMO QUISAUFE", "PUEBLO": "MAPUCHE"}, "geometry": {"type": "Point", "coordinates": [-73.3298666, -38.7611472]}}, {"type": "Feature", "id": 720, "properties": {"REGION": "LA ARAUCANÍA", "COMUNA": "SAAVEDRA", "NOMBRE": "INALAFKEN DE COLLILEUFU CHICO", "PUEBLO": "MAPUCHE"}, "geometry": {"type": "Point", "coordinates": [-73.3676552, -38.8642007]}}, {"type": "Feature", "id": 721, "properties": {"REGION": "LA ARAUCANÍA", "COMUNA": "SAAVEDRA", "NOMBRE": "ASOC. CENTRO DE PADRE Y APODERADO RUCA RRAQUI", "PUEBLO": "MAPUCHE"}, "geometry": {"type": "Point", "coordinates": [-73.32351929319492, -38.90451896370666]}}, {"type": "Feature", "id": 722, "properties": {"REGION": "LA ARAUCANÍA", "COMUNA": "SAAVEDRA", "NOMBRE": "CENTRO DE PADRES Y APODERADOS RUCA RAQUI", "PUEBLO": "MAPUCHE"}, "geometry": {"type": "Point", "coordinates": [-73.32351929319492, -38.90451896370666]}}, {"type": "Feature", "id": 723, "properties": {"REGION": "LA ARAUCANÍA", "COMUNA": "SAAVEDRA", "NOMBRE": "WAL MAPU ZOMO", "PUEBLO": "MAPUCHE"}, "geometry": {"type": "Point", "coordinates": [-73.3311898, -38.9389135]}}, {"type": "Feature", "id": 724, "properties": {"REGION": "LA ARAUCANÍA", "COMUNA": "SAAVEDRA", "NOMBRE": "KOSKILLA RAYEN", "PUEBLO": "MAPUCHE"}, "geometry": {"type": "Point", "coordinates": [-73.37748420171164, -38.84618330209871]}}, {"type": "Feature", "id": 725, "properties": {"REGION": "LA ARAUCANÍA", "COMUNA": "SAAVEDRA", "NOMBRE": "WE ADKINTUN", "PUEBLO": "MAPUCHE"}, "geometry": {"type": "Point", "coordinates": [-73.40136212539203, -38.77918011829771]}}, {"type": "Feature", "id": 726, "properties": {"REGION": "LA ARAUCANÍA", "COMUNA": "SAAVEDRA", "NOMBRE": "INALEUFU BUDI", "PUEBLO": "MAPUCHE"}, "geometry": {"type": "Point", "coordinates": [-73.3179254, -38.8933337]}}, {"type": "Feature", "id": 727, "properties": {"REGION": "LA ARAUCANÍA", "COMUNA": "SAAVEDRA", "NOMBRE": "AWKIÑ ERKEN KVRVF", "PUEBLO": "MAPUCHE"}, "geometry": {"type": "Point", "coordinates": [-73.3179254, -38.8933337]}}, {"type": "Feature", "id": 728, "properties": {"REGION": "LA ARAUCANÍA", "COMUNA": "SAAVEDRA", "NOMBRE": "HUINKUL LAWEN", "PUEBLO": "MAPUCHE"}, "geometry": {"type": "Point", "coordinates": [-73.39227653011147, -38.79876131055509]}}, {"type": "Feature", "id": 729, "properties": {"REGION": "LA ARAUCANÍA", "COMUNA": "SAAVEDRA", "NOMBRE": "KOM NEWEN TULEAYÑ", "PUEBLO": "MAPUCHE"}, "geometry": {"type": "Point", "coordinates": [-73.39227653011147, -38.79876131055509]}}, {"type": "Feature", "id": 730, "properties": {"REGION": "LA ARAUCANÍA", "COMUNA": "SAAVEDRA", "NOMBRE": "MARI EPU PEÑI WEN", "PUEBLO": "MAPUCHE"}, "geometry": {"type": "Point", "coordinates": [-73.2754796, -38.7911229]}}, {"type": "Feature", "id": 731, "properties": {"REGION": "LA ARAUCANÍA", "COMUNA": "SAAVEDRA", "NOMBRE": "KIMÚN DOMO", "PUEBLO": "MAPUCHE"}, "geometry": {"type": "Point", "coordinates": [-73.39797901960829, -38.79874625501053]}}, {"type": "Feature", "id": 732, "properties": {"REGION": "LA ARAUCANÍA", "COMUNA": "SAAVEDRA", "NOMBRE": "CURACO", "PUEBLO": "MAPUCHE"}, "geometry": {"type": "Point", "coordinates": [-73.33913967566113, -38.73075957664127]}}, {"type": "Feature", "id": 733, "properties": {"REGION": "LA ARAUCANÍA", "COMUNA": "SAAVEDRA", "NOMBRE": "MARRY MELI LOF, SECTOR QUECHOCAHUIN", "PUEBLO": "MAPUCHE"}, "geometry": {"type": "Point", "coordinates": [-73.2434296, -38.8544323]}}, {"type": "Feature", "id": 734, "properties": {"REGION": "LA ARAUCANÍA", "COMUNA": "SAAVEDRA", "NOMBRE": "LAFKEN LEUFU", "PUEBLO": "MAPUCHE"}, "geometry": {"type": "Point", "coordinates": [-73.3387727, -38.908196]}}, {"type": "Feature", "id": 735, "properties": {"REGION": "LA ARAUCANÍA", "COMUNA": "SAAVEDRA", "NOMBRE": "BOCA BUDI WAWE LEWFU", "PUEBLO": "MAPUCHE"}, "geometry": {"type": "Point", "coordinates": [-73.3973464, -38.8236328]}}, {"type": "Feature", "id": 736, "properties": {"REGION": "LA ARAUCANÍA", "COMUNA": "SAAVEDRA", "NOMBRE": "DE CEMENTERIO RUCATRARO QUEUPAN", "PUEBLO": "MAPUCHE"}, "geometry": {"type": "Point", "coordinates": [-73.3469651, -38.8444395]}}, {"type": "Feature", "id": 737, "properties": {"REGION": "LA ARAUCANÍA", "COMUNA": "TEMUCO", "NOMBRE": "GRUPO DE MUJERES RAYEN FOYE", "PUEBLO": "MAPUCHE"}, "geometry": {"type": "Point", "coordinates": [-72.7133598, -38.6602057]}}, {"type": "Feature", "id": 738, "properties": {"REGION": "LA ARAUCANÍA", "COMUNA": "TEMUCO", "NOMBRE": "FOYECO MAPU MOGEN", "PUEBLO": "MAPUCHE"}, "geometry": {"type": "Point", "coordinates": [-72.7133598, -38.6602057]}}, {"type": "Feature", "id": 739, "properties": {"REGION": "LA ARAUCANÍA", "COMUNA": "TEMUCO", "NOMBRE": "ASOCIACION DE COMUNIDADES INDIGENAS CACIQUE LORENZO EPUL Y GERONIMO MELILLAN", "PUEBLO": "MAPUCHE"}, "geometry": {"type": "Point", "coordinates": [-72.7335558, -38.6904129]}}, {"type": "Feature", "id": 740, "properties": {"REGION": "LA ARAUCANÍA", "COMUNA": "TEMUCO", "NOMBRE": "COMUNICACIONES MAPUCHE XEG - XEG", "PUEBLO": "MAPUCHE"}, "geometry": {"type": "Point", "coordinates": [-72.58797804316191, -38.73361040163424]}}, {"type": "Feature", "id": 741, "properties": {"REGION": "LA ARAUCANÍA", "COMUNA": "TEMUCO", "NOMBRE": "KELLUKLEAYÑ PU ZOMO", "PUEBLO": "MAPUCHE"}, "geometry": {"type": "Point", "coordinates": [-72.61963398851869, -38.71834617463196]}}, {"type": "Feature", "id": 742, "properties": {"REGION": "LA ARAUCANÍA", "COMUNA": "TEMUCO", "NOMBRE": "ESTUDIANTES SUPERIORES Y PROFESIONALES MAPUCHE WECHE KIMUN", "PUEBLO": "MAPUCHE"}, "geometry": {"type": "Point", "coordinates": [-72.58830036081538, -38.73983783835138]}}, {"type": "Feature", "id": 743, "properties": {"REGION": "LA ARAUCANÍA", "COMUNA": "TEMUCO", "NOMBRE": "SOCIEDAD URBANA DE ESTUDIANTES MAPUCHES KALLKULIKAN DE TEMUCO", "PUEBLO": "MAPUCHE"}, "geometry": {"type": "Point", "coordinates": [-72.5838929781563, -38.74151067015467]}}, {"type": "Feature", "id": 744, "properties": {"REGION": "LA ARAUCANÍA", "COMUNA": "TEMUCO", "NOMBRE": "ASOCIACION MAPUCHE URBANA ACCION SOCIAL Y CULTURAL KONA PEWMAN", "PUEBLO": "MAPUCHE"}, "geometry": {"type": "Point", "coordinates": [-72.59074851296504, -38.74354045094633]}}, {"type": "Feature", "id": 745, "properties": {"REGION": "LA ARAUCANÍA", "COMUNA": "TEMUCO", "NOMBRE": "WE MONGEN", "PUEBLO": "MAPUCHE"}, "geometry": {"type": "Point", "coordinates": [-72.7935273, -38.7299555]}}, {"type": "Feature", "id": 746, "properties": {"REGION": "LA ARAUCANÍA", "COMUNA": "TEMUCO", "NOMBRE": "PEQUEÑOS AGRICULTORES NEWEN TUAIÑ", "PUEBLO": "MAPUCHE"}, "geometry": {"type": "Point", "coordinates": [-72.7935273, -38.7299555]}}, {"type": "Feature", "id": 747, "properties": {"REGION": "LA ARAUCANÍA", "COMUNA": "TEMUCO", "NOMBRE": "KÜME MAPU", "PUEBLO": "MAPUCHE"}, "geometry": {"type": "Point", "coordinates": [-72.68625191526105, -38.63203682750393]}}, {"type": "Feature", "id": 748, "properties": {"REGION": "LA ARAUCANÍA", "COMUNA": "TEMUCO", "NOMBRE": "PANCO LLANCAMIL", "PUEBLO": "MAPUCHE"}, "geometry": {"type": "Point", "coordinates": [-72.661938, -38.6413844]}}, {"type": "Feature", "id": 749, "properties": {"REGION": "LA ARAUCANÍA", "COMUNA": "TEMUCO", "NOMBRE": "MAPUCHE POR EL RUCAMANKE", "PUEBLO": "MAPUCHE"}, "geometry": {"type": "Point", "coordinates": [-72.661938, -38.6413844]}}, {"type": "Feature", "id": 750, "properties": {"REGION": "LA ARAUCANÍA", "COMUNA": "TEMUCO", "NOMBRE": "RAYEN MAHUIDA", "PUEBLO": "MAPUCHE"}, "geometry": {"type": "Point", "coordinates": [-72.70257469031674, -38.59514541192625]}}, {"type": "Feature", "id": 751, "properties": {"REGION": "LA ARAUCANÍA", "COMUNA": "TEMUCO", "NOMBRE": "CONOCO CHICO", "PUEBLO": "MAPUCHE"}, "geometry": {"type": "Point", "coordinates": [-72.741072, -38.6227752]}}, {"type": "Feature", "id": 752, "properties": {"REGION": "LA ARAUCANÍA", "COMUNA": "TEMUCO", "NOMBRE": "CENTRO CULTURAL MAPUCHE", "PUEBLO": "MAPUCHE"}, "geometry": {"type": "Point", "coordinates": [-72.61952494144147, -38.72520601682524]}}, {"type": "Feature", "id": 753, "properties": {"REGION": "LA ARAUCANÍA", "COMUNA": "TEMUCO", "NOMBRE": "ASOSIACION INDIGENA WE KINTUN", "PUEBLO": "MAPUCHE"}, "geometry": {"type": "Point", "coordinates": [-72.58805384411087, -38.73496190275616]}}, {"type": "Feature", "id": 754, "properties": {"REGION": "LA ARAUCANÍA", "COMUNA": "TEMUCO", "NOMBRE": "KIÑEU AMUAYÑ", "PUEBLO": "MAPUCHE"}, "geometry": {"type": "Point", "coordinates": [-72.7653653, -38.689691]}}, {"type": "Feature", "id": 755, "properties": {"REGION": "LA ARAUCANÍA", "COMUNA": "TEMUCO", "NOMBRE": "ALIWEN MAPU", "PUEBLO": "MAPUCHE"}, "geometry": {"type": "Point", "coordinates": [-72.7653653, -38.689691]}}, {"type": "Feature", "id": 756, "properties": {"REGION": "LA ARAUCANÍA", "COMUNA": "TEMUCO", "NOMBRE": "WE XIPANTU", "PUEBLO": "MAPUCHE"}, "geometry": {"type": "Point", "coordinates": [-72.78723377568959, -38.71918862908308]}}, {"type": "Feature", "id": 757, "properties": {"REGION": "LA ARAUCANÍA", "COMUNA": "TEMUCO", "NOMBRE": "KECHU FOLIL DE PICHI CONOCO", "PUEBLO": "MAPUCHE"}, "geometry": {"type": "Point", "coordinates": [-72.741072, -38.6227752]}}, {"type": "Feature", "id": 758, "properties": {"REGION": "LA ARAUCANÍA", "COMUNA": "TEMUCO", "NOMBRE": "NEWEN DOMO", "PUEBLO": "MAPUCHE"}, "geometry": {"type": "Point", "coordinates": [-72.697268, -38.6062332]}}, {"type": "Feature", "id": 759, "properties": {"REGION": "LA ARAUCANÍA", "COMUNA": "TEMUCO", "NOMBRE": "KURA WENU", "PUEBLO": "MAPUCHE"}, "geometry": {"type": "Point", "coordinates": [-72.58557093012358, -38.7359960206461]}}, {"type": "Feature", "id": 760, "properties": {"REGION": "LA ARAUCANÍA", "COMUNA": "TEMUCO", "NOMBRE": "ASOCIACION INDIGENA \"WITRAN RELMA\"", "PUEBLO": "MAPUCHE"}, "geometry": {"type": "Point", "coordinates": [-72.57908729541278, -38.74080417622071]}}, {"type": "Feature", "id": 761, "properties": {"REGION": "LA ARAUCANÍA", "COMUNA": "TEMUCO", "NOMBRE": "ASOCIACION DE FAMILIARES ESTUDIANTES MAPUCHE EN CUBA AZ-MOGEN", "PUEBLO": "MAPUCHE"}, "geometry": {"type": "Point", "coordinates": [-72.58288711377135, -38.73542579602821]}}, {"type": "Feature", "id": 762, "properties": {"REGION": "LA ARAUCANÍA", "COMUNA": "TEMUCO", "NOMBRE": "TAIÑ MAPU", "PUEBLO": "MAPUCHE"}, "geometry": {"type": "Point", "coordinates": [-72.70708605252553, -38.71591888023392]}}, {"type": "Feature", "id": 763, "properties": {"REGION": "LA ARAUCANÍA", "COMUNA": "TEMUCO", "NOMBRE": "TRAWUN LONKO", "PUEBLO": "MAPUCHE"}, "geometry": {"type": "Point", "coordinates": [-72.5859535974394, -38.73990089297978]}}, {"type": "Feature", "id": 764, "properties": {"REGION": "LA ARAUCANÍA", "COMUNA": "TEMUCO", "NOMBRE": "REGUIONAL PARA EL DESARROLLO MAPUCHE RAKIDUAM", "PUEBLO": "MAPUCHE"}, "geometry": {"type": "Point", "coordinates": [-72.58829476429332, -38.734553179119]}}, {"type": "Feature", "id": 765, "properties": {"REGION": "LA ARAUCANÍA", "COMUNA": "TEMUCO", "NOMBRE": "TROMEN HUICHOCON", "PUEBLO": "MAPUCHE"}, "geometry": {"type": "Point", "coordinates": [-72.80112002994942, -38.71953968774005]}}, {"type": "Feature", "id": 766, "properties": {"REGION": "LA ARAUCANÍA", "COMUNA": "TEMUCO", "NOMBRE": "AGRICOLA EL BOSQUE", "PUEBLO": "MAPUCHE"}, "geometry": {"type": "Point", "coordinates": [-72.682502, -38.5696888]}}, {"type": "Feature", "id": 767, "properties": {"REGION": "LA ARAUCANÍA", "COMUNA": "TEMUCO", "NOMBRE": "DE PROFESIONALES MAPUCHES UNIPROM", "PUEBLO": "MAPUCHE"}, "geometry": {"type": "Point", "coordinates": [-72.61351751004011, -38.7486423445411]}}, {"type": "Feature", "id": 768, "properties": {"REGION": "LA ARAUCANÍA", "COMUNA": "TEMUCO", "NOMBRE": "KOM NEWENCHE", "PUEBLO": "MAPUCHE"}, "geometry": {"type": "Point", "coordinates": [-72.59601938774009, -38.74091282385178]}}, {"type": "Feature", "id": 769, "properties": {"REGION": "LA ARAUCANÍA", "COMUNA": "TEMUCO", "NOMBRE": "ADKYNTUWE", "PUEBLO": "MAPUCHE"}, "geometry": {"type": "Point", "coordinates": [-72.6582870958987, -38.69380418350375]}}, {"type": "Feature", "id": 770, "properties": {"REGION": "LA ARAUCANÍA", "COMUNA": "TEMUCO", "NOMBRE": "ASOCIACION NACIONAL MAPUCHE NEWENCHE", "PUEBLO": "MAPUCHE"}, "geometry": {"type": "Point", "coordinates": [-72.5882266315222, -38.73473894417217]}}, {"type": "Feature", "id": 771, "properties": {"REGION": "LA ARAUCANÍA", "COMUNA": "TEMUCO", "NOMBRE": "RAYEN KOS KULLA", "PUEBLO": "MAPUCHE"}, "geometry": {"type": "Point", "coordinates": [-72.75112011688702, -38.64110256926997]}}, {"type": "Feature", "id": 772, "properties": {"REGION": "LA ARAUCANÍA", "COMUNA": "TEMUCO", "NOMBRE": "TROMEN PELAHUEN", "PUEBLO": "MAPUCHE"}, "geometry": {"type": "Point", "coordinates": [-72.72618193100763, -38.66007350852369]}}, {"type": "Feature", "id": 773, "properties": {"REGION": "LA ARAUCANÍA", "COMUNA": "TEMUCO", "NOMBRE": "LAY MAPU POSS GUARRIA", "PUEBLO": "MAPUCHE"}, "geometry": {"type": "Point", "coordinates": [-72.72618193100763, -38.66007350852369]}}, {"type": "Feature", "id": 774, "properties": {"REGION": "LA ARAUCANÍA", "COMUNA": "TEMUCO", "NOMBRE": "LAFQUENCHE", "PUEBLO": "MAPUCHE"}, "geometry": {"type": "Point", "coordinates": [-72.59604467018012, -38.73399103440279]}}, {"type": "Feature", "id": 775, "properties": {"REGION": "LA ARAUCANÍA", "COMUNA": "TEMUCO", "NOMBRE": "HUEICHAFE DOMO", "PUEBLO": "MAPUCHE"}, "geometry": {"type": "Point", "coordinates": [-72.58438429377527, -38.73623246824424]}}, {"type": "Feature", "id": 776, "properties": {"REGION": "LA ARAUCANÍA", "COMUNA": "TEMUCO", "NOMBRE": "WE KIMUN", "PUEBLO": "MAPUCHE"}, "geometry": {"type": "Point", "coordinates": [-72.59735286162135, -38.73851231049201]}}, {"type": "Feature", "id": 777, "properties": {"REGION": "LA ARAUCANÍA", "COMUNA": "TEMUCO", "NOMBRE": "ASOCIACION INDIGENA DE PEQUEÑOS PRODUCTORES WE-NEHUEN", "PUEBLO": "MAPUCHE"}, "geometry": {"type": "Point", "coordinates": [-72.5640602087196, -38.72730568138845]}}, {"type": "Feature", "id": 778, "properties": {"REGION": "LA ARAUCANÍA", "COMUNA": "TEMUCO", "NOMBRE": "ROBLE HUACHO", "PUEBLO": "MAPUCHE"}, "geometry": {"type": "Point", "coordinates": [-72.63486622531461, -38.7542861493321]}}, {"type": "Feature", "id": 779, "properties": {"REGION": "LA ARAUCANÍA", "COMUNA": "TEMUCO", "NOMBRE": "DE FILISOFIA CIENCIAS Y SABIDURIA ANCESTRAL MAPUCHEO WUÑELLFE", "PUEBLO": "MAPUCHE"}, "geometry": {"type": "Point", "coordinates": [-72.63005509558944, -38.75818603535415]}}, {"type": "Feature", "id": 780, "properties": {"REGION": "LA ARAUCANÍA", "COMUNA": "TEMUCO", "NOMBRE": "LAWENTWVN", "PUEBLO": "MAPUCHE"}, "geometry": {"type": "Point", "coordinates": [-72.58231676821269, -38.73543593339507]}}, {"type": "Feature", "id": 781, "properties": {"REGION": "LA ARAUCANÍA", "COMUNA": "TEMUCO", "NOMBRE": "KINTURRAY", "PUEBLO": "MAPUCHE"}, "geometry": {"type": "Point", "coordinates": [-72.58402869995403, -38.7360652829891]}}, {"type": "Feature", "id": 782, "properties": {"REGION": "LA ARAUCANÍA", "COMUNA": "TEMUCO", "NOMBRE": "AILLIN MAPU", "PUEBLO": "MAPUCHE"}, "geometry": {"type": "Point", "coordinates": [-72.65412612625568, -38.6982186856519]}}, {"type": "Feature", "id": 783, "properties": {"REGION": "LA ARAUCANÍA", "COMUNA": "TEMUCO", "NOMBRE": "AD KIMVN", "PUEBLO": "MAPUCHE"}, "geometry": {"type": "Point", "coordinates": [-72.75362932964212, -38.76610709184656]}}, {"type": "Feature", "id": 784, "properties": {"REGION": "LA ARAUCANÍA", "COMUNA": "TEMUCO", "NOMBRE": "NEHUEN TRAHUN", "PUEBLO": "MAPUCHE"}, "geometry": {"type": "Point", "coordinates": [-72.58333371150466, -38.74670878247104]}}, {"type": "Feature", "id": 785, "properties": {"REGION": "LA ARAUCANÍA", "COMUNA": "TEMUCO", "NOMBRE": "WE FOLIL", "PUEBLO": "MAPUCHE"}, "geometry": {"type": "Point", "coordinates": [-72.59605463455316, -38.73398831317515]}}, {"type": "Feature", "id": 786, "properties": {"REGION": "LA ARAUCANÍA", "COMUNA": "TEMUCO", "NOMBRE": "KULLEN", "PUEBLO": "MAPUCHE"}, "geometry": {"type": "Point", "coordinates": [-72.62667367665361, -38.71811424864693]}}, {"type": "Feature", "id": 787, "properties": {"REGION": "LA ARAUCANÍA", "COMUNA": "TEMUCO", "NOMBRE": "LOFCHE MAPU", "PUEBLO": "MAPUCHE"}, "geometry": {"type": "Point", "coordinates": [-72.59841559591182, -38.72878274035399]}}, {"type": "Feature", "id": 788, "properties": {"REGION": "LA ARAUCANÍA", "COMUNA": "TEMUCO", "NOMBRE": "SOMOS NEWEN TRECALEANÑ (URBANA)", "PUEBLO": "MAPUCHE"}, "geometry": {"type": "Point", "coordinates": [-72.63342591572426, -38.75996255654022]}}, {"type": "Feature", "id": 789, "properties": {"REGION": "LA ARAUCANÍA", "COMUNA": "TEMUCO", "NOMBRE": "MELINEWEN (URBANA)", "PUEBLO": "MAPUCHE"}, "geometry": {"type": "Point", "coordinates": [-72.5965372454201, -38.73631191951564]}}, {"type": "Feature", "id": 790, "properties": {"REGION": "LA ARAUCANÍA", "COMUNA": "TEMUCO", "NOMBRE": "PELONTUWE", "PUEBLO": "MAPUCHE"}, "geometry": {"type": "Point", "coordinates": [-72.61980330885982, -38.75011347336982]}}, {"type": "Feature", "id": 791, "properties": {"REGION": "LA ARAUCANÍA", "COMUNA": "TEMUCO", "NOMBRE": "MAPUCHE ESTUDIANTES UNIVERSITARIOS PELONTUWE", "PUEBLO": "MAPUCHE"}, "geometry": {"type": "Point", "coordinates": [-72.61980330885982, -38.75011347336982]}}, {"type": "Feature", "id": 792, "properties": {"REGION": "LA ARAUCANÍA", "COMUNA": "TEMUCO", "NOMBRE": "NEWEN LOF TEMUKO", "PUEBLO": "MAPUCHE"}, "geometry": {"type": "Point", "coordinates": [-72.58968546818625, -38.73602054293571]}}, {"type": "Feature", "id": 793, "properties": {"REGION": "LA ARAUCANÍA", "COMUNA": "TEMUCO", "NOMBRE": "PURRAN PEYM ZUGU", "PUEBLO": "MAPUCHE"}, "geometry": {"type": "Point", "coordinates": [-72.59535105940449, -38.74206895259267]}}, {"type": "Feature", "id": 794, "properties": {"REGION": "LA ARAUCANÍA", "COMUNA": "TEMUCO", "NOMBRE": "EPUWVN TXEKAN", "PUEBLO": "MAPUCHE"}, "geometry": {"type": "Point", "coordinates": [-72.57225579790793, -38.72895596450757]}}, {"type": "Feature", "id": 795, "properties": {"REGION": "LA ARAUCANÍA", "COMUNA": "TEMUCO", "NOMBRE": "ASOCIACIÓN MAPUCHE TERRITORIAL LOF TRAÑI-TRAÑI.", "PUEBLO": "MAPUCHE"}, "geometry": {"type": "Point", "coordinates": [-72.713815, -38.7412107]}}, {"type": "Feature", "id": 796, "properties": {"REGION": "LA ARAUCANÍA", "COMUNA": "TEMUCO", "NOMBRE": "ALEM", "PUEBLO": "MAPUCHE"}, "geometry": {"type": "Point", "coordinates": [-72.57535138443555, -38.73735012742203]}}, {"type": "Feature", "id": 797, "properties": {"REGION": "LA ARAUCANÍA", "COMUNA": "TEMUCO", "NOMBRE": "CONSEJO DE EDUCACION MAPUCHE AZELUWAM", "PUEBLO": "MAPUCHE"}, "geometry": {"type": "Point", "coordinates": [-72.58232822992704, -38.73542729646321]}}, {"type": "Feature", "id": 798, "properties": {"REGION": "LA ARAUCANÍA", "COMUNA": "TEMUCO", "NOMBRE": "DZOMO PEUMAFE", "PUEBLO": "MAPUCHE"}, "geometry": {"type": "Point", "coordinates": [-72.62522587313788, -38.71935230191973]}}, {"type": "Feature", "id": 799, "properties": {"REGION": "LA ARAUCANÍA", "COMUNA": "TEMUCO", "NOMBRE": "WE WAIÑ", "PUEBLO": "MAPUCHE"}, "geometry": {"type": "Point", "coordinates": [-72.61911454283369, -38.72397523665607]}}, {"type": "Feature", "id": 800, "properties": {"REGION": "LA ARAUCANÍA", "COMUNA": "TEMUCO", "NOMBRE": "DE EDUCACIÓN, ESPIRITUALIDAD Y SABIDURIA ANCESTRAL MAPUCHE", "PUEBLO": "MAPUCHE"}, "geometry": {"type": "Point", "coordinates": [-72.60468877309111, -38.74738970623711]}}, {"type": "Feature", "id": 801, "properties": {"REGION": "LA ARAUCANÍA", "COMUNA": "TEMUCO", "NOMBRE": "KOLECTIVO WE NEWEN", "PUEBLO": "MAPUCHE"}, "geometry": {"type": "Point", "coordinates": [-72.61564310686676, -38.75315389976841]}}, {"type": "Feature", "id": 802, "properties": {"REGION": "LA ARAUCANÍA", "COMUNA": "TEMUCO", "NOMBRE": "ASOC. INDIGENA DE PADRES Y APODERADOS INATUKIMUN", "PUEBLO": "MAPUCHE"}, "geometry": {"type": "Point", "coordinates": [-72.61862437107072, -38.75039475144094]}}, {"type": "Feature", "id": 803, "properties": {"REGION": "LA ARAUCANÍA", "COMUNA": "TEMUCO", "NOMBRE": "ANULTUWE ZUGU", "PUEBLO": "MAPUCHE"}, "geometry": {"type": "Point", "coordinates": [-72.55103162688808, -38.70706366575975]}}, {"type": "Feature", "id": 804, "properties": {"REGION": "LA ARAUCANÍA", "COMUNA": "TEMUCO", "NOMBRE": "KETRAWE", "PUEBLO": "MAPUCHE"}, "geometry": {"type": "Point", "coordinates": [-72.61229362632028, -38.72170864785095]}}, {"type": "Feature", "id": 805, "properties": {"REGION": "LA ARAUCANÍA", "COMUNA": "TEMUCO", "NOMBRE": "RAYEN KARRY MAPU", "PUEBLO": "MAPUCHE"}, "geometry": {"type": "Point", "coordinates": [-72.62269028604679, -38.71865141077392]}}, {"type": "Feature", "id": 806, "properties": {"REGION": "LA ARAUCANÍA", "COMUNA": "TEMUCO", "NOMBRE": "HUEICHAFE CHE", "PUEBLO": "MAPUCHE"}, "geometry": {"type": "Point", "coordinates": [-72.62462931839555, -38.71935395573917]}}, {"type": "Feature", "id": 807, "properties": {"REGION": "LA ARAUCANÍA", "COMUNA": "TEMUCO", "NOMBRE": "ASOCIACION DE INVESTIGACION Y DESARROLLO MAPUCHE", "PUEBLO": "MAPUCHE"}, "geometry": {"type": "Point", "coordinates": [-72.61548489008327, -38.74654818735621]}}, {"type": "Feature", "id": 808, "properties": {"REGION": "LA ARAUCANÍA", "COMUNA": "TEMUCO", "NOMBRE": "MAPUCHE PARA EL DESARROLLO INTEGRAL ENAMA", "PUEBLO": "MAPUCHE"}, "geometry": {"type": "Point", "coordinates": [-72.59279412878494, -38.7399299480596]}}, {"type": "Feature", "id": 809, "properties": {"REGION": "LA ARAUCANÍA", "COMUNA": "TEMUCO", "NOMBRE": "DEPORTIVA SOCIO CULTURAL LIMITE EXTREMO ITXOFILL MOGEN", "PUEBLO": "MAPUCHE"}, "geometry": {"type": "Point", "coordinates": [-72.58348556124297, -38.73716331460169]}}, {"type": "Feature", "id": 810, "properties": {"REGION": "LA ARAUCANÍA", "COMUNA": "TEMUCO", "NOMBRE": "URBANA NEWEN", "PUEBLO": "MAPUCHE"}, "geometry": {"type": "Point", "coordinates": [-72.651606121427, -38.70957412840882]}}, {"type": "Feature", "id": 811, "properties": {"REGION": "LA ARAUCANÍA", "COMUNA": "TEMUCO", "NOMBRE": "CONSEJO DE EDUCADORES TRADICIONALES MAPUCHE WALL MAPU IX REGION", "PUEBLO": "MAPUCHE"}, "geometry": {"type": "Point", "coordinates": [-72.5855060008777, -38.7345500701182]}}, {"type": "Feature", "id": 812, "properties": {"REGION": "LA ARAUCANÍA", "COMUNA": "TEMUCO", "NOMBRE": "INCHE TAÑI PEUMA DEL PORTAL SAN FRANCISCO", "PUEBLO": "MAPUCHE"}, "geometry": {"type": "Point", "coordinates": [-72.654464775008, -38.69036929430211]}}, {"type": "Feature", "id": 813, "properties": {"REGION": "LA ARAUCANÍA", "COMUNA": "TEMUCO", "NOMBRE": "MILLACHE", "PUEBLO": "MAPUCHE"}, "geometry": {"type": "Point", "coordinates": [-72.7568083383068, -38.76947635932684]}}, {"type": "Feature", "id": 814, "properties": {"REGION": "LA ARAUCANÍA", "COMUNA": "TEMUCO", "NOMBRE": "LAUTARO ÑI AYLLAREWE", "PUEBLO": "MAPUCHE"}, "geometry": {"type": "Point", "coordinates": [-72.59190156301081, -38.73693933983568]}}, {"type": "Feature", "id": 815, "properties": {"REGION": "LA ARAUCANÍA", "COMUNA": "TEMUCO", "NOMBRE": "LABRANZA SECTOR BAJO", "PUEBLO": "MAPUCHE"}, "geometry": {"type": "Point", "coordinates": [-72.75371839999534, -38.77229553996423]}}, {"type": "Feature", "id": 816, "properties": {"REGION": "LA ARAUCANÍA", "COMUNA": "TEMUCO", "NOMBRE": "NEWEN KA KIMUN", "PUEBLO": "MAPUCHE"}, "geometry": {"type": "Point", "coordinates": [-72.56165774495845, -38.73157505363025]}}, {"type": "Feature", "id": 817, "properties": {"REGION": "LA ARAUCANÍA", "COMUNA": "TEMUCO", "NOMBRE": "MILLAMAPU", "PUEBLO": "MAPUCHE"}, "geometry": {"type": "Point", "coordinates": [-72.5615733210926, -38.72042798342502]}}, {"type": "Feature", "id": 818, "properties": {"REGION": "LA ARAUCANÍA", "COMUNA": "TEMUCO", "NOMBRE": "NACIONAL DE TURISMO INDIGENA", "PUEBLO": "MAPUCHE"}, "geometry": {"type": "Point", "coordinates": [-72.59709383465233, -38.73428395453179]}}, {"type": "Feature", "id": 819, "properties": {"REGION": "LA ARAUCANÍA", "COMUNA": "TEMUCO", "NOMBRE": "MUJERES PRODUCTORAS Y EMPRENDEDORAS FOLIL MAPU", "PUEBLO": "MAPUCHE"}, "geometry": {"type": "Point", "coordinates": [-72.58738008819562, -38.73840665628266]}}, {"type": "Feature", "id": 820, "properties": {"REGION": "LA ARAUCANÍA", "COMUNA": "TEMUCO", "NOMBRE": "KELLUZOMOWEN", "PUEBLO": "MAPUCHE"}, "geometry": {"type": "Point", "coordinates": [-72.58648785191308, -38.73410722779273]}}, {"type": "Feature", "id": 821, "properties": {"REGION": "LA ARAUCANÍA", "COMUNA": "TEMUCO", "NOMBRE": "RAYEN MAPU", "PUEBLO": "MAPUCHE"}, "geometry": {"type": "Point", "coordinates": [-72.63704666735671, -38.71643998448669]}}, {"type": "Feature", "id": 822, "properties": {"REGION": "LA ARAUCANÍA", "COMUNA": "TEMUCO", "NOMBRE": "ELTÜN TROMEN MALLIN", "PUEBLO": "MAPUCHE"}, "geometry": {"type": "Point", "coordinates": [-72.70647493711168, -38.71991954992419]}}, {"type": "Feature", "id": 823, "properties": {"REGION": "LA ARAUCANÍA", "COMUNA": "TEMUCO", "NOMBRE": "CONSEJO DE LONKO DEL WALLMAPU", "PUEBLO": "MAPUCHE"}, "geometry": {"type": "Point", "coordinates": [-72.588826622422, -38.74222674530719]}}, {"type": "Feature", "id": 824, "properties": {"REGION": "LA ARAUCANÍA", "COMUNA": "TEMUCO", "NOMBRE": "NEWEN CHE", "PUEBLO": "MAPUCHE"}, "geometry": {"type": "Point", "coordinates": [-72.74323567588658, -38.75912172121367]}}, {"type": "Feature", "id": 825, "properties": {"REGION": "LA ARAUCANÍA", "COMUNA": "TEMUCO", "NOMBRE": "ÑMINTUAIÑ TAIÑG FOLIL", "PUEBLO": "MAPUCHE"}, "geometry": {"type": "Point", "coordinates": [-72.65454605976153, -38.69018857591416]}}, {"type": "Feature", "id": 826, "properties": {"REGION": "LA ARAUCANÍA", "COMUNA": "TEMUCO", "NOMBRE": "NEWEN MAPU TUKUCAN", "PUEBLO": "MAPUCHE"}, "geometry": {"type": "Point", "coordinates": [-72.58449236590683, -38.73412671475177]}}, {"type": "Feature", "id": 827, "properties": {"REGION": "LA ARAUCANÍA", "COMUNA": "TEMUCO", "NOMBRE": "LEFTRARO", "PUEBLO": "MAPUCHE"}, "geometry": {"type": "Point", "coordinates": [-72.57956367812474, -38.73376650867755]}}, {"type": "Feature", "id": 828, "properties": {"REGION": "LA ARAUCANÍA", "COMUNA": "TEMUCO", "NOMBRE": "WE TRAWUN", "PUEBLO": "MAPUCHE"}, "geometry": {"type": "Point", "coordinates": [-72.58702717998953, -38.74761757053444]}}, {"type": "Feature", "id": 829, "properties": {"REGION": "LA ARAUCANÍA", "COMUNA": "TEMUCO", "NOMBRE": "WEUPITUN LAWEN MONGEN", "PUEBLO": "MAPUCHE"}, "geometry": {"type": "Point", "coordinates": [-72.58180942129748, -38.73536019997524]}}, {"type": "Feature", "id": 830, "properties": {"REGION": "LA ARAUCANÍA", "COMUNA": "TEMUCO", "NOMBRE": "URBANA LIWEN", "PUEBLO": "MAPUCHE"}, "geometry": {"type": "Point", "coordinates": [-72.6162613348782, -38.75614559158689]}}, {"type": "Feature", "id": 831, "properties": {"REGION": "LA ARAUCANÍA", "COMUNA": "TEMUCO", "NOMBRE": "PIWKE CHOYEM", "PUEBLO": "MAPUCHE"}, "geometry": {"type": "Point", "coordinates": [-72.60106242189431, -38.72603534689819]}}, {"type": "Feature", "id": 832, "properties": {"REGION": "LA ARAUCANÍA", "COMUNA": "TEMUCO", "NOMBRE": "PURAM PEYUM ZUGU", "PUEBLO": "MAPUCHE"}, "geometry": {"type": "Point", "coordinates": [-72.61192406881862, -38.73522527475764]}}, {"type": "Feature", "id": 833, "properties": {"REGION": "LA ARAUCANÍA", "COMUNA": "TEMUCO", "NOMBRE": "SUYAI", "PUEBLO": "MAPUCHE"}, "geometry": {"type": "Point", "coordinates": [-72.58847732062908, -38.74391389164162]}}, {"type": "Feature", "id": 834, "properties": {"REGION": "LA ARAUCANÍA", "COMUNA": "TEMUCO", "NOMBRE": "WUNELFE", "PUEBLO": "MAPUCHE"}, "geometry": {"type": "Point", "coordinates": [-72.65709282692269, -38.68872479033622]}}, {"type": "Feature", "id": 835, "properties": {"REGION": "LA ARAUCANÍA", "COMUNA": "TEMUCO", "NOMBRE": "EPU NEWEN", "PUEBLO": "MAPUCHE"}, "geometry": {"type": "Point", "coordinates": [-72.60663697311298, -38.72185570507993]}}, {"type": "Feature", "id": 836, "properties": {"REGION": "LA ARAUCANÍA", "COMUNA": "TEMUCO", "NOMBRE": "MULFEN LIWEN", "PUEBLO": "MAPUCHE"}, "geometry": {"type": "Point", "coordinates": [-72.58299611207393, -38.74670885539092]}}, {"type": "Feature", "id": 837, "properties": {"REGION": "LA ARAUCANÍA", "COMUNA": "TEMUCO", "NOMBRE": "CEMENTERIO COLLIMALLIN - ÑIENOCO KECHU LOF", "PUEBLO": "MAPUCHE"}, "geometry": {"type": "Point", "coordinates": [-72.69691635646711, -38.60818794279854]}}, {"type": "Feature", "id": 838, "properties": {"REGION": "LA ARAUCANÍA", "COMUNA": "TEMUCO", "NOMBRE": "PEWMA NEWEN", "PUEBLO": "MAPUCHE"}, "geometry": {"type": "Point", "coordinates": [-72.61491928809193, -38.74302587177243]}}, {"type": "Feature", "id": 839, "properties": {"REGION": "LA ARAUCANÍA", "COMUNA": "TEODORO SCHMIDT", "NOMBRE": "WITRUNKO", "PUEBLO": "MAPUCHE"}, "geometry": {"type": "Point", "coordinates": [-73.22288448516389, -38.99552673871815]}}, {"type": "Feature", "id": 840, "properties": {"REGION": "LA ARAUCANÍA", "COMUNA": "TEODORO SCHMIDT", "NOMBRE": "KECHU-LOF", "PUEBLO": "MAPUCHE"}, "geometry": {"type": "Point", "coordinates": [-72.96457938256776, -38.93435410448722]}}, {"type": "Feature", "id": 841, "properties": {"REGION": "LA ARAUCANÍA", "COMUNA": "TEODORO SCHMIDT", "NOMBRE": "MAPU LAFKEN", "PUEBLO": "MAPUCHE"}, "geometry": {"type": "Point", "coordinates": [-73.18026414111749, -39.09106217054374]}}, {"type": "Feature", "id": 842, "properties": {"REGION": "LA ARAUCANÍA", "COMUNA": "TEODORO SCHMIDT", "NOMBRE": "AMULEY", "PUEBLO": "MAPUCHE"}, "geometry": {"type": "Point", "coordinates": [-73.18026414111749, -39.09106217054374]}}, {"type": "Feature", "id": 843, "properties": {"REGION": "LA ARAUCANÍA", "COMUNA": "TEODORO SCHMIDT", "NOMBRE": "LONKO MAPU HUALPIN", "PUEBLO": "MAPUCHE"}, "geometry": {"type": "Point", "coordinates": [-73.18026414111749, -39.09106217054374]}}, {"type": "Feature", "id": 844, "properties": {"REGION": "LA ARAUCANÍA", "COMUNA": "TEODORO SCHMIDT", "NOMBRE": "HUALPINCHE", "PUEBLO": "MAPUCHE"}, "geometry": {"type": "Point", "coordinates": [-73.18026414111749, -39.09106217054374]}}, {"type": "Feature", "id": 845, "properties": {"REGION": "LA ARAUCANÍA", "COMUNA": "TEODORO SCHMIDT", "NOMBRE": "CONSEJO DE LONKOS ZONA COSTERA KOM KELLUKULEAIN", "PUEBLO": "MAPUCHE"}, "geometry": {"type": "Point", "coordinates": [-73.2758024, -39.0533287]}}, {"type": "Feature", "id": 846, "properties": {"REGION": "LA ARAUCANÍA", "COMUNA": "TEODORO SCHMIDT", "NOMBRE": "LAMIEN WUARRIA", "PUEBLO": "MAPUCHE"}, "geometry": {"type": "Point", "coordinates": [-72.91774, -38.985542]}}, {"type": "Feature", "id": 847, "properties": {"REGION": "LA ARAUCANÍA", "COMUNA": "TEODORO SCHMIDT", "NOMBRE": "ANTU MAPU", "PUEBLO": "MAPUCHE"}, "geometry": {"type": "Point", "coordinates": [-73.0901456898547, -38.99383007532754]}}, {"type": "Feature", "id": 848, "properties": {"REGION": "LA ARAUCANÍA", "COMUNA": "TEODORO SCHMIDT", "NOMBRE": "KIMELTUWVN", "PUEBLO": "MAPUCHE"}, "geometry": {"type": "Point", "coordinates": [-73.2797822, -38.99062417]}}, {"type": "Feature", "id": 849, "properties": {"REGION": "LA ARAUCANÍA", "COMUNA": "TEODORO SCHMIDT", "NOMBRE": "MARI EPU LOF ADI BUDI", "PUEBLO": "MAPUCHE"}, "geometry": {"type": "Point", "coordinates": [-73.26144155621515, -38.99613333671685]}}, {"type": "Feature", "id": 850, "properties": {"REGION": "LA ARAUCANÍA", "COMUNA": "TEODORO SCHMIDT", "NOMBRE": "MAPUCHE PIKUN MAPU TEODORO SCHMIDT", "PUEBLO": "MAPUCHE"}, "geometry": {"type": "Point", "coordinates": [-72.940193, -38.962506]}}, {"type": "Feature", "id": 851, "properties": {"REGION": "LA ARAUCANÍA", "COMUNA": "TOLTÉN", "NOMBRE": "ASOCIACION DE AGRICULTORES MAPUCHES - COYAM", "PUEBLO": "MAPUCHE"}, "geometry": {"type": "Point", "coordinates": [-73.084866, -39.04348]}}, {"type": "Feature", "id": 852, "properties": {"REGION": "LA ARAUCANÍA", "COMUNA": "TOLTÉN", "NOMBRE": "MESA TERRITORIAL LOF MAPU PUCOYAM", "PUEBLO": "MAPUCHE"}, "geometry": {"type": "Point", "coordinates": [-73.084866, -39.04348]}}, {"type": "Feature", "id": 853, "properties": {"REGION": "LA ARAUCANÍA", "COMUNA": "TOLTÉN", "NOMBRE": "FERIA COSTUMBRISTA LEUFU TRAIGUEN LOF MAPU POCOYAN", "PUEBLO": "MAPUCHE"}, "geometry": {"type": "Point", "coordinates": [-73.084866, -39.04348]}}, {"type": "Feature", "id": 854, "properties": {"REGION": "LA ARAUCANÍA", "COMUNA": "TOLTÉN", "NOMBRE": "AZ MAPU LOF POCOYAN", "PUEBLO": "MAPUCHE"}, "geometry": {"type": "Point", "coordinates": [-73.084866, -39.04348]}}, {"type": "Feature", "id": 855, "properties": {"REGION": "LA ARAUCANÍA", "COMUNA": "TOLTÉN", "NOMBRE": "PURALACO", "PUEBLO": "MAPUCHE"}, "geometry": {"type": "Point", "coordinates": [-73.1581354, -39.3023149]}}, {"type": "Feature", "id": 856, "properties": {"REGION": "LA ARAUCANÍA", "COMUNA": "TOLTÉN", "NOMBRE": "KOM PU CHE ÑI LOF", "PUEBLO": "MAPUCHE"}, "geometry": {"type": "Point", "coordinates": [-73.1581354, -39.3023149]}}, {"type": "Feature", "id": 857, "properties": {"REGION": "LA ARAUCANÍA", "COMUNA": "TOLTÉN", "NOMBRE": "LEUFU - LAFQUEN", "PUEBLO": "MAPUCHE"}, "geometry": {"type": "Point", "coordinates": [-73.16601769644899, -39.17916477514348]}}, {"type": "Feature", "id": 858, "properties": {"REGION": "LA ARAUCANÍA", "COMUNA": "TOLTÉN", "NOMBRE": "ASOC. CUYIMCHE", "PUEBLO": "MAPUCHE"}, "geometry": {"type": "Point", "coordinates": [-73.201271, -39.386209]}}, {"type": "Feature", "id": 859, "properties": {"REGION": "LA ARAUCANÍA", "COMUNA": "TOLTÉN", "NOMBRE": "TRIWE- KO", "PUEBLO": "MAPUCHE"}, "geometry": {"type": "Point", "coordinates": [-73.201271, -39.386209]}}, {"type": "Feature", "id": 860, "properties": {"REGION": "LA ARAUCANÍA", "COMUNA": "TOLTÉN", "NOMBRE": "LAFKENCHE", "PUEBLO": "MAPUCHE"}, "geometry": {"type": "Point", "coordinates": [-73.210675, -39.399571]}}, {"type": "Feature", "id": 861, "properties": {"REGION": "LA ARAUCANÍA", "COMUNA": "TOLTÉN", "NOMBRE": "WINCUL LAFQUEN ÑI PU NEWEN", "PUEBLO": "MAPUCHE"}, "geometry": {"type": "Point", "coordinates": [-73.19106392230628, -39.31353235142245]}}, {"type": "Feature", "id": 862, "properties": {"REGION": "LA ARAUCANÍA", "COMUNA": "TOLTÉN", "NOMBRE": "LAFQUEN MAPU", "PUEBLO": "MAPUCHE"}, "geometry": {"type": "Point", "coordinates": [-73.20831196414103, -39.39773453963573]}}, {"type": "Feature", "id": 863, "properties": {"REGION": "LA ARAUCANÍA", "COMUNA": "TOLTÉN", "NOMBRE": "LOS SIN TIERRA", "PUEBLO": "MAPUCHE"}, "geometry": {"type": "Point", "coordinates": [-73.09728351845595, -39.15609467322448]}}, {"type": "Feature", "id": 864, "properties": {"REGION": "LA ARAUCANÍA", "COMUNA": "TOLTÉN", "NOMBRE": "LOF REWE CAYULFE", "PUEBLO": "MAPUCHE"}, "geometry": {"type": "Point", "coordinates": [-73.18751635192459, -39.32715717771732]}}, {"type": "Feature", "id": 865, "properties": {"REGION": "LA ARAUCANÍA", "COMUNA": "TOLTÉN", "NOMBRE": "FRANCISCO MILLAHUAL TRECAN DEL SECTOR QUEULE", "PUEBLO": "MAPUCHE"}, "geometry": {"type": "Point", "coordinates": [-73.20971120785819, -39.39760098117068]}}, {"type": "Feature", "id": 866, "properties": {"REGION": "LA ARAUCANÍA", "COMUNA": "VILCÚN", "NOMBRE": "TRAGUN MAPU - DE QUINTRILPE", "PUEBLO": "MAPUCHE"}, "geometry": {"type": "Point", "coordinates": [-72.3444973, -38.6451595]}}, {"type": "Feature", "id": 867, "properties": {"REGION": "LA ARAUCANÍA", "COMUNA": "VILCÚN", "NOMBRE": "ASOCIACION INDIGENA RAYEN NATRE", "PUEBLO": "MAPUCHE"}, "geometry": {"type": "Point", "coordinates": [-72.4475158, -38.6977084]}}, {"type": "Feature", "id": 868, "properties": {"REGION": "LA ARAUCANÍA", "COMUNA": "VILCÚN", "NOMBRE": "DOMOCHE", "PUEBLO": "MAPUCHE"}, "geometry": {"type": "Point", "coordinates": [-72.26571228707823, -38.59598277008676]}}, {"type": "Feature", "id": 869, "properties": {"REGION": "LA ARAUCANÍA", "COMUNA": "VILCÚN", "NOMBRE": "AMULEY NEHUEN", "PUEBLO": "MAPUCHE"}, "geometry": {"type": "Point", "coordinates": [-72.478298, -38.681555]}}, {"type": "Feature", "id": 870, "properties": {"REGION": "LA ARAUCANÍA", "COMUNA": "VILCÚN", "NOMBRE": "LONLOGCO", "PUEBLO": "MAPUCHE"}, "geometry": {"type": "Point", "coordinates": [-72.23975424636171, -38.56816194889875]}}, {"type": "Feature", "id": 871, "properties": {"REGION": "LA ARAUCANÍA", "COMUNA": "VILCÚN", "NOMBRE": "KECHU NEWEN", "PUEBLO": "MAPUCHE"}, "geometry": {"type": "Point", "coordinates": [-72.226772, -38.671966]}}, {"type": "Feature", "id": 872, "properties": {"REGION": "LA ARAUCANÍA", "COMUNA": "VILCUN", "NOMBRE": "PEWENH DE CHERQUENCO", "PUEBLO": "MAPUCHE"}, "geometry": {"type": "Point", "coordinates": [-72.00147557026403, -38.68137529929547]}}, {"type": "Feature", "id": 873, "properties": {"REGION": "LA ARAUCANÍA", "COMUNA": "VILCÚN", "NOMBRE": "TAÑI MAPU", "PUEBLO": "MAPUCHE"}, "geometry": {"type": "Point", "coordinates": [-72.2687534, -38.5770287]}}, {"type": "Feature", "id": 874, "properties": {"REGION": "LA ARAUCANÍA", "COMUNA": "VILLARRICA", "NOMBRE": "VEGAS DE LESSIO", "PUEBLO": "MAPUCHE"}, "geometry": {"type": "Point", "coordinates": [-72.37558443024155, -39.35326793797913]}}, {"type": "Feature", "id": 875, "properties": {"REGION": "LA ARAUCANÍA", "COMUNA": "VILLARRICA", "NOMBRE": "MALLOCO CAMINO LONCOCHE", "PUEBLO": "MAPUCHE"}, "geometry": {"type": "Point", "coordinates": [-72.3301129, -39.258433]}}, {"type": "Feature", "id": 876, "properties": {"REGION": "LA ARAUCANÍA", "COMUNA": "VILLARRICA", "NOMBRE": "ASOCIACION COMUNAL MAPUCHE POYENHUE", "PUEBLO": "MAPUCHE"}, "geometry": {"type": "Point", "coordinates": [-72.22639908929088, -39.2835626765341]}}, {"type": "Feature", "id": 877, "properties": {"REGION": "LA ARAUCANÍA", "COMUNA": "VILLARRICA", "NOMBRE": "ASOCIACION INDIGENA DE MUJERES MAPUCHE WANLEN", "PUEBLO": "MAPUCHE"}, "geometry": {"type": "Point", "coordinates": [-72.22639908929088, -39.2835626765341]}}, {"type": "Feature", "id": 878, "properties": {"REGION": "LA ARAUCANÍA", "COMUNA": "VILLARRICA", "NOMBRE": "ASOCIACION INDIGENA\"NEHUEN MAPU SECTOR CONQUIL", "PUEBLO": "MAPUCHE"}, "geometry": {"type": "Point", "coordinates": [-72.1481477, -39.3433464]}}, {"type": "Feature", "id": 879, "properties": {"REGION": "LA ARAUCANÍA", "COMUNA": "VILLARRICA", "NOMBRE": "VICENTE LINCAÑIR DE CATRICO BAJO", "PUEBLO": "MAPUCHE"}, "geometry": {"type": "Point", "coordinates": [-72.339869, -39.130062]}}, {"type": "Feature", "id": 880, "properties": {"REGION": "LA ARAUCANÍA", "COMUNA": "VILLARRICA", "NOMBRE": "CHOLLIN MAPU DALCACO", "PUEBLO": "MAPUCHE"}, "geometry": {"type": "Point", "coordinates": [-72.2150059, -39.353993]}}, {"type": "Feature", "id": 881, "properties": {"REGION": "LA ARAUCANÍA", "COMUNA": "VILLARRICA", "NOMBRE": "JUAN LINCUANTE", "PUEBLO": "MAPUCHE"}, "geometry": {"type": "Point", "coordinates": [-72.2813504, -39.4852603]}}, {"type": "Feature", "id": 882, "properties": {"REGION": "LA ARAUCANÍA", "COMUNA": "VILLARRICA", "NOMBRE": "PICHI POYENHUE", "PUEBLO": "MAPUCHE"}, "geometry": {"type": "Point", "coordinates": [-72.2813504, -39.4852603]}}, {"type": "Feature", "id": 883, "properties": {"REGION": "LA ARAUCANÍA", "COMUNA": "VILLARRICA", "NOMBRE": "CULTURAL MAPUCHE CHOYÜN MAPU", "PUEBLO": "MAPUCHE"}, "geometry": {"type": "Point", "coordinates": [-72.2813504, -39.4852603]}}, {"type": "Feature", "id": 884, "properties": {"REGION": "LA ARAUCANÍA", "COMUNA": "VILLARRICA", "NOMBRE": "COMUNIDAD INDIGENA MANUEL LEFIÑIR", "PUEBLO": "MAPUCHE"}, "geometry": {"type": "Point", "coordinates": [-72.23442918081768, -39.42808670061582]}}, {"type": "Feature", "id": 885, "properties": {"REGION": "LA ARAUCANÍA", "COMUNA": "VILLARRICA", "NOMBRE": "MAPUCHE QUILACO", "PUEBLO": "MAPUCHE"}, "geometry": {"type": "Point", "coordinates": [-72.23049138049792, -39.4808776253733]}}, {"type": "Feature", "id": 886, "properties": {"REGION": "LA ARAUCANÍA", "COMUNA": "VILLARRICA", "NOMBRE": "LICAN RAY", "PUEBLO": "MAPUCHE"}, "geometry": {"type": "Point", "coordinates": [-72.15497662278922, -39.48935552372692]}}, {"type": "Feature", "id": 887, "properties": {"REGION": "LA ARAUCANÍA", "COMUNA": "VILLARRICA", "NOMBRE": "ARTESANOS MAPUCHES HUE NEHUEN", "PUEBLO": "MAPUCHE"}, "geometry": {"type": "Point", "coordinates": [-72.15497662278922, -39.48935552372692]}}, {"type": "Feature", "id": 888, "properties": {"REGION": "LA ARAUCANÍA", "COMUNA": "VILLARRICA", "NOMBRE": "KAYUMAPU", "PUEBLO": "MAPUCHE"}, "geometry": {"type": "Point", "coordinates": [-72.221251, -39.40629]}}, {"type": "Feature", "id": 889, "properties": {"REGION": "LA ARAUCANÍA", "COMUNA": "VILLARRICA", "NOMBRE": "RAYEN LAFQUEN", "PUEBLO": "MAPUCHE"}, "geometry": {"type": "Point", "coordinates": [-72.30597817232527, -39.08316730542067]}}, {"type": "Feature", "id": 890, "properties": {"REGION": "LA ARAUCANÍA", "COMUNA": "VILLARRICA", "NOMBRE": "ASOCIACION INDIGENA DE EMPRENDEDORES MAPUCHE KALLFUTUWE", "PUEBLO": "MAPUCHE"}, "geometry": {"type": "Point", "coordinates": [-72.2071219, -39.3643367]}}, {"type": "Feature", "id": 891, "properties": {"REGION": "LA ARAUCANÍA", "COMUNA": "VILLARRICA", "NOMBRE": "CONSEJO TERRITORIAL MAPUCHE MALLOLAFKEN", "PUEBLO": "MAPUCHE"}, "geometry": {"type": "Point", "coordinates": [-72.22476748654636, -39.28781055022848]}}, {"type": "Feature", "id": 892, "properties": {"REGION": "LA ARAUCANÍA", "COMUNA": "VILLARRICA", "NOMBRE": "PRODUCTORES Y EMPRENDEDORES WENTECHE MAPU", "PUEBLO": "MAPUCHE"}, "geometry": {"type": "Point", "coordinates": [-72.24093868416621, -39.29493171239919]}}, {"type": "Feature", "id": 893, "properties": {"REGION": "LA ARAUCANÍA", "COMUNA": "VILLARRICA", "NOMBRE": "KUYENRAY", "PUEBLO": "MAPUCHE"}, "geometry": {"type": "Point", "coordinates": [-72.23067785827547, -39.27821673021893]}}, {"type": "Feature", "id": 894, "properties": {"REGION": "LA ARAUCANÍA", "COMUNA": "VILLARRICA", "NOMBRE": "NEHUEN MAPU DE ÑANCUL", "PUEBLO": "MAPUCHE"}, "geometry": {"type": "Point", "coordinates": [-72.3090847819989, -39.28170961955189]}}, {"type": "Feature", "id": 895, "properties": {"REGION": "LA ARAUCANÍA", "COMUNA": "VILLARRICA", "NOMBRE": "WERKEN MAPU", "PUEBLO": "MAPUCHE"}, "geometry": {"type": "Point", "coordinates": [-72.23222970611053, -39.27802769288957]}}, {"type": "Feature", "id": 896, "properties": {"REGION": "LA ARAUCANÍA", "COMUNA": "VILLARRICA", "NOMBRE": "MALLOWE", "PUEBLO": "MAPUCHE"}, "geometry": {"type": "Point", "coordinates": [-72.22253063296328, -39.29661901852894]}}, {"type": "Feature", "id": 897, "properties": {"REGION": "LA ARAUCANÍA", "COMUNA": "VILLARRICA", "NOMBRE": "URBANA MALLOWE", "PUEBLO": "MAPUCHE"}, "geometry": {"type": "Point", "coordinates": [-72.22253063296328, -39.29661901852894]}}, {"type": "Feature", "id": 898, "properties": {"REGION": "LA ARAUCANÍA", "COMUNA": "VILLARRICA", "NOMBRE": "CARIMAN CAURAPAN", "PUEBLO": "MAPUCHE"}, "geometry": {"type": "Point", "coordinates": [-72.22603570074658, -39.29274231684971]}}, {"type": "Feature", "id": 899, "properties": {"REGION": "LA ARAUCANÍA", "COMUNA": "VILLARRICA", "NOMBRE": "CEMENTERIO CHAURA", "PUEBLO": "MAPUCHE"}, "geometry": {"type": "Point", "coordinates": [-72.22593988671954, -39.28357547048317]}}, {"type": "Feature", "id": 900, "properties": {"REGION": "LA ARAUCANÍA", "COMUNA": "VILLARRICA", "NOMBRE": "NEWENTUAYIÑ TAYIÑ FOLIL", "PUEBLO": "MAPUCHE"}, "geometry": {"type": "Point", "coordinates": [-72.22593988671954, -39.28357547048317]}}, {"type": "Feature", "id": 901, "properties": {"REGION": "LA ARAUCANÍA", "COMUNA": "VILLARRICA", "NOMBRE": "AGRUPACION DE ARTESANOS MAPUCHE URBANO WILLIMAPU", "PUEBLO": "MAPUCHE"}, "geometry": {"type": "Point", "coordinates": [-72.23345158547203, -39.27851509696251]}}, {"type": "Feature", "id": 902, "properties": {"REGION": "LA ARAUCANÍA", "COMUNA": "VILLARRICA", "NOMBRE": "MAPU LACUSTRE", "PUEBLO": "MAPUCHE"}, "geometry": {"type": "Point", "coordinates": [-72.22324135815671, -39.28768587237343]}}, {"type": "Feature", "id": 903, "properties": {"REGION": "LA ARAUCANÍA", "COMUNA": "VILLARRICA", "NOMBRE": "ANTÛ PETU TRIPAPAY", "PUEBLO": "MAPUCHE"}, "geometry": {"type": "Point", "coordinates": [-72.22523810139315, -39.30288687343161]}}, {"type": "Feature", "id": 904, "properties": {"REGION": "LA ARAUCANÍA", "COMUNA": "VILLARRICA", "NOMBRE": "PEUMAYEN", "PUEBLO": "MAPUCHE"}, "geometry": {"type": "Point", "coordinates": [-72.23775517755529, -39.29517882977968]}}, {"type": "Feature", "id": 905, "properties": {"REGION": "LA ARAUCANÍA", "COMUNA": "VILLARRICA", "NOMBRE": "WETRICONÜN", "PUEBLO": "MAPUCHE"}, "geometry": {"type": "Point", "coordinates": [-72.28594406595674, -39.22360540635255]}}, {"type": "Feature", "id": 906, "properties": {"REGION": "LA ARAUCANÍA", "COMUNA": "VILLARRICA", "NOMBRE": "NEWEN ZOMO", "PUEBLO": "MAPUCHE"}, "geometry": {"type": "Point", "coordinates": [-72.22308270331982, -39.29704868983883]}}, {"type": "Feature", "id": 907, "properties": {"REGION": "LA ARAUCANÍA", "COMUNA": "VILLARRICA", "NOMBRE": "MANUEL HUINCACHE JARA", "PUEBLO": "MAPUCHE"}, "geometry": {"type": "Point", "coordinates": [-72.23604502879765, -39.27779085750535]}}, {"type": "Feature", "id": 908, "properties": {"REGION": "LA ARAUCANÍA", "COMUNA": "VILLARRICA", "NOMBRE": "RÜTRAFE Y ARTESANAS MAPUCHES DEL MALLOLAFQUEN", "PUEBLO": "MAPUCHE"}, "geometry": {"type": "Point", "coordinates": [-72.20858852069678, -39.30855188764521]}}, {"type": "Feature", "id": 909, "properties": {"REGION": "LA ARAUCANÍA", "COMUNA": "VILLARRICA", "NOMBRE": "SUYAI", "PUEBLO": "MAPUCHE"}, "geometry": {"type": "Point", "coordinates": [-72.22458323815032, -39.28309712220351]}}, {"type": "Feature", "id": 910, "properties": {"REGION": "LA ARAUCANÍA", "COMUNA": "VILLARRICA", "NOMBRE": "NEHUEN CHE MAPU MARIA CARIMAN VIUDA DE TRAIMAQUEO", "PUEBLO": "MAPUCHE"}, "geometry": {"type": "Point", "coordinates": [-72.2047803, -39.442139]}}, {"type": "Feature", "id": 911, "properties": {"REGION": "LA ARAUCANÍA", "COMUNA": "VILLARRICA", "NOMBRE": "TERRITORIAL WUALLONTÜ WINKULL", "PUEBLO": "MAPUCHE"}, "geometry": {"type": "Point", "coordinates": [-72.235392, -39.4602783]}}, {"type": "Feature", "id": 912, "properties": {"REGION": "LA ARAUCANÍA", "COMUNA": "ANGOL", "NOMBRE": "WETRE PEUN", "PUEBLO": "MAPUCHE"}, "geometry": {"type": "Point", "coordinates": [-72.71175752126426, -37.8009419497999]}}, {"type": "Feature", "id": 913, "properties": {"REGION": "LA ARAUCANÍA", "COMUNA": "ANGOL", "NOMBRE": "KIÑEWUN PU MAPUCHE", "PUEBLO": "MAPUCHE"}, "geometry": {"type": "Point", "coordinates": [-72.71189188692948, -37.79825639461065]}}, {"type": "Feature", "id": 914, "properties": {"REGION": "LA ARAUCANÍA", "COMUNA": "ANGOL", "NOMBRE": "URBANA KUYME NEWEN MAWIZA", "PUEBLO": "MAPUCHE"}, "geometry": {"type": "Point", "coordinates": [-72.70341896087832, -37.78883087179141]}}, {"type": "Feature", "id": 915, "properties": {"REGION": "LA ARAUCANÍA", "COMUNA": "ANGOL", "NOMBRE": "LAS ARAUCARIAS", "PUEBLO": "MAPUCHE"}, "geometry": {"type": "Point", "coordinates": [-72.68865099072413, -37.81693797005263]}}, {"type": "Feature", "id": 916, "properties": {"REGION": "LA ARAUCANÍA", "COMUNA": "ANGOL", "NOMBRE": "NEWEN ANTÜ", "PUEBLO": "MAPUCHE"}, "geometry": {"type": "Point", "coordinates": [-72.68927598217252, -37.78695350223438]}}, {"type": "Feature", "id": 917, "properties": {"REGION": "LA ARAUCANÍA", "COMUNA": "ANGOL", "NOMBRE": "WETREPEN - ANGOL", "PUEBLO": "MAPUCHE"}, "geometry": {"type": "Point", "coordinates": [-72.7020889821731, -37.80135665386223]}}, {"type": "Feature", "id": 918, "properties": {"REGION": "LA ARAUCANÍA", "COMUNA": "COLLIPULLI", "NOMBRE": "PEQUEÑOS AGRICULTORES - RAUCO", "PUEBLO": "MAPUCHE"}, "geometry": {"type": "Point", "coordinates": [-72.23753947956318, -37.90592161314652]}}, {"type": "Feature", "id": 919, "properties": {"REGION": "LA ARAUCANÍA", "COMUNA": "COLLIPULLI", "NOMBRE": "ASOCIACION INDIGENA DE PEQUEÑOS AGRICULTORES", "PUEBLO": "MAPUCHE"}, "geometry": {"type": "Point", "coordinates": [-72.23753947956318, -37.90592161314652]}}, {"type": "Feature", "id": 920, "properties": {"REGION": "LA ARAUCANÍA", "COMUNA": "COLLIPULLI", "NOMBRE": "ASOCIACION COMUNA MAPUCHE DE COLLIPULLI", "PUEBLO": "MAPUCHE"}, "geometry": {"type": "Point", "coordinates": [-72.43768555025818, -37.95574703287461]}}, {"type": "Feature", "id": 921, "properties": {"REGION": "LA ARAUCANÍA", "COMUNA": "COLLIPULLI", "NOMBRE": "MAPUCHE URBANO", "PUEBLO": "MAPUCHE"}, "geometry": {"type": "Point", "coordinates": [-72.43768555025818, -37.95574703287461]}}, {"type": "Feature", "id": 922, "properties": {"REGION": "LA ARAUCANÍA", "COMUNA": "COLLIPULLI", "NOMBRE": "ASOCIACION INDIGENA DE PEQUEÑOS AGRICULTORES LINCO ORIENTE", "PUEBLO": "MAPUCHE"}, "geometry": {"type": "Point", "coordinates": [-72.3621028, -37.8731738]}}, {"type": "Feature", "id": 923, "properties": {"REGION": "LA ARAUCANÍA", "COMUNA": "COLLIPULLI", "NOMBRE": "ASOCIACION INDIGENA DE PEQUEÑOS AGRICULTORES \"SANTA LUISA\"", "PUEBLO": "MAPUCHE"}, "geometry": {"type": "Point", "coordinates": [-72.43859281, -37.81875652]}}, {"type": "Feature", "id": 924, "properties": {"REGION": "LA ARAUCANÍA", "COMUNA": "COLLIPULLI", "NOMBRE": "LONCOMAHUIDA", "PUEBLO": "MAPUCHE"}, "geometry": {"type": "Point", "coordinates": [-72.4903697, -37.9678971]}}, {"type": "Feature", "id": 925, "properties": {"REGION": "LA ARAUCANÍA", "COMUNA": "COLLIPULLI", "NOMBRE": "PEQUEÑOS AGRICULTORES", "PUEBLO": "MAPUCHE"}, "geometry": {"type": "Point", "coordinates": [-72.25314192855919, -37.89449083062227]}}, {"type": "Feature", "id": 926, "properties": {"REGION": "LA ARAUCANÍA", "COMUNA": "COLLIPULLI", "NOMBRE": "PEQUEÑOS AGRICULTORES MAICA CENTRAL", "PUEBLO": "MAPUCHE"}, "geometry": {"type": "Point", "coordinates": [-72.25314192855919, -37.89449083062227]}}, {"type": "Feature", "id": 927, "properties": {"REGION": "LA ARAUCANÍA", "COMUNA": "COLLIPULLI", "NOMBRE": "WE NEHUEN", "PUEBLO": "MAPUCHE"}, "geometry": {"type": "Point", "coordinates": [-72.25314192855919, -37.89449083062227]}}, {"type": "Feature", "id": 928, "properties": {"REGION": "LA ARAUCANÍA", "COMUNA": "COLLIPULLI", "NOMBRE": "PEQUEÑOS AGRICULTORES MAICA EL CIPRÉS", "PUEBLO": "MAPUCHE"}, "geometry": {"type": "Point", "coordinates": [-72.25314192855919, -37.89449083062227]}}, {"type": "Feature", "id": 929, "properties": {"REGION": "LA ARAUCANÍA", "COMUNA": "COLLIPULLI", "NOMBRE": "ASOC. IND. DE P. AGR FCO LEVIPAN", "PUEBLO": "MAPUCHE"}, "geometry": {"type": "Point", "coordinates": [-72.25314192855919, -37.89449083062227]}}, {"type": "Feature", "id": 930, "properties": {"REGION": "LA ARAUCANÍA", "COMUNA": "COLLIPULLI", "NOMBRE": "WENN MAPU ( URBANA )", "PUEBLO": "MAPUCHE"}, "geometry": {"type": "Point", "coordinates": [-72.4720627938644, -37.7942792156928]}}, {"type": "Feature", "id": 931, "properties": {"REGION": "LA ARAUCANÍA", "COMUNA": "COLLIPULLI", "NOMBRE": "ASOCIACIÓN REGIONAL MAPUCHE FOLILKO", "PUEBLO": "MAPUCHE"}, "geometry": {"type": "Point", "coordinates": [-72.436359, -37.965592]}}, {"type": "Feature", "id": 932, "properties": {"REGION": "LA ARAUCANÍA", "COMUNA": "COLLIPULLI", "NOMBRE": "URBANA NEHUEN MAPU", "PUEBLO": "MAPUCHE"}, "geometry": {"type": "Point", "coordinates": [-72.4193782759121, -37.95412440827187]}}, {"type": "Feature", "id": 933, "properties": {"REGION": "LA ARAUCANÍA", "COMUNA": "COLLIPULLI", "NOMBRE": "WARRIA KOMPUCHE", "PUEBLO": "MAPUCHE"}, "geometry": {"type": "Point", "coordinates": [-72.43762368356839, -37.94975272925166]}}, {"type": "Feature", "id": 934, "properties": {"REGION": "LA ARAUCANÍA", "COMUNA": "COLLIPULLI", "NOMBRE": "MOWEN REHUE", "PUEBLO": "MAPUCHE"}, "geometry": {"type": "Point", "coordinates": [-72.42179047699294, -37.9521789427485]}}, {"type": "Feature", "id": 935, "properties": {"REGION": "LA ARAUCANÍA", "COMUNA": "COLLIPULLI", "NOMBRE": "RAYENCO", "PUEBLO": "MAPUCHE"}, "geometry": {"type": "Point", "coordinates": [-72.42195010453364, -37.95560687490784]}}, {"type": "Feature", "id": 936, "properties": {"REGION": "LA ARAUCANÍA", "COMUNA": "COLLIPULLI", "NOMBRE": "NGÜRENDUGÜN", "PUEBLO": "MAPUCHE"}, "geometry": {"type": "Point", "coordinates": [-72.45733129675084, -37.78624233235354]}}, {"type": "Feature", "id": 937, "properties": {"REGION": "LA ARAUCANÍA", "COMUNA": "CURACAUTÍN", "NOMBRE": "DE PRODUCTORES SILVOAGROPECUARIOS TRAUNWUNCHE RAQUIDUAM", "PUEBLO": "MAPUCHE"}, "geometry": {"type": "Point", "coordinates": [-71.84416662, -38.48340535]}}, {"type": "Feature", "id": 938, "properties": {"REGION": "LA ARAUCANÍA", "COMUNA": "CURACAUTÍN", "NOMBRE": "NEHUENCHE DE CURACAUTIN", "PUEBLO": "MAPUCHE"}, "geometry": {"type": "Point", "coordinates": [-71.88803559722332, -38.43797593824981]}}, {"type": "Feature", "id": 939, "properties": {"REGION": "LA ARAUCANÍA", "COMUNA": "CURACAUTÍN", "NOMBRE": "MARTA FERNANDEZ", "PUEBLO": "MAPUCHE"}, "geometry": {"type": "Point", "coordinates": [-71.87322376599447, -38.43742227359839]}}, {"type": "Feature", "id": 940, "properties": {"REGION": "LA ARAUCANÍA", "COMUNA": "CURACAUTÍN", "NOMBRE": "WE - LIWEN", "PUEBLO": "MAPUCHE"}, "geometry": {"type": "Point", "coordinates": [-71.904667, -38.432606]}}, {"type": "Feature", "id": 941, "properties": {"REGION": "LA ARAUCANÍA", "COMUNA": "ERCILLA", "NOMBRE": "ASOCIACION COMUNAL MAPUCHES DE ERCILLA", "PUEBLO": "MAPUCHE"}, "geometry": {"type": "Point", "coordinates": [-72.37419309221113, -38.06157477573664]}}, {"type": "Feature", "id": 942, "properties": {"REGION": "LA ARAUCANÍA", "COMUNA": "ERCILLA", "NOMBRE": "NEWEN TAIN PU DOMOCHE RURAL", "PUEBLO": "MAPUCHE"}, "geometry": {"type": "Point", "coordinates": [-72.37419309221113, -38.06157477573664]}}, {"type": "Feature", "id": 943, "properties": {"REGION": "LA ARAUCANÍA", "COMUNA": "ERCILLA", "NOMBRE": "NAHUELTRIPAY", "PUEBLO": "MAPUCHE"}, "geometry": {"type": "Point", "coordinates": [-72.4644066480613, -38.0382069739805]}}, {"type": "Feature", "id": 944, "properties": {"REGION": "LA ARAUCANÍA", "COMUNA": "ERCILLA", "NOMBRE": "GUILLATUWE", "PUEBLO": "MAPUCHE"}, "geometry": {"type": "Point", "coordinates": [-72.4644066480613, -38.0382069739805]}}, {"type": "Feature", "id": 945, "properties": {"REGION": "LA ARAUCANÍA", "COMUNA": "ERCILLA", "NOMBRE": "NEWEN MAPU JOSE MILLACHEO", "PUEBLO": "MAPUCHE"}, "geometry": {"type": "Point", "coordinates": [-72.4644066480613, -38.0382069739805]}}, {"type": "Feature", "id": 946, "properties": {"REGION": "LA ARAUCANÍA", "COMUNA": "ERCILLA", "NOMBRE": "ADOLFO PICHILEN", "PUEBLO": "MAPUCHE"}, "geometry": {"type": "Point", "coordinates": [-72.2722993, -38.0857422]}}, {"type": "Feature", "id": 947, "properties": {"REGION": "LA ARAUCANÍA", "COMUNA": "ERCILLA", "NOMBRE": "ILBAUNCO", "PUEBLO": "MAPUCHE"}, "geometry": {"type": "Point", "coordinates": [-72.4341604, -38.0934298]}}, {"type": "Feature", "id": 948, "properties": {"REGION": "LA ARAUCANÍA", "COMUNA": "ERCILLA", "NOMBRE": "ASOC. NEWEN MAPU", "PUEBLO": "MAPUCHE"}, "geometry": {"type": "Point", "coordinates": [-72.4729403, -38.0509314]}}, {"type": "Feature", "id": 949, "properties": {"REGION": "LA ARAUCANÍA", "COMUNA": "ERCILLA", "NOMBRE": "MONGETUN", "PUEBLO": "MAPUCHE"}, "geometry": {"type": "Point", "coordinates": [-72.3783617515333, -38.06548470207623]}}, {"type": "Feature", "id": 950, "properties": {"REGION": "LA ARAUCANÍA", "COMUNA": "LONQUIMAY", "NOMBRE": "QUILMAHUE", "PUEBLO": "MAPUCHE"}, "geometry": {"type": "Point", "coordinates": [-71.2562631, -38.5354971]}}, {"type": "Feature", "id": 951, "properties": {"REGION": "LA ARAUCANÍA", "COMUNA": "LONQUIMAY", "NOMBRE": "KECHU NEHUEN", "PUEBLO": "MAPUCHE"}, "geometry": {"type": "Point", "coordinates": [-71.2562631, -38.5354971]}}, {"type": "Feature", "id": 952, "properties": {"REGION": "LA ARAUCANÍA", "COMUNA": "LONQUIMAY", "NOMBRE": "KELLUWUN", "PUEBLO": "MAPUCHE"}, "geometry": {"type": "Point", "coordinates": [-71.2562631, -38.5354971]}}, {"type": "Feature", "id": 953, "properties": {"REGION": "LA ARAUCANÍA", "COMUNA": "LONQUIMAY", "NOMBRE": "LONGKLEY MAY", "PUEBLO": "MAPUCHE"}, "geometry": {"type": "Point", "coordinates": [-71.366521, -38.43464]}}, {"type": "Feature", "id": 954, "properties": {"REGION": "LA ARAUCANÍA", "COMUNA": "LONQUIMAY", "NOMBRE": "LOF BERNARDO ÑANCO", "PUEBLO": "MAPUCHE"}, "geometry": {"type": "Point", "coordinates": [-71.366521, -38.43464]}}, {"type": "Feature", "id": 955, "properties": {"REGION": "LA ARAUCANÍA", "COMUNA": "LONQUIMAY", "NOMBRE": "MUJERES PEHUENCHE DE ICALMA", "PUEBLO": "MAPUCHE"}, "geometry": {"type": "Point", "coordinates": [-71.281625, -38.813847]}}, {"type": "Feature", "id": 956, "properties": {"REGION": "LA ARAUCANÍA", "COMUNA": "LONQUIMAY", "NOMBRE": "ASOCIACION INDIGENA MAPUCHE PEHUENCHE DE IKALMA,MARKAN KURA.", "PUEBLO": "MAPUCHE"}, "geometry": {"type": "Point", "coordinates": [-71.281625, -38.813847]}}, {"type": "Feature", "id": 957, "properties": {"REGION": "LA ARAUCANÍA", "COMUNA": "LONQUIMAY", "NOMBRE": "DE TURISMO DE ICALMA", "PUEBLO": "MAPUCHE"}, "geometry": {"type": "Point", "coordinates": [-71.281625, -38.813847]}}, {"type": "Feature", "id": 958, "properties": {"REGION": "LA ARAUCANÍA", "COMUNA": "LONQUIMAY", "NOMBRE": "LOF MAPU RIKALMA", "PUEBLO": "MAPUCHE"}, "geometry": {"type": "Point", "coordinates": [-71.281625, -38.813847]}}, {"type": "Feature", "id": 959, "properties": {"REGION": "LA ARAUCANÍA", "COMUNA": "LONQUIMAY", "NOMBRE": "WED AD KINTUN", "PUEBLO": "MAPUCHE"}, "geometry": {"type": "Point", "coordinates": [-71.36902836159993, -38.45108048795982]}}, {"type": "Feature", "id": 960, "properties": {"REGION": "LA ARAUCANÍA", "COMUNA": "LONQUIMAY", "NOMBRE": "TRAWUN LONKO LONQUIMAY", "PUEBLO": "MAPUCHE"}, "geometry": {"type": "Point", "coordinates": [-71.37071478907339, -38.45633095670868]}}, {"type": "Feature", "id": 961, "properties": {"REGION": "LA ARAUCANÍA", "COMUNA": "LONQUIMAY", "NOMBRE": "KÜÑE KÜPAN", "PUEBLO": "MAPUCHE"}, "geometry": {"type": "Point", "coordinates": [-71.37071478907339, -38.45633095670868]}}, {"type": "Feature", "id": 962, "properties": {"REGION": "LA ARAUCANÍA", "COMUNA": "LONQUIMAY", "NOMBRE": "ASOCIACION INDIGENA PEHUENCHE DOMO", "PUEBLO": "MAPUCHE"}, "geometry": {"type": "Point", "coordinates": [-71.1380043, -38.727966]}}, {"type": "Feature", "id": 963, "properties": {"REGION": "LA ARAUCANÍA", "COMUNA": "LONQUIMAY", "NOMBRE": "NEWEN MAPU", "PUEBLO": "MAPUCHE"}, "geometry": {"type": "Point", "coordinates": [-71.1380043, -38.727966]}}, {"type": "Feature", "id": 964, "properties": {"REGION": "LA ARAUCANÍA", "COMUNA": "LONQUIMAY", "NOMBRE": "EPU ALIWEN", "PUEBLO": "MAPUCHE"}, "geometry": {"type": "Point", "coordinates": [-71.227187, -38.776632]}}, {"type": "Feature", "id": 965, "properties": {"REGION": "LA ARAUCANÍA", "COMUNA": "LONQUIMAY", "NOMBRE": "FRONTERA DEL ALTO BIO BIO", "PUEBLO": "MAPUCHE"}, "geometry": {"type": "Point", "coordinates": [-71.089252, -38.645004]}}, {"type": "Feature", "id": 966, "properties": {"REGION": "LA ARAUCANÍA", "COMUNA": "LONQUIMAY", "NOMBRE": "NEWEN CHE", "PUEBLO": "MAPUCHE"}, "geometry": {"type": "Point", "coordinates": [-71.36774687679504, -38.45902885638357]}}, {"type": "Feature", "id": 967, "properties": {"REGION": "LA ARAUCANÍA", "COMUNA": "LONQUIMAY", "NOMBRE": "LOF BERNARDO ÑANCO", "PUEBLO": "MAPUCHE"}, "geometry": {"type": "Point", "coordinates": [-71.3827623, -38.4344899]}}, {"type": "Feature", "id": 968, "properties": {"REGION": "LA ARAUCANÍA", "COMUNA": "LONQUIMAY", "NOMBRE": "NEWEN PEWENENTU", "PUEBLO": "MAPUCHE"}, "geometry": {"type": "Point", "coordinates": [-71.2271844, -38.7766456]}}, {"type": "Feature", "id": 969, "properties": {"REGION": "LA ARAUCANÍA", "COMUNA": "LOS SAUCES", "NOMBRE": "ASOCIACION COMUNAL MAPUCHE", "PUEBLO": "MAPUCHE"}, "geometry": {"type": "Point", "coordinates": [-72.83166626306954, -37.98302746561321]}}, {"type": "Feature", "id": 970, "properties": {"REGION": "LA ARAUCANÍA", "COMUNA": "LOS SAUCES", "NOMBRE": "WE-NEWEN MAPU, LOS SAUCES", "PUEBLO": "MAPUCHE"}, "geometry": {"type": "Point", "coordinates": [-72.83166626306954, -37.98302746561321]}}, {"type": "Feature", "id": 971, "properties": {"REGION": "LA ARAUCANÍA", "COMUNA": "LOS SAUCES", "NOMBRE": "ADUEN LLANCAO", "PUEBLO": "MAPUCHE"}, "geometry": {"type": "Point", "coordinates": [-72.903146350715, -38.02345423053336]}}, {"type": "Feature", "id": 972, "properties": {"REGION": "LA ARAUCANÍA", "COMUNA": "LUMACO", "NOMBRE": "ASOCIACION DE ARTESANOS MAPUCHES CAYUMALEN DE LUMACO", "PUEBLO": "MAPUCHE"}, "geometry": {"type": "Point", "coordinates": [-72.90163813518795, -38.16653120780754]}}, {"type": "Feature", "id": 973, "properties": {"REGION": "LA ARAUCANÍA", "COMUNA": "LUMACO", "NOMBRE": "ÑANKUCHEU", "PUEBLO": "MAPUCHE"}, "geometry": {"type": "Point", "coordinates": [-72.90163813518795, -38.16653120780754]}}, {"type": "Feature", "id": 974, "properties": {"REGION": "LA ARAUCANÍA", "COMUNA": "LUMACO", "NOMBRE": "ASOCIACION INDIGENA DE MUJERES MAPUCHES\"FOYE RAYEN MAPU\"", "PUEBLO": "MAPUCHE"}, "geometry": {"type": "Point", "coordinates": [-72.90323437150006, -38.16768669980143]}}, {"type": "Feature", "id": 975, "properties": {"REGION": "LA ARAUCANÍA", "COMUNA": "LUMACO", "NOMBRE": "LEFTRARU", "PUEBLO": "MAPUCHE"}, "geometry": {"type": "Point", "coordinates": [-72.92096415907412, -38.29406237185756]}}, {"type": "Feature", "id": 976, "properties": {"REGION": "LA ARAUCANÍA", "COMUNA": "LUMACO", "NOMBRE": "KIMTUYÑ - MAPU", "PUEBLO": "MAPUCHE"}, "geometry": {"type": "Point", "coordinates": [-72.90215324867037, -38.16403450743574]}}, {"type": "Feature", "id": 977, "properties": {"REGION": "LA ARAUCANÍA", "COMUNA": "LUMACO", "NOMBRE": "WENUNTUAIÑ TAIÑ KIMUN", "PUEBLO": "MAPUCHE"}, "geometry": {"type": "Point", "coordinates": [-72.90297463887609, -38.16605321553111]}}, {"type": "Feature", "id": 978, "properties": {"REGION": "LA ARAUCANÍA", "COMUNA": "LUMACO", "NOMBRE": "WEFTUAI TAIÑ FOLIL", "PUEBLO": "MAPUCHE"}, "geometry": {"type": "Point", "coordinates": [-72.99186329636876, -38.1965277142032]}}, {"type": "Feature", "id": 979, "properties": {"REGION": "LA ARAUCANÍA", "COMUNA": "LUMACO", "NOMBRE": "DE TRABAJADORES DE CALCOY SUR Y CALCOY NORTE", "PUEBLO": "MAPUCHE"}, "geometry": {"type": "Point", "coordinates": [-73.249253, -38.3180096]}}, {"type": "Feature", "id": 980, "properties": {"REGION": "LA ARAUCANÍA", "COMUNA": "TRAIGUÉN", "NOMBRE": "WE XAYENKO", "PUEBLO": "MAPUCHE"}, "geometry": {"type": "Point", "coordinates": [-72.67126011806053, -38.25908621868714]}}, {"type": "Feature", "id": 981, "properties": {"REGION": "LA ARAUCANÍA", "COMUNA": "LUMACO", "NOMBRE": "WE CHOYUTUAL TAIÑ KUME MONGEN", "PUEBLO": "MAPUCHE"}, "geometry": {"type": "Point", "coordinates": [-72.90191019995873, -38.16728586750649]}}, {"type": "Feature", "id": 982, "properties": {"REGION": "LA ARAUCANÍA", "COMUNA": "LUMACO", "NOMBRE": "MUJERES MAPUCHES \"YUL\"", "PUEBLO": "MAPUCHE"}, "geometry": {"type": "Point", "coordinates": [-72.900864, -38.17291]}}, {"type": "Feature", "id": 983, "properties": {"REGION": "LA ARAUCANÍA", "COMUNA": "LUMACO", "NOMBRE": "MUNTUTUIÑ MAPU", "PUEBLO": "MAPUCHE"}, "geometry": {"type": "Point", "coordinates": [-72.8278466, -38.17959993]}}, {"type": "Feature", "id": 984, "properties": {"REGION": "LA ARAUCANÍA", "COMUNA": "PURÉN", "NOMBRE": "JANEQUEO ÑI KWE NUTRAM", "PUEBLO": "MAPUCHE"}, "geometry": {"type": "Point", "coordinates": [-73.07195137979734, -38.03191202647974]}}, {"type": "Feature", "id": 985, "properties": {"REGION": "LA ARAUCANÍA", "COMUNA": "PURÉN", "NOMBRE": "TUKUKABE KIÑE MEGR LOF CHE", "PUEBLO": "MAPUCHE"}, "geometry": {"type": "Point", "coordinates": [-73.07121440121126, -38.03445609315136]}}, {"type": "Feature", "id": 986, "properties": {"REGION": "LA ARAUCANÍA", "COMUNA": "PURÉN", "NOMBRE": "UNION DE COMUNIDADES AUTONOMA NAHUELBUTA DE PUREN", "PUEBLO": "MAPUCHE"}, "geometry": {"type": "Point", "coordinates": [-73.07121440121126, -38.03445609315136]}}, {"type": "Feature", "id": 987, "properties": {"REGION": "LA ARAUCANÍA", "COMUNA": "PURÉN", "NOMBRE": "ASOC. NAC. DE JOVENES INDIGENAS POR LA CULTURA, EL DEPORTE Y DESARROLLO", "PUEBLO": "MAPUCHE"}, "geometry": {"type": "Point", "coordinates": [-73.07383880987808, -38.03846393076998]}}, {"type": "Feature", "id": 988, "properties": {"REGION": "LA ARAUCANÍA", "COMUNA": "PURÉN", "NOMBRE": "TEJEDORAS DE TELAR WE RAYEN", "PUEBLO": "MAPUCHE"}, "geometry": {"type": "Point", "coordinates": [-72.9554624, -38.1017153]}}, {"type": "Feature", "id": 989, "properties": {"REGION": "LA ARAUCANÍA", "COMUNA": "PURÉN", "NOMBRE": "ORTICULTORES KÛLA LOF", "PUEBLO": "MAPUCHE"}, "geometry": {"type": "Point", "coordinates": [-73.07290695812686, -38.0323233903952]}}, {"type": "Feature", "id": 990, "properties": {"REGION": "LA ARAUCANÍA", "COMUNA": "PURÉN", "NOMBRE": "ANUNKAYN PULAMGEN", "PUEBLO": "MAPUCHE"}, "geometry": {"type": "Point", "coordinates": [-73.07290695812686, -38.0323233903952]}}, {"type": "Feature", "id": 991, "properties": {"REGION": "LA ARAUCANÍA", "COMUNA": "PURÉN", "NOMBRE": "DE HORTALICERAS Y CONSERVAS DOMU MAPU PUREN", "PUEBLO": "MAPUCHE"}, "geometry": {"type": "Point", "coordinates": [-73.07290695812686, -38.0323233903952]}}, {"type": "Feature", "id": 992, "properties": {"REGION": "LA ARAUCANÍA", "COMUNA": "PURÉN", "NOMBRE": "AMULEPE TAÑI DÛNGÛ", "PUEBLO": "MAPUCHE"}, "geometry": {"type": "Point", "coordinates": [-73.07269943402908, -38.03231988751381]}}, {"type": "Feature", "id": 993, "properties": {"REGION": "LA ARAUCANÍA", "COMUNA": "PURÉN", "NOMBRE": "CULTURAL MAPU CALU VICHA DE PUREN", "PUEBLO": "MAPUCHE"}, "geometry": {"type": "Point", "coordinates": [-73.07121816657818, -38.02667351711941]}}, {"type": "Feature", "id": 994, "properties": {"REGION": "LA ARAUCANÍA", "COMUNA": "PURÉN", "NOMBRE": "AGRICOLA Y CULTURAL NEWEN MAPU", "PUEBLO": "MAPUCHE"}, "geometry": {"type": "Point", "coordinates": [-72.954165, -38.11613]}}, {"type": "Feature", "id": 995, "properties": {"REGION": "LA ARAUCANÍA", "COMUNA": "PURÉN", "NOMBRE": "DE AGRICULTURA Y GANADERIA JUAN LINCHEO MARIN", "PUEBLO": "MAPUCHE"}, "geometry": {"type": "Point", "coordinates": [-72.93328973, -38.02512064]}}, {"type": "Feature", "id": 996, "properties": {"REGION": "LA ARAUCANÍA", "COMUNA": "RENAICO", "NOMBRE": "RENAICO", "PUEBLO": "MAPUCHE"}, "geometry": {"type": "Point", "coordinates": [-72.57930186004944, -37.67266520851424]}}, {"type": "Feature", "id": 997, "properties": {"REGION": "LA ARAUCANÍA", "COMUNA": "RENAICO", "NOMBRE": "WENGAMEN PEUMAYEN TIJERAL", "PUEBLO": "MAPUCHE"}, "geometry": {"type": "Point", "coordinates": [-72.6134910408268, -37.73489901601505]}}, {"type": "Feature", "id": 998, "properties": {"REGION": "LA ARAUCANÍA", "COMUNA": "TRAIGUÉN", "NOMBRE": "XAYENKO", "PUEBLO": "MAPUCHE"}, "geometry": {"type": "Point", "coordinates": [-72.66964709847105, -38.25139403676078]}}, {"type": "Feature", "id": 999, "properties": {"REGION": "LA ARAUCANÍA", "COMUNA": "TRAIGUÉN", "NOMBRE": "LOS CANELOS", "PUEBLO": "MAPUCHE"}, "geometry": {"type": "Point", "coordinates": [-72.66964709847105, -38.25139403676078]}}, {"type": "Feature", "id": 1000, "properties": {"REGION": "LA ARAUCANÍA", "COMUNA": "TRAIGUÉN", "NOMBRE": "CONSEJO COMUNAL DE TRAIGUEN", "PUEBLO": "MAPUCHE"}, "geometry": {"type": "Point", "coordinates": [-72.66715413403844, -38.24974499114891]}}, {"type": "Feature", "id": 1001, "properties": {"REGION": "LA ARAUCANÍA", "COMUNA": "TRAIGUÉN", "NOMBRE": "ASOCIACION INDIGENA \"RENIKO\"", "PUEBLO": "MAPUCHE"}, "geometry": {"type": "Point", "coordinates": [-72.54503183, -38.33443809]}}, {"type": "Feature", "id": 1002, "properties": {"REGION": "LA ARAUCANÍA", "COMUNA": "TRAIGUÉN", "NOMBRE": "YVFKEN MAPU", "PUEBLO": "MAPUCHE"}, "geometry": {"type": "Point", "coordinates": [-72.68316858240439, -38.24484560441879]}}, {"type": "Feature", "id": 1003, "properties": {"REGION": "LA ARAUCANÍA", "COMUNA": "TRAIGUÉN", "NOMBRE": "NAGCHE TRAIGEN", "PUEBLO": "MAPUCHE"}, "geometry": {"type": "Point", "coordinates": [-72.680056, -38.256692]}}, {"type": "Feature", "id": 1004, "properties": {"REGION": "LA ARAUCANÍA", "COMUNA": "TRAIGUÉN", "NOMBRE": "PRODUCTORA AGRICOLA MELI KURRUF", "PUEBLO": "MAPUCHE"}, "geometry": {"type": "Point", "coordinates": [-72.67294496112216, -38.25022502950469]}}, {"type": "Feature", "id": 1005, "properties": {"REGION": "LA ARAUCANÍA", "COMUNA": "TRAIGUÉN", "NOMBRE": "DE DESARROLLO MAPUCHE", "PUEBLO": "MAPUCHE"}, "geometry": {"type": "Point", "coordinates": [-72.67294496112216, -38.25022502950469]}}, {"type": "Feature", "id": 1006, "properties": {"REGION": "LA ARAUCANÍA", "COMUNA": "TRAIGUÉN", "NOMBRE": "PEUMAYAN", "PUEBLO": "MAPUCHE"}, "geometry": {"type": "Point", "coordinates": [-72.67943693968446, -38.25561592972557]}}, {"type": "Feature", "id": 1007, "properties": {"REGION": "LA ARAUCANÍA", "COMUNA": "TRAIGUÉN", "NOMBRE": "NEHUEN", "PUEBLO": "MAPUCHE"}, "geometry": {"type": "Point", "coordinates": [-72.68475686789311, -38.24332099767965]}}, {"type": "Feature", "id": 1008, "properties": {"REGION": "LA ARAUCANÍA", "COMUNA": "TRAIGUÉN", "NOMBRE": "NEWEN MAPU", "PUEBLO": "MAPUCHE"}, "geometry": {"type": "Point", "coordinates": [-72.67047840753264, -38.24616007540287]}}, {"type": "Feature", "id": 1009, "properties": {"REGION": "LA ARAUCANÍA", "COMUNA": "TRAIGUÉN", "NOMBRE": "NAGCHE FOLIL KIMENTUN", "PUEBLO": "MAPUCHE"}, "geometry": {"type": "Point", "coordinates": [-72.67029211327316, -38.26285694446015]}}, {"type": "Feature", "id": 1010, "properties": {"REGION": "LA ARAUCANÍA", "COMUNA": "TRAIGUÉN", "NOMBRE": "RUKA MOGEN", "PUEBLO": "MAPUCHE"}, "geometry": {"type": "Point", "coordinates": [-72.78644132943502, -38.21540207106026]}}, {"type": "Feature", "id": 1011, "properties": {"REGION": "LA ARAUCANÍA", "COMUNA": "VICTORIA", "NOMBRE": "NEHUENTUE DE VICTORIA", "PUEBLO": "MAPUCHE"}, "geometry": {"type": "Point", "coordinates": [-72.33339952287047, -38.2340077519973]}}, {"type": "Feature", "id": 1012, "properties": {"REGION": "LA ARAUCANÍA", "COMUNA": "VICTORIA", "NOMBRE": "ASOCIACION INDIGENA \"HUE TRIPANTO\"", "PUEBLO": "MAPUCHE"}, "geometry": {"type": "Point", "coordinates": [-72.27000884400469, -38.32879272791244]}}, {"type": "Feature", "id": 1013, "properties": {"REGION": "LA ARAUCANÍA", "COMUNA": "VICTORIA", "NOMBRE": "WE NEWEN MILLALEN", "PUEBLO": "MAPUCHE"}, "geometry": {"type": "Point", "coordinates": [-72.0064795, -38.3390692]}}, {"type": "Feature", "id": 1014, "properties": {"REGION": "LA ARAUCANÍA", "COMUNA": "VICTORIA", "NOMBRE": "TERRITORIO PEHUENCO", "PUEBLO": "MAPUCHE"}, "geometry": {"type": "Point", "coordinates": [-72.0064795, -38.3390692]}}, {"type": "Feature", "id": 1015, "properties": {"REGION": "LA ARAUCANÍA", "COMUNA": "VICTORIA", "NOMBRE": "MULULCHE - KIMUN", "PUEBLO": "MAPUCHE"}, "geometry": {"type": "Point", "coordinates": [-72.33706485712236, -38.23363275373443]}}, {"type": "Feature", "id": 1016, "properties": {"REGION": "LA ARAUCANÍA", "COMUNA": "VICTORIA", "NOMBRE": "KIM KUWU (MANOS SABIAS)", "PUEBLO": "MAPUCHE"}, "geometry": {"type": "Point", "coordinates": [-72.33596405974613, -38.23508299668205]}}, {"type": "Feature", "id": 1017, "properties": {"REGION": "LA ARAUCANÍA", "COMUNA": "VICTORIA", "NOMBRE": "COMUNIDAD SANTA FILOMENA", "PUEBLO": "MAPUCHE"}, "geometry": {"type": "Point", "coordinates": [-72.41658521841039, -38.18571102224725]}}, {"type": "Feature", "id": 1018, "properties": {"REGION": "LA ARAUCANÍA", "COMUNA": "VICTORIA", "NOMBRE": "COLLAN MAPU", "PUEBLO": "MAPUCHE"}, "geometry": {"type": "Point", "coordinates": [-72.03323841393842, -38.31379026328701]}}, {"type": "Feature", "id": 1019, "properties": {"REGION": "LA ARAUCANÍA", "COMUNA": "VICTORIA", "NOMBRE": "AYIN RAYEN DE VICTORIA", "PUEBLO": "MAPUCHE"}, "geometry": {"type": "Point", "coordinates": [-72.33356281129471, -38.23587840514858]}}, {"type": "Feature", "id": 1020, "properties": {"REGION": "LA ARAUCANÍA", "COMUNA": "VICTORIA", "NOMBRE": "NEWENCHE", "PUEBLO": "MAPUCHE"}, "geometry": {"type": "Point", "coordinates": [-72.351035, -38.237266]}}, {"type": "Feature", "id": 1021, "properties": {"REGION": "LA ARAUCANÍA", "COMUNA": "VICTORIA", "NOMBRE": "LLALLACURA", "PUEBLO": "MAPUCHE"}, "geometry": {"type": "Point", "coordinates": [-72.166944, -38.367599]}}, {"type": "Feature", "id": 1022, "properties": {"REGION": "LA ARAUCANÍA", "COMUNA": "VICTORIA", "NOMBRE": "URBANA PUEL MAPU", "PUEBLO": "MAPUCHE"}, "geometry": {"type": "Point", "coordinates": [-72.32839470917692, -38.24269998881989]}}, {"type": "Feature", "id": 1023, "properties": {"REGION": "LA ARAUCANÍA", "COMUNA": "VICTORIA", "NOMBRE": "ASOCIACION DE ARTESANOS MAPUCHES DE VICTORIA KIM KUWU", "PUEBLO": "MAPUCHE"}, "geometry": {"type": "Point", "coordinates": [-72.34759392321178, -38.35572076498605]}}, {"type": "Feature", "id": 1024, "properties": {"REGION": "LA ARAUCANÍA", "COMUNA": "VICTORIA", "NOMBRE": "MILLA LOF", "PUEBLO": "MAPUCHE"}, "geometry": {"type": "Point", "coordinates": [-72.12184526631269, -38.25441572865275]}}, {"type": "Feature", "id": 1025, "properties": {"REGION": "LA ARAUCANÍA", "COMUNA": "VICTORIA", "NOMBRE": "ANSELMO ENEF PAILAHUEQUE", "PUEBLO": "MAPUCHE"}, "geometry": {"type": "Point", "coordinates": [-71.95680135480396, -38.28064391259267]}}, {"type": "Feature", "id": 1026, "properties": {"REGION": "LA ARAUCANÍA", "COMUNA": "VICTORIA", "NOMBRE": "ASOCIACION INDIGENA CASA BLANCA COMUNIDAD PAILAHUEQUE", "PUEBLO": "MAPUCHE"}, "geometry": {"type": "Point", "coordinates": [-72.315681, -38.292699]}}, {"type": "Feature", "id": 1027, "properties": {"REGION": "LA ARAUCANÍA", "COMUNA": "VICTORIA", "NOMBRE": "BELLAVISTA", "PUEBLO": "MAPUCHE"}, "geometry": {"type": "Point", "coordinates": [-72.40552679209031, -38.27937776385708]}}, {"type": "Feature", "id": 1028, "properties": {"REGION": "LA ARAUCANÍA", "COMUNA": "VICTORIA", "NOMBRE": "KEYUN MAPU", "PUEBLO": "MAPUCHE"}, "geometry": {"type": "Point", "coordinates": [-72.32481940788037, -38.23663497101725]}}, {"type": "Feature", "id": 1029, "properties": {"REGION": "LA ARAUCANÍA", "COMUNA": "VICTORIA", "NOMBRE": "ÑIZOL LONKO DE VICTORIA", "PUEBLO": "MAPUCHE"}, "geometry": {"type": "Point", "coordinates": [-72.48458017353727, -38.28695895361153]}}, {"type": "Feature", "id": 1030, "properties": {"REGION": "LA ARAUCANÍA", "COMUNA": "VICTORIA", "NOMBRE": "MELI WITXAN MAPU CHE", "PUEBLO": "MAPUCHE"}, "geometry": {"type": "Point", "coordinates": [-72.3513104337773, -38.23281432928359]}}, {"type": "Feature", "id": 1031, "properties": {"REGION": "LA ARAUCANÍA", "COMUNA": "VICTORIA", "NOMBRE": "AYLLA REWE BOLLILCO QUILAPAN", "PUEBLO": "MAPUCHE"}, "geometry": {"type": "Point", "coordinates": [-72.1933449, -38.263754]}}, {"type": "Feature", "id": 1032, "properties": {"REGION": "LA ARAUCANÍA", "COMUNA": "VICTORIA", "NOMBRE": "KUMEY MAPU", "PUEBLO": "MAPUCHE"}, "geometry": {"type": "Point", "coordinates": [-72.18839990232154, -38.42829503447357]}}, {"type": "Feature", "id": 1033, "properties": {"REGION": "LA ARAUCANÍA", "COMUNA": "CARAHUE", "NOMBRE": "CULLINCO", "PUEBLO": "MAPUCHE"}, "geometry": {"type": "Point", "coordinates": [-73.25486472598985, -38.67764111965814]}}, {"type": "Feature", "id": 1034, "properties": {"REGION": "LA ARAUCANÍA", "COMUNA": "CARAHUE", "NOMBRE": "ASOCIACION INDIGENA DE PEQUEÑOS AGRICULTORES FOLIL MAPU", "PUEBLO": "MAPUCHE"}, "geometry": {"type": "Point", "coordinates": [-73.07655, -38.75462]}}, {"type": "Feature", "id": 1035, "properties": {"REGION": "LA ARAUCANÍA", "COMUNA": "CARAHUE", "NOMBRE": "MICROEMPRESARIOS MAPUCHE, AGRICOLAS Y ARTESANALES FERIA DEL AGRICULTOR DE CARAHUE", "PUEBLO": "MAPUCHE"}, "geometry": {"type": "Point", "coordinates": [-73.1662205126696, -38.71154861232585]}}, {"type": "Feature", "id": 1036, "properties": {"REGION": "LA ARAUCANÍA", "COMUNA": "CARAHUE", "NOMBRE": "ASOCIACION INDIGENA \"NEWEN PU LAFKENCHE\"", "PUEBLO": "MAPUCHE"}, "geometry": {"type": "Point", "coordinates": [-73.48869490059766, -38.57569524009791]}}, {"type": "Feature", "id": 1037, "properties": {"REGION": "LA ARAUCANÍA", "COMUNA": "CARAHUE", "NOMBRE": "RAYEN MAPU", "PUEBLO": "MAPUCHE"}, "geometry": {"type": "Point", "coordinates": [-73.25496510129514, -38.67753692891446]}}, {"type": "Feature", "id": 1038, "properties": {"REGION": "LA ARAUCANÍA", "COMUNA": "CARAHUE", "NOMBRE": "ASOCIACION INDIGENA EL PACIFICO", "PUEBLO": "MAPUCHE"}, "geometry": {"type": "Point", "coordinates": [-73.48094385289366, -38.62533108053123]}}, {"type": "Feature", "id": 1039, "properties": {"REGION": "LA ARAUCANÍA", "COMUNA": "CARAHUE", "NOMBRE": "FRANCISCO LAZARO MARIVIL", "PUEBLO": "MAPUCHE"}, "geometry": {"type": "Point", "coordinates": [-73.30791220961088, -38.65631080111978]}}, {"type": "Feature", "id": 1040, "properties": {"REGION": "LA ARAUCANÍA", "COMUNA": "CARAHUE", "NOMBRE": "DE MICROEMPRESARIOS MAPUCHE XENKALEYIN", "PUEBLO": "MAPUCHE"}, "geometry": {"type": "Point", "coordinates": [-73.16325901773013, -38.71263075311682]}}, {"type": "Feature", "id": 1041, "properties": {"REGION": "LA ARAUCANÍA", "COMUNA": "CARAHUE", "NOMBRE": "WUIÑOI KIMEN DOMO", "PUEBLO": "MAPUCHE"}, "geometry": {"type": "Point", "coordinates": [-73.15670074575694, -38.712957828036]}}, {"type": "Feature", "id": 1042, "properties": {"REGION": "LA ARAUCANÍA", "COMUNA": "CARAHUE", "NOMBRE": "KIÑE WETRIPANTU", "PUEBLO": "MAPUCHE"}, "geometry": {"type": "Point", "coordinates": [-73.14917168950447, -38.70952550294673]}}, {"type": "Feature", "id": 1043, "properties": {"REGION": "LA ARAUCANÍA", "COMUNA": "CARAHUE", "NOMBRE": "AYLLEN KÛYEN", "PUEBLO": "MAPUCHE"}, "geometry": {"type": "Point", "coordinates": [-73.15031203547726, -38.70841282970827]}}, {"type": "Feature", "id": 1044, "properties": {"REGION": "LA ARAUCANÍA", "COMUNA": "CARAHUE", "NOMBRE": "KIÑEL MAPU KOYAWE", "PUEBLO": "MAPUCHE"}, "geometry": {"type": "Point", "coordinates": [-73.13276, -38.797084]}}, {"type": "Feature", "id": 1045, "properties": {"REGION": "LA ARAUCANÍA", "COMUNA": "CARAHUE", "NOMBRE": "HUINKUL MAPU", "PUEBLO": "MAPUCHE"}, "geometry": {"type": "Point", "coordinates": [-73.16738848973236, -38.71338304050239]}}, {"type": "Feature", "id": 1046, "properties": {"REGION": "LA ARAUCANÍA", "COMUNA": "CARAHUE", "NOMBRE": "HUENTECOLLAHUE", "PUEBLO": "MAPUCHE"}, "geometry": {"type": "Point", "coordinates": [-73.27255957002338, -38.68928136094295]}}, {"type": "Feature", "id": 1047, "properties": {"REGION": "LA ARAUCANÍA", "COMUNA": "CARAHUE", "NOMBRE": "DANQUIL CASA DE PIEDRA", "PUEBLO": "MAPUCHE"}, "geometry": {"type": "Point", "coordinates": [-73.484684, -38.488809]}}, {"type": "Feature", "id": 1048, "properties": {"REGION": "LA ARAUCANÍA", "COMUNA": "CARAHUE", "NOMBRE": "MAPU LAWENTUWUN", "PUEBLO": "MAPUCHE"}, "geometry": {"type": "Point", "coordinates": [-73.1604571536609, -38.71260338228623]}}, {"type": "Feature", "id": 1049, "properties": {"REGION": "LA ARAUCANÍA", "COMUNA": "CHOLCHOL", "NOMBRE": "NEWUEN MAPU", "PUEBLO": "MAPUCHE"}, "geometry": {"type": "Point", "coordinates": [-72.83872371769425, -38.70228204463136]}}, {"type": "Feature", "id": 1050, "properties": {"REGION": "LA ARAUCANÍA", "COMUNA": "CHOLCHOL", "NOMBRE": "LIF KO", "PUEBLO": "MAPUCHE"}, "geometry": {"type": "Point", "coordinates": [-72.87450472204249, -38.58646124113418]}}, {"type": "Feature", "id": 1051, "properties": {"REGION": "LA ARAUCANÍA", "COMUNA": "CHOLCHOL", "NOMBRE": "LEUFUCHE", "PUEBLO": "MAPUCHE"}, "geometry": {"type": "Point", "coordinates": [-72.82253714609122, -38.67180799761579]}}, {"type": "Feature", "id": 1052, "properties": {"REGION": "LA ARAUCANÍA", "COMUNA": "CHOLCHOL", "NOMBRE": "REWE", "PUEBLO": "MAPUCHE"}, "geometry": {"type": "Point", "coordinates": [-72.90147711049683, -38.6351811249045]}}, {"type": "Feature", "id": 1053, "properties": {"REGION": "LA ARAUCANÍA", "COMUNA": "CHOLCHOL", "NOMBRE": "LOF WARIACE", "PUEBLO": "MAPUCHE"}, "geometry": {"type": "Point", "coordinates": [-72.8445664874908, -38.60721571153164]}}, {"type": "Feature", "id": 1054, "properties": {"REGION": "LA ARAUCANÍA", "COMUNA": "CHOLCHOL", "NOMBRE": "TRAWUNKO", "PUEBLO": "MAPUCHE"}, "geometry": {"type": "Point", "coordinates": [-72.945091, -38.481098]}}, {"type": "Feature", "id": 1055, "properties": {"REGION": "LA ARAUCANÍA", "COMUNA": "CHOLCHOL", "NOMBRE": "TRAWUNKO, SECTOR REPOCURA DEUCO", "PUEBLO": "MAPUCHE"}, "geometry": {"type": "Point", "coordinates": [-72.953771, -38.483174]}}, {"type": "Feature", "id": 1056, "properties": {"REGION": "LA ARAUCANÍA", "COMUNA": "CUNCO", "NOMBRE": "ASOCIACION GREMIAL COMUNIDAD POLULCO FAJA 16 MIL HUICHAHUE", "PUEBLO": "MAPUCHE"}, "geometry": {"type": "Point", "coordinates": [-72.218483, -38.899521]}}, {"type": "Feature", "id": 1057, "properties": {"REGION": "LA ARAUCANÍA", "COMUNA": "CUNCO", "NOMBRE": "HUITRATUAIN PU PEÑI", "PUEBLO": "MAPUCHE"}, "geometry": {"type": "Point", "coordinates": [-72.03306289478704, -38.93278565912737]}}, {"type": "Feature", "id": 1058, "properties": {"REGION": "LA ARAUCANÍA", "COMUNA": "CUNCO", "NOMBRE": "HUITRATUIN HUAHUANCO CHE", "PUEBLO": "MAPUCHE"}, "geometry": {"type": "Point", "coordinates": [-72.22370983919701, -39.0157687319583]}}, {"type": "Feature", "id": 1059, "properties": {"REGION": "LA ARAUCANÍA", "COMUNA": "CUNCO", "NOMBRE": "CHALIGUN TA GENECHEN", "PUEBLO": "MAPUCHE"}, "geometry": {"type": "Point", "coordinates": [-72.21115023404998, -38.86268467004839]}}, {"type": "Feature", "id": 1060, "properties": {"REGION": "LA ARAUCANÍA", "COMUNA": "CUNCO", "NOMBRE": "PEHUENCHE ÑENMAPU", "PUEBLO": "MAPUCHE"}, "geometry": {"type": "Point", "coordinates": [-72.02599546151372, -38.92995741443129]}}, {"type": "Feature", "id": 1061, "properties": {"REGION": "LA ARAUCANÍA", "COMUNA": "CUNCO", "NOMBRE": "TERRITORIO MAPUCHE QUECHUREHUE", "PUEBLO": "MAPUCHE"}, "geometry": {"type": "Point", "coordinates": [-72.047782108855, -38.99740001406816]}}, {"type": "Feature", "id": 1062, "properties": {"REGION": "LA ARAUCANÍA", "COMUNA": "CUNCO", "NOMBRE": "TERRITORIO AMULEY PUPEÑI", "PUEBLO": "MAPUCHE"}, "geometry": {"type": "Point", "coordinates": [-72.248073, -38.989265]}}, {"type": "Feature", "id": 1063, "properties": {"REGION": "LA ARAUCANÍA", "COMUNA": "CUNCO", "NOMBRE": "WERRAKIZUAM", "PUEBLO": "MAPUCHE"}, "geometry": {"type": "Point", "coordinates": [-72.03113148644675, -38.92965214962578]}}, {"type": "Feature", "id": 1064, "properties": {"REGION": "LA ARAUCANÍA", "COMUNA": "CUNCO", "NOMBRE": "AYELEN ZOMO", "PUEBLO": "MAPUCHE"}, "geometry": {"type": "Point", "coordinates": [-72.033058120458, -38.93279931788381]}}, {"type": "Feature", "id": 1065, "properties": {"REGION": "LA ARAUCANÍA", "COMUNA": "CUNCO", "NOMBRE": "WE NEWEN LOS LAURELES", "PUEBLO": "MAPUCHE"}, "geometry": {"type": "Point", "coordinates": [-72.24716961259455, -38.98883952073867]}}, {"type": "Feature", "id": 1066, "properties": {"REGION": "LA ARAUCANÍA", "COMUNA": "CUNCO", "NOMBRE": "ZAKIN MAPU", "PUEBLO": "MAPUCHE"}, "geometry": {"type": "Point", "coordinates": [-72.033051493724, -38.93379052722528]}}, {"type": "Feature", "id": 1067, "properties": {"REGION": "LA ARAUCANÍA", "COMUNA": "CUNCO", "NOMBRE": "UÑO KINTUN", "PUEBLO": "MAPUCHE"}, "geometry": {"type": "Point", "coordinates": [-72.03274616222049, -38.93208239451095]}}, {"type": "Feature", "id": 1068, "properties": {"REGION": "LA ARAUCANÍA", "COMUNA": "CUNCO", "NOMBRE": "KUME NEWEN", "PUEBLO": "MAPUCHE"}, "geometry": {"type": "Point", "coordinates": [-72.24846232778427, -38.98863354646122]}}, {"type": "Feature", "id": 1069, "properties": {"REGION": "LA ARAUCANÍA", "COMUNA": "CUNCO", "NOMBRE": "EL MEDAHUE", "PUEBLO": "MAPUCHE"}, "geometry": {"type": "Point", "coordinates": [-72.222438305234, -38.85960348649859]}}, {"type": "Feature", "id": 1070, "properties": {"REGION": "LA ARAUCANÍA", "COMUNA": "CUNCO", "NOMBRE": "METAWE KO", "PUEBLO": "MAPUCHE"}, "geometry": {"type": "Point", "coordinates": [-72.22067200020139, -38.86084674722013]}}, {"type": "Feature", "id": 1071, "properties": {"REGION": "LA ARAUCANÍA", "COMUNA": "CUNCO", "NOMBRE": "CHOYÜN MAPU", "PUEBLO": "MAPUCHE"}, "geometry": {"type": "Point", "coordinates": [-72.02718971550273, -38.9287375256623]}}, {"type": "Feature", "id": 1072, "properties": {"REGION": "LA ARAUCANÍA", "COMUNA": "CURARREHUE", "NOMBRE": "TRAYEN LIL", "PUEBLO": "MAPUCHE"}, "geometry": {"type": "Point", "coordinates": [-71.435747, -39.218224]}}, {"type": "Feature", "id": 1073, "properties": {"REGION": "LA ARAUCANÍA", "COMUNA": "CURARREHUE", "NOMBRE": "ASOCIACION INDIGENA MARI RENGLE NEHUEN MAPU", "PUEBLO": "MAPUCHE"}, "geometry": {"type": "Point", "coordinates": [-71.586705, -39.358499]}}, {"type": "Feature", "id": 1074, "properties": {"REGION": "LA ARAUCANÍA", "COMUNA": "CURARREHUE", "NOMBRE": "FUTXA WINKUL", "PUEBLO": "MAPUCHE"}, "geometry": {"type": "Point", "coordinates": [-71.50298748071174, -39.25896330750487]}}, {"type": "Feature", "id": 1075, "properties": {"REGION": "LA ARAUCANÍA", "COMUNA": "CURARREHUE", "NOMBRE": "ASOCIACION INDIGENA PEHUENCHES DEL HUALALAFQUEN", "PUEBLO": "MAPUCHE"}, "geometry": {"type": "Point", "coordinates": [-71.44186, -39.303039]}}, {"type": "Feature", "id": 1076, "properties": {"REGION": "LA ARAUCANÍA", "COMUNA": "CURARREHUE", "NOMBRE": "AYFIN MAWIZA", "PUEBLO": "MAPUCHE"}, "geometry": {"type": "Point", "coordinates": [-71.487082, -39.085733]}}, {"type": "Feature", "id": 1077, "properties": {"REGION": "LA ARAUCANÍA", "COMUNA": "CURARREHUE", "NOMBRE": "ASOCIACION INDIGENA LONCOS DE LA COMUNA DE CURARREHUE", "PUEBLO": "MAPUCHE"}, "geometry": {"type": "Point", "coordinates": [-71.58662896512503, -39.35856823824956]}}, {"type": "Feature", "id": 1078, "properties": {"REGION": "LA ARAUCANÍA", "COMUNA": "CURARREHUE", "NOMBRE": "RUKA PUDU", "PUEBLO": "MAPUCHE"}, "geometry": {"type": "Point", "coordinates": [-71.491562, -39.136269]}}, {"type": "Feature", "id": 1079, "properties": {"REGION": "LA ARAUCANÍA", "COMUNA": "CURARREHUE", "NOMBRE": "ECO TURISTICA PONUWUEMANKE", "PUEBLO": "MAPUCHE"}, "geometry": {"type": "Point", "coordinates": [-71.586539, -39.358674]}}, {"type": "Feature", "id": 1080, "properties": {"REGION": "LA ARAUCANÍA", "COMUNA": "CURARREHUE", "NOMBRE": "NAUGMAPU", "PUEBLO": "MAPUCHE"}, "geometry": {"type": "Point", "coordinates": [-71.5867868432791, -39.3583767731284]}}, {"type": "Feature", "id": 1081, "properties": {"REGION": "LA ARAUCANÍA", "COMUNA": "CURARREHUE", "NOMBRE": "ASOCIACION COMUNAL MAPUCHE KIÑE NEWEN DE CURARREHUE", "PUEBLO": "MAPUCHE"}, "geometry": {"type": "Point", "coordinates": [-71.58658313871565, -39.35864567600214]}}, {"type": "Feature", "id": 1082, "properties": {"REGION": "LA ARAUCANÍA", "COMUNA": "CURARREHUE", "NOMBRE": "NEHUEN MAHUIZA", "PUEBLO": "MAPUCHE"}, "geometry": {"type": "Point", "coordinates": [-71.58661497243244, -39.35849849530592]}}, {"type": "Feature", "id": 1083, "properties": {"REGION": "LA ARAUCANÍA", "COMUNA": "CURARREHUE", "NOMBRE": "ASOC. KÛLA WINKUL", "PUEBLO": "MAPUCHE"}, "geometry": {"type": "Point", "coordinates": [-71.586732, -39.36021]}}, {"type": "Feature", "id": 1084, "properties": {"REGION": "LA ARAUCANÍA", "COMUNA": "CURARREHUE", "NOMBRE": "FOLILCO", "PUEBLO": "MAPUCHE"}, "geometry": {"type": "Point", "coordinates": [-71.435514, -39.21844]}}, {"type": "Feature", "id": 1085, "properties": {"REGION": "LA ARAUCANÍA", "COMUNA": "CURARREHUE", "NOMBRE": "PUESCO QUILLELHUE", "PUEBLO": "MAPUCHE"}, "geometry": {"type": "Point", "coordinates": [-71.589968, -39.355824]}}, {"type": "Feature", "id": 1086, "properties": {"REGION": "LA ARAUCANÍA", "COMUNA": "CURARREHUE", "NOMBRE": "WINKULMAPU", "PUEBLO": "MAPUCHE"}, "geometry": {"type": "Point", "coordinates": [-71.585664, -39.358379]}}, {"type": "Feature", "id": 1087, "properties": {"REGION": "LA ARAUCANÍA", "COMUNA": "FREIRE", "NOMBRE": "WEFKO", "PUEBLO": "MAPUCHE"}, "geometry": {"type": "Point", "coordinates": [-72.61380392001979, -38.86796696128668]}}, {"type": "Feature", "id": 1088, "properties": {"REGION": "LA ARAUCANÍA", "COMUNA": "FREIRE", "NOMBRE": "TRAPILHUE", "PUEBLO": "MAPUCHE"}, "geometry": {"type": "Point", "coordinates": [-72.672785, -38.835763]}}, {"type": "Feature", "id": 1089, "properties": {"REGION": "LA ARAUCANÍA", "COMUNA": "FREIRE", "NOMBRE": "LOLEN BAJO", "PUEBLO": "MAPUCHE"}, "geometry": {"type": "Point", "coordinates": [-72.73253030810014, -38.97292203441187]}}, {"type": "Feature", "id": 1090, "properties": {"REGION": "LA ARAUCANÍA", "COMUNA": "FREIRE", "NOMBRE": "AMULEY RAÑIN SUAM HUILIO", "PUEBLO": "MAPUCHE"}, "geometry": {"type": "Point", "coordinates": [-72.84099797203285, -38.94562123738206]}}, {"type": "Feature", "id": 1091, "properties": {"REGION": "LA ARAUCANÍA", "COMUNA": "FREIRE", "NOMBRE": "ASOCIACION INDIGENA \"AMULEY RAÑIN SUAM LLIUCO\"", "PUEBLO": "MAPUCHE"}, "geometry": {"type": "Point", "coordinates": [-72.847496, -38.966986]}}, {"type": "Feature", "id": 1092, "properties": {"REGION": "LA ARAUCANÍA", "COMUNA": "FREIRE", "NOMBRE": "KUME - MAPU", "PUEBLO": "MAPUCHE"}, "geometry": {"type": "Point", "coordinates": [-72.45473472262833, -39.0277936225156]}}, {"type": "Feature", "id": 1093, "properties": {"REGION": "LA ARAUCANÍA", "COMUNA": "FREIRE", "NOMBRE": "ASOCIACIÓN INDIGENA JOSE LUIS CARIMAN", "PUEBLO": "MAPUCHE"}, "geometry": {"type": "Point", "coordinates": [-72.43764560570295, -38.99005331313514]}}, {"type": "Feature", "id": 1094, "properties": {"REGION": "LA ARAUCANÍA", "COMUNA": "FREIRE", "NOMBRE": "GUAGLEN RUCATRARO", "PUEBLO": "MAPUCHE"}, "geometry": {"type": "Point", "coordinates": [-72.474561, -39.013947]}}, {"type": "Feature", "id": 1095, "properties": {"REGION": "LA ARAUCANÍA", "COMUNA": "FREIRE", "NOMBRE": "ASOCIACION INDIGENA \"PRODUCTORES DE MILLELCHE\"", "PUEBLO": "MAPUCHE"}, "geometry": {"type": "Point", "coordinates": [-72.671664, -38.868157]}}, {"type": "Feature", "id": 1096, "properties": {"REGION": "LA ARAUCANÍA", "COMUNA": "FREIRE", "NOMBRE": "KUZAUFE PU-ZOMO", "PUEBLO": "MAPUCHE"}, "geometry": {"type": "Point", "coordinates": [-72.44483737179861, -38.98788050884753]}}, {"type": "Feature", "id": 1097, "properties": {"REGION": "LA ARAUCANÍA", "COMUNA": "FREIRE", "NOMBRE": "JUAN HUENCHUMIL", "PUEBLO": "MAPUCHE"}, "geometry": {"type": "Point", "coordinates": [-72.49942, -38.99309]}}, {"type": "Feature", "id": 1098, "properties": {"REGION": "LA ARAUCANÍA", "COMUNA": "FREIRE", "NOMBRE": "AYINMAPU", "PUEBLO": "MAPUCHE"}, "geometry": {"type": "Point", "coordinates": [-72.753959, -38.838784]}}, {"type": "Feature", "id": 1099, "properties": {"REGION": "LA ARAUCANÍA", "COMUNA": "FREIRE", "NOMBRE": "RAYEN MAPU DE TRAITRAICO", "PUEBLO": "MAPUCHE"}, "geometry": {"type": "Point", "coordinates": [-72.4558, -39.078442]}}, {"type": "Feature", "id": 1100, "properties": {"REGION": "LA ARAUCANÍA", "COMUNA": "FREIRE", "NOMBRE": "MAHUIDACHE", "PUEBLO": "MAPUCHE"}, "geometry": {"type": "Point", "coordinates": [-72.63154694033493, -38.84972560349931]}}, {"type": "Feature", "id": 1101, "properties": {"REGION": "LA ARAUCANÍA", "COMUNA": "FREIRE", "NOMBRE": "ASOCIACION INDIGENA TERRITORIAL QUETROKO ALLIPEN", "PUEBLO": "MAPUCHE"}, "geometry": {"type": "Point", "coordinates": [-72.441734, -39.014447]}}, {"type": "Feature", "id": 1102, "properties": {"REGION": "LA ARAUCANÍA", "COMUNA": "FREIRE", "NOMBRE": "WANGLEN ZANJA QUEPE", "PUEBLO": "MAPUCHE"}, "geometry": {"type": "Point", "coordinates": [-72.621018, -38.866265]}}, {"type": "Feature", "id": 1103, "properties": {"REGION": "LA ARAUCANÍA", "COMUNA": "FREIRE", "NOMBRE": "AYUN MAPU", "PUEBLO": "MAPUCHE"}, "geometry": {"type": "Point", "coordinates": [-72.61868737965938, -38.87549281200691]}}, {"type": "Feature", "id": 1104, "properties": {"REGION": "LA ARAUCANÍA", "COMUNA": "FREIRE", "NOMBRE": "CENTRO DE DESARROLLO INTEGRAL MAPUCHE HUILIO", "PUEBLO": "MAPUCHE"}, "geometry": {"type": "Point", "coordinates": [-72.8398147503559, -38.94506668095634]}}, {"type": "Feature", "id": 1105, "properties": {"REGION": "LA ARAUCANÍA", "COMUNA": "FREIRE", "NOMBRE": "ASOCIACION INDIGENA DE PRODUCTORES POYEN MAPU DE QUEPE", "PUEBLO": "MAPUCHE"}, "geometry": {"type": "Point", "coordinates": [-72.61364549615288, -38.86680418652229]}}, {"type": "Feature", "id": 1106, "properties": {"REGION": "LA ARAUCANÍA", "COMUNA": "FREIRE", "NOMBRE": "LIEN WILKI", "PUEBLO": "MAPUCHE"}, "geometry": {"type": "Point", "coordinates": [-72.65066990214389, -38.86071036250647]}}, {"type": "Feature", "id": 1107, "properties": {"REGION": "LA ARAUCANÍA", "COMUNA": "FREIRE", "NOMBRE": "PARA EL DESARROLLO DEL TURISMO Y CULTURA \"WALL MAPU\"", "PUEBLO": "MAPUCHE"}, "geometry": {"type": "Point", "coordinates": [-72.61380342007622, -38.86801113233392]}}, {"type": "Feature", "id": 1108, "properties": {"REGION": "LA ARAUCANÍA", "COMUNA": "FREIRE", "NOMBRE": "KETROKO WE LOF MAPU", "PUEBLO": "MAPUCHE"}, "geometry": {"type": "Point", "coordinates": [-72.441007, -39.014332]}}, {"type": "Feature", "id": 1109, "properties": {"REGION": "LA ARAUCANÍA", "COMUNA": "FREIRE", "NOMBRE": "TRAWUNG MAPU", "PUEBLO": "MAPUCHE"}, "geometry": {"type": "Point", "coordinates": [-72.45643927603793, -38.99160929831327]}}, {"type": "Feature", "id": 1110, "properties": {"REGION": "LA ARAUCANÍA", "COMUNA": "FREIRE", "NOMBRE": "NEWEN MAPU DE SANTA PAULA", "PUEBLO": "MAPUCHE"}, "geometry": {"type": "Point", "coordinates": [-72.76780326184202, -38.86778532461801]}}, {"type": "Feature", "id": 1111, "properties": {"REGION": "LA ARAUCANÍA", "COMUNA": "FREIRE", "NOMBRE": "EL ESFUERZO DE CHUCAUCO", "PUEBLO": "MAPUCHE"}, "geometry": {"type": "Point", "coordinates": [-72.75378572054835, -38.8388813151472]}}, {"type": "Feature", "id": 1112, "properties": {"REGION": "LA ARAUCANÍA", "COMUNA": "FREIRE", "NOMBRE": "AYELEN DOMO", "PUEBLO": "MAPUCHE"}, "geometry": {"type": "Point", "coordinates": [-72.39491969209735, -38.87045592184032]}}, {"type": "Feature", "id": 1113, "properties": {"REGION": "LA ARAUCANÍA", "COMUNA": "FREIRE", "NOMBRE": "ASOCIACION DE DESARROLLO KÔCHI FUN", "PUEBLO": "MAPUCHE"}, "geometry": {"type": "Point", "coordinates": [-72.76053903971626, -38.9874509048317]}}, {"type": "Feature", "id": 1114, "properties": {"REGION": "LA ARAUCANÍA", "COMUNA": "FREIRE", "NOMBRE": "TRAGUN MAPU MAILE - ALLIPEN", "PUEBLO": "MAPUCHE"}, "geometry": {"type": "Point", "coordinates": [-72.45648237651339, -38.99183896236634]}}, {"type": "Feature", "id": 1115, "properties": {"REGION": "LA ARAUCANÍA", "COMUNA": "FREIRE", "NOMBRE": "WE NEWEN", "PUEBLO": "MAPUCHE"}, "geometry": {"type": "Point", "coordinates": [-72.61382227113424, -38.86804603759751]}}, {"type": "Feature", "id": 1116, "properties": {"REGION": "LA ARAUCANÍA", "COMUNA": "FREIRE", "NOMBRE": "NEWEN - CHE DE MILLELCHE", "PUEBLO": "MAPUCHE"}, "geometry": {"type": "Point", "coordinates": [-72.6718992416605, -38.86817943102286]}}, {"type": "Feature", "id": 1117, "properties": {"REGION": "LA ARAUCANÍA", "COMUNA": "FREIRE", "NOMBRE": "TRIPAHUE ANTU FREIRE", "PUEBLO": "MAPUCHE"}, "geometry": {"type": "Point", "coordinates": [-72.45645604278799, -38.99171256404713]}}, {"type": "Feature", "id": 1118, "properties": {"REGION": "LA ARAUCANÍA", "COMUNA": "FREIRE", "NOMBRE": "CARRIMANKE", "PUEBLO": "MAPUCHE"}, "geometry": {"type": "Point", "coordinates": [-72.45639877904011, -38.99191878530861]}}, {"type": "Feature", "id": 1119, "properties": {"REGION": "LA ARAUCANÍA", "COMUNA": "FREIRE", "NOMBRE": "PEHUENCHE JARAMILLO DE MALLOHUE GRANDE", "PUEBLO": "MAPUCHE"}, "geometry": {"type": "Point", "coordinates": [-72.87154609978145, -38.98586982783826]}}, {"type": "Feature", "id": 1120, "properties": {"REGION": "LA ARAUCANÍA", "COMUNA": "FREIRE", "NOMBRE": "TRAF MAPU DE ALLIPEN", "PUEBLO": "MAPUCHE"}, "geometry": {"type": "Point", "coordinates": [-72.62765627636442, -38.9520570209209]}}, {"type": "Feature", "id": 1121, "properties": {"REGION": "LA ARAUCANÍA", "COMUNA": "FREIRE", "NOMBRE": "AMÜL DUGÜN", "PUEBLO": "MAPUCHE"}, "geometry": {"type": "Point", "coordinates": [-72.87146126370621, -38.98589574695939]}}, {"type": "Feature", "id": 1122, "properties": {"REGION": "LA ARAUCANÍA", "COMUNA": "FREIRE", "NOMBRE": "AMULEY IÑ KOM LOF HUILIO", "PUEBLO": "MAPUCHE"}, "geometry": {"type": "Point", "coordinates": [-72.851222, -38.983703]}}, {"type": "Feature", "id": 1123, "properties": {"REGION": "LA ARAUCANÍA", "COMUNA": "FREIRE", "NOMBRE": "MARI LOF CEMENTERIO PEDREGOSO", "PUEBLO": "MAPUCHE"}, "geometry": {"type": "Point", "coordinates": [-72.4564057654017, -38.99454651147028]}}, {"type": "Feature", "id": 1124, "properties": {"REGION": "LA ARAUCANÍA", "COMUNA": "FREIRE", "NOMBRE": "ANTUMALEN", "PUEBLO": "MAPUCHE"}, "geometry": {"type": "Point", "coordinates": [-72.67591, -38.902266]}}, {"type": "Feature", "id": 1125, "properties": {"REGION": "LA ARAUCANÍA", "COMUNA": "FREIRE", "NOMBRE": "WIÑONÜTÜAYIN TAIÑ MAPU", "PUEBLO": "MAPUCHE"}, "geometry": {"type": "Point", "coordinates": [-72.659763, -38.882477]}}, {"type": "Feature", "id": 1126, "properties": {"REGION": "LA ARAUCANÍA", "COMUNA": "FREIRE", "NOMBRE": "WE RAKIZUAM FREIRE", "PUEBLO": "MAPUCHE"}, "geometry": {"type": "Point", "coordinates": [-72.6270610019614, -38.95062425426545]}}, {"type": "Feature", "id": 1127, "properties": {"REGION": "LA ARAUCANÍA", "COMUNA": "GALVARINO", "NOMBRE": "TOQUI GALVARINO", "PUEBLO": "MAPUCHE"}, "geometry": {"type": "Point", "coordinates": [-72.78129982699305, -38.41469364147564]}}, {"type": "Feature", "id": 1128, "properties": {"REGION": "LA ARAUCANÍA", "COMUNA": "GALVARINO", "NOMBRE": "ASOCIACION INDIGENA ÑIELOL", "PUEBLO": "MAPUCHE"}, "geometry": {"type": "Point", "coordinates": [-72.666755, -38.446476]}}, {"type": "Feature", "id": 1129, "properties": {"REGION": "LA ARAUCANÍA", "COMUNA": "GALVARINO", "NOMBRE": "ASOCIACION INDIGENA REPOCURA ENTUCOL", "PUEBLO": "MAPUCHE"}, "geometry": {"type": "Point", "coordinates": [-72.972911, -38.452912]}}, {"type": "Feature", "id": 1130, "properties": {"REGION": "LA ARAUCANÍA", "COMUNA": "GALVARINO", "NOMBRE": "TRAWUN MAPU", "PUEBLO": "MAPUCHE"}, "geometry": {"type": "Point", "coordinates": [-72.77583060342381, -38.52107145333099]}}, {"type": "Feature", "id": 1131, "properties": {"REGION": "LA ARAUCANÍA", "COMUNA": "GALVARINO", "NOMBRE": "TRAWUN FOLIL", "PUEBLO": "MAPUCHE"}, "geometry": {"type": "Point", "coordinates": [-72.78100859202715, -38.41505293997672]}}, {"type": "Feature", "id": 1132, "properties": {"REGION": "LA ARAUCANÍA", "COMUNA": "GALVARINO", "NOMBRE": "DE PEQUEÑOS PRODUCTORES AGRICOLA DE RUCAMANQUE", "PUEBLO": "MAPUCHE"}, "geometry": {"type": "Point", "coordinates": [-72.86653259914378, -38.3729694227635]}}, {"type": "Feature", "id": 1133, "properties": {"REGION": "LA ARAUCANÍA", "COMUNA": "GALVARINO", "NOMBRE": "FOLIL MAPU-DOMO", "PUEBLO": "MAPUCHE"}, "geometry": {"type": "Point", "coordinates": [-72.86564709581657, -38.37384737045143]}}, {"type": "Feature", "id": 1134, "properties": {"REGION": "LA ARAUCANÍA", "COMUNA": "GALVARINO", "NOMBRE": "PHU MALEN", "PUEBLO": "MAPUCHE"}, "geometry": {"type": "Point", "coordinates": [-72.86482, -38.42468]}}, {"type": "Feature", "id": 1135, "properties": {"REGION": "LA ARAUCANÍA", "COMUNA": "GALVARINO", "NOMBRE": "SAN FRANCISCO", "PUEBLO": "MAPUCHE"}, "geometry": {"type": "Point", "coordinates": [-72.97907010806608, -38.40292073826948]}}, {"type": "Feature", "id": 1136, "properties": {"REGION": "LA ARAUCANÍA", "COMUNA": "GALVARINO", "NOMBRE": "ASOCIACION INDIGENA MARILEO HUINCABAL", "PUEBLO": "MAPUCHE"}, "geometry": {"type": "Point", "coordinates": [-72.78545096703348, -38.5465209106568]}}, {"type": "Feature", "id": 1137, "properties": {"REGION": "LA ARAUCANÍA", "COMUNA": "GALVARINO", "NOMBRE": "MUJERES ARTESANAS DE GALVARINO", "PUEBLO": "MAPUCHE"}, "geometry": {"type": "Point", "coordinates": [-72.78127425698904, -38.41472760453683]}}, {"type": "Feature", "id": 1138, "properties": {"REGION": "LA ARAUCANÍA", "COMUNA": "GALVARINO", "NOMBRE": "TERRITORIO REPOCURA KECHU LOF", "PUEBLO": "MAPUCHE"}, "geometry": {"type": "Point", "coordinates": [-72.92680260052857, -38.49095531869153]}}, {"type": "Feature", "id": 1139, "properties": {"REGION": "LA ARAUCANÍA", "COMUNA": "GALVARINO", "NOMBRE": "UNION DE COMUNIDADES AYLLAREHUE", "PUEBLO": "MAPUCHE"}, "geometry": {"type": "Point", "coordinates": [-72.78107098104785, -38.41509526910502]}}, {"type": "Feature", "id": 1140, "properties": {"REGION": "LA ARAUCANÍA", "COMUNA": "GALVARINO", "NOMBRE": "COMUNAL MAPUCHE WALL MAPU", "PUEBLO": "MAPUCHE"}, "geometry": {"type": "Point", "coordinates": [-72.78109525424603, -38.41499915400408]}}, {"type": "Feature", "id": 1141, "properties": {"REGION": "LA ARAUCANÍA", "COMUNA": "GALVARINO", "NOMBRE": "NEWEN - KIMUN", "PUEBLO": "MAPUCHE"}, "geometry": {"type": "Point", "coordinates": [-72.7799144491549, -38.41064506005898]}}, {"type": "Feature", "id": 1142, "properties": {"REGION": "LA ARAUCANÍA", "COMUNA": "GORBEA", "NOMBRE": "FOLILL MAPU", "PUEBLO": "MAPUCHE"}, "geometry": {"type": "Point", "coordinates": [-72.74492030054098, -39.05453787664627]}}, {"type": "Feature", "id": 1143, "properties": {"REGION": "LA ARAUCANÍA", "COMUNA": "GORBEA", "NOMBRE": "NEWEN WILCUL", "PUEBLO": "MAPUCHE"}, "geometry": {"type": "Point", "coordinates": [-72.73781878491427, -39.03966309616755]}}, {"type": "Feature", "id": 1144, "properties": {"REGION": "LA ARAUCANÍA", "COMUNA": "GORBEA", "NOMBRE": "PEUMA MAPU", "PUEBLO": "MAPUCHE"}, "geometry": {"type": "Point", "coordinates": [-72.67511041293034, -39.1023844318596]}}, {"type": "Feature", "id": 1145, "properties": {"REGION": "LA ARAUCANÍA", "COMUNA": "GORBEA", "NOMBRE": "RAGÛINTU HUINCKULL", "PUEBLO": "MAPUCHE"}, "geometry": {"type": "Point", "coordinates": [-72.672914, -39.235074]}}, {"type": "Feature", "id": 1146, "properties": {"REGION": "LA ARAUCANÍA", "COMUNA": "GORBEA", "NOMBRE": "WE NEWEN KME PEUMA LOF GORBEA", "PUEBLO": "MAPUCHE"}, "geometry": {"type": "Point", "coordinates": [-72.663990059371, -39.23222903480623]}}, {"type": "Feature", "id": 1147, "properties": {"REGION": "LA ARAUCANÍA", "COMUNA": "LAUTARO", "NOMBRE": "DE MUJERES Y HOMBRES PRODUCTORES AGRICOLAS DE LAUTARO", "PUEBLO": "MAPUCHE"}, "geometry": {"type": "Point", "coordinates": [-72.43982393100765, -38.53256829473741]}}, {"type": "Feature", "id": 1148, "properties": {"REGION": "LA ARAUCANÍA", "COMUNA": "LAUTARO", "NOMBRE": "ASOCIACION INDIGENA NEWENTUE DE DOLLINCO ALTO", "PUEBLO": "MAPUCHE"}, "geometry": {"type": "Point", "coordinates": [-72.28264782050357, -38.52400732075031]}}, {"type": "Feature", "id": 1149, "properties": {"REGION": "LA ARAUCANÍA", "COMUNA": "LAUTARO", "NOMBRE": "ASOCIACION INDIGENA DE SERVICIOS AGRICOLAS TRICOIMAPU", "PUEBLO": "MAPUCHE"}, "geometry": {"type": "Point", "coordinates": [-72.439765184944, -38.53245559089737]}}, {"type": "Feature", "id": 1150, "properties": {"REGION": "LA ARAUCANÍA", "COMUNA": "LAUTARO", "NOMBRE": "EL TOQUI DE LAUTARO", "PUEBLO": "MAPUCHE"}, "geometry": {"type": "Point", "coordinates": [-72.43366252542627, -38.53006477283653]}}, {"type": "Feature", "id": 1151, "properties": {"REGION": "LA ARAUCANÍA", "COMUNA": "LAUTARO", "NOMBRE": "PRO-MANTENCION CEMENTERIO RURAL GERVACIO ANCAPI", "PUEBLO": "MAPUCHE"}, "geometry": {"type": "Point", "coordinates": [-72.31732698229091, -38.47408831789109]}}, {"type": "Feature", "id": 1152, "properties": {"REGION": "LA ARAUCANÍA", "COMUNA": "LAUTARO", "NOMBRE": "PRO-MANTENCION RURAL JUAN DE DIOS CAYULAO", "PUEBLO": "MAPUCHE"}, "geometry": {"type": "Point", "coordinates": [-72.28269631124178, -38.52409480926787]}}, {"type": "Feature", "id": 1153, "properties": {"REGION": "LA ARAUCANÍA", "COMUNA": "LAUTARO", "NOMBRE": "PRO-MANTENCION CEMENTERIO RURAL MARILEO", "PUEBLO": "MAPUCHE"}, "geometry": {"type": "Point", "coordinates": [-72.60606248843052, -38.48530908137617]}}, {"type": "Feature", "id": 1154, "properties": {"REGION": "LA ARAUCANÍA", "COMUNA": "LAUTARO", "NOMBRE": "PRO-MANTENCION CEMENTERIO RURAL ANTONIO CHEUQUEL", "PUEBLO": "MAPUCHE"}, "geometry": {"type": "Point", "coordinates": [-72.2254573709017, -38.49207865575451]}}, {"type": "Feature", "id": 1155, "properties": {"REGION": "LA ARAUCANÍA", "COMUNA": "LAUTARO", "NOMBRE": "PRO-MANTENCION CEMENTERIO RURAL, HUINCA RAILAO.", "PUEBLO": "MAPUCHE"}, "geometry": {"type": "Point", "coordinates": [-72.266795, -38.55849]}}, {"type": "Feature", "id": 1156, "properties": {"REGION": "LA ARAUCANÍA", "COMUNA": "LAUTARO", "NOMBRE": "MANUEL CURAQUEO", "PUEBLO": "MAPUCHE"}, "geometry": {"type": "Point", "coordinates": [-72.32973194513848, -38.58479557396112]}}, {"type": "Feature", "id": 1157, "properties": {"REGION": "LA ARAUCANÍA", "COMUNA": "LAUTARO", "NOMBRE": "TRAWULEYN PU HUENTECHE", "PUEBLO": "MAPUCHE"}, "geometry": {"type": "Point", "coordinates": [-72.37713, -38.611468]}}, {"type": "Feature", "id": 1158, "properties": {"REGION": "LA ARAUCANÍA", "COMUNA": "LAUTARO", "NOMBRE": "TRAGUN CENTRAL ALHUECO CHE", "PUEBLO": "MAPUCHE"}, "geometry": {"type": "Point", "coordinates": [-72.29316171022681, -38.54201824471109]}}, {"type": "Feature", "id": 1159, "properties": {"REGION": "LA ARAUCANÍA", "COMUNA": "LAUTARO", "NOMBRE": "TRAFKINTU", "PUEBLO": "MAPUCHE"}, "geometry": {"type": "Point", "coordinates": [-72.28358295121325, -38.54330434471254]}}, {"type": "Feature", "id": 1160, "properties": {"REGION": "LA ARAUCANÍA", "COMUNA": "LAUTARO", "NOMBRE": "AMULEY LAUTARO", "PUEBLO": "MAPUCHE"}, "geometry": {"type": "Point", "coordinates": [-72.4341795313494, -38.53049064123268]}}, {"type": "Feature", "id": 1161, "properties": {"REGION": "LA ARAUCANÍA", "COMUNA": "LAUTARO", "NOMBRE": "HUECHE DEL BICENTENARIO", "PUEBLO": "MAPUCHE"}, "geometry": {"type": "Point", "coordinates": [-72.43572399253779, -38.52423147904831]}}, {"type": "Feature", "id": 1162, "properties": {"REGION": "LA ARAUCANÍA", "COMUNA": "LAUTARO", "NOMBRE": "WEKIMUN", "PUEBLO": "MAPUCHE"}, "geometry": {"type": "Point", "coordinates": [-72.48437272840452, -38.50633307897387]}}, {"type": "Feature", "id": 1163, "properties": {"REGION": "LA ARAUCANÍA", "COMUNA": "LAUTARO", "NOMBRE": "WE ANTU", "PUEBLO": "MAPUCHE"}, "geometry": {"type": "Point", "coordinates": [-72.19535459319879, -38.44920659358282]}}, {"type": "Feature", "id": 1164, "properties": {"REGION": "LA ARAUCANÍA", "COMUNA": "LAUTARO", "NOMBRE": "INCHIÑ ÑI NEWEN", "PUEBLO": "MAPUCHE"}, "geometry": {"type": "Point", "coordinates": [-72.42216809509245, -38.53363735872155]}}, {"type": "Feature", "id": 1165, "properties": {"REGION": "LA ARAUCANÍA", "COMUNA": "LAUTARO", "NOMBRE": "TRAWVN MAPU", "PUEBLO": "MAPUCHE"}, "geometry": {"type": "Point", "coordinates": [-72.1388429963439, -38.4866574673029]}}, {"type": "Feature", "id": 1166, "properties": {"REGION": "LA ARAUCANÍA", "COMUNA": "LAUTARO", "NOMBRE": "QUITRALCURA BONANZA", "PUEBLO": "MAPUCHE"}, "geometry": {"type": "Point", "coordinates": [-72.57578628821354, -38.50297180150543]}}, {"type": "Feature", "id": 1167, "properties": {"REGION": "LA ARAUCANÍA", "COMUNA": "LAUTARO", "NOMBRE": "KÛMEI TRAGÚN", "PUEBLO": "MAPUCHE"}, "geometry": {"type": "Point", "coordinates": [-72.37767832266452, -38.61161877387608]}}, {"type": "Feature", "id": 1168, "properties": {"REGION": "LA ARAUCANÍA", "COMUNA": "LAUTARO", "NOMBRE": "ELTUN AGUA FRIA", "PUEBLO": "MAPUCHE"}, "geometry": {"type": "Point", "coordinates": [-72.3231874991861, -38.48460123780403]}}, {"type": "Feature", "id": 1169, "properties": {"REGION": "LA ARAUCANÍA", "COMUNA": "LAUTARO", "NOMBRE": "NEWEN PUCHE DE LAUTARO", "PUEBLO": "MAPUCHE"}, "geometry": {"type": "Point", "coordinates": [-72.4341777536262, -38.53047808525336]}}, {"type": "Feature", "id": 1170, "properties": {"REGION": "LA ARAUCANÍA", "COMUNA": "LAUTARO", "NOMBRE": "AGRUPACIÓN CULTURAL WUE MAPU", "PUEBLO": "MAPUCHE"}, "geometry": {"type": "Point", "coordinates": [-72.37799143496973, -38.61161027505999]}}, {"type": "Feature", "id": 1171, "properties": {"REGION": "LA ARAUCANÍA", "COMUNA": "LAUTARO", "NOMBRE": "GUILLATUFE CHE COMUNIDAD ANTINAO PAILLAL", "PUEBLO": "MAPUCHE"}, "geometry": {"type": "Point", "coordinates": [-72.38997371179173, -38.60764370711041]}}, {"type": "Feature", "id": 1172, "properties": {"REGION": "LA ARAUCANÍA", "COMUNA": "LAUTARO", "NOMBRE": "FOLIL DE PILLANLELBUN", "PUEBLO": "MAPUCHE"}, "geometry": {"type": "Point", "coordinates": [-72.45228909822717, -38.63933543759122]}}, {"type": "Feature", "id": 1173, "properties": {"REGION": "LA ARAUCANÍA", "COMUNA": "LONCOCHE", "NOMBRE": "HINALTU KO", "PUEBLO": "MAPUCHE"}, "geometry": {"type": "Point", "coordinates": [-72.76589322181455, -39.38993536489284]}}, {"type": "Feature", "id": 1174, "properties": {"REGION": "LA ARAUCANÍA", "COMUNA": "LONCOCHE", "NOMBRE": "ASOCIACION CAUPOLICAN", "PUEBLO": "MAPUCHE"}, "geometry": {"type": "Point", "coordinates": [-72.63059052605851, -39.37145182352313]}}, {"type": "Feature", "id": 1175, "properties": {"REGION": "LA ARAUCANÍA", "COMUNA": "LONCOCHE", "NOMBRE": "KOM PU MAPUCHE NEWENTUAYIN", "PUEBLO": "MAPUCHE"}, "geometry": {"type": "Point", "coordinates": [-72.6305030139591, -39.37139781119239]}}, {"type": "Feature", "id": 1176, "properties": {"REGION": "LA ARAUCANÍA", "COMUNA": "LONCOCHE", "NOMBRE": "LILI RAYEN", "PUEBLO": "MAPUCHE"}, "geometry": {"type": "Point", "coordinates": [-72.42104462672629, -39.38307581210001]}}, {"type": "Feature", "id": 1177, "properties": {"REGION": "LA ARAUCANÍA", "COMUNA": "LONCOCHE", "NOMBRE": "WE CHE", "PUEBLO": "MAPUCHE"}, "geometry": {"type": "Point", "coordinates": [-72.63323110085089, -39.3607868168737]}}, {"type": "Feature", "id": 1178, "properties": {"REGION": "LA ARAUCANÍA", "COMUNA": "LONCOCHE", "NOMBRE": "MALHUEHUE", "PUEBLO": "MAPUCHE"}, "geometry": {"type": "Point", "coordinates": [-72.77782208166504, -39.42270800203872]}}, {"type": "Feature", "id": 1179, "properties": {"REGION": "LA ARAUCANÍA", "COMUNA": "LONCOCHE", "NOMBRE": "ASOCIACION COMUNAL MAPUCHE DE LONCOCHE", "PUEBLO": "MAPUCHE"}, "geometry": {"type": "Point", "coordinates": [-72.62992685776348, -39.37168234857872]}}, {"type": "Feature", "id": 1180, "properties": {"REGION": "LA ARAUCANÍA", "COMUNA": "LONCOCHE", "NOMBRE": "RAYEN MAPU", "PUEBLO": "MAPUCHE"}, "geometry": {"type": "Point", "coordinates": [-72.63055876698076, -39.37142939779523]}}, {"type": "Feature", "id": 1181, "properties": {"REGION": "LA ARAUCANÍA", "COMUNA": "LONCOCHE", "NOMBRE": "ASOCIACION INDIGENA LOF KIÑEN MAPU RANCAHUE", "PUEBLO": "MAPUCHE"}, "geometry": {"type": "Point", "coordinates": [-72.716285, -39.405784]}}, {"type": "Feature", "id": 1182, "properties": {"REGION": "LA ARAUCANÍA", "COMUNA": "LONCOCHE", "NOMBRE": "WINKULCHE", "PUEBLO": "MAPUCHE"}, "geometry": {"type": "Point", "coordinates": [-72.72187118806738, -39.3434779581402]}}, {"type": "Feature", "id": 1183, "properties": {"REGION": "LA ARAUCANÍA", "COMUNA": "LONCOCHE", "NOMBRE": "ANTUPEHUEN", "PUEBLO": "MAPUCHE"}, "geometry": {"type": "Point", "coordinates": [-72.61760739009725, -39.36883850443449]}}, {"type": "Feature", "id": 1184, "properties": {"REGION": "LA ARAUCANÍA", "COMUNA": "LONCOCHE", "NOMBRE": "KETRAN - RAKIZUAM", "PUEBLO": "MAPUCHE"}, "geometry": {"type": "Point", "coordinates": [-72.71047235874317, -39.40986943572624]}}, {"type": "Feature", "id": 1185, "properties": {"REGION": "LA ARAUCANÍA", "COMUNA": "LONCOCHE", "NOMBRE": "EPU REWE", "PUEBLO": "MAPUCHE"}, "geometry": {"type": "Point", "coordinates": [-72.810616, -39.302642]}}, {"type": "Feature", "id": 1186, "properties": {"REGION": "LA ARAUCANÍA", "COMUNA": "LONCOCHE", "NOMBRE": "URBANA UNION DE HERMANOS", "PUEBLO": "MAPUCHE"}, "geometry": {"type": "Point", "coordinates": [-72.62865013862341, -39.37017172741469]}}, {"type": "Feature", "id": 1187, "properties": {"REGION": "LA ARAUCANÍA", "COMUNA": "LONCOCHE", "NOMBRE": "AMULLYN PARRYAM", "PUEBLO": "MAPUCHE"}, "geometry": {"type": "Point", "coordinates": [-72.402265, -39.297624]}}, {"type": "Feature", "id": 1188, "properties": {"REGION": "LA ARAUCANÍA", "COMUNA": "LONCOCHE", "NOMBRE": "LOF PULINGUE", "PUEBLO": "MAPUCHE"}, "geometry": {"type": "Point", "coordinates": [-72.43194523341377, -39.27774250920216]}}, {"type": "Feature", "id": 1189, "properties": {"REGION": "LA ARAUCANÍA", "COMUNA": "LONCOCHE", "NOMBRE": "WUARRIACHE", "PUEBLO": "MAPUCHE"}, "geometry": {"type": "Point", "coordinates": [-72.63154946351764, -39.37580450841804]}}, {"type": "Feature", "id": 1190, "properties": {"REGION": "LA ARAUCANÍA", "COMUNA": "LONCOCHE", "NOMBRE": "NEWEN KA WEICHAN", "PUEBLO": "MAPUCHE"}, "geometry": {"type": "Point", "coordinates": [-72.641226, -39.375633]}}, {"type": "Feature", "id": 1191, "properties": {"REGION": "LA ARAUCANÍA", "COMUNA": "LONCOCHE", "NOMBRE": "MONGETUN", "PUEBLO": "MAPUCHE"}, "geometry": {"type": "Point", "coordinates": [-72.62660512409224, -39.36812632322746]}}, {"type": "Feature", "id": 1192, "properties": {"REGION": "LA ARAUCANÍA", "COMUNA": "MELIPEUCO", "NOMBRE": "FOLIL PEHUEÑ", "PUEBLO": "MAPUCHE"}, "geometry": {"type": "Point", "coordinates": [-71.6975756101035, -38.85480214899503]}}, {"type": "Feature", "id": 1193, "properties": {"REGION": "LA ARAUCANÍA", "COMUNA": "MELIPEUCO", "NOMBRE": "COMUNAL MAPUCHE FOLIL KOYAM", "PUEBLO": "MAPUCHE"}, "geometry": {"type": "Point", "coordinates": [-71.69763068898978, -38.85469894933519]}}, {"type": "Feature", "id": 1194, "properties": {"REGION": "LA ARAUCANÍA", "COMUNA": "MELIPEUCO", "NOMBRE": "ASOCIACION MAPUCHE DE LLAIMA", "PUEBLO": "MAPUCHE"}, "geometry": {"type": "Point", "coordinates": [-71.76858927054583, -38.88229802193286]}}, {"type": "Feature", "id": 1195, "properties": {"REGION": "LA ARAUCANÍA", "COMUNA": "MELIPEUCO", "NOMBRE": "HUENEHUEN", "PUEBLO": "MAPUCHE"}, "geometry": {"type": "Point", "coordinates": [-71.70315, -38.853522]}}, {"type": "Feature", "id": 1196, "properties": {"REGION": "LA ARAUCANÍA", "COMUNA": "MELIPEUCO", "NOMBRE": "KIMUN MAPU", "PUEBLO": "MAPUCHE"}, "geometry": {"type": "Point", "coordinates": [-71.70063852345315, -38.85489783900239]}}, {"type": "Feature", "id": 1197, "properties": {"REGION": "LA ARAUCANÍA", "COMUNA": "MELIPEUCO", "NOMBRE": "AYEKAN RAKIN", "PUEBLO": "MAPUCHE"}, "geometry": {"type": "Point", "coordinates": [-71.60580160206172, -38.85480040489406]}}, {"type": "Feature", "id": 1198, "properties": {"REGION": "LA ARAUCANÍA", "COMUNA": "MELIPEUCO", "NOMBRE": "ASOCIACION DE TURISMO MAPUCHE DE MELIPEUCO", "PUEBLO": "MAPUCHE"}, "geometry": {"type": "Point", "coordinates": [-71.7006236977485, -38.85494916495888]}}, {"type": "Feature", "id": 1199, "properties": {"REGION": "LA ARAUCANÍA", "COMUNA": "MELIPEUCO", "NOMBRE": "LEUFU KIYEN", "PUEBLO": "MAPUCHE"}, "geometry": {"type": "Point", "coordinates": [-71.50161855519717, -38.88727569198002]}}, {"type": "Feature", "id": 1200, "properties": {"REGION": "LA ARAUCANÍA", "COMUNA": "NUEVA IMPERIAL", "NOMBRE": "COMUNAL MAPUCHE DE NUEVA IMPERIAL", "PUEBLO": "MAPUCHE"}, "geometry": {"type": "Point", "coordinates": [-72.952926, -38.742375]}}, {"type": "Feature", "id": 1201, "properties": {"REGION": "LA ARAUCANÍA", "COMUNA": "NUEVA IMPERIAL", "NOMBRE": "ASOCIACION INDIGENA MELY NEHUEN", "PUEBLO": "MAPUCHE"}, "geometry": {"type": "Point", "coordinates": [-72.95296712028616, -38.74251341241655]}}, {"type": "Feature", "id": 1202, "properties": {"REGION": "LA ARAUCANÍA", "COMUNA": "NUEVA IMPERIAL", "NOMBRE": "WE RAYEN", "PUEBLO": "MAPUCHE"}, "geometry": {"type": "Point", "coordinates": [-72.88838498322265, -38.69049648697337]}}, {"type": "Feature", "id": 1203, "properties": {"REGION": "LA ARAUCANÍA", "COMUNA": "NUEVA IMPERIAL", "NOMBRE": "CAYUQUEO", "PUEBLO": "MAPUCHE"}, "geometry": {"type": "Point", "coordinates": [-72.87500979401476, -38.79366868886262]}}, {"type": "Feature", "id": 1204, "properties": {"REGION": "LA ARAUCANÍA", "COMUNA": "NUEVA IMPERIAL", "NOMBRE": "WECHOYUN", "PUEBLO": "MAPUCHE"}, "geometry": {"type": "Point", "coordinates": [-72.95368298699549, -38.75353964887488]}}, {"type": "Feature", "id": 1205, "properties": {"REGION": "LA ARAUCANÍA", "COMUNA": "NUEVA IMPERIAL", "NOMBRE": "MELI LONGKO", "PUEBLO": "MAPUCHE"}, "geometry": {"type": "Point", "coordinates": [-72.87507005291172, -38.7937520921974]}}, {"type": "Feature", "id": 1206, "properties": {"REGION": "LA ARAUCANÍA", "COMUNA": "NUEVA IMPERIAL", "NOMBRE": "LA VEGA", "PUEBLO": "MAPUCHE"}, "geometry": {"type": "Point", "coordinates": [-72.95302991785213, -38.74243310739315]}}, {"type": "Feature", "id": 1207, "properties": {"REGION": "LA ARAUCANÍA", "COMUNA": "NUEVA IMPERIAL", "NOMBRE": "ARENAS BLANCAS", "PUEBLO": "MAPUCHE"}, "geometry": {"type": "Point", "coordinates": [-72.8643483222768, -38.70473525885731]}}, {"type": "Feature", "id": 1208, "properties": {"REGION": "LA ARAUCANÍA", "COMUNA": "NUEVA IMPERIAL", "NOMBRE": "RAPA COILACO", "PUEBLO": "MAPUCHE"}, "geometry": {"type": "Point", "coordinates": [-72.83473333749477, -38.7836253257802]}}, {"type": "Feature", "id": 1209, "properties": {"REGION": "LA ARAUCANÍA", "COMUNA": "NUEVA IMPERIAL", "NOMBRE": "NIELAY MAPU", "PUEBLO": "MAPUCHE"}, "geometry": {"type": "Point", "coordinates": [-73.0714384613703, -38.80453799169402]}}, {"type": "Feature", "id": 1210, "properties": {"REGION": "LA ARAUCANÍA", "COMUNA": "NUEVA IMPERIAL", "NOMBRE": "LLANU MAWIZA", "PUEBLO": "MAPUCHE"}, "geometry": {"type": "Point", "coordinates": [-72.90465071903022, -38.67370767117577]}}, {"type": "Feature", "id": 1211, "properties": {"REGION": "LA ARAUCANÍA", "COMUNA": "NUEVA IMPERIAL", "NOMBRE": "COMUNIDADES MAPUCHES RAGÑINTULEUFU", "PUEBLO": "MAPUCHE"}, "geometry": {"type": "Point", "coordinates": [-72.8350600292073, -38.78379874909218]}}, {"type": "Feature", "id": 1212, "properties": {"REGION": "LA ARAUCANÍA", "COMUNA": "NUEVA IMPERIAL", "NOMBRE": "MAWUIZAKON", "PUEBLO": "MAPUCHE"}, "geometry": {"type": "Point", "coordinates": [-73.01393708128346, -38.83688209484017]}}, {"type": "Feature", "id": 1213, "properties": {"REGION": "LA ARAUCANÍA", "COMUNA": "NUEVA IMPERIAL", "NOMBRE": "WE DUWÜN", "PUEBLO": "MAPUCHE"}, "geometry": {"type": "Point", "coordinates": [-72.94685492748606, -38.73990073941361]}}, {"type": "Feature", "id": 1214, "properties": {"REGION": "LA ARAUCANÍA", "COMUNA": "NUEVA IMPERIAL", "NOMBRE": "LIENQUEO", "PUEBLO": "MAPUCHE"}, "geometry": {"type": "Point", "coordinates": [-72.87477746949075, -38.79376009749314]}}, {"type": "Feature", "id": 1215, "properties": {"REGION": "LA ARAUCANÍA", "COMUNA": "NUEVA IMPERIAL", "NOMBRE": "FALINCHE", "PUEBLO": "MAPUCHE"}, "geometry": {"type": "Point", "coordinates": [-72.95298521247356, -38.74287256351169]}}, {"type": "Feature", "id": 1216, "properties": {"REGION": "LA ARAUCANÍA", "COMUNA": "NUEVA IMPERIAL", "NOMBRE": "ALLN NEWEN", "PUEBLO": "MAPUCHE"}, "geometry": {"type": "Point", "coordinates": [-72.828962, -38.681877]}}, {"type": "Feature", "id": 1217, "properties": {"REGION": "LA ARAUCANÍA", "COMUNA": "NUEVA IMPERIAL", "NOMBRE": "LELIAN KVPALECI ANTV", "PUEBLO": "MAPUCHE"}, "geometry": {"type": "Point", "coordinates": [-72.914573, -38.804764]}}, {"type": "Feature", "id": 1218, "properties": {"REGION": "LA ARAUCANÍA", "COMUNA": "NUEVA IMPERIAL", "NOMBRE": "RENACER", "PUEBLO": "MAPUCHE"}, "geometry": {"type": "Point", "coordinates": [-72.914056, -38.854148]}}, {"type": "Feature", "id": 1219, "properties": {"REGION": "LA ARAUCANÍA", "COMUNA": "NUEVA IMPERIAL", "NOMBRE": "MAÑIO PUENTE NEGRO", "PUEBLO": "MAPUCHE"}, "geometry": {"type": "Point", "coordinates": [-73.04734842448715, -38.80479429325418]}}, {"type": "Feature", "id": 1220, "properties": {"REGION": "LA ARAUCANÍA", "COMUNA": "NUEVA IMPERIAL", "NOMBRE": "ÑIMI KAFE PU DOMO", "PUEBLO": "MAPUCHE"}, "geometry": {"type": "Point", "coordinates": [-72.832425, -38.762173]}}, {"type": "Feature", "id": 1221, "properties": {"REGION": "LA ARAUCANÍA", "COMUNA": "NUEVA IMPERIAL", "NOMBRE": "ASOCIACION INDIGENA NEWENTULEAIÑ", "PUEBLO": "MAPUCHE"}, "geometry": {"type": "Point", "coordinates": [-72.95689732373435, -38.74306923956421]}}, {"type": "Feature", "id": 1222, "properties": {"REGION": "LA ARAUCANÍA", "COMUNA": "NUEVA IMPERIAL", "NOMBRE": "NEHUEN MAPU 2", "PUEBLO": "MAPUCHE"}, "geometry": {"type": "Point", "coordinates": [-72.967018, -38.6335]}}, {"type": "Feature", "id": 1223, "properties": {"REGION": "LA ARAUCANÍA", "COMUNA": "NUEVA IMPERIAL", "NOMBRE": "ASOC. JOVENES MAPUCHE WIÑOL KIMVN", "PUEBLO": "MAPUCHE"}, "geometry": {"type": "Point", "coordinates": [-72.94273105882345, -38.751431330073]}}, {"type": "Feature", "id": 1224, "properties": {"REGION": "LA ARAUCANÍA", "COMUNA": "NUEVA IMPERIAL", "NOMBRE": "KAMOGUIEN HUINCUL ALTO", "PUEBLO": "MAPUCHE"}, "geometry": {"type": "Point", "coordinates": [-72.98302190471665, -38.78390094597107]}}, {"type": "Feature", "id": 1225, "properties": {"REGION": "LA ARAUCANÍA", "COMUNA": "NUEVA IMPERIAL", "NOMBRE": "ASOCIACION INDIGENA KOM KELLUWAYÜN", "PUEBLO": "MAPUCHE"}, "geometry": {"type": "Point", "coordinates": [-72.83496692868137, -38.78370786248884]}}, {"type": "Feature", "id": 1226, "properties": {"REGION": "LA ARAUCANÍA", "COMUNA": "NUEVA IMPERIAL", "NOMBRE": "WECHOYN MAPU", "PUEBLO": "MAPUCHE"}, "geometry": {"type": "Point", "coordinates": [-72.93709409211911, -38.88389824110084]}}, {"type": "Feature", "id": 1227, "properties": {"REGION": "LA ARAUCANÍA", "COMUNA": "NUEVA IMPERIAL", "NOMBRE": "MAPUCHE NEWEN", "PUEBLO": "MAPUCHE"}, "geometry": {"type": "Point", "coordinates": [-72.93687508614535, -38.88398345142437]}}, {"type": "Feature", "id": 1228, "properties": {"REGION": "LA ARAUCANÍA", "COMUNA": "NUEVA IMPERIAL", "NOMBRE": "KELY RAYEN", "PUEBLO": "MAPUCHE"}, "geometry": {"type": "Point", "coordinates": [-73.05682678718104, -38.81656931435874]}}, {"type": "Feature", "id": 1229, "properties": {"REGION": "LA ARAUCANÍA", "COMUNA": "NUEVA IMPERIAL", "NOMBRE": "DE MUJERES MAPUCHES JANEQUEO", "PUEBLO": "MAPUCHE"}, "geometry": {"type": "Point", "coordinates": [-72.94729625618797, -38.73813508172082]}}, {"type": "Feature", "id": 1230, "properties": {"REGION": "LA ARAUCANÍA", "COMUNA": "NUEVA IMPERIAL", "NOMBRE": "AMULEYN VIOLETAS", "PUEBLO": "MAPUCHE"}, "geometry": {"type": "Point", "coordinates": [-72.92649427558584, -38.73484835676886]}}, {"type": "Feature", "id": 1231, "properties": {"REGION": "LA ARAUCANÍA", "COMUNA": "NUEVA IMPERIAL", "NOMBRE": "PU LIWEN", "PUEBLO": "MAPUCHE"}, "geometry": {"type": "Point", "coordinates": [-72.95530628473237, -38.74224922155005]}}, {"type": "Feature", "id": 1232, "properties": {"REGION": "LA ARAUCANÍA", "COMUNA": "NUEVA IMPERIAL", "NOMBRE": "ANUN FILL TRAFQUINTUN", "PUEBLO": "MAPUCHE"}, "geometry": {"type": "Point", "coordinates": [-72.942221, -38.747396]}}, {"type": "Feature", "id": 1233, "properties": {"REGION": "LA ARAUCANÍA", "COMUNA": "NUEVA IMPERIAL", "NOMBRE": "KOM KELLUGLEAIN", "PUEBLO": "MAPUCHE"}, "geometry": {"type": "Point", "coordinates": [-72.83408625387936, -38.82962956284872]}}, {"type": "Feature", "id": 1234, "properties": {"REGION": "LA ARAUCANÍA", "COMUNA": "NUEVA IMPERIAL", "NOMBRE": "KOM KIÑEUN KUZAWKELEAIÑ", "PUEBLO": "MAPUCHE"}, "geometry": {"type": "Point", "coordinates": [-72.94551547327822, -38.73547773043469]}}, {"type": "Feature", "id": 1235, "properties": {"REGION": "LA ARAUCANÍA", "COMUNA": "NUEVA IMPERIAL", "NOMBRE": "WUITRAÑE LAMGEN", "PUEBLO": "MAPUCHE"}, "geometry": {"type": "Point", "coordinates": [-72.95318406854123, -38.7392320368985]}}, {"type": "Feature", "id": 1236, "properties": {"REGION": "LA ARAUCANÍA", "COMUNA": "NUEVA IMPERIAL", "NOMBRE": "MOGUEN MAPU NUEVA IMPERIAL", "PUEBLO": "MAPUCHE"}, "geometry": {"type": "Point", "coordinates": [-73.0713761478632, -38.74839603474811]}}, {"type": "Feature", "id": 1237, "properties": {"REGION": "LA ARAUCANÍA", "COMUNA": "NUEVA IMPERIAL", "NOMBRE": "BOROA FILULAWEN", "PUEBLO": "MAPUCHE"}, "geometry": {"type": "Point", "coordinates": [-72.889612, -38.836898]}}, {"type": "Feature", "id": 1238, "properties": {"REGION": "LA ARAUCANÍA", "COMUNA": "NUEVA IMPERIAL", "NOMBRE": "CHOYUM MAPU", "PUEBLO": "MAPUCHE"}, "geometry": {"type": "Point", "coordinates": [-72.95394224457391, -38.7429808149412]}}, {"type": "Feature", "id": 1239, "properties": {"REGION": "LA ARAUCANÍA", "COMUNA": "NUEVA IMPERIAL", "NOMBRE": "WE FOLIL CHE", "PUEBLO": "MAPUCHE"}, "geometry": {"type": "Point", "coordinates": [-72.94373398310778, -38.73603010540231]}}, {"type": "Feature", "id": 1240, "properties": {"REGION": "LA ARAUCANÍA", "COMUNA": "NUEVA IMPERIAL", "NOMBRE": "KÛME MOGEN", "PUEBLO": "MAPUCHE"}, "geometry": {"type": "Point", "coordinates": [-73.01319534834089, -38.69734870313579]}}, {"type": "Feature", "id": 1241, "properties": {"REGION": "LA ARAUCANÍA", "COMUNA": "NUEVA IMPERIAL", "NOMBRE": "CEMENTERIO ESTACIÓN BOROA", "PUEBLO": "MAPUCHE"}, "geometry": {"type": "Point", "coordinates": [-72.85451441543417, -38.77081506413943]}}, {"type": "Feature", "id": 1242, "properties": {"REGION": "LA ARAUCANÍA", "COMUNA": "NUEVA IMPERIAL", "NOMBRE": "KÛMEFELEN", "PUEBLO": "MAPUCHE"}, "geometry": {"type": "Point", "coordinates": [-72.9455279261124, -38.73450887122625]}}, {"type": "Feature", "id": 1243, "properties": {"REGION": "LA ARAUCANÍA", "COMUNA": "NUEVA IMPERIAL", "NOMBRE": "TXOKIÑ MAPU", "PUEBLO": "MAPUCHE"}, "geometry": {"type": "Point", "coordinates": [-72.94273040272525, -38.75142954581236]}}, {"type": "Feature", "id": 1244, "properties": {"REGION": "LA ARAUCANÍA", "COMUNA": "NUEVA IMPERIAL", "NOMBRE": "HELTUN KULA NEHUEN HUALACURA", "PUEBLO": "MAPUCHE"}, "geometry": {"type": "Point", "coordinates": [-72.98066598643159, -38.72417785484055]}}, {"type": "Feature", "id": 1245, "properties": {"REGION": "LA ARAUCANÍA", "COMUNA": "NUEVA IMPERIAL", "NOMBRE": "LEUFU CAUTIN", "PUEBLO": "MAPUCHE"}, "geometry": {"type": "Point", "coordinates": [-72.832339, -38.762282]}}, {"type": "Feature", "id": 1246, "properties": {"REGION": "LA ARAUCANÍA", "COMUNA": "NUEVA IMPERIAL", "NOMBRE": "WALLONTU WITRAL", "PUEBLO": "MAPUCHE"}, "geometry": {"type": "Point", "coordinates": [-72.832339, -38.762282]}}, {"type": "Feature", "id": 1247, "properties": {"REGION": "LA ARAUCANÍA", "COMUNA": "NUEVA IMPERIAL", "NOMBRE": "LOF KAYUPUL", "PUEBLO": "MAPUCHE"}, "geometry": {"type": "Point", "coordinates": [-73.069505, -38.705094]}}, {"type": "Feature", "id": 1248, "properties": {"REGION": "LA ARAUCANÍA", "COMUNA": "NUEVA IMPERIAL", "NOMBRE": "CEMENTERIO LIG.KUYUM", "PUEBLO": "MAPUCHE"}, "geometry": {"type": "Point", "coordinates": [-72.95863379999781, -38.8557881829496]}}, {"type": "Feature", "id": 1249, "properties": {"REGION": "LA ARAUCANÍA", "COMUNA": "NUEVA IMPERIAL", "NOMBRE": "ELTUN DE FIN FIN", "PUEBLO": "MAPUCHE"}, "geometry": {"type": "Point", "coordinates": [-72.80969551578391, -38.84190987459262]}}, {"type": "Feature", "id": 1250, "properties": {"REGION": "LA ARAUCANÍA", "COMUNA": "NUEVA IMPERIAL", "NOMBRE": "WE KIMUN", "PUEBLO": "MAPUCHE"}, "geometry": {"type": "Point", "coordinates": [-72.94355655846984, -38.73602995699895]}}, {"type": "Feature", "id": 1251, "properties": {"REGION": "LA ARAUCANÍA", "COMUNA": "NUEVA IMPERIAL", "NOMBRE": "KUIFI KIMUN", "PUEBLO": "MAPUCHE"}, "geometry": {"type": "Point", "coordinates": [-72.83241202797115, -38.76226145217898]}}, {"type": "Feature", "id": 1252, "properties": {"REGION": "LA ARAUCANÍA", "COMUNA": "NUEVA IMPERIAL", "NOMBRE": "XAFAZKINTUN SALTAPURA", "PUEBLO": "MAPUCHE"}, "geometry": {"type": "Point", "coordinates": [-72.93674069240505, -38.88425617108524]}}, {"type": "Feature", "id": 1253, "properties": {"REGION": "LA ARAUCANÍA", "COMUNA": "NUEVA IMPERIAL", "NOMBRE": "ELTUN HUEICHAQUEO", "PUEBLO": "MAPUCHE"}, "geometry": {"type": "Point", "coordinates": [-72.92405684702557, -38.66141994936399]}}, {"type": "Feature", "id": 1254, "properties": {"REGION": "LA ARAUCANÍA", "COMUNA": "NUEVA IMPERIAL", "NOMBRE": "KUSIWE - CHE", "PUEBLO": "MAPUCHE"}, "geometry": {"type": "Point", "coordinates": [-73.02439236383563, -38.66885593764241]}}, {"type": "Feature", "id": 1255, "properties": {"REGION": "LA ARAUCANÍA", "COMUNA": "NUEVA IMPERIAL", "NOMBRE": "ELTUN MELI LOF PELECO", "PUEBLO": "MAPUCHE"}, "geometry": {"type": "Point", "coordinates": [-72.97978723524632, -38.81930936053364]}}, {"type": "Feature", "id": 1256, "properties": {"REGION": "LA ARAUCANÍA", "COMUNA": "NUEVA IMPERIAL", "NOMBRE": "ELTUN DE NENOCO", "PUEBLO": "MAPUCHE"}, "geometry": {"type": "Point", "coordinates": [-72.99890138440787, -38.82608972576981]}}, {"type": "Feature", "id": 1257, "properties": {"REGION": "LA ARAUCANÍA", "COMUNA": "NUEVA IMPERIAL", "NOMBRE": "EL TUN CODIHUE RINCON", "PUEBLO": "MAPUCHE"}, "geometry": {"type": "Point", "coordinates": [-73.0317629632546, -38.65747906214859]}}, {"type": "Feature", "id": 1258, "properties": {"REGION": "LA ARAUCANÍA", "COMUNA": "NUEVA IMPERIAL", "NOMBRE": "ELTUN PIDENCO", "PUEBLO": "MAPUCHE"}, "geometry": {"type": "Point", "coordinates": [-73.06079620621466, -38.68994483940385]}}, {"type": "Feature", "id": 1259, "properties": {"REGION": "LA ARAUCANÍA", "COMUNA": "NUEVA IMPERIAL", "NOMBRE": "CEMENTERIO RANQUILCO ALTO", "PUEBLO": "MAPUCHE"}, "geometry": {"type": "Point", "coordinates": [-73.01822838937692, -38.69520592539987]}}, {"type": "Feature", "id": 1260, "properties": {"REGION": "LA ARAUCANÍA", "COMUNA": "NUEVA IMPERIAL", "NOMBRE": "ELTUN CARDAL", "PUEBLO": "MAPUCHE"}, "geometry": {"type": "Point", "coordinates": [-73.060579384925, -38.75110912590966]}}, {"type": "Feature", "id": 1261, "properties": {"REGION": "LA ARAUCANÍA", "COMUNA": "NUEVA IMPERIAL", "NOMBRE": "KUME MONGEN", "PUEBLO": "MAPUCHE"}, "geometry": {"type": "Point", "coordinates": [-72.93951993764001, -38.75273541780957]}}, {"type": "Feature", "id": 1262, "properties": {"REGION": "LA ARAUCANÍA", "COMUNA": "NUEVA IMPERIAL", "NOMBRE": "WE NEWEN", "PUEBLO": "MAPUCHE"}, "geometry": {"type": "Point", "coordinates": [-72.94479771548426, -38.75133147393229]}}, {"type": "Feature", "id": 1263, "properties": {"REGION": "LA ARAUCANÍA", "COMUNA": "NUEVA IMPERIAL", "NOMBRE": "RAYEN TUKUKAN", "PUEBLO": "MAPUCHE"}, "geometry": {"type": "Point", "coordinates": [-72.98066997913331, -38.7241839977521]}}, {"type": "Feature", "id": 1264, "properties": {"REGION": "LA ARAUCANÍA", "COMUNA": "NUEVA IMPERIAL", "NOMBRE": "ELTUN CATRIANCHE", "PUEBLO": "MAPUCHE"}, "geometry": {"type": "Point", "coordinates": [-72.96069638107134, -38.6988977184788]}}, {"type": "Feature", "id": 1265, "properties": {"REGION": "LA ARAUCANÍA", "COMUNA": "NUEVA IMPERIAL", "NOMBRE": "TRAWUNKO", "PUEBLO": "MAPUCHE"}, "geometry": {"type": "Point", "coordinates": [-72.83241201997085, -38.76225999601913]}}, {"type": "Feature", "id": 1266, "properties": {"REGION": "LA ARAUCANÍA", "COMUNA": "NUEVA IMPERIAL", "NOMBRE": "RANINTULEUFU", "PUEBLO": "MAPUCHE"}, "geometry": {"type": "Point", "coordinates": [-72.87490735314434, -38.79373808098956]}}, {"type": "Feature", "id": 1267, "properties": {"REGION": "LA ARAUCANÍA", "COMUNA": "NUEVA IMPERIAL", "NOMBRE": "CEMENTERIO TRAPICO GRANDE", "PUEBLO": "MAPUCHE"}, "geometry": {"type": "Point", "coordinates": [-72.97076467279437, -38.66832903858963]}}, {"type": "Feature", "id": 1268, "properties": {"REGION": "LA ARAUCANÍA", "COMUNA": "NUEVA IMPERIAL", "NOMBRE": "ELTUN EL PERAL", "PUEBLO": "MAPUCHE"}, "geometry": {"type": "Point", "coordinates": [-72.9143336086992, -38.70277335351782]}}, {"type": "Feature", "id": 1269, "properties": {"REGION": "LA ARAUCANÍA", "COMUNA": "NUEVA IMPERIAL", "NOMBRE": "NEWENTULEUFU INALTU CHOL - CHOL", "PUEBLO": "MAPUCHE"}, "geometry": {"type": "Point", "coordinates": [-72.98066314363155, -38.72419467713623]}}, {"type": "Feature", "id": 1270, "properties": {"REGION": "LA ARAUCANÍA", "COMUNA": "NUEVA IMPERIAL", "NOMBRE": "KECHU LOF", "PUEBLO": "MAPUCHE"}, "geometry": {"type": "Point", "coordinates": [-72.98201456771018, -38.81568401469164]}}, {"type": "Feature", "id": 1271, "properties": {"REGION": "LA ARAUCANÍA", "COMUNA": "NUEVA IMPERIAL", "NOMBRE": "ELTUN LOF CUDICO", "PUEBLO": "MAPUCHE"}, "geometry": {"type": "Point", "coordinates": [-73.0550774049222, -38.81856553389304]}}, {"type": "Feature", "id": 1272, "properties": {"REGION": "LA ARAUCANÍA", "COMUNA": "NUEVA IMPERIAL", "NOMBRE": "ELTUN KECHU LOF SALTA PURA", "PUEBLO": "MAPUCHE"}, "geometry": {"type": "Point", "coordinates": [-72.92907237441834, -38.88121341974286]}}, {"type": "Feature", "id": 1273, "properties": {"REGION": "LA ARAUCANÍA", "COMUNA": "NUEVA IMPERIAL", "NOMBRE": "ELTUN ALWE MAPU DE HUALACURA", "PUEBLO": "MAPUCHE"}, "geometry": {"type": "Point", "coordinates": [-72.98271371094135, -38.71985158330353]}}, {"type": "Feature", "id": 1274, "properties": {"REGION": "LA ARAUCANÍA", "COMUNA": "NUEVA IMPERIAL", "NOMBRE": "CHIÑOFCUE ÑI PALIN", "PUEBLO": "MAPUCHE"}, "geometry": {"type": "Point", "coordinates": [-72.86870585165218, -38.69780038136808]}}, {"type": "Feature", "id": 1275, "properties": {"REGION": "LA ARAUCANÍA", "COMUNA": "NUEVA IMPERIAL", "NOMBRE": "ELTUN LLANCAHUE", "PUEBLO": "MAPUCHE"}, "geometry": {"type": "Point", "coordinates": [-73.01027691024836, -38.81628213528938]}}, {"type": "Feature", "id": 1276, "properties": {"REGION": "LA ARAUCANÍA", "COMUNA": "NUEVA IMPERIAL", "NOMBRE": "MELI WAYOM MAPU FIN FIN", "PUEBLO": "MAPUCHE"}, "geometry": {"type": "Point", "coordinates": [-72.80943525488243, -38.84218164579437]}}, {"type": "Feature", "id": 1277, "properties": {"REGION": "LA ARAUCANÍA", "COMUNA": "NUEVA IMPERIAL", "NOMBRE": "CONSEJO DE LONKO DE NUEVA IMPERIAL", "PUEBLO": "MAPUCHE"}, "geometry": {"type": "Point", "coordinates": [-72.86435242906745, -38.7047599951543]}}, {"type": "Feature", "id": 1278, "properties": {"REGION": "LA ARAUCANÍA", "COMUNA": "NUEVA IMPERIAL", "NOMBRE": "CEMENTERIO PICHIHUE", "PUEBLO": "MAPUCHE"}, "geometry": {"type": "Point", "coordinates": [-73.01044286762531, -38.8609654217062]}}, {"type": "Feature", "id": 1279, "properties": {"REGION": "LA ARAUCANÍA", "COMUNA": "NUEVA IMPERIAL", "NOMBRE": "ELTUN CUSACO", "PUEBLO": "MAPUCHE"}, "geometry": {"type": "Point", "coordinates": [-72.86175239385013, -38.71164192321791]}}, {"type": "Feature", "id": 1280, "properties": {"REGION": "LA ARAUCANÍA", "COMUNA": "NUEVA IMPERIAL", "NOMBRE": "WIÑOL KIMÜN", "PUEBLO": "MAPUCHE"}, "geometry": {"type": "Point", "coordinates": [-72.947777, -38.735264]}}, {"type": "Feature", "id": 1281, "properties": {"REGION": "LA ARAUCANÍA", "COMUNA": "NUEVA IMPERIAL", "NOMBRE": "CEMENTERIO MAÑIO DUCAÑAN", "PUEBLO": "MAPUCHE"}, "geometry": {"type": "Point", "coordinates": [-73.03030044413153, -38.84124448292581]}}, {"type": "Feature", "id": 1282, "properties": {"REGION": "LA ARAUCANÍA", "COMUNA": "NUEVA IMPERIAL", "NOMBRE": "CEMENTERIO QUILACO", "PUEBLO": "MAPUCHE"}, "geometry": {"type": "Point", "coordinates": [-72.90898430078987, -38.85381690030916]}}, {"type": "Feature", "id": 1283, "properties": {"REGION": "LA ARAUCANÍA", "COMUNA": "NUEVA IMPERIAL", "NOMBRE": "LOF FORROWE", "PUEBLO": "MAPUCHE"}, "geometry": {"type": "Point", "coordinates": [-72.88517247716564, -38.80811348014705]}}, {"type": "Feature", "id": 1284, "properties": {"REGION": "LA ARAUCANÍA", "COMUNA": "NUEVA IMPERIAL", "NOMBRE": "AMULEPE PEÜMA", "PUEBLO": "MAPUCHE"}, "geometry": {"type": "Point", "coordinates": [-72.946349, -38.75192]}}, {"type": "Feature", "id": 1285, "properties": {"REGION": "LA ARAUCANÍA", "COMUNA": "NUEVA IMPERIAL", "NOMBRE": "NEWEN ANTÜ", "PUEBLO": "MAPUCHE"}, "geometry": {"type": "Point", "coordinates": [-72.9432942130112, -38.7373719614684]}}, {"type": "Feature", "id": 1286, "properties": {"REGION": "LA ARAUCANÍA", "COMUNA": "NUEVA IMPERIAL", "NOMBRE": "ELTUN MOLCO BAJO - TRABLA MAÑIO", "PUEBLO": "MAPUCHE"}, "geometry": {"type": "Point", "coordinates": [-73.07125182723814, -38.84680002220087]}}, {"type": "Feature", "id": 1287, "properties": {"REGION": "LA ARAUCANÍA", "COMUNA": "NUEVA IMPERIAL", "NOMBRE": "ELTUN PEGUCHE", "PUEBLO": "MAPUCHE"}, "geometry": {"type": "Point", "coordinates": [-72.954639, -38.654374]}}, {"type": "Feature", "id": 1288, "properties": {"REGION": "LA ARAUCANÍA", "COMUNA": "NUEVA IMPERIAL", "NOMBRE": "PALIFE RANQUIL-KO", "PUEBLO": "MAPUCHE"}, "geometry": {"type": "Point", "coordinates": [-73.01319857177991, -38.69733555027358]}}, {"type": "Feature", "id": 1289, "properties": {"REGION": "LA ARAUCANÍA", "COMUNA": "NUEVA IMPERIAL", "NOMBRE": "CLUB DE PALIN BOLONTO", "PUEBLO": "MAPUCHE"}, "geometry": {"type": "Point", "coordinates": [-72.89774393736977, -38.88903799127078]}}, {"type": "Feature", "id": 1290, "properties": {"REGION": "LA ARAUCANÍA", "COMUNA": "NUEVA IMPERIAL", "NOMBRE": "ELTUN MOLCO PELECO", "PUEBLO": "MAPUCHE"}, "geometry": {"type": "Point", "coordinates": [-72.980531, -38.819166]}}, {"type": "Feature", "id": 1291, "properties": {"REGION": "LA ARAUCANÍA", "COMUNA": "NUEVA IMPERIAL", "NOMBRE": "PALIFE LA RINCONADA", "PUEBLO": "MAPUCHE"}, "geometry": {"type": "Point", "coordinates": [-72.86870409656014, -38.69780182602312]}}, {"type": "Feature", "id": 1292, "properties": {"REGION": "LA ARAUCANÍA", "COMUNA": "NUEVA IMPERIAL", "NOMBRE": "LOF MELI LONKO NGLLATUWE HUINCUL ALTO", "PUEBLO": "MAPUCHE"}, "geometry": {"type": "Point", "coordinates": [-72.99019052369715, -38.78539641261958]}}, {"type": "Feature", "id": 1293, "properties": {"REGION": "LA ARAUCANÍA", "COMUNA": "NUEVA IMPERIAL", "NOMBRE": "WE - KINTÚN", "PUEBLO": "MAPUCHE"}, "geometry": {"type": "Point", "coordinates": [-72.94356750354065, -38.73307705082768]}}, {"type": "Feature", "id": 1294, "properties": {"REGION": "LA ARAUCANÍA", "COMUNA": "NUEVA IMPERIAL", "NOMBRE": "URBANA WITXAPÜRAM", "PUEBLO": "MAPUCHE"}, "geometry": {"type": "Point", "coordinates": [-72.94322877935316, -38.73429645069584]}}, {"type": "Feature", "id": 1295, "properties": {"REGION": "LA ARAUCANÍA", "COMUNA": "NUEVA IMPERIAL", "NOMBRE": "ELTUN LOF RENGALIL", "PUEBLO": "MAPUCHE"}, "geometry": {"type": "Point", "coordinates": [-72.8102270956704, -38.76876760574154]}}, {"type": "Feature", "id": 1296, "properties": {"REGION": "LA ARAUCANÍA", "COMUNA": "NUEVA IMPERIAL", "NOMBRE": "KILLEÑ MAPU MAÑIO PICHIHUE", "PUEBLO": "MAPUCHE"}, "geometry": {"type": "Point", "coordinates": [-73.02111315058544, -38.85582809812276]}}, {"type": "Feature", "id": 1297, "properties": {"REGION": "LA ARAUCANÍA", "COMUNA": "NUEVA IMPERIAL", "NOMBRE": "ZOMO INALTU LEUFÜ", "PUEBLO": "MAPUCHE"}, "geometry": {"type": "Point", "coordinates": [-73.08003264188815, -38.7177775429372]}}, {"type": "Feature", "id": 1298, "properties": {"REGION": "LA ARAUCANÍA", "COMUNA": "NUEVA IMPERIAL", "NOMBRE": "NEWEN ZOMO DE CARAHUITO", "PUEBLO": "MAPUCHE"}, "geometry": {"type": "Point", "coordinates": [-72.87469183302942, -38.79375126104259]}}, {"type": "Feature", "id": 1299, "properties": {"REGION": "LA ARAUCANÍA", "COMUNA": "NUEVA IMPERIAL", "NOMBRE": "PALIFE DE PATRAHUE", "PUEBLO": "MAPUCHE"}, "geometry": {"type": "Point", "coordinates": [-72.88225131265843, -38.86680463255223]}}, {"type": "Feature", "id": 1300, "properties": {"REGION": "LA ARAUCANÍA", "COMUNA": "NUEVA IMPERIAL", "NOMBRE": "KOYAUTU", "PUEBLO": "MAPUCHE"}, "geometry": {"type": "Point", "coordinates": [-72.9505518030169, -38.74461358649735]}}, {"type": "Feature", "id": 1301, "properties": {"REGION": "LA ARAUCANÍA", "COMUNA": "NUEVA IMPERIAL", "NOMBRE": "PALIFE QUILACO", "PUEBLO": "MAPUCHE"}, "geometry": {"type": "Point", "coordinates": [-72.91405289458805, -38.85413929150707]}}, {"type": "Feature", "id": 1302, "properties": {"REGION": "LA ARAUCANÍA", "COMUNA": "NUEVA IMPERIAL", "NOMBRE": "HORTALICEROS Y FRUTICULTORES \"KUME MOGEN\"", "PUEBLO": "MAPUCHE"}, "geometry": {"type": "Point", "coordinates": [-72.94273508582572, -38.75143163758356]}}, {"type": "Feature", "id": 1303, "properties": {"REGION": "LA ARAUCANÍA", "COMUNA": "NUEVA IMPERIAL", "NOMBRE": "ELTÚN HUANACO HUENCHUN", "PUEBLO": "MAPUCHE"}, "geometry": {"type": "Point", "coordinates": [-73.07947038676087, -38.7282048753052]}}, {"type": "Feature", "id": 1304, "properties": {"REGION": "LA ARAUCANÍA", "COMUNA": "PADRE LAS CASAS", "NOMBRE": "CENTROS DE SERVICIOS COMUNITARIOS DE MAQUEHUE", "PUEBLO": "MAPUCHE"}, "geometry": {"type": "Point", "coordinates": [-72.70878580608336, -38.78596407274628]}}, {"type": "Feature", "id": 1305, "properties": {"REGION": "LA ARAUCANÍA", "COMUNA": "PADRE LAS CASAS", "NOMBRE": "CENTRO SERVICIO COMUNITARIO LA ESPERANZA", "PUEBLO": "MAPUCHE"}, "geometry": {"type": "Point", "coordinates": [-72.686719, -38.803867]}}, {"type": "Feature", "id": 1306, "properties": {"REGION": "LA ARAUCANÍA", "COMUNA": "PADRE LAS CASAS", "NOMBRE": "MONO PAINE", "PUEBLO": "MAPUCHE"}, "geometry": {"type": "Point", "coordinates": [-72.686719, -38.803867]}}, {"type": "Feature", "id": 1307, "properties": {"REGION": "LA ARAUCANÍA", "COMUNA": "PADRE LAS CASAS", "NOMBRE": "ASOCIACION INDIGENA \"FOLILCO\"CHAPOD\"", "PUEBLO": "MAPUCHE"}, "geometry": {"type": "Point", "coordinates": [-72.70940387386676, -38.7986133990694]}}, {"type": "Feature", "id": 1308, "properties": {"REGION": "LA ARAUCANÍA", "COMUNA": "PADRE LAS CASAS", "NOMBRE": "RAYEN FOKI", "PUEBLO": "MAPUCHE"}, "geometry": {"type": "Point", "coordinates": [-72.73977939415043, -38.82409378336655]}}, {"type": "Feature", "id": 1309, "properties": {"REGION": "LA ARAUCANÍA", "COMUNA": "PADRE LAS CASAS", "NOMBRE": "HUICHILCO", "PUEBLO": "MAPUCHE"}, "geometry": {"type": "Point", "coordinates": [-72.73977939415043, -38.82409378336655]}}, {"type": "Feature", "id": 1310, "properties": {"REGION": "LA ARAUCANÍA", "COMUNA": "PADRE LAS CASAS", "NOMBRE": "WE TRI-PAN ANTU", "PUEBLO": "MAPUCHE"}, "geometry": {"type": "Point", "coordinates": [-72.57919003458126, -38.85016276156188]}}, {"type": "Feature", "id": 1311, "properties": {"REGION": "LA ARAUCANÍA", "COMUNA": "PADRE LAS CASAS", "NOMBRE": "AGROCOMERCIAL PRODUCTIVA", "PUEBLO": "MAPUCHE"}, "geometry": {"type": "Point", "coordinates": [-72.57919003458126, -38.85016276156188]}}, {"type": "Feature", "id": 1312, "properties": {"REGION": "LA ARAUCANÍA", "COMUNA": "PADRE LAS CASAS", "NOMBRE": "LA PAZ", "PUEBLO": "MAPUCHE"}, "geometry": {"type": "Point", "coordinates": [-72.57919003458126, -38.85016276156188]}}, {"type": "Feature", "id": 1313, "properties": {"REGION": "LA ARAUCANÍA", "COMUNA": "PADRE LAS CASAS", "NOMBRE": "ASOCIACION INDIGENA \"COYAM LAHUEM\"", "PUEBLO": "MAPUCHE"}, "geometry": {"type": "Point", "coordinates": [-72.52638771131427, -38.85678835776395]}}, {"type": "Feature", "id": 1314, "properties": {"REGION": "LA ARAUCANÍA", "COMUNA": "PADRE LAS CASAS", "NOMBRE": "FOYE LAHUEN", "PUEBLO": "MAPUCHE"}, "geometry": {"type": "Point", "coordinates": [-72.52638771131427, -38.85678835776395]}}, {"type": "Feature", "id": 1315, "properties": {"REGION": "LA ARAUCANÍA", "COMUNA": "PADRE LAS CASAS", "NOMBRE": "ASOCIACION INDIGENA MOLCO", "PUEBLO": "MAPUCHE"}, "geometry": {"type": "Point", "coordinates": [-72.76697915601679, -38.7817990715266]}}, {"type": "Feature", "id": 1316, "properties": {"REGION": "LA ARAUCANÍA", "COMUNA": "PADRE LAS CASAS", "NOMBRE": "RAPA MAQUEHUE", "PUEBLO": "MAPUCHE"}, "geometry": {"type": "Point", "coordinates": [-72.6594403315636, -38.77131077140621]}}, {"type": "Feature", "id": 1317, "properties": {"REGION": "LA ARAUCANÍA", "COMUNA": "PADRE LAS CASAS", "NOMBRE": "ASOCIACION INDIGENA AUKATRAWE", "PUEBLO": "MAPUCHE"}, "geometry": {"type": "Point", "coordinates": [-72.6643496263729, -38.80084869205274]}}, {"type": "Feature", "id": 1318, "properties": {"REGION": "LA ARAUCANÍA", "COMUNA": "PADRE LAS CASAS", "NOMBRE": "ÑIRRIMAPU", "PUEBLO": "MAPUCHE"}, "geometry": {"type": "Point", "coordinates": [-72.6643496263729, -38.80084869205274]}}, {"type": "Feature", "id": 1319, "properties": {"REGION": "LA ARAUCANÍA", "COMUNA": "PADRE LAS CASAS", "NOMBRE": "MAPU LAWEN TERRITORIAL MAQUEHUE", "PUEBLO": "MAPUCHE"}, "geometry": {"type": "Point", "coordinates": [-72.6643496263729, -38.80084869205274]}}, {"type": "Feature", "id": 1320, "properties": {"REGION": "LA ARAUCANÍA", "COMUNA": "PADRE LAS CASAS", "NOMBRE": "ASOCIACION MAPUCHE PARA LA SALUD MAKEWE-PELALE, EX ASOCIACION INDIGENA PARA LA SALUD DE MAQUEHUE PELALE", "PUEBLO": "MAPUCHE"}, "geometry": {"type": "Point", "coordinates": [-72.693467829499, -38.83138029354584]}}, {"type": "Feature", "id": 1321, "properties": {"REGION": "LA ARAUCANÍA", "COMUNA": "PADRE LAS CASAS", "NOMBRE": "LIFKO", "PUEBLO": "MAPUCHE"}, "geometry": {"type": "Point", "coordinates": [-72.77577003961474, -38.83213769539818]}}, {"type": "Feature", "id": 1322, "properties": {"REGION": "LA ARAUCANÍA", "COMUNA": "PADRE LAS CASAS", "NOMBRE": "RAYEN MAPU", "PUEBLO": "MAPUCHE"}, "geometry": {"type": "Point", "coordinates": [-72.66393859127636, -38.8171244191197]}}, {"type": "Feature", "id": 1323, "properties": {"REGION": "LA ARAUCANÍA", "COMUNA": "PADRE LAS CASAS", "NOMBRE": "PELEHUE", "PUEBLO": "MAPUCHE"}, "geometry": {"type": "Point", "coordinates": [-72.55597557326168, -38.83641875757328]}}, {"type": "Feature", "id": 1324, "properties": {"REGION": "LA ARAUCANÍA", "COMUNA": "PADRE LAS CASAS", "NOMBRE": "WE PELEHUE", "PUEBLO": "MAPUCHE"}, "geometry": {"type": "Point", "coordinates": [-72.55597557326168, -38.83641875757328]}}, {"type": "Feature", "id": 1325, "properties": {"REGION": "LA ARAUCANÍA", "COMUNA": "PADRE LAS CASAS", "NOMBRE": "ELTUN SANTA ROSA", "PUEBLO": "MAPUCHE"}, "geometry": {"type": "Point", "coordinates": [-72.49704802642275, -38.83153961043216]}}, {"type": "Feature", "id": 1326, "properties": {"REGION": "LA ARAUCANÍA", "COMUNA": "PADRE LAS CASAS", "NOMBRE": "ASOCIACION INDIGENA \"RAÑIN TUKO\"", "PUEBLO": "MAPUCHE"}, "geometry": {"type": "Point", "coordinates": [-72.44606061100248, -38.7242165453423]}}, {"type": "Feature", "id": 1327, "properties": {"REGION": "LA ARAUCANÍA", "COMUNA": "PADRE LAS CASAS", "NOMBRE": "TRAYENCO", "PUEBLO": "MAPUCHE"}, "geometry": {"type": "Point", "coordinates": [-72.5970828926796, -38.76216906648126]}}, {"type": "Feature", "id": 1328, "properties": {"REGION": "LA ARAUCANÍA", "COMUNA": "PADRE LAS CASAS", "NOMBRE": "KA KINTUN", "PUEBLO": "MAPUCHE"}, "geometry": {"type": "Point", "coordinates": [-72.636158, -38.805138]}}, {"type": "Feature", "id": 1329, "properties": {"REGION": "LA ARAUCANÍA", "COMUNA": "PADRE LAS CASAS", "NOMBRE": "ANUMKAN RAYIEN", "PUEBLO": "MAPUCHE"}, "geometry": {"type": "Point", "coordinates": [-72.59048611858968, -38.80109634837408]}}, {"type": "Feature", "id": 1330, "properties": {"REGION": "LA ARAUCANÍA", "COMUNA": "PADRE LAS CASAS", "NOMBRE": "AMULEY", "PUEBLO": "MAPUCHE"}, "geometry": {"type": "Point", "coordinates": [-72.62242876215039, -38.79470147080328]}}, {"type": "Feature", "id": 1331, "properties": {"REGION": "LA ARAUCANÍA", "COMUNA": "PADRE LAS CASAS", "NOMBRE": "FUTACO", "PUEBLO": "MAPUCHE"}, "geometry": {"type": "Point", "coordinates": [-72.62242876215039, -38.79470147080328]}}, {"type": "Feature", "id": 1332, "properties": {"REGION": "LA ARAUCANÍA", "COMUNA": "PADRE LAS CASAS", "NOMBRE": "WECHE RUKA", "PUEBLO": "MAPUCHE"}, "geometry": {"type": "Point", "coordinates": [-72.493515, -38.845306]}}, {"type": "Feature", "id": 1333, "properties": {"REGION": "LA ARAUCANÍA", "COMUNA": "PADRE LAS CASAS", "NOMBRE": "SOCIAL PRODUCTIVA E INTERCULTURAL FOLIL NEWEN HUICHAHUE", "PUEBLO": "MAPUCHE"}, "geometry": {"type": "Point", "coordinates": [-72.493515, -38.845306]}}, {"type": "Feature", "id": 1334, "properties": {"REGION": "LA ARAUCANÍA", "COMUNA": "PADRE LAS CASAS", "NOMBRE": "KUMU WENUY", "PUEBLO": "MAPUCHE"}, "geometry": {"type": "Point", "coordinates": [-72.60299965114439, -38.81555927561308]}}, {"type": "Feature", "id": 1335, "properties": {"REGION": "LA ARAUCANÍA", "COMUNA": "PADRE LAS CASAS", "NOMBRE": "HUENCHUÑIR", "PUEBLO": "MAPUCHE"}, "geometry": {"type": "Point", "coordinates": [-72.60299965114439, -38.81555927561308]}}, {"type": "Feature", "id": 1336, "properties": {"REGION": "LA ARAUCANÍA", "COMUNA": "PADRE LAS CASAS", "NOMBRE": "LA RINCONADA", "PUEBLO": "MAPUCHE"}, "geometry": {"type": "Point", "coordinates": [-72.60299965114439, -38.81555927561308]}}, {"type": "Feature", "id": 1337, "properties": {"REGION": "LA ARAUCANÍA", "COMUNA": "PADRE LAS CASAS", "NOMBRE": "HUAIPICHE DE PUMALAL", "PUEBLO": "MAPUCHE"}, "geometry": {"type": "Point", "coordinates": [-72.60299965114439, -38.81555927561308]}}, {"type": "Feature", "id": 1338, "properties": {"REGION": "LA ARAUCANÍA", "COMUNA": "PADRE LAS CASAS", "NOMBRE": "MUKU", "PUEBLO": "MAPUCHE"}, "geometry": {"type": "Point", "coordinates": [-72.60299965114439, -38.81555927561308]}}, {"type": "Feature", "id": 1339, "properties": {"REGION": "LA ARAUCANÍA", "COMUNA": "PADRE LAS CASAS", "NOMBRE": "KARRII MAPU", "PUEBLO": "MAPUCHE"}, "geometry": {"type": "Point", "coordinates": [-72.49564503098298, -38.834055100822]}}, {"type": "Feature", "id": 1340, "properties": {"REGION": "LA ARAUCANÍA", "COMUNA": "PADRE LAS CASAS", "NOMBRE": "KELLEN MAPU", "PUEBLO": "MAPUCHE"}, "geometry": {"type": "Point", "coordinates": [-72.658478, -38.830669]}}, {"type": "Feature", "id": 1341, "properties": {"REGION": "LA ARAUCANÍA", "COMUNA": "PADRE LAS CASAS", "NOMBRE": "FOYE MALLIN", "PUEBLO": "MAPUCHE"}, "geometry": {"type": "Point", "coordinates": [-72.658478, -38.830669]}}, {"type": "Feature", "id": 1342, "properties": {"REGION": "LA ARAUCANÍA", "COMUNA": "PADRE LAS CASAS", "NOMBRE": "DE MUJERES MAPUCHE PUEL MAPU", "PUEBLO": "MAPUCHE"}, "geometry": {"type": "Point", "coordinates": [-72.540284, -38.821922]}}, {"type": "Feature", "id": 1343, "properties": {"REGION": "LA ARAUCANÍA", "COMUNA": "PADRE LAS CASAS", "NOMBRE": "WE PEÑI", "PUEBLO": "MAPUCHE"}, "geometry": {"type": "Point", "coordinates": [-72.540284, -38.821922]}}, {"type": "Feature", "id": 1344, "properties": {"REGION": "LA ARAUCANÍA", "COMUNA": "PADRE LAS CASAS", "NOMBRE": "ASOSIACION INDIGENA RAYEN MAPU", "PUEBLO": "MAPUCHE"}, "geometry": {"type": "Point", "coordinates": [-72.50326410814627, -38.8335780053823]}}, {"type": "Feature", "id": 1345, "properties": {"REGION": "LA ARAUCANÍA", "COMUNA": "PADRE LAS CASAS", "NOMBRE": "LLANKA", "PUEBLO": "MAPUCHE"}, "geometry": {"type": "Point", "coordinates": [-72.50326410814627, -38.8335780053823]}}, {"type": "Feature", "id": 1346, "properties": {"REGION": "LA ARAUCANÍA", "COMUNA": "PADRE LAS CASAS", "NOMBRE": "APICULTORES COCHY RAYEN", "PUEBLO": "MAPUCHE"}, "geometry": {"type": "Point", "coordinates": [-72.77664038970967, -38.80136098187406]}}, {"type": "Feature", "id": 1347, "properties": {"REGION": "LA ARAUCANÍA", "COMUNA": "PADRE LAS CASAS", "NOMBRE": "WE-MOGEN", "PUEBLO": "MAPUCHE"}, "geometry": {"type": "Point", "coordinates": [-72.77664038970967, -38.80136098187406]}}, {"type": "Feature", "id": 1348, "properties": {"REGION": "LA ARAUCANÍA", "COMUNA": "PADRE LAS CASAS", "NOMBRE": "RAÑINTU LEUFU", "PUEBLO": "MAPUCHE"}, "geometry": {"type": "Point", "coordinates": [-72.53955041357736, -38.85945531157591]}}, {"type": "Feature", "id": 1349, "properties": {"REGION": "LA ARAUCANÍA", "COMUNA": "PADRE LAS CASAS", "NOMBRE": "NEHUEN FOLLIL", "PUEBLO": "MAPUCHE"}, "geometry": {"type": "Point", "coordinates": [-72.65094836939116, -38.80248151661165]}}, {"type": "Feature", "id": 1350, "properties": {"REGION": "LA ARAUCANÍA", "COMUNA": "PADRE LAS CASAS", "NOMBRE": "PICHICO", "PUEBLO": "MAPUCHE"}, "geometry": {"type": "Point", "coordinates": [-72.50984402, -38.73238192]}}, {"type": "Feature", "id": 1351, "properties": {"REGION": "LA ARAUCANÍA", "COMUNA": "PADRE LAS CASAS", "NOMBRE": "ARAUCO DE KULTRUNKO", "PUEBLO": "MAPUCHE"}, "geometry": {"type": "Point", "coordinates": [-72.44508902860872, -38.74246936285591]}}, {"type": "Feature", "id": 1352, "properties": {"REGION": "LA ARAUCANÍA", "COMUNA": "PADRE LAS CASAS", "NOMBRE": "ULCHA-MAPU / RAHUE", "PUEBLO": "MAPUCHE"}, "geometry": {"type": "Point", "coordinates": [-72.42578666790729, -38.73054159048377]}}, {"type": "Feature", "id": 1353, "properties": {"REGION": "LA ARAUCANÍA", "COMUNA": "PADRE LAS CASAS", "NOMBRE": "CODIHUE CHICO", "PUEBLO": "MAPUCHE"}, "geometry": {"type": "Point", "coordinates": [-72.5988243939185, -38.83705344240323]}}, {"type": "Feature", "id": 1354, "properties": {"REGION": "LA ARAUCANÍA", "COMUNA": "PADRE LAS CASAS", "NOMBRE": "BUTACURA CAJON", "PUEBLO": "MAPUCHE"}, "geometry": {"type": "Point", "coordinates": [-72.47939326234422, -38.70093036625322]}}, {"type": "Feature", "id": 1355, "properties": {"REGION": "LA ARAUCANÍA", "COMUNA": "PADRE LAS CASAS", "NOMBRE": "MILLAHUECO", "PUEBLO": "MAPUCHE"}, "geometry": {"type": "Point", "coordinates": [-72.47751603744419, -38.76542710786162]}}, {"type": "Feature", "id": 1356, "properties": {"REGION": "LA ARAUCANÍA", "COMUNA": "PADRE LAS CASAS", "NOMBRE": "EL VALLE", "PUEBLO": "MAPUCHE"}, "geometry": {"type": "Point", "coordinates": [-72.47751603744419, -38.76542710786162]}}, {"type": "Feature", "id": 1357, "properties": {"REGION": "LA ARAUCANÍA", "COMUNA": "PADRE LAS CASAS", "NOMBRE": "NEHUEN TOKI", "PUEBLO": "MAPUCHE"}, "geometry": {"type": "Point", "coordinates": [-72.44090515745836, -38.76495740411293]}}, {"type": "Feature", "id": 1358, "properties": {"REGION": "LA ARAUCANÍA", "COMUNA": "PADRE LAS CASAS", "NOMBRE": "ELTUN PERANAO MOLCO", "PUEBLO": "MAPUCHE"}, "geometry": {"type": "Point", "coordinates": [-72.78834948019905, -38.80460346896227]}}, {"type": "Feature", "id": 1359, "properties": {"REGION": "LA ARAUCANÍA", "COMUNA": "PADRE LAS CASAS", "NOMBRE": "ELTUN TRANOCHEO ZANJA", "PUEBLO": "MAPUCHE"}, "geometry": {"type": "Point", "coordinates": [-72.768105, -38.808497]}}, {"type": "Feature", "id": 1360, "properties": {"REGION": "LA ARAUCANÍA", "COMUNA": "PADRE LAS CASAS", "NOMBRE": "WE MONGUEN", "PUEBLO": "MAPUCHE"}, "geometry": {"type": "Point", "coordinates": [-72.814231, -38.814447]}}, {"type": "Feature", "id": 1361, "properties": {"REGION": "LA ARAUCANÍA", "COMUNA": "PADRE LAS CASAS", "NOMBRE": "COLE HUENTO", "PUEBLO": "MAPUCHE"}, "geometry": {"type": "Point", "coordinates": [-72.814231, -38.814447]}}, {"type": "Feature", "id": 1362, "properties": {"REGION": "LA ARAUCANÍA", "COMUNA": "PADRE LAS CASAS", "NOMBRE": "PEUMAYEN", "PUEBLO": "MAPUCHE"}, "geometry": {"type": "Point", "coordinates": [-72.814231, -38.814447]}}, {"type": "Feature", "id": 1363, "properties": {"REGION": "LA ARAUCANÍA", "COMUNA": "PADRE LAS CASAS", "NOMBRE": "WE KOYAM", "PUEBLO": "MAPUCHE"}, "geometry": {"type": "Point", "coordinates": [-72.814231, -38.814447]}}, {"type": "Feature", "id": 1364, "properties": {"REGION": "LA ARAUCANÍA", "COMUNA": "PADRE LAS CASAS", "NOMBRE": "PAILLANAO", "PUEBLO": "MAPUCHE"}, "geometry": {"type": "Point", "coordinates": [-72.602313, -38.792376]}}, {"type": "Feature", "id": 1365, "properties": {"REGION": "LA ARAUCANÍA", "COMUNA": "PADRE LAS CASAS", "NOMBRE": "KIYENKO", "PUEBLO": "MAPUCHE"}, "geometry": {"type": "Point", "coordinates": [-72.602313, -38.792376]}}, {"type": "Feature", "id": 1366, "properties": {"REGION": "LA ARAUCANÍA", "COMUNA": "PADRE LAS CASAS", "NOMBRE": "DE AGRICULTORES DE MAQUEHUE APIMAK", "PUEBLO": "MAPUCHE"}, "geometry": {"type": "Point", "coordinates": [-72.630709, -38.771309]}}, {"type": "Feature", "id": 1367, "properties": {"REGION": "LA ARAUCANÍA", "COMUNA": "PADRE LAS CASAS", "NOMBRE": "TERRITORIAL CONSEJO MAPUCHE MAQUEHUE", "PUEBLO": "MAPUCHE"}, "geometry": {"type": "Point", "coordinates": [-72.630709, -38.771309]}}, {"type": "Feature", "id": 1368, "properties": {"REGION": "LA ARAUCANÍA", "COMUNA": "PADRE LAS CASAS", "NOMBRE": "DE MUJERES EMPRENDEDORAS MAPUCHES KEYU WAYIÑ", "PUEBLO": "MAPUCHE"}, "geometry": {"type": "Point", "coordinates": [-72.630709, -38.771309]}}, {"type": "Feature", "id": 1369, "properties": {"REGION": "LA ARAUCANÍA", "COMUNA": "PADRE LAS CASAS", "NOMBRE": "BUTACURA CENTRO", "PUEBLO": "MAPUCHE"}, "geometry": {"type": "Point", "coordinates": [-72.4867830160077, -38.70538787697262]}}, {"type": "Feature", "id": 1370, "properties": {"REGION": "LA ARAUCANÍA", "COMUNA": "PADRE LAS CASAS", "NOMBRE": "AUKA TRAHUE", "PUEBLO": "MAPUCHE"}, "geometry": {"type": "Point", "coordinates": [-72.4867830160077, -38.70538787697262]}}, {"type": "Feature", "id": 1371, "properties": {"REGION": "LA ARAUCANÍA", "COMUNA": "PADRE LAS CASAS", "NOMBRE": "TXAWUN", "PUEBLO": "MAPUCHE"}, "geometry": {"type": "Point", "coordinates": [-72.4867830160077, -38.70538787697262]}}, {"type": "Feature", "id": 1372, "properties": {"REGION": "LA ARAUCANÍA", "COMUNA": "PADRE LAS CASAS", "NOMBRE": "ASOC. INCHIN MI MAPU", "PUEBLO": "MAPUCHE"}, "geometry": {"type": "Point", "coordinates": [-72.518899, -38.819149]}}, {"type": "Feature", "id": 1373, "properties": {"REGION": "LA ARAUCANÍA", "COMUNA": "PADRE LAS CASAS", "NOMBRE": "NEWENKO", "PUEBLO": "MAPUCHE"}, "geometry": {"type": "Point", "coordinates": [-72.57161123705231, -38.78488886432342]}}, {"type": "Feature", "id": 1374, "properties": {"REGION": "LA ARAUCANÍA", "COMUNA": "PADRE LAS CASAS", "NOMBRE": "WE- NEWEN", "PUEBLO": "MAPUCHE"}, "geometry": {"type": "Point", "coordinates": [-72.54118, -38.741967]}}, {"type": "Feature", "id": 1375, "properties": {"REGION": "LA ARAUCANÍA", "COMUNA": "PADRE LAS CASAS", "NOMBRE": "CEMENTERIO INDIGENA MILLAHUECO", "PUEBLO": "MAPUCHE"}, "geometry": {"type": "Point", "coordinates": [-72.47387197550708, -38.76987488120525]}}, {"type": "Feature", "id": 1376, "properties": {"REGION": "LA ARAUCANÍA", "COMUNA": "PADRE LAS CASAS", "NOMBRE": "CODOPILLE", "PUEBLO": "MAPUCHE"}, "geometry": {"type": "Point", "coordinates": [-72.45455631574693, -38.72441582967606]}}, {"type": "Feature", "id": 1377, "properties": {"REGION": "LA ARAUCANÍA", "COMUNA": "PADRE LAS CASAS", "NOMBRE": "MELI WITRAN MAPU", "PUEBLO": "MAPUCHE"}, "geometry": {"type": "Point", "coordinates": [-72.45455631574693, -38.72441582967606]}}, {"type": "Feature", "id": 1378, "properties": {"REGION": "LA ARAUCANÍA", "COMUNA": "PADRE LAS CASAS", "NOMBRE": "ASOCIACION DE PRODUCTORES OVINOS ZUKAFE CHE", "PUEBLO": "MAPUCHE"}, "geometry": {"type": "Point", "coordinates": [-72.76933535230519, -38.81722583530916]}}, {"type": "Feature", "id": 1379, "properties": {"REGION": "LA ARAUCANÍA", "COMUNA": "PADRE LAS CASAS", "NOMBRE": "MAPUCHE CENTRO DE SALUD INTERCULTURAL Y EDUCACION COLPANAO", "PUEBLO": "MAPUCHE"}, "geometry": {"type": "Point", "coordinates": [-72.76933535230519, -38.81722583530916]}}, {"type": "Feature", "id": 1380, "properties": {"REGION": "LA ARAUCANÍA", "COMUNA": "PADRE LAS CASAS", "NOMBRE": "ADULTO MAYOR RURALES DE PADRE LAS CASAS", "PUEBLO": "MAPUCHE"}, "geometry": {"type": "Point", "coordinates": [-72.59136811200581, -38.75695094773303]}}, {"type": "Feature", "id": 1381, "properties": {"REGION": "LA ARAUCANÍA", "COMUNA": "PADRE LAS CASAS", "NOMBRE": "MAITEN", "PUEBLO": "MAPUCHE"}, "geometry": {"type": "Point", "coordinates": [-72.45283555807357, -38.77186495580692]}}, {"type": "Feature", "id": 1382, "properties": {"REGION": "LA ARAUCANÍA", "COMUNA": "PADRE LAS CASAS", "NOMBRE": "CHE NEWEN", "PUEBLO": "MAPUCHE"}, "geometry": {"type": "Point", "coordinates": [-72.45283555807357, -38.77186495580692]}}, {"type": "Feature", "id": 1383, "properties": {"REGION": "LA ARAUCANÍA", "COMUNA": "PADRE LAS CASAS", "NOMBRE": "AYIN MAPU", "PUEBLO": "MAPUCHE"}, "geometry": {"type": "Point", "coordinates": [-72.6859216, -38.7786428]}}, {"type": "Feature", "id": 1384, "properties": {"REGION": "LA ARAUCANÍA", "COMUNA": "PADRE LAS CASAS", "NOMBRE": "PEUMA WITRAL", "PUEBLO": "MAPUCHE"}, "geometry": {"type": "Point", "coordinates": [-72.59713651002019, -38.77371449480066]}}, {"type": "Feature", "id": 1385, "properties": {"REGION": "LA ARAUCANÍA", "COMUNA": "PADRE LAS CASAS", "NOMBRE": "WUYHUEN KURRUF", "PUEBLO": "MAPUCHE"}, "geometry": {"type": "Point", "coordinates": [-72.63313252162668, -38.75294729725793]}}, {"type": "Feature", "id": 1386, "properties": {"REGION": "LA ARAUCANÍA", "COMUNA": "PADRE LAS CASAS", "NOMBRE": "EL MANZANO", "PUEBLO": "MAPUCHE"}, "geometry": {"type": "Point", "coordinates": [-72.46142386581623, -38.8267330225652]}}, {"type": "Feature", "id": 1387, "properties": {"REGION": "LA ARAUCANÍA", "COMUNA": "PADRE LAS CASAS", "NOMBRE": "MAPUCHE URBANA DE PADRE LAS CASAS", "PUEBLO": "MAPUCHE"}, "geometry": {"type": "Point", "coordinates": [-72.59833648373898, -38.76815251417155]}}, {"type": "Feature", "id": 1388, "properties": {"REGION": "LA ARAUCANÍA", "COMUNA": "PADRE LAS CASAS", "NOMBRE": "ALOF ANTU WARRIA CHE", "PUEBLO": "MAPUCHE"}, "geometry": {"type": "Point", "coordinates": [-72.59833648373898, -38.76815251417155]}}, {"type": "Feature", "id": 1389, "properties": {"REGION": "LA ARAUCANÍA", "COMUNA": "PADRE LAS CASAS", "NOMBRE": "PTA KÛRRA", "PUEBLO": "MAPUCHE"}, "geometry": {"type": "Point", "coordinates": [-72.47814391226196, -38.70138555382767]}}, {"type": "Feature", "id": 1390, "properties": {"REGION": "LA ARAUCANÍA", "COMUNA": "PADRE LAS CASAS", "NOMBRE": "TRAWN LOF", "PUEBLO": "MAPUCHE"}, "geometry": {"type": "Point", "coordinates": [-72.5936149130273, -38.7548844819697]}}, {"type": "Feature", "id": 1391, "properties": {"REGION": "LA ARAUCANÍA", "COMUNA": "PADRE LAS CASAS", "NOMBRE": "DEPORTIVA, SOCIAL Y CULTURAL PU AUKANTUKELU", "PUEBLO": "MAPUCHE"}, "geometry": {"type": "Point", "coordinates": [-72.5936149130273, -38.7548844819697]}}, {"type": "Feature", "id": 1392, "properties": {"REGION": "LA ARAUCANÍA", "COMUNA": "PADRE LAS CASAS", "NOMBRE": "DE PRODUCTORES HORTOFRUTICOLAS DE LA NOVENA REGION", "PUEBLO": "MAPUCHE"}, "geometry": {"type": "Point", "coordinates": [-72.5936149130273, -38.7548844819697]}}, {"type": "Feature", "id": 1393, "properties": {"REGION": "LA ARAUCANÍA", "COMUNA": "PADRE LAS CASAS", "NOMBRE": "RAYEN CHAKAY", "PUEBLO": "MAPUCHE"}, "geometry": {"type": "Point", "coordinates": [-72.4971094673438, -38.75325757174876]}}, {"type": "Feature", "id": 1394, "properties": {"REGION": "LA ARAUCANÍA", "COMUNA": "PADRE LAS CASAS", "NOMBRE": "ASOC. IND. Y CULTURAL MESA DE TRIGO", "PUEBLO": "MAPUCHE"}, "geometry": {"type": "Point", "coordinates": [-72.5936149130273, -38.7548844819697]}}, {"type": "Feature", "id": 1395, "properties": {"REGION": "LA ARAUCANÍA", "COMUNA": "PADRE LAS CASAS", "NOMBRE": "KOM NEHUEN TUALLIN", "PUEBLO": "MAPUCHE"}, "geometry": {"type": "Point", "coordinates": [-72.5936149130273, -38.7548844819697]}}, {"type": "Feature", "id": 1396, "properties": {"REGION": "LA ARAUCANÍA", "COMUNA": "PADRE LAS CASAS", "NOMBRE": "COMISION LINGÛISTICA REGIONAL DEL MAPUDUNGUN", "PUEBLO": "MAPUCHE"}, "geometry": {"type": "Point", "coordinates": [-72.59442349991487, -38.75749543644188]}}, {"type": "Feature", "id": 1397, "properties": {"REGION": "LA ARAUCANÍA", "COMUNA": "PADRE LAS CASAS", "NOMBRE": "PU WENI", "PUEBLO": "MAPUCHE"}, "geometry": {"type": "Point", "coordinates": [-72.7268119682009, -38.82109207712544]}}, {"type": "Feature", "id": 1398, "properties": {"REGION": "LA ARAUCANÍA", "COMUNA": "PADRE LAS CASAS", "NOMBRE": "KOM MAPU ÑI NEWEN", "PUEBLO": "MAPUCHE"}, "geometry": {"type": "Point", "coordinates": [-72.7268119682009, -38.82109207712544]}}, {"type": "Feature", "id": 1399, "properties": {"REGION": "LA ARAUCANÍA", "COMUNA": "PADRE LAS CASAS", "NOMBRE": "TRALKAN KURUF DE LLEUPECO", "PUEBLO": "MAPUCHE"}, "geometry": {"type": "Point", "coordinates": [-72.54472759348363, -38.7287257880962]}}, {"type": "Feature", "id": 1400, "properties": {"REGION": "LA ARAUCANÍA", "COMUNA": "PADRE LAS CASAS", "NOMBRE": "RAYEN ANTU", "PUEBLO": "MAPUCHE"}, "geometry": {"type": "Point", "coordinates": [-72.59680952078874, -38.7701820562424]}}, {"type": "Feature", "id": 1401, "properties": {"REGION": "LA ARAUCANÍA", "COMUNA": "PADRE LAS CASAS", "NOMBRE": "KONÛN WENU", "PUEBLO": "MAPUCHE"}, "geometry": {"type": "Point", "coordinates": [-72.58656718457837, -38.76856671154521]}}, {"type": "Feature", "id": 1402, "properties": {"REGION": "LA ARAUCANÍA", "COMUNA": "PADRE LAS CASAS", "NOMBRE": "MAPUCHE LAWEN MAPU", "PUEBLO": "MAPUCHE"}, "geometry": {"type": "Point", "coordinates": [-72.60288692103305, -38.759575930206]}}, {"type": "Feature", "id": 1403, "properties": {"REGION": "LA ARAUCANÍA", "COMUNA": "PADRE LAS CASAS", "NOMBRE": "FISQUI TUAY MAPU DE HUICHAHUE", "PUEBLO": "MAPUCHE"}, "geometry": {"type": "Point", "coordinates": [-72.437593, -38.85268]}}, {"type": "Feature", "id": 1404, "properties": {"REGION": "LA ARAUCANÍA", "COMUNA": "PADRE LAS CASAS", "NOMBRE": "A.S. MAPU DE PADRE LAS CASAS", "PUEBLO": "MAPUCHE"}, "geometry": {"type": "Point", "coordinates": [-72.59713335583596, -38.77370499779048]}}, {"type": "Feature", "id": 1405, "properties": {"REGION": "LA ARAUCANÍA", "COMUNA": "PADRE LAS CASAS", "NOMBRE": "TERRITORIAL NEWEN MAPU KOMPUCHE NIAGARA", "PUEBLO": "MAPUCHE"}, "geometry": {"type": "Point", "coordinates": [-72.59094572079103, -38.74028830883438]}}, {"type": "Feature", "id": 1406, "properties": {"REGION": "LA ARAUCANÍA", "COMUNA": "PADRE LAS CASAS", "NOMBRE": "TERRITORIAL TRUF TRUF LIW KURRA", "PUEBLO": "MAPUCHE"}, "geometry": {"type": "Point", "coordinates": [-72.53523889049274, -38.74305080122286]}}, {"type": "Feature", "id": 1407, "properties": {"REGION": "LA ARAUCANÍA", "COMUNA": "PADRE LAS CASAS", "NOMBRE": "NEHUENCHE", "PUEBLO": "MAPUCHE"}, "geometry": {"type": "Point", "coordinates": [-72.574798, -38.798612]}}, {"type": "Feature", "id": 1408, "properties": {"REGION": "LA ARAUCANÍA", "COMUNA": "PADRE LAS CASAS", "NOMBRE": "DE AGRICULTORES WE KETRAN", "PUEBLO": "MAPUCHE"}, "geometry": {"type": "Point", "coordinates": [-72.59868921361605, -38.85789141459152]}}, {"type": "Feature", "id": 1409, "properties": {"REGION": "LA ARAUCANÍA", "COMUNA": "PADRE LAS CASAS", "NOMBRE": "DE AGRICULTORES WE KETRAN MAPU", "PUEBLO": "MAPUCHE"}, "geometry": {"type": "Point", "coordinates": [-72.59868921361605, -38.85789141459152]}}, {"type": "Feature", "id": 1410, "properties": {"REGION": "LA ARAUCANÍA", "COMUNA": "PADRE LAS CASAS", "NOMBRE": "KARREN MAHUIDA", "PUEBLO": "MAPUCHE"}, "geometry": {"type": "Point", "coordinates": [-72.58039989637008, -38.77030289342414]}}, {"type": "Feature", "id": 1411, "properties": {"REGION": "LA ARAUCANÍA", "COMUNA": "PADRE LAS CASAS", "NOMBRE": "NGEREKAFE DE METRENCO", "PUEBLO": "MAPUCHE"}, "geometry": {"type": "Point", "coordinates": [-72.62160612330325, -38.82781413528667]}}, {"type": "Feature", "id": 1412, "properties": {"REGION": "LA ARAUCANÍA", "COMUNA": "PADRE LAS CASAS", "NOMBRE": "PEWMAN RUKA", "PUEBLO": "MAPUCHE"}, "geometry": {"type": "Point", "coordinates": [-72.62160612330325, -38.82781413528667]}}, {"type": "Feature", "id": 1413, "properties": {"REGION": "LA ARAUCANÍA", "COMUNA": "PADRE LAS CASAS", "NOMBRE": "WE FOLIL LICANCO", "PUEBLO": "MAPUCHE"}, "geometry": {"type": "Point", "coordinates": [-72.62242876215039, -38.79470147080328]}}, {"type": "Feature", "id": 1414, "properties": {"REGION": "LA ARAUCANÍA", "COMUNA": "PADRE LAS CASAS", "NOMBRE": "WE - KECHE", "PUEBLO": "MAPUCHE"}, "geometry": {"type": "Point", "coordinates": [-72.62242876215039, -38.79470147080328]}}, {"type": "Feature", "id": 1415, "properties": {"REGION": "LA ARAUCANÍA", "COMUNA": "PADRE LAS CASAS", "NOMBRE": "DE AGRICULTORES KUME LAMGUEN", "PUEBLO": "MAPUCHE"}, "geometry": {"type": "Point", "coordinates": [-72.62242876215039, -38.79470147080328]}}, {"type": "Feature", "id": 1416, "properties": {"REGION": "LA ARAUCANÍA", "COMUNA": "PADRE LAS CASAS", "NOMBRE": "KIME AMULEN", "PUEBLO": "MAPUCHE"}, "geometry": {"type": "Point", "coordinates": [-72.62242876215039, -38.79470147080328]}}, {"type": "Feature", "id": 1417, "properties": {"REGION": "LA ARAUCANÍA", "COMUNA": "PADRE LAS CASAS", "NOMBRE": "LAS TRIACAS DE LICANCO", "PUEBLO": "MAPUCHE"}, "geometry": {"type": "Point", "coordinates": [-72.62242876215039, -38.79470147080328]}}, {"type": "Feature", "id": 1418, "properties": {"REGION": "LA ARAUCANÍA", "COMUNA": "PADRE LAS CASAS", "NOMBRE": "AYLLA REHUE ÑI NEWEN", "PUEBLO": "MAPUCHE"}, "geometry": {"type": "Point", "coordinates": [-72.54472759348363, -38.7287257880962]}}, {"type": "Feature", "id": 1419, "properties": {"REGION": "LA ARAUCANÍA", "COMUNA": "PADRE LAS CASAS", "NOMBRE": "KINTUN TXAPUM FOLIL MAPU", "PUEBLO": "MAPUCHE"}, "geometry": {"type": "Point", "coordinates": [-72.5976151357233, -38.76311102713544]}}, {"type": "Feature", "id": 1420, "properties": {"REGION": "LA ARAUCANÍA", "COMUNA": "PADRE LAS CASAS", "NOMBRE": "ADULTOS MAYORES RURALES EN DEFENSA DE SUS DERECHOS, CALIDAD DE VIDA Y MEDIO AMBIENTE DE ÑILQUILCO, LLEUPECO, NIAGRA", "PUEBLO": "MAPUCHE"}, "geometry": {"type": "Point", "coordinates": [-72.52473927561537, -38.72043910819487]}}, {"type": "Feature", "id": 1421, "properties": {"REGION": "LA ARAUCANÍA", "COMUNA": "PADRE LAS CASAS", "NOMBRE": "DEPORTIVA RUKA RAKIN ÑILQUILCO", "PUEBLO": "MAPUCHE"}, "geometry": {"type": "Point", "coordinates": [-72.52473927561537, -38.72043910819487]}}, {"type": "Feature", "id": 1422, "properties": {"REGION": "LA ARAUCANÍA", "COMUNA": "PADRE LAS CASAS", "NOMBRE": "WE WENU COIPOLAFQUEN", "PUEBLO": "MAPUCHE"}, "geometry": {"type": "Point", "coordinates": [-72.38271544386986, -38.85454002266299]}}, {"type": "Feature", "id": 1423, "properties": {"REGION": "LA ARAUCANÍA", "COMUNA": "PADRE LAS CASAS", "NOMBRE": "DE PEQUEÑOS AGRICULTORES, HORTALICEROS KOYAN MAPU", "PUEBLO": "MAPUCHE"}, "geometry": {"type": "Point", "coordinates": [-72.59151225246002, -38.76482336477018]}}, {"type": "Feature", "id": 1424, "properties": {"REGION": "LA ARAUCANÍA", "COMUNA": "PADRE LAS CASAS", "NOMBRE": "MAPUCHE TRUF TRUF ELTUN", "PUEBLO": "MAPUCHE"}, "geometry": {"type": "Point", "coordinates": [-72.52759760208218, -38.74562833643902]}}, {"type": "Feature", "id": 1425, "properties": {"REGION": "LA ARAUCANÍA", "COMUNA": "PADRE LAS CASAS", "NOMBRE": "PICHI WINKUL", "PUEBLO": "MAPUCHE"}, "geometry": {"type": "Point", "coordinates": [-72.509088, -38.728381]}}, {"type": "Feature", "id": 1426, "properties": {"REGION": "LA ARAUCANÍA", "COMUNA": "PADRE LAS CASAS", "NOMBRE": "KÜME ZÜGÜN", "PUEBLO": "MAPUCHE"}, "geometry": {"type": "Point", "coordinates": [-72.57755584241961, -38.79230047729726]}}, {"type": "Feature", "id": 1427, "properties": {"REGION": "LA ARAUCANÍA", "COMUNA": "PADRE LAS CASAS", "NOMBRE": "CEMENTERIO ÑIRRIMAPU", "PUEBLO": "MAPUCHE"}, "geometry": {"type": "Point", "coordinates": [-72.66890024288027, -38.81007969491885]}}, {"type": "Feature", "id": 1428, "properties": {"REGION": "LA ARAUCANÍA", "COMUNA": "PADRE LAS CASAS", "NOMBRE": "KUME ÑUKE MAPU DE PADRE LAS CASAS", "PUEBLO": "MAPUCHE"}, "geometry": {"type": "Point", "coordinates": [-72.39564575593167, -38.87146924937387]}}, {"type": "Feature", "id": 1429, "properties": {"REGION": "LA ARAUCANÍA", "COMUNA": "PERQUENCO", "NOMBRE": "LIFKO", "PUEBLO": "MAPUCHE"}, "geometry": {"type": "Point", "coordinates": [-72.275898, -38.426971]}}, {"type": "Feature", "id": 1430, "properties": {"REGION": "LA ARAUCANÍA", "COMUNA": "PERQUENCO", "NOMBRE": "DE MUJERES MAPUCHES DE PERQUENCO NEWEN DOMO MAPU", "PUEBLO": "MAPUCHE"}, "geometry": {"type": "Point", "coordinates": [-72.37746151124328, -38.42867899150937]}}, {"type": "Feature", "id": 1431, "properties": {"REGION": "LA ARAUCANÍA", "COMUNA": "PERQUENCO", "NOMBRE": "ASOC. CULTURAL IND. RAYEN MAPU", "PUEBLO": "MAPUCHE"}, "geometry": {"type": "Point", "coordinates": [-72.571596, -38.482397]}}, {"type": "Feature", "id": 1432, "properties": {"REGION": "LA ARAUCANÍA", "COMUNA": "PERQUENCO", "NOMBRE": "WITXAM PURAM ZOMO", "PUEBLO": "MAPUCHE"}, "geometry": {"type": "Point", "coordinates": [-72.38212991044452, -38.42524401085671]}}, {"type": "Feature", "id": 1433, "properties": {"REGION": "LA ARAUCANÍA", "COMUNA": "PITRUFQUÉN", "NOMBRE": "ASOCIACION DE COMUNIDADES INDIGENA CACIQUE PAILLALEF", "PUEBLO": "MAPUCHE"}, "geometry": {"type": "Point", "coordinates": [-72.63509471862156, -38.9864851847189]}}, {"type": "Feature", "id": 1434, "properties": {"REGION": "LA ARAUCANÍA", "COMUNA": "PITRUFQUÉN", "NOMBRE": "ÑIRRIPIL", "PUEBLO": "MAPUCHE"}, "geometry": {"type": "Point", "coordinates": [-72.97570262502877, -39.09110841794011]}}, {"type": "Feature", "id": 1435, "properties": {"REGION": "LA ARAUCANÍA", "COMUNA": "PITRUFQUÉN", "NOMBRE": "TXEPEMN PU LAMGEN PU PEÑI", "PUEBLO": "MAPUCHE"}, "geometry": {"type": "Point", "coordinates": [-72.64311082760338, -38.98364941051862]}}, {"type": "Feature", "id": 1436, "properties": {"REGION": "LA ARAUCANÍA", "COMUNA": "PITRUFQUÉN", "NOMBRE": "NEWEN MAPU (URBANA", "PUEBLO": "MAPUCHE"}, "geometry": {"type": "Point", "coordinates": [-72.64296064665253, -38.98213261450137]}}, {"type": "Feature", "id": 1437, "properties": {"REGION": "LA ARAUCANÍA", "COMUNA": "PITRUFQUÉN", "NOMBRE": "WALL LOF WENUN TULAIN", "PUEBLO": "MAPUCHE"}, "geometry": {"type": "Point", "coordinates": [-72.546191850902, -39.01664741248102]}}, {"type": "Feature", "id": 1438, "properties": {"REGION": "LA ARAUCANÍA", "COMUNA": "PITRUFQUÉN", "NOMBRE": "LEUFU NEWEN ZOMO", "PUEBLO": "MAPUCHE"}, "geometry": {"type": "Point", "coordinates": [-72.546191850902, -39.01664741248102]}}, {"type": "Feature", "id": 1439, "properties": {"REGION": "LA ARAUCANÍA", "COMUNA": "PITRUFQUÉN", "NOMBRE": "NEWENCHE", "PUEBLO": "MAPUCHE"}, "geometry": {"type": "Point", "coordinates": [-72.3404273, -39.1729243]}}, {"type": "Feature", "id": 1440, "properties": {"REGION": "LA ARAUCANÍA", "COMUNA": "PITRUFQUÉN", "NOMBRE": "PARA EL DESARROLLO DE LOS DESCENDIENTES DE PUEBLOS ORIGINARIOS AKUN NEWEN DE LA ARAUCANIA.", "PUEBLO": "MAPUCHE"}, "geometry": {"type": "Point", "coordinates": [-72.62828899458908, -38.99404638296284]}}, {"type": "Feature", "id": 1441, "properties": {"REGION": "LA ARAUCANÍA", "COMUNA": "PITRUFQUÉN", "NOMBRE": "MESA TERRITORIAL KÜMEY NEWEN", "PUEBLO": "MAPUCHE"}, "geometry": {"type": "Point", "coordinates": [-72.644984, -38.979418]}}, {"type": "Feature", "id": 1442, "properties": {"REGION": "LA ARAUCANÍA", "COMUNA": "PITRUFQUÉN", "NOMBRE": "NEWEN MAPU", "PUEBLO": "MAPUCHE"}, "geometry": {"type": "Point", "coordinates": [-72.64245133482903, -38.98077900111053]}}, {"type": "Feature", "id": 1443, "properties": {"REGION": "LA ARAUCANÍA", "COMUNA": "PITRUFQUÉN", "NOMBRE": "NEHUENCHE", "PUEBLO": "MAPUCHE"}, "geometry": {"type": "Point", "coordinates": [-72.65341378161239, -38.98210174166685]}}, {"type": "Feature", "id": 1444, "properties": {"REGION": "LA ARAUCANÍA", "COMUNA": "PITRUFQUÉN", "NOMBRE": "ASOCIACIÓN DE COMUNIDADES AUTÓNOMAS DE PITRUFQUEN", "PUEBLO": "MAPUCHE"}, "geometry": {"type": "Point", "coordinates": [-72.63532541567521, -38.99254377346503]}}, {"type": "Feature", "id": 1445, "properties": {"REGION": "LA ARAUCANÍA", "COMUNA": "PUCÓN", "NOMBRE": "URBANA PUCON", "PUEBLO": "MAPUCHE"}, "geometry": {"type": "Point", "coordinates": [-71.9578761413652, -39.27925505780446]}}, {"type": "Feature", "id": 1446, "properties": {"REGION": "LA ARAUCANÍA", "COMUNA": "PUCÓN", "NOMBRE": "CONSEJO TERRITORIAL MAPUCHE DE PUCON", "PUEBLO": "MAPUCHE"}, "geometry": {"type": "Point", "coordinates": [-71.95924552893379, -39.27867470312363]}}, {"type": "Feature", "id": 1447, "properties": {"REGION": "LA ARAUCANÍA", "COMUNA": "SAAVEDRA", "NOMBRE": "ASOCIACION PUR LAFQUEN LEUFU-LAGO BUDI", "PUEBLO": "MAPUCHE"}, "geometry": {"type": "Point", "coordinates": [-73.36060504997934, -38.86104800400997]}}, {"type": "Feature", "id": 1448, "properties": {"REGION": "LA ARAUCANÍA", "COMUNA": "SAAVEDRA", "NOMBRE": "DAULLICO", "PUEBLO": "MAPUCHE"}, "geometry": {"type": "Point", "coordinates": [-73.309634, -38.720542]}}, {"type": "Feature", "id": 1449, "properties": {"REGION": "LA ARAUCANÍA", "COMUNA": "SAAVEDRA", "NOMBRE": "QUECHOCAHUIN LAGO BUDI", "PUEBLO": "MAPUCHE"}, "geometry": {"type": "Point", "coordinates": [-73.2434296, -38.8544323]}}, {"type": "Feature", "id": 1450, "properties": {"REGION": "LA ARAUCANÍA", "COMUNA": "SAAVEDRA", "NOMBRE": "MULLPUN", "PUEBLO": "MAPUCHE"}, "geometry": {"type": "Point", "coordinates": [-73.2434296, -38.8544323]}}, {"type": "Feature", "id": 1451, "properties": {"REGION": "LA ARAUCANÍA", "COMUNA": "SAAVEDRA", "NOMBRE": "ASOCIACION DE COMUNIDADES INDIGENAS SECTOR DOMINGUAL", "PUEBLO": "MAPUCHE"}, "geometry": {"type": "Point", "coordinates": [-73.2434296, -38.8544323]}}, {"type": "Feature", "id": 1452, "properties": {"REGION": "LA ARAUCANÍA", "COMUNA": "SAAVEDRA", "NOMBRE": "TEATRO NEWEN MAPU ASOCIACION CULTURAL MAPUCHE", "PUEBLO": "MAPUCHE"}, "geometry": {"type": "Point", "coordinates": [-73.2434296, -38.8544323]}}, {"type": "Feature", "id": 1453, "properties": {"REGION": "LA ARAUCANÍA", "COMUNA": "SAAVEDRA", "NOMBRE": "AMULEIN", "PUEBLO": "MAPUCHE"}, "geometry": {"type": "Point", "coordinates": [-73.2997635, -38.7791297]}}, {"type": "Feature", "id": 1454, "properties": {"REGION": "LA ARAUCANÍA", "COMUNA": "SAAVEDRA", "NOMBRE": "ASOCIACION INDIGENA \"MAITEN OÑOICO\"", "PUEBLO": "MAPUCHE"}, "geometry": {"type": "Point", "coordinates": [-73.2621798931131, -38.72908001354411]}}, {"type": "Feature", "id": 1455, "properties": {"REGION": "LA ARAUCANÍA", "COMUNA": "SAAVEDRA", "NOMBRE": "DE LA INTEGRIDAD DE CONIM BUDI", "PUEBLO": "MAPUCHE"}, "geometry": {"type": "Point", "coordinates": [-73.3619882, -38.8405806]}}, {"type": "Feature", "id": 1456, "properties": {"REGION": "LA ARAUCANÍA", "COMUNA": "SAAVEDRA", "NOMBRE": "ASOCIACION INDIGENA KOM MAPU NEHUEN", "PUEBLO": "MAPUCHE"}, "geometry": {"type": "Point", "coordinates": [-73.3676552, -38.8642007]}}, {"type": "Feature", "id": 1457, "properties": {"REGION": "LA ARAUCANÍA", "COMUNA": "SAAVEDRA", "NOMBRE": "AZLILKO LEWFU BUDI", "PUEBLO": "MAPUCHE"}, "geometry": {"type": "Point", "coordinates": [-73.3676552, -38.8642007]}}, {"type": "Feature", "id": 1458, "properties": {"REGION": "LA ARAUCANÍA", "COMUNA": "NUEVA IMPERIAL", "NOMBRE": "AMULEN I.CC.RRA CHILE\nULL", "PUEBLO": "MAPUCHE"}, "geometry": {"type": "Point", "coordinates": [-72.9477852547956, -38.55823793702803]}}, {"type": "Feature", "id": 1459, "properties": {"REGION": "LA ARAUCANÍA", "COMUNA": "NUEVA IMPERIAL", "NOMBRE": "AMULEY", "PUEBLO": "MAPUCHE"}, "geometry": {"type": "Point", "coordinates": [-72.82253714648492, -38.67180799661119]}}, {"type": "Feature", "id": 1460, "properties": {"REGION": "LA ARAUCANÍA", "COMUNA": "NUEVA IMPERIAL", "NOMBRE": "ASOCIACION DE PADRES Y APODERADOS MAPUCHES", "PUEBLO": "MAPUCHE"}, "geometry": {"type": "Point", "coordinates": [-72.84692499133125, -38.60534552708004]}}, {"type": "Feature", "id": 1461, "properties": {"REGION": "LA ARAUCANÍA", "COMUNA": "NUEVA IMPERIAL", "NOMBRE": "ASOCIACION INDIGENA DE PRODUCTORES Y ARTESANOS DE CHOL CHOL", "PUEBLO": "MAPUCHE"}, "geometry": {"type": "Point", "coordinates": [-72.846923518181, -38.60534552708004]}}, {"type": "Feature", "id": 1462, "properties": {"REGION": "LA ARAUCANÍA", "COMUNA": "NUEVA IMPERIAL", "NOMBRE": "ASOCIACION INDIGENA HUENTECHE REPOCURA", "PUEBLO": "MAPUCHE"}, "geometry": {"type": "Point", "coordinates": [-72.92680278843804, -38.49095550260019]}}, {"type": "Feature", "id": 1463, "properties": {"REGION": "LA ARAUCANÍA", "COMUNA": "NUEVA IMPERIAL", "NOMBRE": "INALTULEUFU EPU", "PUEBLO": "MAPUCHE"}, "geometry": {"type": "Point", "coordinates": [-72.84901177500207, -38.603005490140724]}}, {"type": "Feature", "id": 1464, "properties": {"REGION": "LA ARAUCANÍA", "COMUNA": "NUEVA IMPERIAL", "NOMBRE": "MAPU KARRU ALFIZVA", "PUEBLO": "MAPUCHE"}, "geometry": {"type": "Point", "coordinates": [-72.79021074867792, -38.649628868612766]}}, {"type": "Feature", "id": 1465, "properties": {"REGION": "LA ARAUCANÍA", "COMUNA": "NUEVA IMPERIAL", "NOMBRE": "PEDRO CURIHUINCA Y LUCIANO MILLANAO", "PUEBLO": "MAPUCHE"}, "geometry": {"type": "Point", "coordinates": [-72.81550231734107, -38.620239075796704]}}, {"type": "Feature", "id": 1466, "properties": {"REGION": "LA ARAUCANÍA", "COMUNA": "NUEVA IMPERIAL", "NOMBRE": "RAYEN MAHUIDA", "PUEBLO": "MAPUCHE"}, "geometry": {"type": "Point", "coordinates": [-72.79020957429631, -38.64962769423117]}}, {"type": "Feature", "id": 1467, "properties": {"REGION": "LA ARAUCANÍA", "COMUNA": "NUEVA IMPERIAL", "NOMBRE": "RENACO PASTALES", "PUEBLO": "MAPUCHE"}, "geometry": {"type": "Point", "coordinates": [-72.78510571194177, -38.59972822082005]}}, {"type": "Feature", "id": 1468, "properties": {"REGION": "LA ARAUCANÍA", "COMUNA": "NUEVA IMPERIAL", "NOMBRE": "WAJONTU COJ MAPU", "PUEBLO": "MAPUCHE"}, "geometry": {"type": "Point", "coordinates": [-72.84692410537178, -38.60534582067543]}}, {"type": "Feature", "id": 1469, "properties": {"REGION": "LA ARAUCANÍA", "COMUNA": "NUEVA IMPERIAL", "NOMBRE": "WE KINTUM MAPU", "PUEBLO": "MAPUCHE"}, "geometry": {"type": "Point", "coordinates": [-72.79020958074706, -38.649627689698214]}}, {"type": "Feature", "id": 1470, "properties": {"REGION": "LA ARAUCANÍA", "COMUNA": "NUEVA IMPERIAL", "NOMBRE": "WENEWEN", "PUEBLO": "MAPUCHE"}, "geometry": {"type": "Point", "coordinates": [-72.84692499312159, -38.60534552349937]}}, {"type": "Feature", "id": 1471, "properties": {"REGION": "LOS RÍOS", "COMUNA": "FUTRONO", "NOMBRE": "ISLA HUAPI", "PUEBLO": "MAPUCHE"}, "geometry": {"type": "Point", "coordinates": [-72.383337, -40.214673]}}, {"type": "Feature", "id": 1472, "properties": {"REGION": "LOS RÍOS", "COMUNA": "FUTRONO", "NOMBRE": "CUPAI HUAPI", "PUEBLO": "MAPUCHE"}, "geometry": {"type": "Point", "coordinates": [-72.383337, -40.214673]}}, {"type": "Feature", "id": 1473, "properties": {"REGION": "LOS RÍOS", "COMUNA": "LA UNIÓN", "NOMBRE": "WANGLEN", "PUEBLO": "MAPUCHE"}, "geometry": {"type": "Point", "coordinates": [-73.07583364210087, -40.30875943650167]}}, {"type": "Feature", "id": 1474, "properties": {"REGION": "LOS RÍOS", "COMUNA": "LA UNIÓN", "NOMBRE": "EPULEWFU", "PUEBLO": "MAPUCHE"}, "geometry": {"type": "Point", "coordinates": [-73.07556717377834, -40.28106580160267]}}, {"type": "Feature", "id": 1475, "properties": {"REGION": "LOS RÍOS", "COMUNA": "LA UNIÓN", "NOMBRE": "WERKEN JOSE CARDENAS ANGULO", "PUEBLO": "MAPUCHE"}, "geometry": {"type": "Point", "coordinates": [-73.07556717377834, -40.28106580160267]}}, {"type": "Feature", "id": 1476, "properties": {"REGION": "LOS RÍOS", "COMUNA": "LA UNIÓN", "NOMBRE": "DE ARTESANOS PICHI RAYEN", "PUEBLO": "MAPUCHE"}, "geometry": {"type": "Point", "coordinates": [-73.07959236802405, -40.29485340446932]}}, {"type": "Feature", "id": 1477, "properties": {"REGION": "LOS RÍOS", "COMUNA": "LA UNIÓN", "NOMBRE": "NEWENCHE MAPU", "PUEBLO": "MAPUCHE"}, "geometry": {"type": "Point", "coordinates": [-73.08290403644187, -40.29459236853373]}}, {"type": "Feature", "id": 1478, "properties": {"REGION": "LOS RÍOS", "COMUNA": "LA UNIÓN", "NOMBRE": "ILFAWEN", "PUEBLO": "MAPUCHE"}, "geometry": {"type": "Point", "coordinates": [-73.0818419086256, -40.30613337817525]}}, {"type": "Feature", "id": 1479, "properties": {"REGION": "LOS RÍOS", "COMUNA": "LA UNIÓN", "NOMBRE": "ASOCIACION PESCADORES, BUZOS Y RECOLECTORES DE LAMEGUAPI", "PUEBLO": "MAPUCHE"}, "geometry": {"type": "Point", "coordinates": [-73.71409875987848, -40.19906963427398]}}, {"type": "Feature", "id": 1480, "properties": {"REGION": "LOS RÍOS", "COMUNA": "LA UNIÓN", "NOMBRE": "REHUE", "PUEBLO": "MAPUCHE"}, "geometry": {"type": "Point", "coordinates": [-73.06421973249228, -40.29717987896339]}}, {"type": "Feature", "id": 1481, "properties": {"REGION": "LOS RÍOS", "COMUNA": "LA UNIÓN", "NOMBRE": "\"NEWEN KA KIMUN\"", "PUEBLO": "MAPUCHE"}, "geometry": {"type": "Point", "coordinates": [-73.08325030237445, -40.29532195760252]}}, {"type": "Feature", "id": 1482, "properties": {"REGION": "LOS RÍOS", "COMUNA": "LA UNIÓN", "NOMBRE": "\"WENU MAPU\"", "PUEBLO": "MAPUCHE"}, "geometry": {"type": "Point", "coordinates": [-73.08528108561377, -40.31025590673144]}}, {"type": "Feature", "id": 1483, "properties": {"REGION": "LOS RÍOS", "COMUNA": "LA UNIÓN", "NOMBRE": "SUYAI AYELEN", "PUEBLO": "MAPUCHE"}, "geometry": {"type": "Point", "coordinates": [-73.0718798107339, -40.27593380595717]}}, {"type": "Feature", "id": 1484, "properties": {"REGION": "LOS RÍOS", "COMUNA": "LA UNIÓN", "NOMBRE": "NEWEN ANTÜ", "PUEBLO": "MAPUCHE"}, "geometry": {"type": "Point", "coordinates": [-73.07410363130377, -40.31081247513562]}}, {"type": "Feature", "id": 1485, "properties": {"REGION": "LOS RÍOS", "COMUNA": "LA UNIÓN", "NOMBRE": "MAPU PEUMAYEN", "PUEBLO": "MAPUCHE"}, "geometry": {"type": "Point", "coordinates": [-73.08495158659895, -40.30754920159582]}}, {"type": "Feature", "id": 1486, "properties": {"REGION": "LOS RÍOS", "COMUNA": "LA UNIÓN", "NOMBRE": "LIHUEL-SAYEN", "PUEBLO": "MAPUCHE"}, "geometry": {"type": "Point", "coordinates": [-73.08321036066518, -40.30705451616548]}}, {"type": "Feature", "id": 1487, "properties": {"REGION": "LOS RÍOS", "COMUNA": "LA UNIÓN", "NOMBRE": "ÑUKE MAPU", "PUEBLO": "MAPUCHE"}, "geometry": {"type": "Point", "coordinates": [-73.0768526971389, -40.3083811420015]}}, {"type": "Feature", "id": 1488, "properties": {"REGION": "LOS RÍOS", "COMUNA": "LA UNIÓN", "NOMBRE": "FOLIL TAIÑ KUMUN", "PUEBLO": "MAPUCHE"}, "geometry": {"type": "Point", "coordinates": [-73.06675906106926, -40.29701639286952]}}, {"type": "Feature", "id": 1489, "properties": {"REGION": "LOS RÍOS", "COMUNA": "LA UNIÓN", "NOMBRE": "ELUNEY", "PUEBLO": "MAPUCHE"}, "geometry": {"type": "Point", "coordinates": [-73.074601, -40.310593]}}, {"type": "Feature", "id": 1490, "properties": {"REGION": "LOS RÍOS", "COMUNA": "LA UNIÓN", "NOMBRE": "MAPUCHE WARRIACHE LLOLLELHUE", "PUEBLO": "MAPUCHE"}, "geometry": {"type": "Point", "coordinates": [-73.08503177140975, -40.30562932047942]}}, {"type": "Feature", "id": 1491, "properties": {"REGION": "LOS RÍOS", "COMUNA": "LA UNIÓN", "NOMBRE": "ANTU KA KIYEN", "PUEBLO": "MAPUCHE"}, "geometry": {"type": "Point", "coordinates": [-73.07242453019225, -40.30501852798779]}}, {"type": "Feature", "id": 1492, "properties": {"REGION": "LOS RÍOS", "COMUNA": "LA UNIÓN", "NOMBRE": "ALIANZA TERRITORIAL DAGLIPULLI", "PUEBLO": "MAPUCHE"}, "geometry": {"type": "Point", "coordinates": [-73.07399680519451, -40.30849193401157]}}, {"type": "Feature", "id": 1493, "properties": {"REGION": "LOS RÍOS", "COMUNA": "LAGO RANCO", "NOMBRE": "RUFCHE MAPU", "PUEBLO": "MAPUCHE"}, "geometry": {"type": "Point", "coordinates": [-72.5085130248156, -40.33275953285914]}}, {"type": "Feature", "id": 1494, "properties": {"REGION": "LOS RÍOS", "COMUNA": "LAGO RANCO", "NOMBRE": "MOÑE-KAM", "PUEBLO": "MAPUCHE"}, "geometry": {"type": "Point", "coordinates": [-72.311762, -40.271964]}}, {"type": "Feature", "id": 1495, "properties": {"REGION": "LOS RÍOS", "COMUNA": "LAGO RANCO", "NOMBRE": "TALLER ARTESANALMAPUCHE", "PUEBLO": "MAPUCHE"}, "geometry": {"type": "Point", "coordinates": [-72.650922, -40.25523]}}, {"type": "Feature", "id": 1496, "properties": {"REGION": "LOS RÍOS", "COMUNA": "LAGO RANCO", "NOMBRE": "INKA SUAM", "PUEBLO": "MAPUCHE"}, "geometry": {"type": "Point", "coordinates": [-72.48055759603547, -40.32054116278669]}}, {"type": "Feature", "id": 1497, "properties": {"REGION": "LOS RÍOS", "COMUNA": "LAGO RANCO", "NOMBRE": "WEYAL KAI", "PUEBLO": "MAPUCHE"}, "geometry": {"type": "Point", "coordinates": [-72.210635, -40.319346]}}, {"type": "Feature", "id": 1498, "properties": {"REGION": "LOS RÍOS", "COMUNA": "LAGO RANCO", "NOMBRE": "RICARDO LEHUEY HUECHUÑIR", "PUEBLO": "MAPUCHE"}, "geometry": {"type": "Point", "coordinates": [-72.252054, -40.235509]}}, {"type": "Feature", "id": 1499, "properties": {"REGION": "LOS RÍOS", "COMUNA": "LAGO RANCO", "NOMBRE": "TRAWUN LAWNTUFE", "PUEBLO": "MAPUCHE"}, "geometry": {"type": "Point", "coordinates": [-72.47198432112972, -40.32134721576814]}}, {"type": "Feature", "id": 1500, "properties": {"REGION": "LOS RÍOS", "COMUNA": "LAGO RANCO", "NOMBRE": "RAYEN", "PUEBLO": "MAPUCHE"}, "geometry": {"type": "Point", "coordinates": [-72.48024791912788, -40.3253251886298]}}, {"type": "Feature", "id": 1501, "properties": {"REGION": "LOS RÍOS", "COMUNA": "RÍO BUENO", "NOMBRE": "URBANA AMUYLEWFU", "PUEBLO": "MAPUCHE"}, "geometry": {"type": "Point", "coordinates": [-72.941529, -40.334543]}}, {"type": "Feature", "id": 1502, "properties": {"REGION": "LOS RÍOS", "COMUNA": "RÍO BUENO", "NOMBRE": "URBANA JUAN QUEIPUL", "PUEBLO": "MAPUCHE"}, "geometry": {"type": "Point", "coordinates": [-72.939525, -40.332057]}}, {"type": "Feature", "id": 1503, "properties": {"REGION": "LOS RÍOS", "COMUNA": "RÍO BUENO", "NOMBRE": "FUTUM MAWUN", "PUEBLO": "MAPUCHE"}, "geometry": {"type": "Point", "coordinates": [-72.94602007095982, -40.33188785789847]}}, {"type": "Feature", "id": 1504, "properties": {"REGION": "LOS RÍOS", "COMUNA": "RÍO BUENO", "NOMBRE": "WENULEUFU", "PUEBLO": "MAPUCHE"}, "geometry": {"type": "Point", "coordinates": [-72.95784033163032, -40.33309851783252]}}, {"type": "Feature", "id": 1505, "properties": {"REGION": "LOS RÍOS", "COMUNA": "RÍO BUENO", "NOMBRE": "KUME MOGNEN", "PUEBLO": "MAPUCHE"}, "geometry": {"type": "Point", "coordinates": [-72.95784033163032, -40.33309851783252]}}, {"type": "Feature", "id": 1506, "properties": {"REGION": "LOS RÍOS", "COMUNA": "RÍO BUENO", "NOMBRE": "MELI WITXAN MAPU", "PUEBLO": "MAPUCHE"}, "geometry": {"type": "Point", "coordinates": [-72.95784033163032, -40.33309851783252]}}, {"type": "Feature", "id": 1507, "properties": {"REGION": "LOS RÍOS", "COMUNA": "RÍO BUENO", "NOMBRE": "DE MANTILHUE", "PUEBLO": "MAPUCHE"}, "geometry": {"type": "Point", "coordinates": [-72.49003, -40.620325]}}, {"type": "Feature", "id": 1508, "properties": {"REGION": "LOS RÍOS", "COMUNA": "RÍO BUENO", "NOMBRE": "LEPUNERA SEÑOR KINTUANTE MAIHUE", "PUEBLO": "MAPUCHE"}, "geometry": {"type": "Point", "coordinates": [-72.82107408222645, -40.54285548827168]}}, {"type": "Feature", "id": 1509, "properties": {"REGION": "LOS RÍOS", "COMUNA": "CORRAL", "NOMBRE": "KETRAWE TREMO", "PUEBLO": "MAPUCHE"}, "geometry": {"type": "Point", "coordinates": [-73.4287972, -39.8706712]}}, {"type": "Feature", "id": 1510, "properties": {"REGION": "LOS RÍOS", "COMUNA": "CORRAL", "NOMBRE": "DE PESCADORES DE CHAIHUIN", "PUEBLO": "MAPUCHE"}, "geometry": {"type": "Point", "coordinates": [-73.576255, -39.952204]}}, {"type": "Feature", "id": 1511, "properties": {"REGION": "LOS RÍOS", "COMUNA": "CORRAL", "NOMBRE": "AWKA LAFKENCHE", "PUEBLO": "MAPUCHE"}, "geometry": {"type": "Point", "coordinates": [-73.576255, -39.952204]}}, {"type": "Feature", "id": 1512, "properties": {"REGION": "LOS RÍOS", "COMUNA": "CORRAL", "NOMBRE": "PEDRO ANTILLANCA", "PUEBLO": "MAPUCHE"}, "geometry": {"type": "Point", "coordinates": [-73.656142, -39.96477]}}, {"type": "Feature", "id": 1513, "properties": {"REGION": "LOS RÍOS", "COMUNA": "CORRAL", "NOMBRE": "BUZOS MARISCADORES, PESCADORES ARTESANALES Y RECOLECTORES DE ORILLA", "PUEBLO": "MAPUCHE"}, "geometry": {"type": "Point", "coordinates": [-73.656142, -39.96477]}}, {"type": "Feature", "id": 1514, "properties": {"REGION": "LOS RÍOS", "COMUNA": "CORRAL", "NOMBRE": "LIKAN LAFQUEN DE PESCADORES Y RECOLECTORES DE ORILLA Y ARTESANOS DE CORRAL", "PUEBLO": "MAPUCHE"}, "geometry": {"type": "Point", "coordinates": [-73.43117765226499, -39.8896681082572]}}, {"type": "Feature", "id": 1515, "properties": {"REGION": "LOS RÍOS", "COMUNA": "LANCO", "NOMBRE": "KIÑEHUAYIN", "PUEBLO": "MAPUCHE"}, "geometry": {"type": "Point", "coordinates": [-72.77249807725005, -39.4544934226912]}}, {"type": "Feature", "id": 1516, "properties": {"REGION": "LOS RÍOS", "COMUNA": "LANCO", "NOMBRE": "FOLIL MAPU", "PUEBLO": "MAPUCHE"}, "geometry": {"type": "Point", "coordinates": [-72.77467050152976, -39.45208911392097]}}, {"type": "Feature", "id": 1517, "properties": {"REGION": "LOS RÍOS", "COMUNA": "LANCO", "NOMBRE": "NEHUENTUAYIN", "PUEBLO": "MAPUCHE"}, "geometry": {"type": "Point", "coordinates": [-72.77467050152976, -39.45208911392097]}}, {"type": "Feature", "id": 1518, "properties": {"REGION": "LOS RÍOS", "COMUNA": "LANCO", "NOMBRE": "NAG MAPU", "PUEBLO": "MAPUCHE"}, "geometry": {"type": "Point", "coordinates": [-72.77467050152976, -39.45208911392097]}}, {"type": "Feature", "id": 1519, "properties": {"REGION": "LOS RÍOS", "COMUNA": "LANCO", "NOMBRE": "CENTRO CULTURAL NEWENTUI KUPALME KEIÑ", "PUEBLO": "MAPUCHE"}, "geometry": {"type": "Point", "coordinates": [-72.50596309143496, -39.53910489132136]}}, {"type": "Feature", "id": 1520, "properties": {"REGION": "LOS RÍOS", "COMUNA": "LANCO", "NOMBRE": "CENTRO DE EDUCACION, COMUNICACION Y CULTURA KIMCHE MAPU", "PUEBLO": "MAPUCHE"}, "geometry": {"type": "Point", "coordinates": [-72.617003, -39.481427]}}, {"type": "Feature", "id": 1521, "properties": {"REGION": "LOS RÍOS", "COMUNA": "LANCO", "NOMBRE": "LORENZO CARILEO", "PUEBLO": "MAPUCHE"}, "geometry": {"type": "Point", "coordinates": [-72.617003, -39.481427]}}, {"type": "Feature", "id": 1522, "properties": {"REGION": "LOS RÍOS", "COMUNA": "LANCO", "NOMBRE": "KALLFULIKAN", "PUEBLO": "MAPUCHE"}, "geometry": {"type": "Point", "coordinates": [-72.508604, -39.540575]}}, {"type": "Feature", "id": 1523, "properties": {"REGION": "LOS RÍOS", "COMUNA": "LANCO", "NOMBRE": "KULLYN MAPU", "PUEBLO": "MAPUCHE"}, "geometry": {"type": "Point", "coordinates": [-72.508604, -39.540575]}}, {"type": "Feature", "id": 1524, "properties": {"REGION": "LOS RÍOS", "COMUNA": "LANCO", "NOMBRE": "RAYEN MAHUISA", "PUEBLO": "MAPUCHE"}, "geometry": {"type": "Point", "coordinates": [-72.508604, -39.540575]}}, {"type": "Feature", "id": 1525, "properties": {"REGION": "LOS RÍOS", "COMUNA": "LANCO", "NOMBRE": "\"RAÑIÑ TUKO\"", "PUEBLO": "MAPUCHE"}, "geometry": {"type": "Point", "coordinates": [-72.508604, -39.540575]}}, {"type": "Feature", "id": 1526, "properties": {"REGION": "LOS RÍOS", "COMUNA": "LANCO", "NOMBRE": "WE KUMUM", "PUEBLO": "MAPUCHE"}, "geometry": {"type": "Point", "coordinates": [-72.508604, -39.540575]}}, {"type": "Feature", "id": 1527, "properties": {"REGION": "LOS RÍOS", "COMUNA": "LANCO", "NOMBRE": "ANTU CO", "PUEBLO": "MAPUCHE"}, "geometry": {"type": "Point", "coordinates": [-72.62889468366355, -39.52671630147871]}}, {"type": "Feature", "id": 1528, "properties": {"REGION": "LOS RÍOS", "COMUNA": "LANCO", "NOMBRE": "MILEI UFIZA MALAL", "PUEBLO": "MAPUCHE"}, "geometry": {"type": "Point", "coordinates": [-72.62889468366355, -39.52671630147871]}}, {"type": "Feature", "id": 1529, "properties": {"REGION": "LOS RÍOS", "COMUNA": "LANCO", "NOMBRE": "HUANQUIHUE DE ANTILHUE", "PUEBLO": "MAPUCHE"}, "geometry": {"type": "Point", "coordinates": [-72.46915606537995, -39.51023189334263]}}, {"type": "Feature", "id": 1530, "properties": {"REGION": "LOS RÍOS", "COMUNA": "LANCO", "NOMBRE": "QUETRAN MAPU", "PUEBLO": "MAPUCHE"}, "geometry": {"type": "Point", "coordinates": [-72.38173819040017, -39.5207773065498]}}, {"type": "Feature", "id": 1531, "properties": {"REGION": "LOS RÍOS", "COMUNA": "LANCO", "NOMBRE": "QUIMEIRANCAHUE", "PUEBLO": "MAPUCHE"}, "geometry": {"type": "Point", "coordinates": [-72.77518135725971, -39.45366452373708]}}, {"type": "Feature", "id": 1532, "properties": {"REGION": "LOS RÍOS", "COMUNA": "LANCO", "NOMBRE": "CULTRUN KAWE", "PUEBLO": "MAPUCHE"}, "geometry": {"type": "Point", "coordinates": [-72.76560255, -39.4513]}}, {"type": "Feature", "id": 1533, "properties": {"REGION": "LOS RÍOS", "COMUNA": "LANCO", "NOMBRE": "AILLAPAN", "PUEBLO": "MAPUCHE"}, "geometry": {"type": "Point", "coordinates": [-72.76840724820597, -39.44959561086061]}}, {"type": "Feature", "id": 1534, "properties": {"REGION": "LOS RÍOS", "COMUNA": "LANCO", "NOMBRE": "TAÑI MOGÜEN", "PUEBLO": "MAPUCHE"}, "geometry": {"type": "Point", "coordinates": [-72.78219524419582, -39.45213859002565]}}, {"type": "Feature", "id": 1535, "properties": {"REGION": "LOS RÍOS", "COMUNA": "LANCO", "NOMBRE": "SUYAI", "PUEBLO": "MAPUCHE"}, "geometry": {"type": "Point", "coordinates": [-72.777359, -39.453128]}}, {"type": "Feature", "id": 1536, "properties": {"REGION": "LOS RÍOS", "COMUNA": "LOS LAGOS", "NOMBRE": "MAPUCHE LEUFUCURA", "PUEBLO": "MAPUCHE"}, "geometry": {"type": "Point", "coordinates": [-72.81541385705319, -39.86140750436484]}}, {"type": "Feature", "id": 1537, "properties": {"REGION": "LOS RÍOS", "COMUNA": "LOS LAGOS", "NOMBRE": "IÑAPU", "PUEBLO": "MAPUCHE"}, "geometry": {"type": "Point", "coordinates": [-72.81710049302234, -39.86292291640053]}}, {"type": "Feature", "id": 1538, "properties": {"REGION": "LOS RÍOS", "COMUNA": "LOS LAGOS", "NOMBRE": "MAPUCHE TXAYENCO", "PUEBLO": "MAPUCHE"}, "geometry": {"type": "Point", "coordinates": [-72.82579094623972, -39.85665451774126]}}, {"type": "Feature", "id": 1539, "properties": {"REGION": "LOS RÍOS", "COMUNA": "MÁFIL", "NOMBRE": "COMUNAL MAPUCHE DE MAFIL", "PUEBLO": "MAPUCHE"}, "geometry": {"type": "Point", "coordinates": [-72.958896, -39.663336]}}, {"type": "Feature", "id": 1540, "properties": {"REGION": "LOS RÍOS", "COMUNA": "MÁFIL", "NOMBRE": "COMPUCHE LELFU MAPU MAFIL", "PUEBLO": "MAPUCHE"}, "geometry": {"type": "Point", "coordinates": [-72.950029, -39.666297]}}, {"type": "Feature", "id": 1541, "properties": {"REGION": "LOS RÍOS", "COMUNA": "MARIQUINA", "NOMBRE": "WEICHAFE LAFQUEN MAPU", "PUEBLO": "MAPUCHE"}, "geometry": {"type": "Point", "coordinates": [-73.224526, -39.44842]}}, {"type": "Feature", "id": 1542, "properties": {"REGION": "LOS RÍOS", "COMUNA": "MARIQUINA", "NOMBRE": "HUALME LAFQUEN", "PUEBLO": "MAPUCHE"}, "geometry": {"type": "Point", "coordinates": [-73.224526, -39.44842]}}, {"type": "Feature", "id": 1543, "properties": {"REGION": "LOS RÍOS", "COMUNA": "MARIQUINA", "NOMBRE": "KURUF LAFKEN", "PUEBLO": "MAPUCHE"}, "geometry": {"type": "Point", "coordinates": [-73.224526, -39.44842]}}, {"type": "Feature", "id": 1544, "properties": {"REGION": "LOS RÍOS", "COMUNA": "MARIQUINA", "NOMBRE": "TREM TREM MAPU", "PUEBLO": "MAPUCHE"}, "geometry": {"type": "Point", "coordinates": [-72.96042020501727, -39.53969206172373]}}, {"type": "Feature", "id": 1545, "properties": {"REGION": "LOS RÍOS", "COMUNA": "MARIQUINA", "NOMBRE": "TRAFUGUIN MAPU", "PUEBLO": "MAPUCHE"}, "geometry": {"type": "Point", "coordinates": [-72.96042020501727, -39.53969206172373]}}, {"type": "Feature", "id": 1546, "properties": {"REGION": "LOS RÍOS", "COMUNA": "MARIQUINA", "NOMBRE": "LA HUAN", "PUEBLO": "MAPUCHE"}, "geometry": {"type": "Point", "coordinates": [-72.96042020501727, -39.53969206172373]}}, {"type": "Feature", "id": 1547, "properties": {"REGION": "LOS RÍOS", "COMUNA": "MARIQUINA", "NOMBRE": "ASOCIACION DE PESCADORES INDIGENAS RAYEN LAFQUEN DE CHAN CHAN", "PUEBLO": "MAPUCHE"}, "geometry": {"type": "Point", "coordinates": [-73.241947, -39.538742]}}, {"type": "Feature", "id": 1548, "properties": {"REGION": "LOS RÍOS", "COMUNA": "MARIQUINA", "NOMBRE": "PLA LAFQUEN", "PUEBLO": "MAPUCHE"}, "geometry": {"type": "Point", "coordinates": [-73.241947, -39.538742]}}, {"type": "Feature", "id": 1549, "properties": {"REGION": "LOS RÍOS", "COMUNA": "MARIQUINA", "NOMBRE": "RAYEN MAHUISA", "PUEBLO": "MAPUCHE"}, "geometry": {"type": "Point", "coordinates": [-72.95575659208102, -39.53807294952427]}}, {"type": "Feature", "id": 1550, "properties": {"REGION": "LOS RÍOS", "COMUNA": "MARIQUINA", "NOMBRE": "ASOCIACIÓN DE PESCADORES DE ALEPUE PLAYA", "PUEBLO": "MAPUCHE"}, "geometry": {"type": "Point", "coordinates": [-73.221222, -39.487698]}}, {"type": "Feature", "id": 1551, "properties": {"REGION": "LOS RÍOS", "COMUNA": "MARIQUINA", "NOMBRE": "TRAIGUEN MAPU", "PUEBLO": "MAPUCHE"}, "geometry": {"type": "Point", "coordinates": [-73.221222, -39.487698]}}, {"type": "Feature", "id": 1552, "properties": {"REGION": "LOS RÍOS", "COMUNA": "MARIQUINA", "NOMBRE": "DE COMUNIDADES INDIGENAS MAPUCHE LAFQUENCHE ALEPUE SAN JOSE DE LA MARIQUINA", "PUEBLO": "MAPUCHE"}, "geometry": {"type": "Point", "coordinates": [-73.221222, -39.487698]}}, {"type": "Feature", "id": 1553, "properties": {"REGION": "LOS RÍOS", "COMUNA": "MARIQUINA", "NOMBRE": "\"PEQUEÑOS AGRICULTORES PRO ADELANTO CAMPESINO SECTOR ALEPUE-ESTERO TRAIGUEN\"", "PUEBLO": "MAPUCHE"}, "geometry": {"type": "Point", "coordinates": [-73.221222, -39.487698]}}, {"type": "Feature", "id": 1554, "properties": {"REGION": "LOS RÍOS", "COMUNA": "MARIQUINA", "NOMBRE": "PESCADORES DE MAIQUILLAHUE", "PUEBLO": "MAPUCHE"}, "geometry": {"type": "Point", "coordinates": [-73.239233, -39.464319]}}, {"type": "Feature", "id": 1555, "properties": {"REGION": "LOS RÍOS", "COMUNA": "MARIQUINA", "NOMBRE": "DE PESCADORES NOMELOLEN DE MAIQUILLAHUE", "PUEBLO": "MAPUCHE"}, "geometry": {"type": "Point", "coordinates": [-73.239233, -39.464319]}}, {"type": "Feature", "id": 1556, "properties": {"REGION": "LOS RÍOS", "COMUNA": "MARIQUINA", "NOMBRE": "WENEHUEN CALQUINCO ALTO", "PUEBLO": "MAPUCHE"}, "geometry": {"type": "Point", "coordinates": [-72.868736, -39.450357]}}, {"type": "Feature", "id": 1557, "properties": {"REGION": "LOS RÍOS", "COMUNA": "MARIQUINA", "NOMBRE": "DE COMUNIDADES MAPUCHE RANGIÑ TU MAPU", "PUEBLO": "MAPUCHE"}, "geometry": {"type": "Point", "coordinates": [-72.96473294624893, -39.53961377906933]}}, {"type": "Feature", "id": 1558, "properties": {"REGION": "LOS RÍOS", "COMUNA": "MARIQUINA", "NOMBRE": "COMAPU", "PUEBLO": "MAPUCHE"}, "geometry": {"type": "Point", "coordinates": [-73.128181, -39.638633]}}, {"type": "Feature", "id": 1559, "properties": {"REGION": "LOS RÍOS", "COMUNA": "MARIQUINA", "NOMBRE": "COIPUE MAPU", "PUEBLO": "MAPUCHE"}, "geometry": {"type": "Point", "coordinates": [-73.21181050327718, -39.4571443338553]}}, {"type": "Feature", "id": 1560, "properties": {"REGION": "LOS RÍOS", "COMUNA": "MARIQUINA", "NOMBRE": "\"ZOMO QUIMÜN LAFQUENCHE\"", "PUEBLO": "MAPUCHE"}, "geometry": {"type": "Point", "coordinates": [-73.21181050327718, -39.4571443338553]}}, {"type": "Feature", "id": 1561, "properties": {"REGION": "LOS RÍOS", "COMUNA": "MARIQUINA", "NOMBRE": "WAIKI LAFQUEN", "PUEBLO": "MAPUCHE"}, "geometry": {"type": "Point", "coordinates": [-73.21181050327718, -39.4571443338553]}}, {"type": "Feature", "id": 1562, "properties": {"REGION": "LOS RÍOS", "COMUNA": "MARIQUINA", "NOMBRE": "LONKO NAHUEL", "PUEBLO": "MAPUCHE"}, "geometry": {"type": "Point", "coordinates": [-73.19448861291113, -39.43130418745886]}}, {"type": "Feature", "id": 1563, "properties": {"REGION": "LOS RÍOS", "COMUNA": "MARIQUINA", "NOMBRE": "LIANTU", "PUEBLO": "MAPUCHE"}, "geometry": {"type": "Point", "coordinates": [-72.97557129760041, -39.53923054698188]}}, {"type": "Feature", "id": 1564, "properties": {"REGION": "LOS RÍOS", "COMUNA": "MARIQUINA", "NOMBRE": "EL ESFUERZO PURINGUE POBRE", "PUEBLO": "MAPUCHE"}, "geometry": {"type": "Point", "coordinates": [-72.994006, -39.489921]}}, {"type": "Feature", "id": 1565, "properties": {"REGION": "LOS RÍOS", "COMUNA": "MARIQUINA", "NOMBRE": "CACIQUE ANDRES LIEN", "PUEBLO": "MAPUCHE"}, "geometry": {"type": "Point", "coordinates": [-73.218631, -39.486745]}}, {"type": "Feature", "id": 1566, "properties": {"REGION": "LOS RÍOS", "COMUNA": "MARIQUINA", "NOMBRE": "CALFILAFQUEN", "PUEBLO": "MAPUCHE"}, "geometry": {"type": "Point", "coordinates": [-73.256409, -39.555851]}}, {"type": "Feature", "id": 1567, "properties": {"REGION": "LOS RÍOS", "COMUNA": "MARIQUINA", "NOMBRE": "LLIU CUYIN", "PUEBLO": "MAPUCHE"}, "geometry": {"type": "Point", "coordinates": [-73.256409, -39.555851]}}, {"type": "Feature", "id": 1568, "properties": {"REGION": "LOS RÍOS", "COMUNA": "MARIQUINA", "NOMBRE": "NEWEN CO", "PUEBLO": "MAPUCHE"}, "geometry": {"type": "Point", "coordinates": [-72.96102984443326, -39.5378672660116]}}, {"type": "Feature", "id": 1569, "properties": {"REGION": "LOS RÍOS", "COMUNA": "MARIQUINA", "NOMBRE": "NUEVA ESPERANZA", "PUEBLO": "MAPUCHE"}, "geometry": {"type": "Point", "coordinates": [-72.862819, -39.522234]}}, {"type": "Feature", "id": 1570, "properties": {"REGION": "LOS RÍOS", "COMUNA": "MARIQUINA", "NOMBRE": "TRALCAO", "PUEBLO": "MAPUCHE"}, "geometry": {"type": "Point", "coordinates": [-73.118176, -39.690867]}}, {"type": "Feature", "id": 1571, "properties": {"REGION": "LOS RÍOS", "COMUNA": "MARIQUINA", "NOMBRE": "RIO LINGUE", "PUEBLO": "MAPUCHE"}, "geometry": {"type": "Point", "coordinates": [-73.20943119327552, -39.44460172506792]}}, {"type": "Feature", "id": 1572, "properties": {"REGION": "LOS RÍOS", "COMUNA": "MARIQUINA", "NOMBRE": "PANGUILAFKEN", "PUEBLO": "MAPUCHE"}, "geometry": {"type": "Point", "coordinates": [-73.20943119327552, -39.44460172506792]}}, {"type": "Feature", "id": 1573, "properties": {"REGION": "LOS RÍOS", "COMUNA": "MARIQUINA", "NOMBRE": "CULTURAL MAPUCHE KINTUNLAFKEN", "PUEBLO": "MAPUCHE"}, "geometry": {"type": "Point", "coordinates": [-73.21246438608706, -39.43731255203531]}}, {"type": "Feature", "id": 1574, "properties": {"REGION": "LOS RÍOS", "COMUNA": "MARIQUINA", "NOMBRE": "WILLI CÜRRÜF", "PUEBLO": "MAPUCHE"}, "geometry": {"type": "Point", "coordinates": [-72.97313305227726, -39.53597984072827]}}, {"type": "Feature", "id": 1575, "properties": {"REGION": "LOS RÍOS", "COMUNA": "MARIQUINA", "NOMBRE": "RAIHUEN", "PUEBLO": "MAPUCHE"}, "geometry": {"type": "Point", "coordinates": [-72.95103271976821, -39.53922620631934]}}, {"type": "Feature", "id": 1576, "properties": {"REGION": "LOS RÍOS", "COMUNA": "MARIQUINA", "NOMBRE": "WENU MAPU", "PUEBLO": "MAPUCHE"}, "geometry": {"type": "Point", "coordinates": [-72.95088176809475, -39.53623878182614]}}, {"type": "Feature", "id": 1577, "properties": {"REGION": "LOS RÍOS", "COMUNA": "MARIQUINA", "NOMBRE": "NIEYÑ FOLIL", "PUEBLO": "MAPUCHE"}, "geometry": {"type": "Point", "coordinates": [-72.863506, -39.48316]}}, {"type": "Feature", "id": 1578, "properties": {"REGION": "LOS RÍOS", "COMUNA": "MARIQUINA", "NOMBRE": "PUDOCO", "PUEBLO": "MAPUCHE"}, "geometry": {"type": "Point", "coordinates": [-72.81272440810635, -39.55960100562601]}}, {"type": "Feature", "id": 1579, "properties": {"REGION": "LOS RÍOS", "COMUNA": "PAILLACO", "NOMBRE": "PAILLACO FUTA TRAWUN", "PUEBLO": "MAPUCHE"}, "geometry": {"type": "Point", "coordinates": [-72.87304396529554, -40.07618881434795]}}, {"type": "Feature", "id": 1580, "properties": {"REGION": "LOS RÍOS", "COMUNA": "PAILLACO", "NOMBRE": "MANKE MAWIDA", "PUEBLO": "MAPUCHE"}, "geometry": {"type": "Point", "coordinates": [-72.87821308898435, -40.06343679748085]}}, {"type": "Feature", "id": 1581, "properties": {"REGION": "LOS RÍOS", "COMUNA": "PAILLACO", "NOMBRE": "RAYEN KO", "PUEBLO": "MAPUCHE"}, "geometry": {"type": "Point", "coordinates": [-72.87460274978542, -40.06978893584461]}}, {"type": "Feature", "id": 1582, "properties": {"REGION": "LOS RÍOS", "COMUNA": "PAILLACO", "NOMBRE": "ELUNEY", "PUEBLO": "MAPUCHE"}, "geometry": {"type": "Point", "coordinates": [-72.87521253516024, -40.06294056417698]}}, {"type": "Feature", "id": 1583, "properties": {"REGION": "LOS RÍOS", "COMUNA": "PAILLACO", "NOMBRE": "AYELEN MAPU", "PUEBLO": "MAPUCHE"}, "geometry": {"type": "Point", "coordinates": [-72.86734131864678, -40.06498096406931]}}, {"type": "Feature", "id": 1584, "properties": {"REGION": "LOS RÍOS", "COMUNA": "PANGUIPULLI", "NOMBRE": "PRODUCTORES INCHE MAPU", "PUEBLO": "MAPUCHE"}, "geometry": {"type": "Point", "coordinates": [-72.44385324968303, -39.57932109695482]}}, {"type": "Feature", "id": 1585, "properties": {"REGION": "LOS RÍOS", "COMUNA": "PANGUIPULLI", "NOMBRE": "AD MAPU REGIONAL LEUFU MAPU", "PUEBLO": "MAPUCHE"}, "geometry": {"type": "Point", "coordinates": [-72.33269667035707, -39.6418902412486]}}, {"type": "Feature", "id": 1586, "properties": {"REGION": "LOS RÍOS", "COMUNA": "PANGUIPULLI", "NOMBRE": "INALTULAFQUEN", "PUEBLO": "MAPUCHE"}, "geometry": {"type": "Point", "coordinates": [-72.33269667035707, -39.6418902412486]}}, {"type": "Feature", "id": 1587, "properties": {"REGION": "LOS RÍOS", "COMUNA": "PANGUIPULLI", "NOMBRE": "PULAFQUEN DE TRALAHUAPI", "PUEBLO": "MAPUCHE"}, "geometry": {"type": "Point", "coordinates": [-72.33269667035707, -39.6418902412486]}}, {"type": "Feature", "id": 1588, "properties": {"REGION": "LOS RÍOS", "COMUNA": "PANGUIPULLI", "NOMBRE": "INALEUFU LLANCAHUE", "PUEBLO": "MAPUCHE"}, "geometry": {"type": "Point", "coordinates": [-72.33269667035707, -39.6418902412486]}}, {"type": "Feature", "id": 1589, "properties": {"REGION": "LOS RÍOS", "COMUNA": "PANGUIPULLI", "NOMBRE": "TRULLUN MAPU", "PUEBLO": "MAPUCHE"}, "geometry": {"type": "Point", "coordinates": [-72.33269667035707, -39.6418902412486]}}, {"type": "Feature", "id": 1590, "properties": {"REGION": "LOS RÍOS", "COMUNA": "PANGUIPULLI", "NOMBRE": "EPU HUINCUL DE CULAN", "PUEBLO": "MAPUCHE"}, "geometry": {"type": "Point", "coordinates": [-72.33269667035707, -39.6418902412486]}}, {"type": "Feature", "id": 1591, "properties": {"REGION": "LOS RÍOS", "COMUNA": "PANGUIPULLI", "NOMBRE": "TRAILAFQUEN DE CALAFQUEN", "PUEBLO": "MAPUCHE"}, "geometry": {"type": "Point", "coordinates": [-72.33269667035707, -39.6418902412486]}}, {"type": "Feature", "id": 1592, "properties": {"REGION": "LOS RÍOS", "COMUNA": "PANGUIPULLI", "NOMBRE": "HUITRAHUE ANAY", "PUEBLO": "MAPUCHE"}, "geometry": {"type": "Point", "coordinates": [-72.33269667035707, -39.6418902412486]}}, {"type": "Feature", "id": 1593, "properties": {"REGION": "LOS RÍOS", "COMUNA": "PANGUIPULLI", "NOMBRE": "CARI CUI CUI", "PUEBLO": "MAPUCHE"}, "geometry": {"type": "Point", "coordinates": [-72.33269667035707, -39.6418902412486]}}, {"type": "Feature", "id": 1594, "properties": {"REGION": "LOS RÍOS", "COMUNA": "PANGUIPULLI", "NOMBRE": "RUCA PAÑI", "PUEBLO": "MAPUCHE"}, "geometry": {"type": "Point", "coordinates": [-72.33140048309937, -39.64091548776955]}}, {"type": "Feature", "id": 1595, "properties": {"REGION": "LOS RÍOS", "COMUNA": "PANGUIPULLI", "NOMBRE": "WIÑO PE WIL", "PUEBLO": "MAPUCHE"}, "geometry": {"type": "Point", "coordinates": [-72.33140048309937, -39.64091548776955]}}, {"type": "Feature", "id": 1596, "properties": {"REGION": "LOS RÍOS", "COMUNA": "PANGUIPULLI", "NOMBRE": "MELI TROKIN MAPU DE CAYUMAPU", "PUEBLO": "MAPUCHE"}, "geometry": {"type": "Point", "coordinates": [-72.19976952452261, -39.61270163456348]}}, {"type": "Feature", "id": 1597, "properties": {"REGION": "LOS RÍOS", "COMUNA": "PANGUIPULLI", "NOMBRE": "ACHKINTWE", "PUEBLO": "MAPUCHE"}, "geometry": {"type": "Point", "coordinates": [-72.06884036549631, -39.52144887921494]}}, {"type": "Feature", "id": 1598, "properties": {"REGION": "LOS RÍOS", "COMUNA": "PANGUIPULLI", "NOMBRE": "EPULOF", "PUEBLO": "MAPUCHE"}, "geometry": {"type": "Point", "coordinates": [-72.06884036549631, -39.52144887921494]}}, {"type": "Feature", "id": 1599, "properties": {"REGION": "LOS RÍOS", "COMUNA": "PANGUIPULLI", "NOMBRE": "\"KALFULAFQUÉN\"", "PUEBLO": "MAPUCHE"}, "geometry": {"type": "Point", "coordinates": [-72.06884036549631, -39.52144887921494]}}, {"type": "Feature", "id": 1600, "properties": {"REGION": "LOS RÍOS", "COMUNA": "PANGUIPULLI", "NOMBRE": "ANTUMAPU LAFQUEN", "PUEBLO": "MAPUCHE"}, "geometry": {"type": "Point", "coordinates": [-72.33522731038542, -39.66970261225296]}}, {"type": "Feature", "id": 1601, "properties": {"REGION": "LOS RÍOS", "COMUNA": "PANGUIPULLI", "NOMBRE": "MULEY KULA MAPU", "PUEBLO": "MAPUCHE"}, "geometry": {"type": "Point", "coordinates": [-72.33522731038542, -39.66970261225296]}}, {"type": "Feature", "id": 1602, "properties": {"REGION": "LOS RÍOS", "COMUNA": "PANGUIPULLI", "NOMBRE": "CUDICO MAPU", "PUEBLO": "MAPUCHE"}, "geometry": {"type": "Point", "coordinates": [-72.33522731038542, -39.66970261225296]}}, {"type": "Feature", "id": 1603, "properties": {"REGION": "LOS RÍOS", "COMUNA": "PANGUIPULLI", "NOMBRE": "RAYEN MAPU", "PUEBLO": "MAPUCHE"}, "geometry": {"type": "Point", "coordinates": [-71.8259977677822, -39.73664359085208]}}, {"type": "Feature", "id": 1604, "properties": {"REGION": "LOS RÍOS", "COMUNA": "PANGUIPULLI", "NOMBRE": "HUENU WINKUL", "PUEBLO": "MAPUCHE"}, "geometry": {"type": "Point", "coordinates": [-72.14457164123102, -39.58006724107083]}}, {"type": "Feature", "id": 1605, "properties": {"REGION": "LOS RÍOS", "COMUNA": "PANGUIPULLI", "NOMBRE": "RAGUINTULELFU", "PUEBLO": "MAPUCHE"}, "geometry": {"type": "Point", "coordinates": [-72.157903, -39.60868]}}, {"type": "Feature", "id": 1606, "properties": {"REGION": "LOS RÍOS", "COMUNA": "PANGUIPULLI", "NOMBRE": "HUITAG", "PUEBLO": "MAPUCHE"}, "geometry": {"type": "Point", "coordinates": [-72.308962, -39.534196]}}, {"type": "Feature", "id": 1607, "properties": {"REGION": "LOS RÍOS", "COMUNA": "PANGUIPULLI", "NOMBRE": "PELEHUE BAJO", "PUEBLO": "MAPUCHE"}, "geometry": {"type": "Point", "coordinates": [-72.44854319145979, -39.59031845500346]}}, {"type": "Feature", "id": 1608, "properties": {"REGION": "LOS RÍOS", "COMUNA": "PANGUIPULLI", "NOMBRE": "PELON MAPU", "PUEBLO": "MAPUCHE"}, "geometry": {"type": "Point", "coordinates": [-72.44854319145979, -39.59031845500346]}}, {"type": "Feature", "id": 1609, "properties": {"REGION": "LOS RÍOS", "COMUNA": "PANGUIPULLI", "NOMBRE": "RAÑI EPU LAFQUEN", "PUEBLO": "MAPUCHE"}, "geometry": {"type": "Point", "coordinates": [-72.12433252077713, -39.5469271006706]}}, {"type": "Feature", "id": 1610, "properties": {"REGION": "LOS RÍOS", "COMUNA": "PANGUIPULLI", "NOMBRE": "LUMACO DE CERRO PITRE", "PUEBLO": "MAPUCHE"}, "geometry": {"type": "Point", "coordinates": [-72.212738, -39.572426]}}, {"type": "Feature", "id": 1611, "properties": {"REGION": "LOS RÍOS", "COMUNA": "PANGUIPULLI", "NOMBRE": "MILLAPANGUI", "PUEBLO": "MAPUCHE"}, "geometry": {"type": "Point", "coordinates": [-72.413413, -39.67701]}}, {"type": "Feature", "id": 1612, "properties": {"REGION": "LOS RÍOS", "COMUNA": "PANGUIPULLI", "NOMBRE": "NGAN MAPU", "PUEBLO": "MAPUCHE"}, "geometry": {"type": "Point", "coordinates": [-72.180444, -39.574543]}}, {"type": "Feature", "id": 1613, "properties": {"REGION": "LOS RÍOS", "COMUNA": "PANGUIPULLI", "NOMBRE": "MICROEMPRESARIOS TURISTICOS TRAYENCO DE LIQUIÑE", "PUEBLO": "MAPUCHE"}, "geometry": {"type": "Point", "coordinates": [-71.854325, -39.746703]}}, {"type": "Feature", "id": 1614, "properties": {"REGION": "LOS RÍOS", "COMUNA": "PANGUIPULLI", "NOMBRE": "LA FUERZA DE LA NATURALEZA NEWENTUIÑ WUALLON", "PUEBLO": "MAPUCHE"}, "geometry": {"type": "Point", "coordinates": [-72.34442152307889, -39.64446080636838]}}, {"type": "Feature", "id": 1615, "properties": {"REGION": "LOS RÍOS", "COMUNA": "PANGUIPULLI", "NOMBRE": "PAILLALAFQUEN DE COÑARIPE", "PUEBLO": "MAPUCHE"}, "geometry": {"type": "Point", "coordinates": [-72.0090097687861, -39.56871431844821]}}, {"type": "Feature", "id": 1616, "properties": {"REGION": "LOS RÍOS", "COMUNA": "PANGUIPULLI", "NOMBRE": "KUCHEPEN MAPU", "PUEBLO": "MAPUCHE"}, "geometry": {"type": "Point", "coordinates": [-72.0090097687861, -39.56871431844821]}}, {"type": "Feature", "id": 1617, "properties": {"REGION": "LOS RÍOS", "COMUNA": "PANGUIPULLI", "NOMBRE": "MILLARAY", "PUEBLO": "MAPUCHE"}, "geometry": {"type": "Point", "coordinates": [-72.54669769735033, -39.667430351619]}}, {"type": "Feature", "id": 1618, "properties": {"REGION": "LOS RÍOS", "COMUNA": "PANGUIPULLI", "NOMBRE": "CULAN MAPU", "PUEBLO": "MAPUCHE"}, "geometry": {"type": "Point", "coordinates": [-71.95842524385316, -39.57751629317615]}}, {"type": "Feature", "id": 1619, "properties": {"REGION": "LOS RÍOS", "COMUNA": "PANGUIPULLI", "NOMBRE": "COYAM MAPU", "PUEBLO": "MAPUCHE"}, "geometry": {"type": "Point", "coordinates": [-72.087398, -39.568808]}}, {"type": "Feature", "id": 1620, "properties": {"REGION": "LOS RÍOS", "COMUNA": "PANGUIPULLI", "NOMBRE": "RAQUI MAPU", "PUEBLO": "MAPUCHE"}, "geometry": {"type": "Point", "coordinates": [-72.37745159254573, -39.64148759541239]}}, {"type": "Feature", "id": 1621, "properties": {"REGION": "LOS RÍOS", "COMUNA": "PANGUIPULLI", "NOMBRE": "PEÑI MAPU", "PUEBLO": "MAPUCHE"}, "geometry": {"type": "Point", "coordinates": [-72.406959, -39.718999]}}, {"type": "Feature", "id": 1622, "properties": {"REGION": "LOS RÍOS", "COMUNA": "PANGUIPULLI", "NOMBRE": "WENEY", "PUEBLO": "MAPUCHE"}, "geometry": {"type": "Point", "coordinates": [-72.406978, -39.698949]}}, {"type": "Feature", "id": 1623, "properties": {"REGION": "LOS RÍOS", "COMUNA": "PANGUIPULLI", "NOMBRE": "HUENCHUANCA AILLAPAN PICHIDOLLINCO", "PUEBLO": "MAPUCHE"}, "geometry": {"type": "Point", "coordinates": [-72.44300598982093, -39.70754476972325]}}, {"type": "Feature", "id": 1624, "properties": {"REGION": "LOS RÍOS", "COMUNA": "PANGUIPULLI", "NOMBRE": "POLPOHUELAFQUEN", "PUEBLO": "MAPUCHE"}, "geometry": {"type": "Point", "coordinates": [-72.10382897297463, -39.57454314476944]}}, {"type": "Feature", "id": 1625, "properties": {"REGION": "LOS RÍOS", "COMUNA": "PANGUIPULLI", "NOMBRE": "LLIUCO MAPU", "PUEBLO": "MAPUCHE"}, "geometry": {"type": "Point", "coordinates": [-72.46960873523527, -39.56416245937098]}}, {"type": "Feature", "id": 1626, "properties": {"REGION": "LOS RÍOS", "COMUNA": "PANGUIPULLI", "NOMBRE": "TRAYENCO", "PUEBLO": "MAPUCHE"}, "geometry": {"type": "Point", "coordinates": [-71.85426882967954, -39.73652128003746]}}, {"type": "Feature", "id": 1627, "properties": {"REGION": "LOS RÍOS", "COMUNA": "PANGUIPULLI", "NOMBRE": "KONA RUPU FUTA MAPU", "PUEBLO": "MAPUCHE"}, "geometry": {"type": "Point", "coordinates": [-72.00524991706709, -39.58758480765369]}}, {"type": "Feature", "id": 1628, "properties": {"REGION": "LOS RÍOS", "COMUNA": "PANGUIPULLI", "NOMBRE": "INALCON", "PUEBLO": "MAPUCHE"}, "geometry": {"type": "Point", "coordinates": [-72.00524991706709, -39.58758480765369]}}, {"type": "Feature", "id": 1629, "properties": {"REGION": "LOS RÍOS", "COMUNA": "PANGUIPULLI", "NOMBRE": "WINKUL-KO", "PUEBLO": "MAPUCHE"}, "geometry": {"type": "Point", "coordinates": [-71.94553638135578, -39.58073465193046]}}, {"type": "Feature", "id": 1630, "properties": {"REGION": "LOS RÍOS", "COMUNA": "PANGUIPULLI", "NOMBRE": "NEHUEN MAPU", "PUEBLO": "MAPUCHE"}, "geometry": {"type": "Point", "coordinates": [-71.94553638135578, -39.58073465193046]}}, {"type": "Feature", "id": 1631, "properties": {"REGION": "LOS RÍOS", "COMUNA": "PANGUIPULLI", "NOMBRE": "CHELONCO", "PUEBLO": "MAPUCHE"}, "geometry": {"type": "Point", "coordinates": [-72.19639, -39.599836]}}, {"type": "Feature", "id": 1632, "properties": {"REGION": "LOS RÍOS", "COMUNA": "PANGUIPULLI", "NOMBRE": "LEUFU WUENEYWUE", "PUEBLO": "MAPUCHE"}, "geometry": {"type": "Point", "coordinates": [-72.19639, -39.599836]}}, {"type": "Feature", "id": 1633, "properties": {"REGION": "LOS RÍOS", "COMUNA": "PANGUIPULLI", "NOMBRE": "NEWEN KIMUN", "PUEBLO": "MAPUCHE"}, "geometry": {"type": "Point", "coordinates": [-72.32954573934582, -39.64208134513153]}}, {"type": "Feature", "id": 1634, "properties": {"REGION": "LOS RÍOS", "COMUNA": "PANGUIPULLI", "NOMBRE": "\"WE FOLILPU WARRICHE\"", "PUEBLO": "MAPUCHE"}, "geometry": {"type": "Point", "coordinates": [-72.32954573934582, -39.64208134513153]}}, {"type": "Feature", "id": 1635, "properties": {"REGION": "LOS RÍOS", "COMUNA": "PANGUIPULLI", "NOMBRE": "RAFAEL ANTIMILLA", "PUEBLO": "MAPUCHE"}, "geometry": {"type": "Point", "coordinates": [-72.01044582350147, -39.56328486341696]}}, {"type": "Feature", "id": 1636, "properties": {"REGION": "LOS RÍOS", "COMUNA": "PANGUIPULLI", "NOMBRE": "NEWEN MAWIDA", "PUEBLO": "MAPUCHE"}, "geometry": {"type": "Point", "coordinates": [-71.974153, -39.542734]}}, {"type": "Feature", "id": 1637, "properties": {"REGION": "LOS RÍOS", "COMUNA": "VALDIVIA", "NOMBRE": "WAZALAFKEN", "PUEBLO": "MAPUCHE"}, "geometry": {"type": "Point", "coordinates": [-73.2026991887395, -39.84403715461797]}}, {"type": "Feature", "id": 1638, "properties": {"REGION": "LOS RÍOS", "COMUNA": "VALDIVIA", "NOMBRE": "KIMUN FOLIL MAPU", "PUEBLO": "MAPUCHE"}, "geometry": {"type": "Point", "coordinates": [-73.23114032915801, -39.85506621913576]}}, {"type": "Feature", "id": 1639, "properties": {"REGION": "LOS RÍOS", "COMUNA": "VALDIVIA", "NOMBRE": "RAYEN", "PUEBLO": "MAPUCHE"}, "geometry": {"type": "Point", "coordinates": [-73.23016070094441, -39.85486656996033]}}, {"type": "Feature", "id": 1640, "properties": {"REGION": "LOS RÍOS", "COMUNA": "VALDIVIA", "NOMBRE": "WAYWEN DE PESCADORES ARTESANALES", "PUEBLO": "MAPUCHE"}, "geometry": {"type": "Point", "coordinates": [-73.12908685286303, -39.73347734320581]}}, {"type": "Feature", "id": 1641, "properties": {"REGION": "LOS RÍOS", "COMUNA": "VALDIVIA", "NOMBRE": "SAYEN CURGUAN", "PUEBLO": "MAPUCHE"}, "geometry": {"type": "Point", "coordinates": [-73.19949777680144, -39.83418612136226]}}, {"type": "Feature", "id": 1642, "properties": {"REGION": "LOS RÍOS", "COMUNA": "VALDIVIA", "NOMBRE": "AD MAPU KÑWUN", "PUEBLO": "MAPUCHE"}, "geometry": {"type": "Point", "coordinates": [-73.21806345935734, -39.82605185468001]}}, {"type": "Feature", "id": 1643, "properties": {"REGION": "LOS RÍOS", "COMUNA": "VALDIVIA", "NOMBRE": "INALEUFUCHE", "PUEBLO": "MAPUCHE"}, "geometry": {"type": "Point", "coordinates": [-73.21633816027081, -39.84712463071092]}}, {"type": "Feature", "id": 1644, "properties": {"REGION": "LOS RÍOS", "COMUNA": "VALDIVIA", "NOMBRE": "PACHAMAMA", "PUEBLO": "MAPUCHE"}, "geometry": {"type": "Point", "coordinates": [-73.2218062699258, -39.80663417667418]}}, {"type": "Feature", "id": 1645, "properties": {"REGION": "LOS RÍOS", "COMUNA": "VALDIVIA", "NOMBRE": "PELON DOMO - MUJERES DE LUZ-", "PUEBLO": "MAPUCHE"}, "geometry": {"type": "Point", "coordinates": [-73.24695704159893, -39.81723938919957]}}, {"type": "Feature", "id": 1646, "properties": {"REGION": "LOS RÍOS", "COMUNA": "VALDIVIA", "NOMBRE": "PEUMAYEN LUGAR MARAVILLOSO-SOÑADO", "PUEBLO": "MAPUCHE"}, "geometry": {"type": "Point", "coordinates": [-73.24695704159893, -39.81723938919957]}}, {"type": "Feature", "id": 1647, "properties": {"REGION": "LOS RÍOS", "COMUNA": "VALDIVIA", "NOMBRE": "FOLIL NEWEN DOMO MAPUNCHE", "PUEBLO": "MAPUCHE"}, "geometry": {"type": "Point", "coordinates": [-73.2278940753716, -39.83927936795839]}}, {"type": "Feature", "id": 1648, "properties": {"REGION": "LOS RÍOS", "COMUNA": "VALDIVIA", "NOMBRE": "ALIWEN ARBOL DE GRANDES DIMENSIONES", "PUEBLO": "MAPUCHE"}, "geometry": {"type": "Point", "coordinates": [-73.25012621317661, -39.85342095347514]}}, {"type": "Feature", "id": 1649, "properties": {"REGION": "LOS RÍOS", "COMUNA": "VALDIVIA", "NOMBRE": "RAYEN LAFQUEN", "PUEBLO": "MAPUCHE"}, "geometry": {"type": "Point", "coordinates": [-73.373244, -39.763993]}}, {"type": "Feature", "id": 1650, "properties": {"REGION": "LOS RÍOS", "COMUNA": "VALDIVIA", "NOMBRE": "MONGUELTUN", "PUEBLO": "MAPUCHE"}, "geometry": {"type": "Point", "coordinates": [-73.394154, -39.725964]}}, {"type": "Feature", "id": 1651, "properties": {"REGION": "LOS RÍOS", "COMUNA": "VALDIVIA", "NOMBRE": "MAHUENCO", "PUEBLO": "MAPUCHE"}, "geometry": {"type": "Point", "coordinates": [-73.2468038589298, -39.81334513735885]}}, {"type": "Feature", "id": 1652, "properties": {"REGION": "LOS RÍOS", "COMUNA": "VALDIVIA", "NOMBRE": "\"RAYEN MAPU\"", "PUEBLO": "MAPUCHE"}, "geometry": {"type": "Point", "coordinates": [-73.22505535805931, -39.85013259874862]}}, {"type": "Feature", "id": 1653, "properties": {"REGION": "LOS RÍOS", "COMUNA": "VALDIVIA", "NOMBRE": "\"RAYEN KUTRAL\"", "PUEBLO": "MAPUCHE"}, "geometry": {"type": "Point", "coordinates": [-73.20931302892512, -39.84905045924003]}}, {"type": "Feature", "id": 1654, "properties": {"REGION": "LOS RÍOS", "COMUNA": "VALDIVIA", "NOMBRE": "HUALA LAFKENCHE", "PUEBLO": "MAPUCHE"}, "geometry": {"type": "Point", "coordinates": [-73.39971271939845, -39.87088184792619]}}, {"type": "Feature", "id": 1655, "properties": {"REGION": "LOS LAGOS", "COMUNA": "ANCUD", "NOMBRE": "MAPU LAFQUEN", "PUEBLO": "MAPUCHE"}, "geometry": {"type": "Point", "coordinates": [-73.82826883404309, -41.86819556975508]}}, {"type": "Feature", "id": 1656, "properties": {"REGION": "LOS LAGOS", "COMUNA": "CASTRO", "NOMBRE": "LAFKENMAPU", "PUEBLO": "MAPUCHE"}, "geometry": {"type": "Point", "coordinates": [-73.76596945386456, -42.47928879771597]}}, {"type": "Feature", "id": 1657, "properties": {"REGION": "LOS LAGOS", "COMUNA": "ANCUD", "NOMBRE": "\"WIÑOI NEWEN ANCUD\"", "PUEBLO": "MAPUCHE"}, "geometry": {"type": "Point", "coordinates": [-73.82826883404309, -41.86819556975508]}}, {"type": "Feature", "id": 1658, "properties": {"REGION": "LOS LAGOS", "COMUNA": "ANCUD", "NOMBRE": "\"GUINEO\"", "PUEBLO": "MAPUCHE"}, "geometry": {"type": "Point", "coordinates": [-73.82826883404309, -41.86819556975508]}}, {"type": "Feature", "id": 1659, "properties": {"REGION": "LOS LAGOS", "COMUNA": "ANCUD", "NOMBRE": "WENU NEWEN", "PUEBLO": "MAPUCHE"}, "geometry": {"type": "Point", "coordinates": [-73.82826883404309, -41.86819556975508]}}, {"type": "Feature", "id": 1660, "properties": {"REGION": "LOS LAGOS", "COMUNA": "ANCUD", "NOMBRE": "ASOCIACION INDIGENA CONSEJO MAYOR DE CACIQUES Y COMUNIDADES HUILLICHES DE CHILOE", "PUEBLO": "MAPUCHE"}, "geometry": {"type": "Point", "coordinates": [-73.82826883404309, -41.86819556975508]}}, {"type": "Feature", "id": 1661, "properties": {"REGION": "LOS LAGOS", "COMUNA": "ANCUD", "NOMBRE": "FUTA WILLI MAPU", "PUEBLO": "MAPUCHE"}, "geometry": {"type": "Point", "coordinates": [-73.82826883404309, -41.86819556975508]}}, {"type": "Feature", "id": 1662, "properties": {"REGION": "LOS LAGOS", "COMUNA": "ANCUD", "NOMBRE": "ALTOS DE CARACOLES", "PUEBLO": "MAPUCHE"}, "geometry": {"type": "Point", "coordinates": [-73.82826883404309, -41.86819556975508]}}, {"type": "Feature", "id": 1663, "properties": {"REGION": "LOS LAGOS", "COMUNA": "ANCUD", "NOMBRE": "REPÜLN WILLITU", "PUEBLO": "MAPUCHE"}, "geometry": {"type": "Point", "coordinates": [-73.82826883404309, -41.86819556975508]}}, {"type": "Feature", "id": 1664, "properties": {"REGION": "LOS LAGOS", "COMUNA": "ANCUD", "NOMBRE": "SUYAY", "PUEBLO": "MAPUCHE"}, "geometry": {"type": "Point", "coordinates": [-73.82826883404309, -41.86819556975508]}}, {"type": "Feature", "id": 1665, "properties": {"REGION": "LOS LAGOS", "COMUNA": "ANCUD", "NOMBRE": "ANTUPAINKO", "PUEBLO": "MAPUCHE"}, "geometry": {"type": "Point", "coordinates": [-73.82826883404309, -41.86819556975508]}}, {"type": "Feature", "id": 1666, "properties": {"REGION": "LOS LAGOS", "COMUNA": "ANCUD", "NOMBRE": "FOTUN ÑUKE MAPU", "PUEBLO": "MAPUCHE"}, "geometry": {"type": "Point", "coordinates": [-73.82826883404309, -41.86819556975508]}}, {"type": "Feature", "id": 1667, "properties": {"REGION": "LOS LAGOS", "COMUNA": "ANCUD", "NOMBRE": "RAY MAPU DE ANKU", "PUEBLO": "MAPUCHE"}, "geometry": {"type": "Point", "coordinates": [-73.82826883404309, -41.86819556975508]}}, {"type": "Feature", "id": 1668, "properties": {"REGION": "LOS LAGOS", "COMUNA": "ANCUD", "NOMBRE": "LAWENTUCHEFE TUE", "PUEBLO": "MAPUCHE"}, "geometry": {"type": "Point", "coordinates": [-73.82826883404309, -41.86819556975508]}}, {"type": "Feature", "id": 1669, "properties": {"REGION": "LOS LAGOS", "COMUNA": "ANCUD", "NOMBRE": "HUELPIN WELLPIN", "PUEBLO": "MAPUCHE"}, "geometry": {"type": "Point", "coordinates": [-73.82304036981218, -41.87469654820522]}}, {"type": "Feature", "id": 1670, "properties": {"REGION": "LOS LAGOS", "COMUNA": "ANCUD", "NOMBRE": "UÑAN YAL", "PUEBLO": "MAPUCHE"}, "geometry": {"type": "Point", "coordinates": [-73.824786, -41.873717]}}, {"type": "Feature", "id": 1671, "properties": {"REGION": "LOS LAGOS", "COMUNA": "ANCUD", "NOMBRE": "KUMELEN AUKAN", "PUEBLO": "MAPUCHE"}, "geometry": {"type": "Point", "coordinates": [-73.81772043207097, -41.85923086335192]}}, {"type": "Feature", "id": 1672, "properties": {"REGION": "LOS LAGOS", "COMUNA": "ANCUD", "NOMBRE": "CHOYÜM MAPU DE ANCUD", "PUEBLO": "MAPUCHE"}, "geometry": {"type": "Point", "coordinates": [-73.81101426512373, -41.87892216450331]}}, {"type": "Feature", "id": 1673, "properties": {"REGION": "LOS LAGOS", "COMUNA": "ANCUD", "NOMBRE": "LIFCHE MAPU", "PUEBLO": "MAPUCHE"}, "geometry": {"type": "Point", "coordinates": [-73.81451174898247, -41.87885664489459]}}, {"type": "Feature", "id": 1674, "properties": {"REGION": "LOS LAGOS", "COMUNA": "ANCUD", "NOMBRE": "PICHI LAFKEN MAPU", "PUEBLO": "MAPUCHE"}, "geometry": {"type": "Point", "coordinates": [-73.5177109, -41.9066262]}}, {"type": "Feature", "id": 1675, "properties": {"REGION": "LOS LAGOS", "COMUNA": "CASTRO", "NOMBRE": "FEDERACION DE COMUNIDADES HUILLICHE DE CHILOE", "PUEBLO": "MAPUCHE"}, "geometry": {"type": "Point", "coordinates": [-73.7619536913298, -42.4835407196422]}}, {"type": "Feature", "id": 1676, "properties": {"REGION": "LOS LAGOS", "COMUNA": "CASTRO", "NOMBRE": "ARTESANOS COMUNIDAD WILLICHE BUTA WAPI CHILWE SECTOR LLIKALDAD", "PUEBLO": "MAPUCHE"}, "geometry": {"type": "Point", "coordinates": [-73.794112, -42.513557]}}, {"type": "Feature", "id": 1677, "properties": {"REGION": "LOS LAGOS", "COMUNA": "CASTRO", "NOMBRE": "FOLILCHE", "PUEBLO": "MAPUCHE"}, "geometry": {"type": "Point", "coordinates": [-73.77874993920305, -42.46281758541578]}}, {"type": "Feature", "id": 1678, "properties": {"REGION": "LOS LAGOS", "COMUNA": "CASTRO", "NOMBRE": "\"NEWEN DEL SECTOR POBLACIÓN ALONSO DE ERCILLA COMUNA CASTRO\"", "PUEBLO": "MAPUCHE"}, "geometry": {"type": "Point", "coordinates": [-73.780226, -42.463063]}}, {"type": "Feature", "id": 1679, "properties": {"REGION": "LOS LAGOS", "COMUNA": "CASTRO", "NOMBRE": "ASOCIACION INDIGENA URBANA DE MUJERES MAPU DOMO", "PUEBLO": "MAPUCHE"}, "geometry": {"type": "Point", "coordinates": [-73.76206407121552, -42.48253965492114]}}, {"type": "Feature", "id": 1680, "properties": {"REGION": "LOS LAGOS", "COMUNA": "CASTRO", "NOMBRE": "NEWEN DOMO", "PUEBLO": "MAPUCHE"}, "geometry": {"type": "Point", "coordinates": [-73.76887572587887, -42.48129658264021]}}, {"type": "Feature", "id": 1681, "properties": {"REGION": "LOS LAGOS", "COMUNA": "CASTRO", "NOMBRE": "MAPU ÑUKE", "PUEBLO": "MAPUCHE"}, "geometry": {"type": "Point", "coordinates": [-73.78086827651923, -42.48198876232884]}}, {"type": "Feature", "id": 1682, "properties": {"REGION": "LOS LAGOS", "COMUNA": "CASTRO", "NOMBRE": "WARRIA - CHE", "PUEBLO": "MAPUCHE"}, "geometry": {"type": "Point", "coordinates": [-73.77752009771565, -42.47228936453418]}}, {"type": "Feature", "id": 1683, "properties": {"REGION": "LOS LAGOS", "COMUNA": "CASTRO", "NOMBRE": "LAMUENAS KENAN", "PUEBLO": "MAPUCHE"}, "geometry": {"type": "Point", "coordinates": [-73.76596945386456, -42.47928879771597]}}, {"type": "Feature", "id": 1684, "properties": {"REGION": "LOS LAGOS", "COMUNA": "CASTRO", "NOMBRE": "WILLI RELMU PU ZOMO", "PUEBLO": "MAPUCHE"}, "geometry": {"type": "Point", "coordinates": [-73.76596945386456, -42.47928879771597]}}, {"type": "Feature", "id": 1685, "properties": {"REGION": "LOS LAGOS", "COMUNA": "CASTRO", "NOMBRE": "MACHELLO COLIN DE QUIQUILWE", "PUEBLO": "MAPUCHE"}, "geometry": {"type": "Point", "coordinates": [-73.76596945386456, -42.47928879771597]}}, {"type": "Feature", "id": 1686, "properties": {"REGION": "LOS LAGOS", "COMUNA": "CASTRO", "NOMBRE": "HUECHELU TRABUN", "PUEBLO": "MAPUCHE"}, "geometry": {"type": "Point", "coordinates": [-73.76596945386456, -42.47928879771597]}}, {"type": "Feature", "id": 1687, "properties": {"REGION": "LOS LAGOS", "COMUNA": "SAN JUAN DE LA COSTA", "NOMBRE": "ÑUKE MAPU CASTRO", "PUEBLO": "MAPUCHE"}, "geometry": {"type": "Point", "coordinates": [-73.76596945386456, -42.47928879771597]}}, {"type": "Feature", "id": 1688, "properties": {"REGION": "LOS LAGOS", "COMUNA": "CASTRO", "NOMBRE": "INANTUE NEWEN", "PUEBLO": "MAPUCHE"}, "geometry": {"type": "Point", "coordinates": [-73.77728263592421, -42.46433304848555]}}, {"type": "Feature", "id": 1689, "properties": {"REGION": "LOS LAGOS", "COMUNA": "CASTRO", "NOMBRE": "ASOCIACION COMUNAL INDIGENA QUELCUN DE CASTRO", "PUEBLO": "MAPUCHE"}, "geometry": {"type": "Point", "coordinates": [-73.77087509976059, -42.47250178317748]}}, {"type": "Feature", "id": 1690, "properties": {"REGION": "LOS LAGOS", "COMUNA": "CHONCHI", "NOMBRE": "PESCADORES ARTESANALES", "PUEBLO": "MAPUCHE"}, "geometry": {"type": "Point", "coordinates": [-73.742439, -42.857441]}}, {"type": "Feature", "id": 1691, "properties": {"REGION": "LOS LAGOS", "COMUNA": "CHONCHI", "NOMBRE": "PESCADORES ARTESANALES DE LA COMUNIDAD HUILLICHE BUTA HUAPI CHILHUE SECTOR HUENTEMO", "PUEBLO": "MAPUCHE"}, "geometry": {"type": "Point", "coordinates": [-74.15475226008496, -42.53601511453692]}}, {"type": "Feature", "id": 1692, "properties": {"REGION": "LOS LAGOS", "COMUNA": "CHONCHI", "NOMBRE": "PUÑEN MAPU", "PUEBLO": "MAPUCHE"}, "geometry": {"type": "Point", "coordinates": [-74.15475226008496, -42.53601511453692]}}, {"type": "Feature", "id": 1693, "properties": {"REGION": "LOS LAGOS", "COMUNA": "CHONCHI", "NOMBRE": "PESCADORES ARTESANALES DE LA COMUNIDAD HUILLICHE BUTA HUAPI CHILHUE SECTOR CHANQUIN", "PUEBLO": "MAPUCHE"}, "geometry": {"type": "Point", "coordinates": [-74.119595, -42.601788]}}, {"type": "Feature", "id": 1694, "properties": {"REGION": "LOS LAGOS", "COMUNA": "CHONCHI", "NOMBRE": "NUEVA JUVENTUD DE CHANQUIN", "PUEBLO": "MAPUCHE"}, "geometry": {"type": "Point", "coordinates": [-73.77986526193772, -42.62081852961438]}}, {"type": "Feature", "id": 1695, "properties": {"REGION": "LOS LAGOS", "COMUNA": "CHONCHI", "NOMBRE": "MAPU TRIPANTU", "PUEBLO": "MAPUCHE"}, "geometry": {"type": "Point", "coordinates": [-73.77330494117105, -42.6233085527189]}}, {"type": "Feature", "id": 1696, "properties": {"REGION": "LOS LAGOS", "COMUNA": "CHONCHI", "NOMBRE": "INTHE TAIN FOLIL", "PUEBLO": "MAPUCHE"}, "geometry": {"type": "Point", "coordinates": [-73.77507901581701, -42.6202373377855]}}, {"type": "Feature", "id": 1697, "properties": {"REGION": "LOS LAGOS", "COMUNA": "CHONCHI", "NOMBRE": "YAPAI SUYAI", "PUEBLO": "MAPUCHE"}, "geometry": {"type": "Point", "coordinates": [-73.78119839668081, -42.62021705060322]}}, {"type": "Feature", "id": 1698, "properties": {"REGION": "LOS LAGOS", "COMUNA": "CHONCHI", "NOMBRE": "ITROFILL MOGEN", "PUEBLO": "MAPUCHE"}, "geometry": {"type": "Point", "coordinates": [-73.78119839668081, -42.62021705060322]}}, {"type": "Feature", "id": 1699, "properties": {"REGION": "LOS LAGOS", "COMUNA": "CHONCHI", "NOMBRE": "PUCARA PEUMAYEN", "PUEBLO": "MAPUCHE"}, "geometry": {"type": "Point", "coordinates": [-73.77219667675772, -42.62371907267198]}}, {"type": "Feature", "id": 1700, "properties": {"REGION": "LOS LAGOS", "COMUNA": "CHONCHI", "NOMBRE": "RIO DEÑAL", "PUEBLO": "MAPUCHE"}, "geometry": {"type": "Point", "coordinates": [-73.77219667675772, -42.62371907267198]}}, {"type": "Feature", "id": 1701, "properties": {"REGION": "LOS LAGOS", "COMUNA": "CHONCHI", "NOMBRE": "NEWEN", "PUEBLO": "MAPUCHE"}, "geometry": {"type": "Point", "coordinates": [-73.7725659118823, -42.61879554172772]}}, {"type": "Feature", "id": 1702, "properties": {"REGION": "LOS LAGOS", "COMUNA": "PURRANQUE", "NOMBRE": "SUYAI PEUMAYEN", "PUEBLO": "MAPUCHE"}, "geometry": {"type": "Point", "coordinates": [-73.77925236945599, -42.62092813487228]}}, {"type": "Feature", "id": 1703, "properties": {"REGION": "LOS LAGOS", "COMUNA": "CHONCHI", "NOMBRE": "HUILLI LAFKEN", "PUEBLO": "MAPUCHE"}, "geometry": {"type": "Point", "coordinates": [-74.106184, -42.630162]}}, {"type": "Feature", "id": 1704, "properties": {"REGION": "LOS LAGOS", "COMUNA": "DALCAHUE", "NOMBRE": "\"MIS RAICES DE DALCAHUE\"", "PUEBLO": "MAPUCHE"}, "geometry": {"type": "Point", "coordinates": [-73.65770340065212, -42.37633286951437]}}, {"type": "Feature", "id": 1705, "properties": {"REGION": "LOS LAGOS", "COMUNA": "DALCAHUE", "NOMBRE": "EL CANELO", "PUEBLO": "MAPUCHE"}, "geometry": {"type": "Point", "coordinates": [-73.647824, -42.380526]}}, {"type": "Feature", "id": 1706, "properties": {"REGION": "LOS LAGOS", "COMUNA": "DALCAHUE", "NOMBRE": "MAPU NAHUEN", "PUEBLO": "MAPUCHE"}, "geometry": {"type": "Point", "coordinates": [-73.647824, -42.380526]}}, {"type": "Feature", "id": 1707, "properties": {"REGION": "LOS LAGOS", "COMUNA": "DALCAHUE", "NOMBRE": "LAS ARAUCARIAS", "PUEBLO": "MAPUCHE"}, "geometry": {"type": "Point", "coordinates": [-73.647824, -42.380526]}}, {"type": "Feature", "id": 1708, "properties": {"REGION": "LOS LAGOS", "COMUNA": "DALCAHUE", "NOMBRE": "ASOCIACION URBANA INDIGENA DALCAHUE", "PUEBLO": "MAPUCHE"}, "geometry": {"type": "Point", "coordinates": [-73.647824, -42.380526]}}, {"type": "Feature", "id": 1709, "properties": {"REGION": "LOS LAGOS", "COMUNA": "DALCAHUE", "NOMBRE": "KUPAL", "PUEBLO": "MAPUCHE"}, "geometry": {"type": "Point", "coordinates": [-73.647824, -42.380526]}}, {"type": "Feature", "id": 1710, "properties": {"REGION": "LOS LAGOS", "COMUNA": "DALCAHUE", "NOMBRE": "HUILLICHE DE BUZOS MARISCADORES, PESCADORES ARTESANALES Y RECOLECTORES DE ORILLA DALCAHUE", "PUEBLO": "MAPUCHE"}, "geometry": {"type": "Point", "coordinates": [-73.647824, -42.380526]}}, {"type": "Feature", "id": 1711, "properties": {"REGION": "LOS LAGOS", "COMUNA": "DALCAHUE", "NOMBRE": "NEWEN ANTU DALCAHUE", "PUEBLO": "MAPUCHE"}, "geometry": {"type": "Point", "coordinates": [-73.647824, -42.380526]}}, {"type": "Feature", "id": 1712, "properties": {"REGION": "LOS LAGOS", "COMUNA": "DALCAHUE", "NOMBRE": "PIUKEWEN", "PUEBLO": "MAPUCHE"}, "geometry": {"type": "Point", "coordinates": [-73.647824, -42.380526]}}, {"type": "Feature", "id": 1713, "properties": {"REGION": "LOS LAGOS", "COMUNA": "PUQUELDÓN", "NOMBRE": "LEMUY", "PUEBLO": "MAPUCHE"}, "geometry": {"type": "Point", "coordinates": [-73.71905215551575, -42.61577047008919]}}, {"type": "Feature", "id": 1714, "properties": {"REGION": "LOS LAGOS", "COMUNA": "PUQUELDÓN", "NOMBRE": "LAS DIEZ AGUAS", "PUEBLO": "MAPUCHE"}, "geometry": {"type": "Point", "coordinates": [-73.58878861799467, -42.64043653662508]}}, {"type": "Feature", "id": 1715, "properties": {"REGION": "LOS LAGOS", "COMUNA": "QUEILÉN", "NOMBRE": "PESCADORES ARTESANALES DE LA COMUNIDAD HUILLICHE BUTA HUAPI CHILHUE", "PUEBLO": "MAPUCHE"}, "geometry": {"type": "Point", "coordinates": [-73.617888, -42.833591]}}, {"type": "Feature", "id": 1716, "properties": {"REGION": "LOS LAGOS", "COMUNA": "CALBUCO", "NOMBRE": "AUCHA AGUANTAO", "PUEBLO": "MAPUCHE"}, "geometry": {"type": "Point", "coordinates": [-73.31033958399509, -41.76402159565593]}}, {"type": "Feature", "id": 1717, "properties": {"REGION": "LOS LAGOS", "COMUNA": "QUEILÉN", "NOMBRE": "ARTESANOS DE LA COMUNIDAD HUILLICHE BUTA HUAPI CHILHUE SECTOR LELBUN", "PUEBLO": "MAPUCHE"}, "geometry": {"type": "Point", "coordinates": [-73.51522449876808, -42.78078446450213]}}, {"type": "Feature", "id": 1718, "properties": {"REGION": "LOS LAGOS", "COMUNA": "QUEILÉN", "NOMBRE": "PESCADORES ARTESANALES E LA COMUNIDAD HUILLICHE BUTA HUAPI CHILHUE SECTOR PILKE", "PUEBLO": "MAPUCHE"}, "geometry": {"type": "Point", "coordinates": [-73.63641666666668, -42.84197222222222]}}, {"type": "Feature", "id": 1719, "properties": {"REGION": "LOS LAGOS", "COMUNA": "QUEILÉN", "NOMBRE": "ASOCIACION INDIGENA URBANA \"WENU MAPU\"", "PUEBLO": "MAPUCHE"}, "geometry": {"type": "Point", "coordinates": [-73.47402744690272, -42.88667401511993]}}, {"type": "Feature", "id": 1720, "properties": {"REGION": "LOS LAGOS", "COMUNA": "QUEILÉN", "NOMBRE": "AHONI", "PUEBLO": "MAPUCHE"}, "geometry": {"type": "Point", "coordinates": [-73.60539005070201, -42.77184798114787]}}, {"type": "Feature", "id": 1721, "properties": {"REGION": "LOS LAGOS", "COMUNA": "QUELLÓN", "NOMBRE": "PESCADORES ARTESANALES DE LA COMUNIDAD HUILLICHE BUTA HUAPI CHILHUE", "PUEBLO": "MAPUCHE"}, "geometry": {"type": "Point", "coordinates": [-73.528927, -43.174127]}}, {"type": "Feature", "id": 1722, "properties": {"REGION": "LOS LAGOS", "COMUNA": "QUELLÓN", "NOMBRE": "PESCADORES ARTESANALES DE LA COMUNIDAD HUILLICHE BUTA HUAPI CHILHUE", "PUEBLO": "MAPUCHE"}, "geometry": {"type": "Point", "coordinates": [-73.739816, -43.177634]}}, {"type": "Feature", "id": 1723, "properties": {"REGION": "LOS LAGOS", "COMUNA": "QUELLÓN", "NOMBRE": "PESC. ART. DE LA COMUNIDAD HUICHILLE SECTOR HUAIPULLI", "PUEBLO": "MAPUCHE"}, "geometry": {"type": "Point", "coordinates": [-73.6852854459888, -42.92140333318345]}}, {"type": "Feature", "id": 1724, "properties": {"REGION": "LOS LAGOS", "COMUNA": "QUELLÓN", "NOMBRE": "PESCADORES ARTESANALES DE LA COMUNIDAD HUILLICHE BUTA HUAPI CHILHUE, SECTTOR HUETRUMAO", "PUEBLO": "MAPUCHE"}, "geometry": {"type": "Point", "coordinates": [-73.69287559475836, -42.98391187736924]}}, {"type": "Feature", "id": 1725, "properties": {"REGION": "LOS LAGOS", "COMUNA": "QUELLÓN", "NOMBRE": "CHAGUANTIMAPU", "PUEBLO": "MAPUCHE"}, "geometry": {"type": "Point", "coordinates": [-73.61800289558302, -43.11843921889593]}}, {"type": "Feature", "id": 1726, "properties": {"REGION": "LOS LAGOS", "COMUNA": "QUELLÓN", "NOMBRE": "WITRAN ANTU", "PUEBLO": "MAPUCHE"}, "geometry": {"type": "Point", "coordinates": [-73.61800289558302, -43.11843921889593]}}, {"type": "Feature", "id": 1727, "properties": {"REGION": "LOS LAGOS", "COMUNA": "QUELLÓN", "NOMBRE": "BUTA WAPI CHILWE WILLICHE DOMO CHAFUN RAYEN KUYEN", "PUEBLO": "MAPUCHE"}, "geometry": {"type": "Point", "coordinates": [-73.708627, -43.111577]}}, {"type": "Feature", "id": 1728, "properties": {"REGION": "LOS LAGOS", "COMUNA": "QUELLÓN", "NOMBRE": "\"FOLIL MAPU\"", "PUEBLO": "MAPUCHE"}, "geometry": {"type": "Point", "coordinates": [-73.626997, -43.110365]}}, {"type": "Feature", "id": 1729, "properties": {"REGION": "LOS LAGOS", "COMUNA": "QUELLÓN", "NOMBRE": "\"PESCADORES ARTESANALES RECOLECTORES DE ORILLA Y BUZOS MARISCADORES \"LA CONQUISTA\"", "PUEBLO": "MAPUCHE"}, "geometry": {"type": "Point", "coordinates": [-73.695098, -43.248938]}}, {"type": "Feature", "id": 1730, "properties": {"REGION": "LOS LAGOS", "COMUNA": "QUELLÓN", "NOMBRE": "ÑILIL LAFQUEN", "PUEBLO": "MAPUCHE"}, "geometry": {"type": "Point", "coordinates": [-73.617888, -42.944286]}}, {"type": "Feature", "id": 1731, "properties": {"REGION": "LOS LAGOS", "COMUNA": "QUELLÓN", "NOMBRE": "DE EDUCADORES TRADICIONALES KIMCHE LOMGIEN", "PUEBLO": "MAPUCHE"}, "geometry": {"type": "Point", "coordinates": [-73.61843449026638, -43.11734167110863]}}, {"type": "Feature", "id": 1732, "properties": {"REGION": "LOS LAGOS", "COMUNA": "QUELLÓN", "NOMBRE": "LIWEN AD LAFQUEN", "PUEBLO": "MAPUCHE"}, "geometry": {"type": "Point", "coordinates": [-73.61797819119155, -43.11817533741704]}}, {"type": "Feature", "id": 1733, "properties": {"REGION": "LOS LAGOS", "COMUNA": "QUELLÓN", "NOMBRE": "ASOCIACION INDIGENA DE ARTESANAS Y ARTESANOS LIWEN ANTUMO DE QUELLON", "PUEBLO": "MAPUCHE"}, "geometry": {"type": "Point", "coordinates": [-73.61797819119155, -43.11817533741704]}}, {"type": "Feature", "id": 1734, "properties": {"REGION": "LOS LAGOS", "COMUNA": "QUELLÓN", "NOMBRE": "FOLIL TRAWUN PEÑI PU LAMUEN", "PUEBLO": "MAPUCHE"}, "geometry": {"type": "Point", "coordinates": [-73.61797819119155, -43.11817533741704]}}, {"type": "Feature", "id": 1735, "properties": {"REGION": "LOS LAGOS", "COMUNA": "QUELLÓN", "NOMBRE": "URBANA AITUE", "PUEBLO": "MAPUCHE"}, "geometry": {"type": "Point", "coordinates": [-73.61797819119155, -43.11817533741704]}}, {"type": "Feature", "id": 1736, "properties": {"REGION": "LOS LAGOS", "COMUNA": "QUELLÓN", "NOMBRE": "ASOCIACION INDIGENA URBANA YALL QUELDON", "PUEBLO": "MAPUCHE"}, "geometry": {"type": "Point", "coordinates": [-73.61797819119155, -43.11817533741704]}}, {"type": "Feature", "id": 1737, "properties": {"REGION": "LOS LAGOS", "COMUNA": "QUELLÓN", "NOMBRE": "NEWEN ANTU", "PUEBLO": "MAPUCHE"}, "geometry": {"type": "Point", "coordinates": [-73.61076443486104, -43.11477387014612]}}, {"type": "Feature", "id": 1738, "properties": {"REGION": "LOS LAGOS", "COMUNA": "QUINCHAO", "NOMBRE": "WEÑO PETUN TAIN MOLLFUN", "PUEBLO": "MAPUCHE"}, "geometry": {"type": "Point", "coordinates": [-73.50649610605329, -42.46667265191275]}}, {"type": "Feature", "id": 1739, "properties": {"REGION": "LOS LAGOS", "COMUNA": "QUINCHAO", "NOMBRE": "WEÑOPETU TAIN KIMÜN", "PUEBLO": "MAPUCHE"}, "geometry": {"type": "Point", "coordinates": [-73.4884028280752, -42.47102043683808]}}, {"type": "Feature", "id": 1740, "properties": {"REGION": "LOS LAGOS", "COMUNA": "QUINCHAO", "NOMBRE": "RECUPERANDO NUESTRAS RAICES", "PUEBLO": "MAPUCHE"}, "geometry": {"type": "Point", "coordinates": [-73.4884028280752, -42.47102043683808]}}, {"type": "Feature", "id": 1741, "properties": {"REGION": "LOS LAGOS", "COMUNA": "QUINCHAO", "NOMBRE": "CHIGUAYAN", "PUEBLO": "MAPUCHE"}, "geometry": {"type": "Point", "coordinates": [-73.4884028280752, -42.47102043683808]}}, {"type": "Feature", "id": 1742, "properties": {"REGION": "LOS LAGOS", "COMUNA": "CALBUCO", "NOMBRE": "HUAYUN", "PUEBLO": "MAPUCHE"}, "geometry": {"type": "Point", "coordinates": [-73.24247, -41.708686]}}, {"type": "Feature", "id": 1743, "properties": {"REGION": "LOS LAGOS", "COMUNA": "CALBUCO", "NOMBRE": "PEÑASMO", "PUEBLO": "MAPUCHE"}, "geometry": {"type": "Point", "coordinates": [-73.264134, -41.74]}}, {"type": "Feature", "id": 1744, "properties": {"REGION": "LOS LAGOS", "COMUNA": "CALBUCO", "NOMBRE": "EL DAO", "PUEBLO": "MAPUCHE"}, "geometry": {"type": "Point", "coordinates": [-73.269989, -41.77105]}}, {"type": "Feature", "id": 1745, "properties": {"REGION": "LOS LAGOS", "COMUNA": "CALBUCO", "NOMBRE": "YACO ALTO", "PUEBLO": "MAPUCHE"}, "geometry": {"type": "Point", "coordinates": [-73.22604410042966, -41.74494310330379]}}, {"type": "Feature", "id": 1746, "properties": {"REGION": "LOS LAGOS", "COMUNA": "CALBUCO", "NOMBRE": "CHAUQUEAR CENTRO", "PUEBLO": "MAPUCHE"}, "geometry": {"type": "Point", "coordinates": [-73.048852, -41.810364]}}, {"type": "Feature", "id": 1747, "properties": {"REGION": "LOS LAGOS", "COMUNA": "CALBUCO", "NOMBRE": "LOURDES", "PUEBLO": "MAPUCHE"}, "geometry": {"type": "Point", "coordinates": [-73.076012, -41.785553]}}, {"type": "Feature", "id": 1748, "properties": {"REGION": "LOS LAGOS", "COMUNA": "CALBUCO", "NOMBRE": "YACO BAJO", "PUEBLO": "MAPUCHE"}, "geometry": {"type": "Point", "coordinates": [-73.203766, -41.750204]}}, {"type": "Feature", "id": 1749, "properties": {"REGION": "LOS LAGOS", "COMUNA": "CALBUCO", "NOMBRE": "\"RAYEN DE PRIMAVERA\"", "PUEBLO": "MAPUCHE"}, "geometry": {"type": "Point", "coordinates": [-73.2339, -41.773952]}}, {"type": "Feature", "id": 1750, "properties": {"REGION": "LOS LAGOS", "COMUNA": "CALBUCO", "NOMBRE": "LOS LAURELES", "PUEBLO": "MAPUCHE"}, "geometry": {"type": "Point", "coordinates": [-73.212327, -41.73325]}}, {"type": "Feature", "id": 1751, "properties": {"REGION": "LOS LAGOS", "COMUNA": "CALBUCO", "NOMBRE": "CALFUKO-CHE", "PUEBLO": "MAPUCHE"}, "geometry": {"type": "Point", "coordinates": [-73.12568227908261, -41.77511537551194]}}, {"type": "Feature", "id": 1752, "properties": {"REGION": "LOS LAGOS", "COMUNA": "CALBUCO", "NOMBRE": "LOS HUILLICHES DE CALBUCO", "PUEBLO": "MAPUCHE"}, "geometry": {"type": "Point", "coordinates": [-73.12733209647273, -41.77258260964793]}}, {"type": "Feature", "id": 1753, "properties": {"REGION": "LOS LAGOS", "COMUNA": "CALBUCO", "NOMBRE": "NEWEN PU LAFKEN", "PUEBLO": "MAPUCHE"}, "geometry": {"type": "Point", "coordinates": [-73.12733209647273, -41.77258260964793]}}, {"type": "Feature", "id": 1754, "properties": {"REGION": "LOS LAGOS", "COMUNA": "CALBUCO", "NOMBRE": "AYELEN HUILLIMAPU", "PUEBLO": "MAPUCHE"}, "geometry": {"type": "Point", "coordinates": [-73.12733209647273, -41.77258260964793]}}, {"type": "Feature", "id": 1755, "properties": {"REGION": "LOS LAGOS", "COMUNA": "CALBUCO", "NOMBRE": "LAFKEN MAPU", "PUEBLO": "MAPUCHE"}, "geometry": {"type": "Point", "coordinates": [-73.12733209647273, -41.77258260964793]}}, {"type": "Feature", "id": 1756, "properties": {"REGION": "LOS LAGOS", "COMUNA": "CALBUCO", "NOMBRE": "MAÑKEKURRA", "PUEBLO": "MAPUCHE"}, "geometry": {"type": "Point", "coordinates": [-73.12733209647273, -41.77258260964793]}}, {"type": "Feature", "id": 1757, "properties": {"REGION": "LOS LAGOS", "COMUNA": "CALBUCO", "NOMBRE": "RAYEN", "PUEBLO": "MAPUCHE"}, "geometry": {"type": "Point", "coordinates": [-73.12733209647273, -41.77258260964793]}}, {"type": "Feature", "id": 1758, "properties": {"REGION": "LOS LAGOS", "COMUNA": "CALBUCO", "NOMBRE": "KÜME NEWEN", "PUEBLO": "MAPUCHE"}, "geometry": {"type": "Point", "coordinates": [-73.12733209647273, -41.77258260964793]}}, {"type": "Feature", "id": 1759, "properties": {"REGION": "LOS LAGOS", "COMUNA": "CALBUCO", "NOMBRE": "FOYE MAPU", "PUEBLO": "MAPUCHE"}, "geometry": {"type": "Point", "coordinates": [-73.12733209647273, -41.77258260964793]}}, {"type": "Feature", "id": 1760, "properties": {"REGION": "LOS LAGOS", "COMUNA": "CALBUCO", "NOMBRE": "A.I. ISLA CALBUCO", "PUEBLO": "MAPUCHE"}, "geometry": {"type": "Point", "coordinates": [-73.12733209647273, -41.77258260964793]}}, {"type": "Feature", "id": 1761, "properties": {"REGION": "LOS LAGOS", "COMUNA": "CALBUCO", "NOMBRE": "RUNEWEN CALFUCOCHE", "PUEBLO": "MAPUCHE"}, "geometry": {"type": "Point", "coordinates": [-73.12733209647273, -41.77258260964793]}}, {"type": "Feature", "id": 1762, "properties": {"REGION": "LOS LAGOS", "COMUNA": "CALBUCO", "NOMBRE": "WE CHOYUM MAPU", "PUEBLO": "MAPUCHE"}, "geometry": {"type": "Point", "coordinates": [-73.12733209647273, -41.77258260964793]}}, {"type": "Feature", "id": 1763, "properties": {"REGION": "LOS LAGOS", "COMUNA": "CALBUCO", "NOMBRE": "ANTU CALFU", "PUEBLO": "MAPUCHE"}, "geometry": {"type": "Point", "coordinates": [-73.12733209647273, -41.77258260964793]}}, {"type": "Feature", "id": 1764, "properties": {"REGION": "LOS LAGOS", "COMUNA": "CALBUCO", "NOMBRE": "WILLI MAPU", "PUEBLO": "MAPUCHE"}, "geometry": {"type": "Point", "coordinates": [-73.12733209647273, -41.77258260964793]}}, {"type": "Feature", "id": 1765, "properties": {"REGION": "LOS LAGOS", "COMUNA": "CALBUCO", "NOMBRE": "ELUNEY", "PUEBLO": "MAPUCHE"}, "geometry": {"type": "Point", "coordinates": [-73.13418795214474, -41.7721779193848]}}, {"type": "Feature", "id": 1766, "properties": {"REGION": "LOS LAGOS", "COMUNA": "CALBUCO", "NOMBRE": "AUKAN", "PUEBLO": "MAPUCHE"}, "geometry": {"type": "Point", "coordinates": [-73.1328792273367, -41.76800364707514]}}, {"type": "Feature", "id": 1767, "properties": {"REGION": "LOS LAGOS", "COMUNA": "COCHAMÓ", "NOMBRE": "ANTU-ÜNGA (LUZ DE TIERRA BRILLANTE)", "PUEBLO": "MAPUCHE"}, "geometry": {"type": "Point", "coordinates": [-72.295567, -41.663116]}}, {"type": "Feature", "id": 1768, "properties": {"REGION": "LOS LAGOS", "COMUNA": "COCHAMÓ", "NOMBRE": "AGRUPACION KO LAFQKEN", "PUEBLO": "MAPUCHE"}, "geometry": {"type": "Point", "coordinates": [-72.3332761903672, -41.49583471186111]}}, {"type": "Feature", "id": 1769, "properties": {"REGION": "LOS LAGOS", "COMUNA": "FRESIA", "NOMBRE": "TRABUN", "PUEBLO": "MAPUCHE"}, "geometry": {"type": "Point", "coordinates": [-73.42139155012511, -41.15298868636247]}}, {"type": "Feature", "id": 1770, "properties": {"REGION": "LOS LAGOS", "COMUNA": "FRESIA", "NOMBRE": "MELI WITRAM MAP", "PUEBLO": "MAPUCHE"}, "geometry": {"type": "Point", "coordinates": [-73.42139155012511, -41.15298868636247]}}, {"type": "Feature", "id": 1771, "properties": {"REGION": "LOS LAGOS", "COMUNA": "FRESIA", "NOMBRE": "ELUNEY", "PUEBLO": "MAPUCHE"}, "geometry": {"type": "Point", "coordinates": [-73.42139155012511, -41.15298868636247]}}, {"type": "Feature", "id": 1772, "properties": {"REGION": "LOS LAGOS", "COMUNA": "FRESIA", "NOMBRE": "NEWEN FRESIA", "PUEBLO": "MAPUCHE"}, "geometry": {"type": "Point", "coordinates": [-73.42139155012511, -41.15298868636247]}}, {"type": "Feature", "id": 1773, "properties": {"REGION": "LOS LAGOS", "COMUNA": "FRESIA", "NOMBRE": "KATRAMO", "PUEBLO": "MAPUCHE"}, "geometry": {"type": "Point", "coordinates": [-73.42139155012511, -41.15298868636247]}}, {"type": "Feature", "id": 1774, "properties": {"REGION": "LOS LAGOS", "COMUNA": "FRESIA", "NOMBRE": "NEWEN KIMUN", "PUEBLO": "MAPUCHE"}, "geometry": {"type": "Point", "coordinates": [-73.4231186284302, -41.15906046941516]}}, {"type": "Feature", "id": 1775, "properties": {"REGION": "LOS LAGOS", "COMUNA": "FRUTILLAR", "NOMBRE": "ÑUKE - MAPU", "PUEBLO": "MAPUCHE"}, "geometry": {"type": "Point", "coordinates": [-73.12241567041373, -41.00927675500456]}}, {"type": "Feature", "id": 1776, "properties": {"REGION": "LOS LAGOS", "COMUNA": "FRUTILLAR", "NOMBRE": "ALGUCINA", "PUEBLO": "MAPUCHE"}, "geometry": {"type": "Point", "coordinates": [-73.056311, -41.111218]}}, {"type": "Feature", "id": 1777, "properties": {"REGION": "LOS LAGOS", "COMUNA": "FRUTILLAR", "NOMBRE": "ALONKURA", "PUEBLO": "MAPUCHE"}, "geometry": {"type": "Point", "coordinates": [-73.119448, -41.045875]}}, {"type": "Feature", "id": 1778, "properties": {"REGION": "LOS LAGOS", "COMUNA": "FRUTILLAR", "NOMBRE": "CHI NEWEN TAÑI PIUKE", "PUEBLO": "MAPUCHE"}, "geometry": {"type": "Point", "coordinates": [-73.02792698482455, -41.13601740519943]}}, {"type": "Feature", "id": 1779, "properties": {"REGION": "LOS LAGOS", "COMUNA": "FRUTILLAR", "NOMBRE": "LIGKOIAM", "PUEBLO": "MAPUCHE"}, "geometry": {"type": "Point", "coordinates": [-73.02792698482455, -41.13601740519943]}}, {"type": "Feature", "id": 1780, "properties": {"REGION": "LOS LAGOS", "COMUNA": "FRUTILLAR", "NOMBRE": "MOGENTUN TRABUN", "PUEBLO": "MAPUCHE"}, "geometry": {"type": "Point", "coordinates": [-73.02792698482455, -41.13601740519943]}}, {"type": "Feature", "id": 1781, "properties": {"REGION": "LOS LAGOS", "COMUNA": "FRUTILLAR", "NOMBRE": "NEWEN MAPU", "PUEBLO": "MAPUCHE"}, "geometry": {"type": "Point", "coordinates": [-73.02792698482455, -41.13601740519943]}}, {"type": "Feature", "id": 1782, "properties": {"REGION": "LOS LAGOS", "COMUNA": "LLANQUIHUE", "NOMBRE": "\"RAYUN MAPU\"", "PUEBLO": "MAPUCHE"}, "geometry": {"type": "Point", "coordinates": [-72.99298342472272, -41.26833016363177]}}, {"type": "Feature", "id": 1783, "properties": {"REGION": "LOS LAGOS", "COMUNA": "LLANQUIHUE", "NOMBRE": "HUILLI RAYEN", "PUEBLO": "MAPUCHE"}, "geometry": {"type": "Point", "coordinates": [-73.066919, -41.190959]}}, {"type": "Feature", "id": 1784, "properties": {"REGION": "LOS LAGOS", "COMUNA": "LLANQUIHUE", "NOMBRE": "KA WIÑORAYIN MAPUMEW", "PUEBLO": "MAPUCHE"}, "geometry": {"type": "Point", "coordinates": [-73.066919, -41.190959]}}, {"type": "Feature", "id": 1785, "properties": {"REGION": "LOS LAGOS", "COMUNA": "LLANQUIHUE", "NOMBRE": "KARKU", "PUEBLO": "MAPUCHE"}, "geometry": {"type": "Point", "coordinates": [-73.00568631274379, -41.25649130861726]}}, {"type": "Feature", "id": 1786, "properties": {"REGION": "LOS LAGOS", "COMUNA": "LLANQUIHUE", "NOMBRE": "KEFAFAN", "PUEBLO": "MAPUCHE"}, "geometry": {"type": "Point", "coordinates": [-73.00568631274379, -41.25649130861726]}}, {"type": "Feature", "id": 1787, "properties": {"REGION": "LOS LAGOS", "COMUNA": "LLANQUIHUE", "NOMBRE": "LLANQUIHUE", "PUEBLO": "MAPUCHE"}, "geometry": {"type": "Point", "coordinates": [-73.00568631274379, -41.25649130861726]}}, {"type": "Feature", "id": 1788, "properties": {"REGION": "LOS LAGOS", "COMUNA": "LLANQUIHUE", "NOMBRE": "TEUQUIL MAPU", "PUEBLO": "MAPUCHE"}, "geometry": {"type": "Point", "coordinates": [-73.00568631274379, -41.25649130861726]}}, {"type": "Feature", "id": 1789, "properties": {"REGION": "LOS LAGOS", "COMUNA": "LLANQUIHUE", "NOMBRE": "ELUNEY ANKATU", "PUEBLO": "MAPUCHE"}, "geometry": {"type": "Point", "coordinates": [-73.00568631274379, -41.25649130861726]}}, {"type": "Feature", "id": 1790, "properties": {"REGION": "LOS LAGOS", "COMUNA": "LLANQUIHUE", "NOMBRE": "EPUWE WÜNEN", "PUEBLO": "MAPUCHE"}, "geometry": {"type": "Point", "coordinates": [-73.00568631274379, -41.25649130861726]}}, {"type": "Feature", "id": 1791, "properties": {"REGION": "LOS LAGOS", "COMUNA": "LLANQUIHUE", "NOMBRE": "LONCOTORO", "PUEBLO": "MAPUCHE"}, "geometry": {"type": "Point", "coordinates": [-73.213896, -41.292665]}}, {"type": "Feature", "id": 1792, "properties": {"REGION": "LOS LAGOS", "COMUNA": "LLANQUIHUE", "NOMBRE": "ANTUPILLAN COLEGUAL", "PUEBLO": "MAPUCHE"}, "geometry": {"type": "Point", "coordinates": [-73.21057523958929, -41.23598908919465]}}, {"type": "Feature", "id": 1793, "properties": {"REGION": "LOS LAGOS", "COMUNA": "LLANQUIHUE", "NOMBRE": "HUILEN", "PUEBLO": "MAPUCHE"}, "geometry": {"type": "Point", "coordinates": [-73.01603660571828, -41.25327783095196]}}, {"type": "Feature", "id": 1794, "properties": {"REGION": "LOS LAGOS", "COMUNA": "LLANQUIHUE", "NOMBRE": "TRAFUN SUYAI", "PUEBLO": "MAPUCHE"}, "geometry": {"type": "Point", "coordinates": [-73.01635872598116, -41.2520686804002]}}, {"type": "Feature", "id": 1795, "properties": {"REGION": "LOS LAGOS", "COMUNA": "LOS MUERMOS", "NOMBRE": "RAGIPUCHE", "PUEBLO": "MAPUCHE"}, "geometry": {"type": "Point", "coordinates": [-73.46256844857764, -41.39626867811417]}}, {"type": "Feature", "id": 1796, "properties": {"REGION": "LOS LAGOS", "COMUNA": "LOS MUERMOS", "NOMBRE": "TRAKINCHE", "PUEBLO": "MAPUCHE"}, "geometry": {"type": "Point", "coordinates": [-73.46256844857764, -41.39626867811417]}}, {"type": "Feature", "id": 1797, "properties": {"REGION": "LOS LAGOS", "COMUNA": "LOS MUERMOS", "NOMBRE": "KUYENRAY", "PUEBLO": "MAPUCHE"}, "geometry": {"type": "Point", "coordinates": [-73.46256844857764, -41.39626867811417]}}, {"type": "Feature", "id": 1798, "properties": {"REGION": "LOS LAGOS", "COMUNA": "LOS MUERMOS", "NOMBRE": "NEWEN CAÑITAS", "PUEBLO": "MAPUCHE"}, "geometry": {"type": "Point", "coordinates": [-73.4525077472925, -41.30317097528228]}}, {"type": "Feature", "id": 1799, "properties": {"REGION": "LOS LAGOS", "COMUNA": "LOS MUERMOS", "NOMBRE": "WÜIRIHUA CHE", "PUEBLO": "MAPUCHE"}, "geometry": {"type": "Point", "coordinates": [-73.46243633141526, -41.39610003958193]}}, {"type": "Feature", "id": 1800, "properties": {"REGION": "LOS LAGOS", "COMUNA": "LOS MUERMOS", "NOMBRE": "KIDAUCHE", "PUEBLO": "MAPUCHE"}, "geometry": {"type": "Point", "coordinates": [-73.45797133849152, -41.39478843533357]}}, {"type": "Feature", "id": 1801, "properties": {"REGION": "LOS LAGOS", "COMUNA": "MAULLÍN", "NOMBRE": "ASOCACION INDIGENA DE PESCADORES ARTESANALES Y RECOLECTORES DE ORILLA LAFKENCHE MAULLIN", "PUEBLO": "MAPUCHE"}, "geometry": {"type": "Point", "coordinates": [-73.59489241768956, -41.62347265952931]}}, {"type": "Feature", "id": 1802, "properties": {"REGION": "LOS LAGOS", "COMUNA": "PUERTO MONTT", "NOMBRE": "CAYENEL", "PUEBLO": "MAPUCHE"}, "geometry": {"type": "Point", "coordinates": [-72.96237220369821, -41.45109122231937]}}, {"type": "Feature", "id": 1803, "properties": {"REGION": "LOS LAGOS", "COMUNA": "PUERTO MONTT", "NOMBRE": "\"LAWENTUN\"", "PUEBLO": "MAPUCHE"}, "geometry": {"type": "Point", "coordinates": [-72.90986119071948, -41.45000512086057]}}, {"type": "Feature", "id": 1804, "properties": {"REGION": "LOS LAGOS", "COMUNA": "PUERTO MONTT", "NOMBRE": "\" PILLANTUHUE\"", "PUEBLO": "MAPUCHE"}, "geometry": {"type": "Point", "coordinates": [-72.90467, -41.391622]}}, {"type": "Feature", "id": 1805, "properties": {"REGION": "LOS LAGOS", "COMUNA": "PUERTO MONTT", "NOMBRE": "\"MAPU TAÑI YALL\"", "PUEBLO": "MAPUCHE"}, "geometry": {"type": "Point", "coordinates": [-72.983092, -41.471675]}}, {"type": "Feature", "id": 1806, "properties": {"REGION": "LOS LAGOS", "COMUNA": "PUERTO MONTT", "NOMBRE": "\"PEÑIHUEN\"", "PUEBLO": "MAPUCHE"}, "geometry": {"type": "Point", "coordinates": [-72.960138, -41.450435]}}, {"type": "Feature", "id": 1807, "properties": {"REGION": "LOS LAGOS", "COMUNA": "PUERTO MONTT", "NOMBRE": "NEWENCHE", "PUEBLO": "MAPUCHE"}, "geometry": {"type": "Point", "coordinates": [-72.93748475188424, -41.47197124805763]}}, {"type": "Feature", "id": 1808, "properties": {"REGION": "LOS LAGOS", "COMUNA": "PUERTO MONTT", "NOMBRE": "KIMUN PEUMA MAPU", "PUEBLO": "MAPUCHE"}, "geometry": {"type": "Point", "coordinates": [-72.93748475188424, -41.47197124805763]}}, {"type": "Feature", "id": 1809, "properties": {"REGION": "LOS LAGOS", "COMUNA": "PUERTO MONTT", "NOMBRE": "KELY LIWEN", "PUEBLO": "MAPUCHE"}, "geometry": {"type": "Point", "coordinates": [-72.93748475188424, -41.47197124805763]}}, {"type": "Feature", "id": 1810, "properties": {"REGION": "LOS LAGOS", "COMUNA": "PUERTO MONTT", "NOMBRE": "\"NEWEN YIFKEN\"", "PUEBLO": "MAPUCHE"}, "geometry": {"type": "Point", "coordinates": [-72.93748475188424, -41.47197124805763]}}, {"type": "Feature", "id": 1811, "properties": {"REGION": "LOS LAGOS", "COMUNA": "PUERTO MONTT", "NOMBRE": "MAPU-NAHUEL", "PUEBLO": "MAPUCHE"}, "geometry": {"type": "Point", "coordinates": [-72.93592818909175, -41.47133663853304]}}, {"type": "Feature", "id": 1812, "properties": {"REGION": "LOS LAGOS", "COMUNA": "PUERTO MONTT", "NOMBRE": "LAHUEN", "PUEBLO": "MAPUCHE"}, "geometry": {"type": "Point", "coordinates": [-72.9170070491445, -41.39711477712147]}}, {"type": "Feature", "id": 1813, "properties": {"REGION": "LOS LAGOS", "COMUNA": "PUERTO MONTT", "NOMBRE": "CARELHUE INALAF", "PUEBLO": "MAPUCHE"}, "geometry": {"type": "Point", "coordinates": [-72.93982596754519, -41.4597874390472]}}, {"type": "Feature", "id": 1814, "properties": {"REGION": "LOS LAGOS", "COMUNA": "PUERTO MONTT", "NOMBRE": "NEWEN LAFKEN MAPU", "PUEBLO": "MAPUCHE"}, "geometry": {"type": "Point", "coordinates": [-72.91003113449318, -41.38730884938882]}}, {"type": "Feature", "id": 1815, "properties": {"REGION": "LOS LAGOS", "COMUNA": "PUERTO MONTT", "NOMBRE": "NEWEN MAPU ANTU", "PUEBLO": "MAPUCHE"}, "geometry": {"type": "Point", "coordinates": [-72.852155, -41.483955]}}, {"type": "Feature", "id": 1816, "properties": {"REGION": "LOS LAGOS", "COMUNA": "PUERTO MONTT", "NOMBRE": "DEUME", "PUEBLO": "MAPUCHE"}, "geometry": {"type": "Point", "coordinates": [-72.93744561822211, -41.46257435753253]}}, {"type": "Feature", "id": 1817, "properties": {"REGION": "LOS LAGOS", "COMUNA": "PUERTO MONTT", "NOMBRE": "LEFTRARU", "PUEBLO": "MAPUCHE"}, "geometry": {"type": "Point", "coordinates": [-72.93744561822211, -41.46257435753253]}}, {"type": "Feature", "id": 1818, "properties": {"REGION": "LOS LAGOS", "COMUNA": "PUERTO MONTT", "NOMBRE": "KÜME CHE", "PUEBLO": "MAPUCHE"}, "geometry": {"type": "Point", "coordinates": [-72.93744561822211, -41.46257435753253]}}, {"type": "Feature", "id": 1819, "properties": {"REGION": "LOS LAGOS", "COMUNA": "PUERTO MONTT", "NOMBRE": "AYELEN", "PUEBLO": "MAPUCHE"}, "geometry": {"type": "Point", "coordinates": [-72.93744561822211, -41.46257435753253]}}, {"type": "Feature", "id": 1820, "properties": {"REGION": "LOS LAGOS", "COMUNA": "PUERTO MONTT", "NOMBRE": "RIO ARRAYAN", "PUEBLO": "MAPUCHE"}, "geometry": {"type": "Point", "coordinates": [-72.93744561822211, -41.46257435753253]}}, {"type": "Feature", "id": 1821, "properties": {"REGION": "LOS LAGOS", "COMUNA": "PUERTO MONTT", "NOMBRE": "KUME MOGEN", "PUEBLO": "MAPUCHE"}, "geometry": {"type": "Point", "coordinates": [-72.93744561822211, -41.46257435753253]}}, {"type": "Feature", "id": 1822, "properties": {"REGION": "LOS LAGOS", "COMUNA": "PUERTO MONTT", "NOMBRE": "RIO ARENAS", "PUEBLO": "MAPUCHE"}, "geometry": {"type": "Point", "coordinates": [-72.93744561822211, -41.46257435753253]}}, {"type": "Feature", "id": 1823, "properties": {"REGION": "LOS LAGOS", "COMUNA": "PUERTO MONTT", "NOMBRE": "KUYEN ÑUKE", "PUEBLO": "MAPUCHE"}, "geometry": {"type": "Point", "coordinates": [-72.96280216276625, -41.47049516836055]}}, {"type": "Feature", "id": 1824, "properties": {"REGION": "LOS LAGOS", "COMUNA": "PUERTO MONTT", "NOMBRE": "LA WAL", "PUEBLO": "MAPUCHE"}, "geometry": {"type": "Point", "coordinates": [-72.91811, -41.399423]}}, {"type": "Feature", "id": 1825, "properties": {"REGION": "LOS LAGOS", "COMUNA": "PUERTO MONTT", "NOMBRE": "WE FOLIL LAWAL", "PUEBLO": "MAPUCHE"}, "geometry": {"type": "Point", "coordinates": [-72.91811, -41.399423]}}, {"type": "Feature", "id": 1826, "properties": {"REGION": "LOS LAGOS", "COMUNA": "PUERTO MONTT", "NOMBRE": "CURI LEUFU", "PUEBLO": "MAPUCHE"}, "geometry": {"type": "Point", "coordinates": [-72.91148810335423, -41.40289586312996]}}, {"type": "Feature", "id": 1827, "properties": {"REGION": "LOS LAGOS", "COMUNA": "PUERTO MONTT", "NOMBRE": "YANQUIRAY", "PUEBLO": "MAPUCHE"}, "geometry": {"type": "Point", "coordinates": [-72.93940100989742, -41.47040992901026]}}, {"type": "Feature", "id": 1828, "properties": {"REGION": "LOS LAGOS", "COMUNA": "PUERTO MONTT", "NOMBRE": "WILIIF-ANTU", "PUEBLO": "MAPUCHE"}, "geometry": {"type": "Point", "coordinates": [-72.93416503785724, -41.44379725467457]}}, {"type": "Feature", "id": 1829, "properties": {"REGION": "LOS LAGOS", "COMUNA": "PUERTO MONTT", "NOMBRE": "MAPU LAWAL", "PUEBLO": "MAPUCHE"}, "geometry": {"type": "Point", "coordinates": [-72.93744561822211, -41.46257435753253]}}, {"type": "Feature", "id": 1830, "properties": {"REGION": "LOS LAGOS", "COMUNA": "PUERTO MONTT", "NOMBRE": "WENGAN", "PUEBLO": "MAPUCHE"}, "geometry": {"type": "Point", "coordinates": [-72.93744561822211, -41.46257435753253]}}, {"type": "Feature", "id": 1831, "properties": {"REGION": "LOS LAGOS", "COMUNA": "PUERTO MONTT", "NOMBRE": "ILCHE WILLIMAPU", "PUEBLO": "MAPUCHE"}, "geometry": {"type": "Point", "coordinates": [-72.93744561822211, -41.46257435753253]}}, {"type": "Feature", "id": 1832, "properties": {"REGION": "LOS LAGOS", "COMUNA": "PUERTO MONTT", "NOMBRE": "KUME KUTXAL NEWEN", "PUEBLO": "MAPUCHE"}, "geometry": {"type": "Point", "coordinates": [-72.93744561822211, -41.46257435753253]}}, {"type": "Feature", "id": 1833, "properties": {"REGION": "LOS LAGOS", "COMUNA": "PUERTO MONTT", "NOMBRE": "CHAMIZA MAPU MO", "PUEBLO": "MAPUCHE"}, "geometry": {"type": "Point", "coordinates": [-72.93744561822211, -41.46257435753253]}}, {"type": "Feature", "id": 1834, "properties": {"REGION": "LOS LAGOS", "COMUNA": "PUERTO MONTT", "NOMBRE": "KAWESKAR", "PUEBLO": "MAPUCHE"}, "geometry": {"type": "Point", "coordinates": [-72.93744561822211, -41.46257435753253]}}, {"type": "Feature", "id": 1835, "properties": {"REGION": "LOS LAGOS", "COMUNA": "PUERTO MONTT", "NOMBRE": "MAWUNKO", "PUEBLO": "MAPUCHE"}, "geometry": {"type": "Point", "coordinates": [-72.93744561822211, -41.46257435753253]}}, {"type": "Feature", "id": 1836, "properties": {"REGION": "LOS LAGOS", "COMUNA": "PUERTO MONTT", "NOMBRE": "RAYEN FOYE", "PUEBLO": "MAPUCHE"}, "geometry": {"type": "Point", "coordinates": [-72.93744561822211, -41.46257435753253]}}, {"type": "Feature", "id": 1837, "properties": {"REGION": "LOS LAGOS", "COMUNA": "PUERTO MONTT", "NOMBRE": "ÑAHUE MAWÜN", "PUEBLO": "MAPUCHE"}, "geometry": {"type": "Point", "coordinates": [-72.93744561822211, -41.46257435753253]}}, {"type": "Feature", "id": 1838, "properties": {"REGION": "LOS LAGOS", "COMUNA": "PUERTO MONTT", "NOMBRE": "PILLAMIKAN", "PUEBLO": "MAPUCHE"}, "geometry": {"type": "Point", "coordinates": [-72.93744561822211, -41.46257435753253]}}, {"type": "Feature", "id": 1839, "properties": {"REGION": "LOS LAGOS", "COMUNA": "PUERTO MONTT", "NOMBRE": "NEWEN ANTU", "PUEBLO": "MAPUCHE"}, "geometry": {"type": "Point", "coordinates": [-72.93744561822211, -41.46257435753253]}}, {"type": "Feature", "id": 1840, "properties": {"REGION": "LOS LAGOS", "COMUNA": "PUERTO MONTT", "NOMBRE": "LEMUN KUYEN", "PUEBLO": "MAPUCHE"}, "geometry": {"type": "Point", "coordinates": [-72.91084319549903, -41.45165202233677]}}, {"type": "Feature", "id": 1841, "properties": {"REGION": "LOS LAGOS", "COMUNA": "PUERTO MONTT", "NOMBRE": "TRAPEN MAPU PUÑEN", "PUEBLO": "MAPUCHE"}, "geometry": {"type": "Point", "coordinates": [-73.122492, -41.52903]}}, {"type": "Feature", "id": 1842, "properties": {"REGION": "LOS LAGOS", "COMUNA": "PUERTO MONTT", "NOMBRE": "NEWEN ANTU", "PUEBLO": "MAPUCHE"}, "geometry": {"type": "Point", "coordinates": [-72.97637027040538, -41.4786152762283]}}, {"type": "Feature", "id": 1843, "properties": {"REGION": "LOS LAGOS", "COMUNA": "PUERTO VARAS", "NOMBRE": "HUILLIMAPU PUERTO VARAS", "PUEBLO": "MAPUCHE"}, "geometry": {"type": "Point", "coordinates": [-72.98466775335082, -41.31741351496986]}}, {"type": "Feature", "id": 1844, "properties": {"REGION": "LOS LAGOS", "COMUNA": "PUERTO VARAS", "NOMBRE": "CHE KARA PUERTO VARAS", "PUEBLO": "MAPUCHE"}, "geometry": {"type": "Point", "coordinates": [-72.98466775335082, -41.31741351496986]}}, {"type": "Feature", "id": 1845, "properties": {"REGION": "LOS LAGOS", "COMUNA": "PUERTO VARAS", "NOMBRE": "NEWEN PANGI", "PUEBLO": "MAPUCHE"}, "geometry": {"type": "Point", "coordinates": [-72.98466775335082, -41.31741351496986]}}, {"type": "Feature", "id": 1846, "properties": {"REGION": "LOS LAGOS", "COMUNA": "PUERTO VARAS", "NOMBRE": "PEUMAYEN", "PUEBLO": "MAPUCHE"}, "geometry": {"type": "Point", "coordinates": [-72.98466775335082, -41.31741351496986]}}, {"type": "Feature", "id": 1847, "properties": {"REGION": "LOS LAGOS", "COMUNA": "PUERTO VARAS", "NOMBRE": "AZKINTU LAFKEN", "PUEBLO": "MAPUCHE"}, "geometry": {"type": "Point", "coordinates": [-72.98466775335082, -41.31741351496986]}}, {"type": "Feature", "id": 1848, "properties": {"REGION": "LOS LAGOS", "COMUNA": "PUERTO VARAS", "NOMBRE": "MAPUCHE HUILLICHE MAPU ANTU", "PUEBLO": "MAPUCHE"}, "geometry": {"type": "Point", "coordinates": [-72.98466775335082, -41.31741351496986]}}, {"type": "Feature", "id": 1849, "properties": {"REGION": "LOS LAGOS", "COMUNA": "PUERTO VARAS", "NOMBRE": "MAPUCHE HUILLICHE LEUFU MAULLIN", "PUEBLO": "MAPUCHE"}, "geometry": {"type": "Point", "coordinates": [-72.98466775335082, -41.31741351496986]}}, {"type": "Feature", "id": 1850, "properties": {"REGION": "LOS LAGOS", "COMUNA": "PUERTO VARAS", "NOMBRE": "ALTUE PUERTO VARAS", "PUEBLO": "MAPUCHE"}, "geometry": {"type": "Point", "coordinates": [-72.9930776617695, -41.31480588919572]}}, {"type": "Feature", "id": 1851, "properties": {"REGION": "LOS LAGOS", "COMUNA": "PUERTO VARAS", "NOMBRE": "WENGAMEN", "PUEBLO": "MAPUCHE"}, "geometry": {"type": "Point", "coordinates": [-72.98605517317864, -41.31714460761082]}}, {"type": "Feature", "id": 1852, "properties": {"REGION": "LOS LAGOS", "COMUNA": "PUERTO VARAS", "NOMBRE": "FOTUM DEGIÑ", "PUEBLO": "MAPUCHE"}, "geometry": {"type": "Point", "coordinates": [-72.97268578153383, -41.33019814353244]}}, {"type": "Feature", "id": 1853, "properties": {"REGION": "LOS LAGOS", "COMUNA": "PUERTO VARAS", "NOMBRE": "ASOCIACION INDIGENA MAPUCHE HUILLICHE BUCALEMU", "PUEBLO": "MAPUCHE"}, "geometry": {"type": "Point", "coordinates": [-72.55511762851026, -41.22192950278766]}}, {"type": "Feature", "id": 1854, "properties": {"REGION": "LOS LAGOS", "COMUNA": "PUERTO VARAS", "NOMBRE": "INA LAFKEN", "PUEBLO": "MAPUCHE"}, "geometry": {"type": "Point", "coordinates": [-72.96448881799752, -41.33400374019595]}}, {"type": "Feature", "id": 1855, "properties": {"REGION": "LOS LAGOS", "COMUNA": "PUERTO VARAS", "NOMBRE": "TAÑI FOLIL MO", "PUEBLO": "MAPUCHE"}, "geometry": {"type": "Point", "coordinates": [-73.08291225756955, -41.3256154210838]}}, {"type": "Feature", "id": 1856, "properties": {"REGION": "LOS LAGOS", "COMUNA": "OSORNO", "NOMBRE": "NEHUEN MAPU", "PUEBLO": "MAPUCHE"}, "geometry": {"type": "Point", "coordinates": [-73.13528152076988, -40.57570305654131]}}, {"type": "Feature", "id": 1857, "properties": {"REGION": "LOS LAGOS", "COMUNA": "OSORNO", "NOMBRE": "PIUKE WECHE DE BUTAHUILLIMAPU", "PUEBLO": "MAPUCHE"}, "geometry": {"type": "Point", "coordinates": [-73.13528152076988, -40.57570305654131]}}, {"type": "Feature", "id": 1858, "properties": {"REGION": "LOS LAGOS", "COMUNA": "OSORNO", "NOMBRE": "KALFU RAYEN", "PUEBLO": "MAPUCHE"}, "geometry": {"type": "Point", "coordinates": [-73.13185484794158, -40.58002714756714]}}, {"type": "Feature", "id": 1859, "properties": {"REGION": "LOS LAGOS", "COMUNA": "OSORNO", "NOMBRE": "HUENTRU MALGEN MAPU", "PUEBLO": "MAPUCHE"}, "geometry": {"type": "Point", "coordinates": [-73.13522536728969, -40.57141663818929]}}, {"type": "Feature", "id": 1860, "properties": {"REGION": "LOS LAGOS", "COMUNA": "OSORNO", "NOMBRE": "ÑUKE KUTRALHUE", "PUEBLO": "MAPUCHE"}, "geometry": {"type": "Point", "coordinates": [-73.13321026104842, -40.57303189973719]}}, {"type": "Feature", "id": 1861, "properties": {"REGION": "LOS LAGOS", "COMUNA": "OSORNO", "NOMBRE": "DE ESTUDIANTES BUTA HUILLIMAPU", "PUEBLO": "MAPUCHE"}, "geometry": {"type": "Point", "coordinates": [-73.12709454384954, -40.57410537302846]}}, {"type": "Feature", "id": 1862, "properties": {"REGION": "LOS LAGOS", "COMUNA": "OSORNO", "NOMBRE": "TAIO MAPU ÑUKE", "PUEBLO": "MAPUCHE"}, "geometry": {"type": "Point", "coordinates": [-73.17500764789416, -40.59156693888275]}}, {"type": "Feature", "id": 1863, "properties": {"REGION": "LOS LAGOS", "COMUNA": "OSORNO", "NOMBRE": "NEWEN WILLI KURUF", "PUEBLO": "MAPUCHE"}, "geometry": {"type": "Point", "coordinates": [-73.16372491855064, -40.56831764535555]}}, {"type": "Feature", "id": 1864, "properties": {"REGION": "LOS LAGOS", "COMUNA": "OSORNO", "NOMBRE": "NEWEN FUTA HULLIMAPU", "PUEBLO": "MAPUCHE"}, "geometry": {"type": "Point", "coordinates": [-73.16984359788798, -40.56919797668613]}}, {"type": "Feature", "id": 1865, "properties": {"REGION": "LOS LAGOS", "COMUNA": "OSORNO", "NOMBRE": "PROVINCIAL HUILLICHE", "PUEBLO": "MAPUCHE"}, "geometry": {"type": "Point", "coordinates": [-73.16984359788798, -40.56919797668613]}}, {"type": "Feature", "id": 1866, "properties": {"REGION": "LOS LAGOS", "COMUNA": "OSORNO", "NOMBRE": "HUICHAU MAPU", "PUEBLO": "MAPUCHE"}, "geometry": {"type": "Point", "coordinates": [-73.16984359788798, -40.56919797668613]}}, {"type": "Feature", "id": 1867, "properties": {"REGION": "LOS LAGOS", "COMUNA": "OSORNO", "NOMBRE": "\"RUKAMAPU\"", "PUEBLO": "MAPUCHE"}, "geometry": {"type": "Point", "coordinates": [-73.11503003834058, -40.58230907678146]}}, {"type": "Feature", "id": 1868, "properties": {"REGION": "LOS LAGOS", "COMUNA": "OSORNO", "NOMBRE": "\"WIÑO SUAM\"", "PUEBLO": "MAPUCHE"}, "geometry": {"type": "Point", "coordinates": [-73.1554161725745, -40.5764618339003]}}, {"type": "Feature", "id": 1869, "properties": {"REGION": "LOS LAGOS", "COMUNA": "OSORNO", "NOMBRE": "\"SRAYANTUN INCHIN MAPUNCHE\"", "PUEBLO": "MAPUCHE"}, "geometry": {"type": "Point", "coordinates": [-73.16842937792704, -40.5678846349803]}}, {"type": "Feature", "id": 1870, "properties": {"REGION": "LOS LAGOS", "COMUNA": "OSORNO", "NOMBRE": "\"KOYAGTUAYEN TA SUGUN\"", "PUEBLO": "MAPUCHE"}, "geometry": {"type": "Point", "coordinates": [-73.132915316529, -40.57514971287479]}}, {"type": "Feature", "id": 1871, "properties": {"REGION": "LOS LAGOS", "COMUNA": "OSORNO", "NOMBRE": "\"AMUAYEN MUNTU\"", "PUEBLO": "MAPUCHE"}, "geometry": {"type": "Point", "coordinates": [-73.16521193835914, -40.5638873875937]}}, {"type": "Feature", "id": 1872, "properties": {"REGION": "LOS LAGOS", "COMUNA": "OSORNO", "NOMBRE": "\"ASOCIACION INDIGENA URBANA RAYENKO\"", "PUEBLO": "MAPUCHE"}, "geometry": {"type": "Point", "coordinates": [-73.16777551408151, -40.57981912876391]}}, {"type": "Feature", "id": 1873, "properties": {"REGION": "LOS LAGOS", "COMUNA": "OSORNO", "NOMBRE": "\"TAÑI FOLIL WILLICHE\"", "PUEBLO": "MAPUCHE"}, "geometry": {"type": "Point", "coordinates": [-73.17622355333256, -40.59331295641317]}}, {"type": "Feature", "id": 1874, "properties": {"REGION": "LOS LAGOS", "COMUNA": "OSORNO", "NOMBRE": "KINTRAYEN TAIÑ FOLIL KÜRISLAWEN MO", "PUEBLO": "MAPUCHE"}, "geometry": {"type": "Point", "coordinates": [-73.16030622028283, -40.57009790159294]}}, {"type": "Feature", "id": 1875, "properties": {"REGION": "LOS LAGOS", "COMUNA": "OSORNO", "NOMBRE": "MILLA KIYEN", "PUEBLO": "MAPUCHE"}, "geometry": {"type": "Point", "coordinates": [-73.17227834375208, -40.57408811021749]}}, {"type": "Feature", "id": 1876, "properties": {"REGION": "LOS LAGOS", "COMUNA": "OSORNO", "NOMBRE": "\"MOGENTUN\"", "PUEBLO": "MAPUCHE"}, "geometry": {"type": "Point", "coordinates": [-73.11411102843036, -40.58141361819013]}}, {"type": "Feature", "id": 1877, "properties": {"REGION": "LOS LAGOS", "COMUNA": "OSORNO", "NOMBRE": "CUIFI PÛÑEN", "PUEBLO": "MAPUCHE"}, "geometry": {"type": "Point", "coordinates": [-73.15223004437001, -40.56324603349261]}}, {"type": "Feature", "id": 1878, "properties": {"REGION": "LOS LAGOS", "COMUNA": "OSORNO", "NOMBRE": "RAYEN ANTU", "PUEBLO": "MAPUCHE"}, "geometry": {"type": "Point", "coordinates": [-73.17950237667458, -40.55637971587948]}}, {"type": "Feature", "id": 1879, "properties": {"REGION": "LOS LAGOS", "COMUNA": "OSORNO", "NOMBRE": "TREMUN NEWEN", "PUEBLO": "MAPUCHE"}, "geometry": {"type": "Point", "coordinates": [-73.16934288869801, -40.55960959837343]}}, {"type": "Feature", "id": 1880, "properties": {"REGION": "LOS LAGOS", "COMUNA": "OSORNO", "NOMBRE": "KINTUYEN TAIN FOLIL", "PUEBLO": "MAPUCHE"}, "geometry": {"type": "Point", "coordinates": [-73.16470602603319, -40.56148793629156]}}, {"type": "Feature", "id": 1881, "properties": {"REGION": "LOS LAGOS", "COMUNA": "OSORNO", "NOMBRE": "NEWEN ANTU", "PUEBLO": "MAPUCHE"}, "geometry": {"type": "Point", "coordinates": [-73.16470602603319, -40.56148793629156]}}, {"type": "Feature", "id": 1882, "properties": {"REGION": "LOS LAGOS", "COMUNA": "OSORNO", "NOMBRE": "OMILEN ANTU", "PUEBLO": "MAPUCHE"}, "geometry": {"type": "Point", "coordinates": [-73.17689690242818, -40.55746093457904]}}, {"type": "Feature", "id": 1883, "properties": {"REGION": "LOS LAGOS", "COMUNA": "PURRANQUE", "NOMBRE": "ALIWEN", "PUEBLO": "MAPUCHE"}, "geometry": {"type": "Point", "coordinates": [-73.15724626484156, -40.55482254366647]}}, {"type": "Feature", "id": 1884, "properties": {"REGION": "LOS LAGOS", "COMUNA": "OSORNO", "NOMBRE": "LICANMAPU", "PUEBLO": "MAPUCHE"}, "geometry": {"type": "Point", "coordinates": [-73.18198861671205, -40.56136194868535]}}, {"type": "Feature", "id": 1885, "properties": {"REGION": "LOS LAGOS", "COMUNA": "OSORNO", "NOMBRE": "NEWEN PIUKE", "PUEBLO": "MAPUCHE"}, "geometry": {"type": "Point", "coordinates": [-73.17170589812949, -40.56562244161756]}}, {"type": "Feature", "id": 1886, "properties": {"REGION": "LOS LAGOS", "COMUNA": "OSORNO", "NOMBRE": "DE ARTESANOS WILLICHES Y CONSTRUCTORES DE MEMORIA", "PUEBLO": "MAPUCHE"}, "geometry": {"type": "Point", "coordinates": [-73.13536139811507, -40.57144791420279]}}, {"type": "Feature", "id": 1887, "properties": {"REGION": "LOS LAGOS", "COMUNA": "OSORNO", "NOMBRE": "NEWEN - NEWEN KIÑE", "PUEBLO": "MAPUCHE"}, "geometry": {"type": "Point", "coordinates": [-73.14322218734829, -40.58508059586357]}}, {"type": "Feature", "id": 1888, "properties": {"REGION": "LOS LAGOS", "COMUNA": "OSORNO", "NOMBRE": "LIKANKUSRA", "PUEBLO": "MAPUCHE"}, "geometry": {"type": "Point", "coordinates": [-73.13185484794158, -40.58002714756714]}}, {"type": "Feature", "id": 1889, "properties": {"REGION": "LOS LAGOS", "COMUNA": "OSORNO", "NOMBRE": "SRAYANTU PU KARA", "PUEBLO": "MAPUCHE"}, "geometry": {"type": "Point", "coordinates": [-73.13578891082432, -40.57482845710382]}}, {"type": "Feature", "id": 1890, "properties": {"REGION": "LOS LAGOS", "COMUNA": "OSORNO", "NOMBRE": "NEWENTUN PU MALGEN", "PUEBLO": "MAPUCHE"}, "geometry": {"type": "Point", "coordinates": [-73.13578891082432, -40.57482845710382]}}, {"type": "Feature", "id": 1891, "properties": {"REGION": "LOS LAGOS", "COMUNA": "OSORNO", "NOMBRE": "RAYEN CO", "PUEBLO": "MAPUCHE"}, "geometry": {"type": "Point", "coordinates": [-73.13578891082432, -40.57482845710382]}}, {"type": "Feature", "id": 1892, "properties": {"REGION": "LOS LAGOS", "COMUNA": "OSORNO", "NOMBRE": "MELILEUFO FORRAHUE BAJO", "PUEBLO": "MAPUCHE"}, "geometry": {"type": "Point", "coordinates": [-73.13578891082432, -40.57482845710382]}}, {"type": "Feature", "id": 1893, "properties": {"REGION": "LOS LAGOS", "COMUNA": "OSORNO", "NOMBRE": "WENUMAPU NEWEN", "PUEBLO": "MAPUCHE"}, "geometry": {"type": "Point", "coordinates": [-73.17696160763553, -40.59080970959856]}}, {"type": "Feature", "id": 1894, "properties": {"REGION": "LOS LAGOS", "COMUNA": "OSORNO", "NOMBRE": "WILLIMAPU", "PUEBLO": "MAPUCHE"}, "geometry": {"type": "Point", "coordinates": [-73.17072572067163, -40.55997272815681]}}, {"type": "Feature", "id": 1895, "properties": {"REGION": "LOS LAGOS", "COMUNA": "OSORNO", "NOMBRE": "WAIWEN KURUF", "PUEBLO": "MAPUCHE"}, "geometry": {"type": "Point", "coordinates": [-73.15171635279995, -40.56150049167872]}}, {"type": "Feature", "id": 1896, "properties": {"REGION": "LOS LAGOS", "COMUNA": "OSORNO", "NOMBRE": "WEF PAI ANTU (SOL NACIENTE)", "PUEBLO": "MAPUCHE"}, "geometry": {"type": "Point", "coordinates": [-73.17216987276583, -40.59185298069345]}}, {"type": "Feature", "id": 1897, "properties": {"REGION": "LOS LAGOS", "COMUNA": "OSORNO", "NOMBRE": "WEICHAFE AITUE", "PUEBLO": "MAPUCHE"}, "geometry": {"type": "Point", "coordinates": [-73.1704411319674, -40.55423778758578]}}, {"type": "Feature", "id": 1898, "properties": {"REGION": "LOS LAGOS", "COMUNA": "OSORNO", "NOMBRE": "WENU NEWEN", "PUEBLO": "MAPUCHE"}, "geometry": {"type": "Point", "coordinates": [-73.17028478763382, -40.58381716009886]}}, {"type": "Feature", "id": 1899, "properties": {"REGION": "LOS LAGOS", "COMUNA": "OSORNO", "NOMBRE": "RAYENTUN FOYE", "PUEBLO": "MAPUCHE"}, "geometry": {"type": "Point", "coordinates": [-73.16875461062399, -40.5604085457578]}}, {"type": "Feature", "id": 1900, "properties": {"REGION": "LOS LAGOS", "COMUNA": "OSORNO", "NOMBRE": "MALEN HUEICHAN", "PUEBLO": "MAPUCHE"}, "geometry": {"type": "Point", "coordinates": [-73.1709851193967, -40.55979817104053]}}, {"type": "Feature", "id": 1901, "properties": {"REGION": "LOS LAGOS", "COMUNA": "OSORNO", "NOMBRE": "\"ONU NEWEN MASLEN", "PUEBLO": "AYMARA"}, "geometry": {"type": "Point", "coordinates": [-73.16777551408151, -40.57981912876391]}}, {"type": "Feature", "id": 1902, "properties": {"REGION": "LOS LAGOS", "COMUNA": "OSORNO", "NOMBRE": "SRAYINTÜN TAIÑ FOLIL", "PUEBLO": "MAPUCHE"}, "geometry": {"type": "Point", "coordinates": [-73.17564253346283, -40.56110732268326]}}, {"type": "Feature", "id": 1903, "properties": {"REGION": "LOS LAGOS", "COMUNA": "OSORNO", "NOMBRE": "KIMAYEN TAÑIN CHEYEN", "PUEBLO": "MAPUCHE"}, "geometry": {"type": "Point", "coordinates": [-73.1787183622272, -40.56026869495274]}}, {"type": "Feature", "id": 1904, "properties": {"REGION": "LOS LAGOS", "COMUNA": "OSORNO", "NOMBRE": "ALUPRA SUYAI", "PUEBLO": "MAPUCHE"}, "geometry": {"type": "Point", "coordinates": [-73.140857124616, -40.59057506797885]}}, {"type": "Feature", "id": 1905, "properties": {"REGION": "LOS LAGOS", "COMUNA": "OSORNO", "NOMBRE": "TAIÑ PEWMA", "PUEBLO": "MAPUCHE"}, "geometry": {"type": "Point", "coordinates": [-73.14994484066418, -40.56407406574039]}}, {"type": "Feature", "id": 1906, "properties": {"REGION": "LOS LAGOS", "COMUNA": "OSORNO", "NOMBRE": "NEYEN MAPU", "PUEBLO": "MAPUCHE"}, "geometry": {"type": "Point", "coordinates": [-73.18259056251563, -40.58794102244346]}}, {"type": "Feature", "id": 1907, "properties": {"REGION": "LOS LAGOS", "COMUNA": "OSORNO", "NOMBRE": "RUCANTU", "PUEBLO": "MAPUCHE"}, "geometry": {"type": "Point", "coordinates": [-73.16846200865893, -40.56082298220274]}}, {"type": "Feature", "id": 1908, "properties": {"REGION": "LOS LAGOS", "COMUNA": "OSORNO", "NOMBRE": "SAYEÑÑ MAPU", "PUEBLO": "MAPUCHE"}, "geometry": {"type": "Point", "coordinates": [-73.17212839352253, -40.56514974007513]}}, {"type": "Feature", "id": 1909, "properties": {"REGION": "LOS LAGOS", "COMUNA": "OSORNO", "NOMBRE": "AUKA PÜLLU", "PUEBLO": "MAPUCHE"}, "geometry": {"type": "Point", "coordinates": [-73.16961486154369, -40.56540537141175]}}, {"type": "Feature", "id": 1910, "properties": {"REGION": "LOS LAGOS", "COMUNA": "OSORNO", "NOMBRE": "INCHEN TA MAPU NGEN", "PUEBLO": "MAPUCHE"}, "geometry": {"type": "Point", "coordinates": [-73.13655311527167, -40.57279406341016]}}, {"type": "Feature", "id": 1911, "properties": {"REGION": "LOS LAGOS", "COMUNA": "OSORNO", "NOMBRE": "WE FOLIL", "PUEBLO": "MAPUCHE"}, "geometry": {"type": "Point", "coordinates": [-73.14786861855382, -40.56832395968588]}}, {"type": "Feature", "id": 1912, "properties": {"REGION": "LOS LAGOS", "COMUNA": "OSORNO", "NOMBRE": "NEWEN ANTU", "PUEBLO": "MAPUCHE"}, "geometry": {"type": "Point", "coordinates": [-73.15994400020854, -40.55040651787242]}}, {"type": "Feature", "id": 1913, "properties": {"REGION": "LOS LAGOS", "COMUNA": "OSORNO", "NOMBRE": "WIÑOY KUSO KUSOW BUTA WILLIMAPU", "PUEBLO": "MAPUCHE"}, "geometry": {"type": "Point", "coordinates": [-73.12635897185203, -40.57488081361888]}}, {"type": "Feature", "id": 1914, "properties": {"REGION": "LOS LAGOS", "COMUNA": "OSORNO", "NOMBRE": "KUIFI NEWEN MAPUNCHE", "PUEBLO": "MAPUCHE"}, "geometry": {"type": "Point", "coordinates": [-73.16438762872886, -40.58936830607031]}}, {"type": "Feature", "id": 1915, "properties": {"REGION": "LOS LAGOS", "COMUNA": "OSORNO", "NOMBRE": "MOÑEM KO", "PUEBLO": "MAPUCHE"}, "geometry": {"type": "Point", "coordinates": [-73.16646878174565, -40.55837852732254]}}, {"type": "Feature", "id": 1916, "properties": {"REGION": "LOS LAGOS", "COMUNA": "OSORNO", "NOMBRE": "WENU NEWEN", "PUEBLO": "MAPUCHE"}, "geometry": {"type": "Point", "coordinates": [-73.17519518050723, -40.56201650547446]}}, {"type": "Feature", "id": 1917, "properties": {"REGION": "LOS LAGOS", "COMUNA": "OSORNO", "NOMBRE": "MILLA ANTU", "PUEBLO": "MAPUCHE"}, "geometry": {"type": "Point", "coordinates": [-73.18071840384462, -40.56269283044453]}}, {"type": "Feature", "id": 1918, "properties": {"REGION": "LOS LAGOS", "COMUNA": "OSORNO", "NOMBRE": "NEWEN ANTU", "PUEBLO": "MAPUCHE"}, "geometry": {"type": "Point", "coordinates": [-73.16854181541106, -40.56616063882797]}}, {"type": "Feature", "id": 1919, "properties": {"REGION": "LOS LAGOS", "COMUNA": "OSORNO", "NOMBRE": "WAYWEN (VIENTO DEL SUR)", "PUEBLO": "MAPUCHE"}, "geometry": {"type": "Point", "coordinates": [-73.169203562081, -40.56571069584324]}}, {"type": "Feature", "id": 1920, "properties": {"REGION": "LOS LAGOS", "COMUNA": "OSORNO", "NOMBRE": "ANTU KÜYEN", "PUEBLO": "MAPUCHE"}, "geometry": {"type": "Point", "coordinates": [-73.14317159285653, -40.58542586695398]}}, {"type": "Feature", "id": 1921, "properties": {"REGION": "LOS LAGOS", "COMUNA": "OSORNO", "NOMBRE": "RAYEN MAPU", "PUEBLO": "MAPUCHE"}, "geometry": {"type": "Point", "coordinates": [-73.18198861671205, -40.56136194868535]}}, {"type": "Feature", "id": 1922, "properties": {"REGION": "LOS LAGOS", "COMUNA": "OSORNO", "NOMBRE": "NAG MAPU", "PUEBLO": "MAPUCHE"}, "geometry": {"type": "Point", "coordinates": [-73.18324206533416, -40.56439505192925]}}, {"type": "Feature", "id": 1923, "properties": {"REGION": "LOS LAGOS", "COMUNA": "OSORNO", "NOMBRE": "PEWU RAYEN", "PUEBLO": "MAPUCHE"}, "geometry": {"type": "Point", "coordinates": [-73.17873590806379, -40.57437039635936]}}, {"type": "Feature", "id": 1924, "properties": {"REGION": "LOS LAGOS", "COMUNA": "PUERTO OCTAY", "NOMBRE": "PU TRALLENKO LICARAYEN", "PUEBLO": "MAPUCHE"}, "geometry": {"type": "Point", "coordinates": [-72.63951129313662, -41.08034225626916]}}, {"type": "Feature", "id": 1925, "properties": {"REGION": "LOS LAGOS", "COMUNA": "PUERTO OCTAY", "NOMBRE": "MAHUIDA PAINE", "PUEBLO": "MAPUCHE"}, "geometry": {"type": "Point", "coordinates": [-72.87785032811104, -40.97701590007598]}}, {"type": "Feature", "id": 1926, "properties": {"REGION": "LOS LAGOS", "COMUNA": "PUERTO OCTAY", "NOMBRE": "PANGUIMAPU", "PUEBLO": "MAPUCHE"}, "geometry": {"type": "Point", "coordinates": [-72.88366234213902, -40.97291357822308]}}, {"type": "Feature", "id": 1927, "properties": {"REGION": "LOS LAGOS", "COMUNA": "PUERTO OCTAY", "NOMBRE": "AITUE", "PUEBLO": "MAPUCHE"}, "geometry": {"type": "Point", "coordinates": [-72.88366234213902, -40.97291357822308]}}, {"type": "Feature", "id": 1928, "properties": {"REGION": "LOS LAGOS", "COMUNA": "PURRANQUE", "NOMBRE": "MAPUCHE PURRANQUIL", "PUEBLO": "MAPUCHE"}, "geometry": {"type": "Point", "coordinates": [-73.158257, -40.913059]}}, {"type": "Feature", "id": 1929, "properties": {"REGION": "LOS LAGOS", "COMUNA": "PURRANQUE", "NOMBRE": "RUKA PEÑI", "PUEBLO": "MAPUCHE"}, "geometry": {"type": "Point", "coordinates": [-73.158257, -40.913059]}}, {"type": "Feature", "id": 1930, "properties": {"REGION": "LOS LAGOS", "COMUNA": "PURRANQUE", "NOMBRE": "CACIQUE TRAIMUN", "PUEBLO": "MAPUCHE"}, "geometry": {"type": "Point", "coordinates": [-73.158257, -40.913059]}}, {"type": "Feature", "id": 1931, "properties": {"REGION": "LOS LAGOS", "COMUNA": "PURRANQUE", "NOMBRE": "KIÑE RAXISUAM", "PUEBLO": "MAPUCHE"}, "geometry": {"type": "Point", "coordinates": [-73.158257, -40.913059]}}, {"type": "Feature", "id": 1932, "properties": {"REGION": "LOS LAGOS", "COMUNA": "PURRANQUE", "NOMBRE": "NEWEN PATAGONICO", "PUEBLO": "MAPUCHE"}, "geometry": {"type": "Point", "coordinates": [-73.158257, -40.913059]}}, {"type": "Feature", "id": 1933, "properties": {"REGION": "LOS LAGOS", "COMUNA": "PURRANQUE", "NOMBRE": "PEHUEN", "PUEBLO": "MAPUCHE"}, "geometry": {"type": "Point", "coordinates": [-73.158257, -40.913059]}}, {"type": "Feature", "id": 1934, "properties": {"REGION": "LOS LAGOS", "COMUNA": "OSORNO", "NOMBRE": "ALIWEN NEWEN", "PUEBLO": "MAPUCHE"}, "geometry": {"type": "Point", "coordinates": [-73.158257, -40.913059]}}, {"type": "Feature", "id": 1935, "properties": {"REGION": "LOS LAGOS", "COMUNA": "PURRANQUE", "NOMBRE": "WILLTXAPAIN", "PUEBLO": "MAPUCHE"}, "geometry": {"type": "Point", "coordinates": [-73.158257, -40.913059]}}, {"type": "Feature", "id": 1936, "properties": {"REGION": "LOS LAGOS", "COMUNA": "PURRANQUE", "NOMBRE": "ÑUQUE-KÜTRALWEPU PUÑEN DE PURRANQUE", "PUEBLO": "MAPUCHE"}, "geometry": {"type": "Point", "coordinates": [-73.158257, -40.913059]}}, {"type": "Feature", "id": 1937, "properties": {"REGION": "LOS LAGOS", "COMUNA": "PURRANQUE", "NOMBRE": "CHOYUN MAPU", "PUEBLO": "MAPUCHE"}, "geometry": {"type": "Point", "coordinates": [-73.158257, -40.913059]}}, {"type": "Feature", "id": 1938, "properties": {"REGION": "LOS LAGOS", "COMUNA": "PURRANQUE", "NOMBRE": "NEWEN ANTHU", "PUEBLO": "MAPUCHE"}, "geometry": {"type": "Point", "coordinates": [-73.158257, -40.913059]}}, {"type": "Feature", "id": 1939, "properties": {"REGION": "LOS LAGOS", "COMUNA": "CHONCHI", "NOMBRE": "SUYAI", "PUEBLO": "MAPUCHE"}, "geometry": {"type": "Point", "coordinates": [-73.158257, -40.913059]}}, {"type": "Feature", "id": 1940, "properties": {"REGION": "LOS LAGOS", "COMUNA": "PURRANQUE", "NOMBRE": "MARI MAPU PURRANQUIL DE PURRANQUE", "PUEBLO": "MAPUCHE"}, "geometry": {"type": "Point", "coordinates": [-73.158257, -40.913059]}}, {"type": "Feature", "id": 1941, "properties": {"REGION": "LOS LAGOS", "COMUNA": "PURRANQUE", "NOMBRE": "LAWENTUCHEFES-KIMCHE KIMUN LAWEN", "PUEBLO": "MAPUCHE"}, "geometry": {"type": "Point", "coordinates": [-73.158257, -40.913059]}}, {"type": "Feature", "id": 1942, "properties": {"REGION": "LOS LAGOS", "COMUNA": "PURRANQUE", "NOMBRE": "PU LIWEN", "PUEBLO": "MAPUCHE"}, "geometry": {"type": "Point", "coordinates": [-73.158257, -40.913059]}}, {"type": "Feature", "id": 1943, "properties": {"REGION": "LOS LAGOS", "COMUNA": "PURRANQUE", "NOMBRE": "KALLFU WENU MAPU", "PUEBLO": "MAPUCHE"}, "geometry": {"type": "Point", "coordinates": [-73.158257, -40.913059]}}, {"type": "Feature", "id": 1944, "properties": {"REGION": "LOS LAGOS", "COMUNA": "PURRANQUE", "NOMBRE": "\"MAPU LEUFU\"", "PUEBLO": "MAPUCHE"}, "geometry": {"type": "Point", "coordinates": [-73.36192338172131, -40.86248422433871]}}, {"type": "Feature", "id": 1945, "properties": {"REGION": "LOS LAGOS", "COMUNA": "PURRANQUE", "NOMBRE": "\"CACIQUE RAILEF\"", "PUEBLO": "MAPUCHE"}, "geometry": {"type": "Point", "coordinates": [-73.17640657654789, -40.91255666979821]}}, {"type": "Feature", "id": 1946, "properties": {"REGION": "LOS LAGOS", "COMUNA": "PURRANQUE", "NOMBRE": "ANTUMALAL", "PUEBLO": "MAPUCHE"}, "geometry": {"type": "Point", "coordinates": [-73.16801326842511, -40.90974796300481]}}, {"type": "Feature", "id": 1947, "properties": {"REGION": "LOS LAGOS", "COMUNA": "PURRANQUE", "NOMBRE": "KUME MOGEN", "PUEBLO": "MAPUCHE"}, "geometry": {"type": "Point", "coordinates": [-73.16249270038216, -40.90540617565937]}}, {"type": "Feature", "id": 1948, "properties": {"REGION": "LOS LAGOS", "COMUNA": "PURRANQUE", "NOMBRE": "NEWEN MAPU DE CORTE ALTO KASRA MO", "PUEBLO": "MAPUCHE"}, "geometry": {"type": "Point", "coordinates": [-73.16326172316433, -40.95181265273623]}}, {"type": "Feature", "id": 1949, "properties": {"REGION": "LOS LAGOS", "COMUNA": "PUYEHUE", "NOMBRE": "CAUCHAI", "PUEBLO": "MAPUCHE"}, "geometry": {"type": "Point", "coordinates": [-72.59705742442661, -40.68675774902444]}}, {"type": "Feature", "id": 1950, "properties": {"REGION": "LOS LAGOS", "COMUNA": "PUYEHUE", "NOMBRE": "LONKO MAPU", "PUEBLO": "MAPUCHE"}, "geometry": {"type": "Point", "coordinates": [-72.440516, -40.767251]}}, {"type": "Feature", "id": 1951, "properties": {"REGION": "LOS LAGOS", "COMUNA": "PUYEHUE", "NOMBRE": "\"ANTU NEWEN WILLICHE\"", "PUEBLO": "MAPUCHE"}, "geometry": {"type": "Point", "coordinates": [-72.5986552836067, -40.68633822945021]}}, {"type": "Feature", "id": 1952, "properties": {"REGION": "LOS LAGOS", "COMUNA": "PUYEHUE", "NOMBRE": "\"PEÑI PIWKE\"", "PUEBLO": "MAPUCHE"}, "geometry": {"type": "Point", "coordinates": [-72.61084198002699, -40.69427816838861]}}, {"type": "Feature", "id": 1953, "properties": {"REGION": "LOS LAGOS", "COMUNA": "PUYEHUE", "NOMBRE": "MEDIO AMBIENTAL LAFQUENCHE", "PUEBLO": "MAPUCHE"}, "geometry": {"type": "Point", "coordinates": [-72.60363687672118, -40.68358767305016]}}, {"type": "Feature", "id": 1954, "properties": {"REGION": "LOS LAGOS", "COMUNA": "PUYEHUE", "NOMBRE": "CUÑI WILLI MAPU", "PUEBLO": "MAPUCHE"}, "geometry": {"type": "Point", "coordinates": [-72.60363687672118, -40.68358767305016]}}, {"type": "Feature", "id": 1955, "properties": {"REGION": "LOS LAGOS", "COMUNA": "PUYEHUE", "NOMBRE": "HUENCHULLANCA", "PUEBLO": "MAPUCHE"}, "geometry": {"type": "Point", "coordinates": [-72.60363687672118, -40.68358767305016]}}, {"type": "Feature", "id": 1956, "properties": {"REGION": "LOS LAGOS", "COMUNA": "PUYEHUE", "NOMBRE": "PAIHUEN", "PUEBLO": "MAPUCHE"}, "geometry": {"type": "Point", "coordinates": [-72.30772624606448, -40.79344882477552]}}, {"type": "Feature", "id": 1957, "properties": {"REGION": "LOS LAGOS", "COMUNA": "RÍO NEGRO", "NOMBRE": "HUILLICHE PICHILEUFU", "PUEBLO": "MAPUCHE"}, "geometry": {"type": "Point", "coordinates": [-73.336101, -40.820222]}}, {"type": "Feature", "id": 1958, "properties": {"REGION": "LOS LAGOS", "COMUNA": "RÍO NEGRO", "NOMBRE": "LLAHUALCO", "PUEBLO": "MAPUCHE"}, "geometry": {"type": "Point", "coordinates": [-73.295031, -40.73343]}}, {"type": "Feature", "id": 1959, "properties": {"REGION": "LOS LAGOS", "COMUNA": "RÍO NEGRO", "NOMBRE": "PESCADORES ARTESANALES NIREHUE HUELLELHUE", "PUEBLO": "MAPUCHE"}, "geometry": {"type": "Point", "coordinates": [-73.789185, -40.707976]}}, {"type": "Feature", "id": 1960, "properties": {"REGION": "LOS LAGOS", "COMUNA": "RÍO NEGRO", "NOMBRE": "DE PESCADORES CALETA CONDOR", "PUEBLO": "MAPUCHE"}, "geometry": {"type": "Point", "coordinates": [-73.83787172798154, -40.77349062609689]}}, {"type": "Feature", "id": 1961, "properties": {"REGION": "LOS LAGOS", "COMUNA": "RÍO NEGRO", "NOMBRE": "ÑIMITUAN PU KIMUN", "PUEBLO": "MAPUCHE"}, "geometry": {"type": "Point", "coordinates": [-73.21048359983394, -40.80938402563321]}}, {"type": "Feature", "id": 1962, "properties": {"REGION": "LOS LAGOS", "COMUNA": "RÍO NEGRO", "NOMBRE": "FOLILCHE MAPU", "PUEBLO": "MAPUCHE"}, "geometry": {"type": "Point", "coordinates": [-73.21670955466841, -40.7955791938511]}}, {"type": "Feature", "id": 1963, "properties": {"REGION": "LOS LAGOS", "COMUNA": "RÍO NEGRO", "NOMBRE": "INCHEM FOLIL", "PUEBLO": "MAPUCHE"}, "geometry": {"type": "Point", "coordinates": [-73.21670955466841, -40.7955791938511]}}, {"type": "Feature", "id": 1964, "properties": {"REGION": "LOS LAGOS", "COMUNA": "RÍO NEGRO", "NOMBRE": "ANTU NEWEN", "PUEBLO": "MAPUCHE"}, "geometry": {"type": "Point", "coordinates": [-73.21670955466841, -40.7955791938511]}}, {"type": "Feature", "id": 1965, "properties": {"REGION": "LOS LAGOS", "COMUNA": "RÍO NEGRO", "NOMBRE": "ASOC. FOLILCHE MAPU", "PUEBLO": "MAPUCHE"}, "geometry": {"type": "Point", "coordinates": [-73.292493, -40.830601]}}, {"type": "Feature", "id": 1966, "properties": {"REGION": "LOS LAGOS", "COMUNA": "SAN JUAN DE LA COSTA", "NOMBRE": "DE PEQUEÑOS AGRICULTORES ,ARTESANOS Y CULTORES HUILLICHES LA MINGA", "PUEBLO": "MAPUCHE"}, "geometry": {"type": "Point", "coordinates": [-73.43036166724333, -40.46490933495888]}}, {"type": "Feature", "id": 1967, "properties": {"REGION": "LOS LAGOS", "COMUNA": "SAN JUAN DE LA COSTA", "NOMBRE": "RAYEN FUCO", "PUEBLO": "MAPUCHE"}, "geometry": {"type": "Point", "coordinates": [-73.43036166724333, -40.46490933495888]}}, {"type": "Feature", "id": 1968, "properties": {"REGION": "LOS LAGOS", "COMUNA": "SAN JUAN DE LA COSTA", "NOMBRE": "PESCADORES DE MAICOLPUE", "PUEBLO": "MAPUCHE"}, "geometry": {"type": "Point", "coordinates": [-73.738311, -40.606946]}}, {"type": "Feature", "id": 1969, "properties": {"REGION": "LOS LAGOS", "COMUNA": "SAN JUAN DE LA COSTA", "NOMBRE": "WEYOI", "PUEBLO": "MAPUCHE"}, "geometry": {"type": "Point", "coordinates": [-73.4122473372713, -40.67633642316195]}}, {"type": "Feature", "id": 1970, "properties": {"REGION": "LOS LAGOS", "COMUNA": "SAN JUAN DE LA COSTA", "NOMBRE": "PULINGUEMO", "PUEBLO": "MAPUCHE"}, "geometry": {"type": "Point", "coordinates": [-73.58894403785993, -40.47963267705734]}}, {"type": "Feature", "id": 1971, "properties": {"REGION": "LOS LAGOS", "COMUNA": "SAN JUAN DE LA COSTA", "NOMBRE": "MUJERES FOLLAJE DE SAN JUAN", "PUEBLO": "MAPUCHE"}, "geometry": {"type": "Point", "coordinates": [-73.58894403785993, -40.47963267705734]}}, {"type": "Feature", "id": 1972, "properties": {"REGION": "LOS LAGOS", "COMUNA": "SAN JUAN DE LA COSTA", "NOMBRE": "PRODUCTORES FORESTALES MAPUCHE HUILLICHE", "PUEBLO": "MAPUCHE"}, "geometry": {"type": "Point", "coordinates": [-73.58894403785993, -40.47963267705734]}}, {"type": "Feature", "id": 1973, "properties": {"REGION": "LOS LAGOS", "COMUNA": "CASTRO", "NOMBRE": "ÑUKE MAPU", "PUEBLO": "MAPUCHE"}, "geometry": {"type": "Point", "coordinates": [-73.39823984211877, -40.5829916359336]}}, {"type": "Feature", "id": 1974, "properties": {"REGION": "LOS LAGOS", "COMUNA": "SAN JUAN DE LA COSTA", "NOMBRE": "HUENTE RUPO", "PUEBLO": "MAPUCHE"}, "geometry": {"type": "Point", "coordinates": [-73.46318873945296, -40.57653391499183]}}, {"type": "Feature", "id": 1975, "properties": {"REGION": "LOS LAGOS", "COMUNA": "SAN JUAN DE LA COSTA", "NOMBRE": "ASIPRO", "PUEBLO": "MAPUCHE"}, "geometry": {"type": "Point", "coordinates": [-73.40526035036957, -40.48846802623194]}}, {"type": "Feature", "id": 1976, "properties": {"REGION": "LOS LAGOS", "COMUNA": "SAN JUAN DE LA COSTA", "NOMBRE": "COYUN MAPU", "PUEBLO": "MAPUCHE"}, "geometry": {"type": "Point", "coordinates": [-73.40526035036957, -40.48846802623194]}}, {"type": "Feature", "id": 1977, "properties": {"REGION": "LOS LAGOS", "COMUNA": "SAN JUAN DE LA COSTA", "NOMBRE": "MUJERES MAPUCHE HUILLICHE DEL TERRITORIO KUNKO", "PUEBLO": "MAPUCHE"}, "geometry": {"type": "Point", "coordinates": [-73.40526035036957, -40.48846802623194]}}, {"type": "Feature", "id": 1978, "properties": {"REGION": "LOS LAGOS", "COMUNA": "SAN JUAN DE LA COSTA", "NOMBRE": "LEWIN ANTU", "PUEBLO": "MAPUCHE"}, "geometry": {"type": "Point", "coordinates": [-73.36307424629544, -40.51496155769778]}}, {"type": "Feature", "id": 1979, "properties": {"REGION": "LOS LAGOS", "COMUNA": "SAN JUAN DE LA COSTA", "NOMBRE": "KAWINTUN MAPUCHE", "PUEBLO": "MAPUCHE"}, "geometry": {"type": "Point", "coordinates": [-73.467706, -40.607105]}}, {"type": "Feature", "id": 1980, "properties": {"REGION": "LOS LAGOS", "COMUNA": "SAN JUAN DE LA COSTA", "NOMBRE": "\"MAPU MAWIDAN KO\"", "PUEBLO": "MAPUCHE"}, "geometry": {"type": "Point", "coordinates": [-73.467706, -40.607105]}}, {"type": "Feature", "id": 1981, "properties": {"REGION": "LOS LAGOS", "COMUNA": "SAN JUAN DE LA COSTA", "NOMBRE": "LOHSRKANTUN ANTU MAWIDUAM", "PUEBLO": "MAPUCHE"}, "geometry": {"type": "Point", "coordinates": [-73.467706, -40.607105]}}, {"type": "Feature", "id": 1982, "properties": {"REGION": "LOS LAGOS", "COMUNA": "SAN JUAN DE LA COSTA", "NOMBRE": "COSTA BRAVA", "PUEBLO": "MAPUCHE"}, "geometry": {"type": "Point", "coordinates": [-73.713203, -40.529605]}}, {"type": "Feature", "id": 1983, "properties": {"REGION": "LOS LAGOS", "COMUNA": "SAN JUAN DE LA COSTA", "NOMBRE": "ETNOTURISMO MAPUCHE WILLICHE NEWEN MUNKO", "PUEBLO": "MAPUCHE"}, "geometry": {"type": "Point", "coordinates": [-73.713203, -40.529605]}}, {"type": "Feature", "id": 1984, "properties": {"REGION": "LOS LAGOS", "COMUNA": "SAN JUAN DE LA COSTA", "NOMBRE": "DE PESCADORES ARTESANALES Y RECOLECTORES DE ORILLA ANCALAO", "PUEBLO": "MAPUCHE"}, "geometry": {"type": "Point", "coordinates": [-73.701329, -40.242495]}}, {"type": "Feature", "id": 1985, "properties": {"REGION": "LOS LAGOS", "COMUNA": "SAN JUAN DE LA COSTA", "NOMBRE": "PEÑI LAFQUENCHE", "PUEBLO": "MAPUCHE"}, "geometry": {"type": "Point", "coordinates": [-73.73340045243866, -40.58648358902481]}}, {"type": "Feature", "id": 1986, "properties": {"REGION": "LOS LAGOS", "COMUNA": "SAN JUAN DE LA COSTA", "NOMBRE": "\"ANTU MAPU\"", "PUEBLO": "MAPUCHE"}, "geometry": {"type": "Point", "coordinates": [-73.73340045243866, -40.58648358902481]}}, {"type": "Feature", "id": 1987, "properties": {"REGION": "LOS LAGOS", "COMUNA": "SAN JUAN DE LA COSTA", "NOMBRE": "\"MAPU LAHUEN LAFQUENCHE\"", "PUEBLO": "MAPUCHE"}, "geometry": {"type": "Point", "coordinates": [-73.63527271712427, -40.5832647185778]}}, {"type": "Feature", "id": 1988, "properties": {"REGION": "LOS LAGOS", "COMUNA": "SAN JUAN DE LA COSTA", "NOMBRE": "LAFQUELMAPU", "PUEBLO": "MAPUCHE"}, "geometry": {"type": "Point", "coordinates": [-73.443496, -40.506205]}}, {"type": "Feature", "id": 1989, "properties": {"REGION": "LOS LAGOS", "COMUNA": "SAN JUAN DE LA COSTA", "NOMBRE": "QUILA MAPU NEWEN", "PUEBLO": "MAPUCHE"}, "geometry": {"type": "Point", "coordinates": [-73.443496, -40.506205]}}, {"type": "Feature", "id": 1990, "properties": {"REGION": "LOS LAGOS", "COMUNA": "SAN JUAN DE LA COSTA", "NOMBRE": "ASOCIACION DE ALGUEROS Y RECOLECTORES AMOÑEN PU LAFKEN", "PUEBLO": "MAPUCHE"}, "geometry": {"type": "Point", "coordinates": [-73.745762, -40.488399]}}, {"type": "Feature", "id": 1991, "properties": {"REGION": "LOS LAGOS", "COMUNA": "SAN JUAN DE LA COSTA", "NOMBRE": "NEWEN WECHE LAFQUEN", "PUEBLO": "MAPUCHE"}, "geometry": {"type": "Point", "coordinates": [-73.70798541607037, -40.53742191415465]}}, {"type": "Feature", "id": 1992, "properties": {"REGION": "LOS LAGOS", "COMUNA": "SAN JUAN DE LA COSTA", "NOMBRE": "NEWEN ANTU", "PUEBLO": "MAPUCHE"}, "geometry": {"type": "Point", "coordinates": [-73.70798541607037, -40.53742191415465]}}, {"type": "Feature", "id": 1993, "properties": {"REGION": "LOS LAGOS", "COMUNA": "SAN JUAN DE LA COSTA", "NOMBRE": "WENTECHE DE PICHILAFKENMAPU", "PUEBLO": "MAPUCHE"}, "geometry": {"type": "Point", "coordinates": [-73.48385444671909, -40.50377096002673]}}, {"type": "Feature", "id": 1994, "properties": {"REGION": "LOS LAGOS", "COMUNA": "SAN PABLO", "NOMBRE": "TUKUYN AYUN MALGUEN", "PUEBLO": "MAPUCHE"}, "geometry": {"type": "Point", "coordinates": [-73.265312, -40.375282]}}, {"type": "Feature", "id": 1995, "properties": {"REGION": "LOS LAGOS", "COMUNA": "SAN PABLO", "NOMBRE": "HUACAHUINCUL", "PUEBLO": "MAPUCHE"}, "geometry": {"type": "Point", "coordinates": [-73.28175272128729, -40.39891696320737]}}, {"type": "Feature", "id": 1996, "properties": {"REGION": "LOS LAGOS", "COMUNA": "SAN PABLO", "NOMBRE": "ÑAMI PU-KO MAPU", "PUEBLO": "MAPUCHE"}, "geometry": {"type": "Point", "coordinates": [-73.35901047198578, -40.37601164649663]}}, {"type": "Feature", "id": 1997, "properties": {"REGION": "LOS LAGOS", "COMUNA": "SAN PABLO", "NOMBRE": "MAPU PANGUINAMUN", "PUEBLO": "MAPUCHE"}, "geometry": {"type": "Point", "coordinates": [-73.01356754949776, -40.41010726253796]}}, {"type": "Feature", "id": 1998, "properties": {"REGION": "LOS LAGOS", "COMUNA": "SAN PABLO", "NOMBRE": "FUTA NEWEN CHE", "PUEBLO": "MAPUCHE"}, "geometry": {"type": "Point", "coordinates": [-73.34306388751537, -40.36528489809005]}}, {"type": "Feature", "id": 1999, "properties": {"REGION": "LOS LAGOS", "COMUNA": "SAN PABLO", "NOMBRE": "\"RAYEN MAPU\"", "PUEBLO": "MAPUCHE"}, "geometry": {"type": "Point", "coordinates": [-73.01371100852059, -40.4079888955157]}}, {"type": "Feature", "id": 2000, "properties": {"REGION": "LOS LAGOS", "COMUNA": "SAN PABLO", "NOMBRE": "PEUMAYEN", "PUEBLO": "MAPUCHE"}, "geometry": {"type": "Point", "coordinates": [-73.16241262258714, -40.36312919969973]}}, {"type": "Feature", "id": 2001, "properties": {"REGION": "LOS LAGOS", "COMUNA": "SAN PABLO", "NOMBRE": "MELI NEWEN ÑUKE MAPU", "PUEBLO": "MAPUCHE"}, "geometry": {"type": "Point", "coordinates": [-73.29451, -40.399036]}}, {"type": "Feature", "id": 2002, "properties": {"REGION": "LOS LAGOS", "COMUNA": "SAN PABLO", "NOMBRE": "MANOS CREADORAS", "PUEBLO": "MAPUCHE"}, "geometry": {"type": "Point", "coordinates": [-73.01234785398873, -40.41224360284254]}}, {"type": "Feature", "id": 2003, "properties": {"REGION": "LOS LAGOS", "COMUNA": "CHAITÉN", "NOMBRE": "WE NEWEN CHAITEN", "PUEBLO": "MAPUCHE"}, "geometry": {"type": "Point", "coordinates": [-72.70656757479114, -42.91713752870966]}}, {"type": "Feature", "id": 2004, "properties": {"REGION": "LOS LAGOS", "COMUNA": "CHAITÉN", "NOMBRE": "NOMPA TRIPANKO", "PUEBLO": "MAPUCHE"}, "geometry": {"type": "Point", "coordinates": [-72.75883, -42.379185]}}, {"type": "Feature", "id": 2005, "properties": {"REGION": "LOS LAGOS", "COMUNA": "HUALAIHUÉ", "NOMBRE": "TRAYENCO", "PUEBLO": "MAPUCHE"}, "geometry": {"type": "Point", "coordinates": [-72.45797192150006, -41.95248361880215]}}, {"type": "Feature", "id": 2006, "properties": {"REGION": "LOS LAGOS", "COMUNA": "HUALAIHUÉ", "NOMBRE": "NEWEN CHE", "PUEBLO": "MAPUCHE"}, "geometry": {"type": "Point", "coordinates": [-72.47213559787522, -41.96655080569347]}}, {"type": "Feature", "id": 2007, "properties": {"REGION": "LOS LAGOS", "COMUNA": "HUALAIHUÉ", "NOMBRE": "CUCHILDEO", "PUEBLO": "MAPUCHE"}, "geometry": {"type": "Point", "coordinates": [-72.4698591735718, -41.96650450795342]}}, {"type": "Feature", "id": 2008, "properties": {"REGION": "LOS LAGOS", "COMUNA": "HUALAIHUÉ", "NOMBRE": "ANTIYAL", "PUEBLO": "MAPUCHE"}, "geometry": {"type": "Point", "coordinates": [-72.4698591735718, -41.96650450795342]}}, {"type": "Feature", "id": 2009, "properties": {"REGION": "LOS LAGOS", "COMUNA": "HUALAIHUÉ", "NOMBRE": "CHAG MAPU LAFKEN", "PUEBLO": "MAPUCHE"}, "geometry": {"type": "Point", "coordinates": [-72.4698591735718, -41.96650450795342]}}, {"type": "Feature", "id": 2010, "properties": {"REGION": "LOS LAGOS", "COMUNA": "HUALAIHUÉ", "NOMBRE": "ZOMO NEWEN", "PUEBLO": "MAPUCHE"}, "geometry": {"type": "Point", "coordinates": [-72.4698591735718, -41.96650450795342]}}, {"type": "Feature", "id": 2011, "properties": {"REGION": "LOS LAGOS", "COMUNA": "PALENA", "NOMBRE": "GUINONA DE PALENA", "PUEBLO": "MAPUCHE"}, "geometry": {"type": "Point", "coordinates": [-71.80428150407747, -43.6173922189608]}}, {"type": "Feature", "id": 2012, "properties": {"REGION": "AYSÉN DEL GENERAL CARLOS IBÁÑEZ DEL CAMPO", "COMUNA": "AYSÉN", "NOMBRE": "CHAYA MAPU", "PUEBLO": "MAPUCHE"}, "geometry": {"type": "Point", "coordinates": [-72.69766924406196, -45.40627324277408]}}, {"type": "Feature", "id": 2013, "properties": {"REGION": "AYSÉN DEL GENERAL CARLOS IBÁÑEZ DEL CAMPO", "COMUNA": "AYSÉN", "NOMBRE": "MARI MARI", "PUEBLO": "MAPUCHE"}, "geometry": {"type": "Point", "coordinates": [-72.68134584263495, -45.40653358286588]}}, {"type": "Feature", "id": 2014, "properties": {"REGION": "AYSÉN DEL GENERAL CARLOS IBÁÑEZ DEL CAMPO", "COMUNA": "AYSÉN", "NOMBRE": "TRAWULWUN", "PUEBLO": "MAPUCHE"}, "geometry": {"type": "Point", "coordinates": [-72.405039, -43.972683]}}, {"type": "Feature", "id": 2015, "properties": {"REGION": "AYSÉN DEL GENERAL CARLOS IBÁÑEZ DEL CAMPO", "COMUNA": "AYSÉN", "NOMBRE": "AYÜNTUM MAPU", "PUEBLO": "MAPUCHE"}, "geometry": {"type": "Point", "coordinates": [-72.688145, -45.416486]}}, {"type": "Feature", "id": 2016, "properties": {"REGION": "AYSÉN DEL GENERAL CARLOS IBÁÑEZ DEL CAMPO", "COMUNA": "AYSÉN", "NOMBRE": "WAPI", "PUEBLO": "MAPUCHE"}, "geometry": {"type": "Point", "coordinates": [-72.69710306206576, -45.4069010075638]}}, {"type": "Feature", "id": 2017, "properties": {"REGION": "AYSÉN DEL GENERAL CARLOS IBÁÑEZ DEL CAMPO", "COMUNA": "COYHAIQUE", "NOMBRE": "\"MARIMÁN\"", "PUEBLO": "MAPUCHE"}, "geometry": {"type": "Point", "coordinates": [-72.055987, -45.579309]}}, {"type": "Feature", "id": 2018, "properties": {"REGION": "AYSÉN DEL GENERAL CARLOS IBÁÑEZ DEL CAMPO", "COMUNA": "AYSÉN", "NOMBRE": "AUKINKO LEUFU", "PUEBLO": "MAPUCHE"}, "geometry": {"type": "Point", "coordinates": [-72.14640117126284, -45.17171646044041]}}, {"type": "Feature", "id": 2019, "properties": {"REGION": "AYSÉN DEL GENERAL CARLOS IBÁÑEZ DEL CAMPO", "COMUNA": "AYSÉN", "NOMBRE": "DE MUJERES DOMO KUYEN", "PUEBLO": "MAPUCHE"}, "geometry": {"type": "Point", "coordinates": [-72.69862960835694, -45.40637233346894]}}, {"type": "Feature", "id": 2020, "properties": {"REGION": "AYSÉN DEL GENERAL CARLOS IBÁÑEZ DEL CAMPO", "COMUNA": "AYSÉN", "NOMBRE": "LAFQUEN", "PUEBLO": "MAPUCHE"}, "geometry": {"type": "Point", "coordinates": [-72.68754267138956, -45.40843892271372]}}, {"type": "Feature", "id": 2021, "properties": {"REGION": "AYSÉN DEL GENERAL CARLOS IBÁÑEZ DEL CAMPO", "COMUNA": "AYSÉN", "NOMBRE": "MAWUN LAFQUEN", "PUEBLO": "MAPUCHE"}, "geometry": {"type": "Point", "coordinates": [-72.820923, -45.463498]}}, {"type": "Feature", "id": 2022, "properties": {"REGION": "AYSÉN DEL GENERAL CARLOS IBÁÑEZ DEL CAMPO", "COMUNA": "AYSÉN", "NOMBRE": "ELUNEY", "PUEBLO": "MAPUCHE"}, "geometry": {"type": "Point", "coordinates": [-72.69801208469056, -45.40735851896086]}}, {"type": "Feature", "id": 2023, "properties": {"REGION": "AYSÉN DEL GENERAL CARLOS IBÁÑEZ DEL CAMPO", "COMUNA": "AYSÉN", "NOMBRE": "KUME NEWEN", "PUEBLO": "MAPUCHE"}, "geometry": {"type": "Point", "coordinates": [-72.6984441469261, -45.40689040676745]}}, {"type": "Feature", "id": 2024, "properties": {"REGION": "AYSÉN DEL GENERAL CARLOS IBÁÑEZ DEL CAMPO", "COMUNA": "AYSÉN", "NOMBRE": "LICARAYEN", "PUEBLO": "MAPUCHE"}, "geometry": {"type": "Point", "coordinates": [-72.69753819045422, -45.40672674904206]}}, {"type": "Feature", "id": 2025, "properties": {"REGION": "AYSÉN DEL GENERAL CARLOS IBÁÑEZ DEL CAMPO", "COMUNA": "AYSÉN", "NOMBRE": "WILLI WAPI", "PUEBLO": "MAPUCHE"}, "geometry": {"type": "Point", "coordinates": [-72.6907614969237, -45.39035696901728]}}, {"type": "Feature", "id": 2026, "properties": {"REGION": "AYSÉN DEL GENERAL CARLOS IBÁÑEZ DEL CAMPO", "COMUNA": "AYSÉN", "NOMBRE": "ADMAPU AYSEN", "PUEBLO": "MAPUCHE"}, "geometry": {"type": "Point", "coordinates": [-72.69800929993895, -45.40662365235251]}}, {"type": "Feature", "id": 2027, "properties": {"REGION": "AYSÉN DEL GENERAL CARLOS IBÁÑEZ DEL CAMPO", "COMUNA": "AYSÉN", "NOMBRE": "MUJERES INDIGENAS DOMO KUYEN UNO", "PUEBLO": "MAPUCHE"}, "geometry": {"type": "Point", "coordinates": [-72.69752838346126, -45.4072627239446]}}, {"type": "Feature", "id": 2028, "properties": {"REGION": "AYSÉN DEL GENERAL CARLOS IBÁÑEZ DEL CAMPO", "COMUNA": "CISNES", "NOMBRE": "RAYEN LAFQUEN", "PUEBLO": "MAPUCHE"}, "geometry": {"type": "Point", "coordinates": [-72.68091866241076, -44.72810585434485]}}, {"type": "Feature", "id": 2029, "properties": {"REGION": "AYSÉN DEL GENERAL CARLOS IBÁÑEZ DEL CAMPO", "COMUNA": "CISNES", "NOMBRE": "GUAIGUENES", "PUEBLO": "MAPUCHE"}, "geometry": {"type": "Point", "coordinates": [-72.557512, -44.324955]}}, {"type": "Feature", "id": 2030, "properties": {"REGION": "AYSÉN DEL GENERAL CARLOS IBÁÑEZ DEL CAMPO", "COMUNA": "CISNES", "NOMBRE": "LAFQUENCHE", "PUEBLO": "MAPUCHE"}, "geometry": {"type": "Point", "coordinates": [-73.20199, -44.258584]}}, {"type": "Feature", "id": 2031, "properties": {"REGION": "AYSÉN DEL GENERAL CARLOS IBÁÑEZ DEL CAMPO", "COMUNA": "CISNES", "NOMBRE": "MILLARAI", "PUEBLO": "MAPUCHE"}, "geometry": {"type": "Point", "coordinates": [-72.952094, -43.777148]}}, {"type": "Feature", "id": 2032, "properties": {"REGION": "AYSÉN DEL GENERAL CARLOS IBÁÑEZ DEL CAMPO", "COMUNA": "CISNES", "NOMBRE": "MAPUCHE WILLICHE NEWEN ANTU", "PUEBLO": "MAPUCHE"}, "geometry": {"type": "Point", "coordinates": [-72.68177847362634, -44.72478887993543]}}, {"type": "Feature", "id": 2033, "properties": {"REGION": "AYSÉN DEL GENERAL CARLOS IBÁÑEZ DEL CAMPO", "COMUNA": "CISNES", "NOMBRE": "MUJERES LIDEREZAS INDIGENAS REGION DE AYSEN", "PUEBLO": "MAPUCHE"}, "geometry": {"type": "Point", "coordinates": [-72.68155542822973, -44.7275808923064]}}, {"type": "Feature", "id": 2034, "properties": {"REGION": "AYSÉN DEL GENERAL CARLOS IBÁÑEZ DEL CAMPO", "COMUNA": "CISNES", "NOMBRE": "ANTULAFKEN", "PUEBLO": "MAPUCHE"}, "geometry": {"type": "Point", "coordinates": [-72.681129, -44.726992]}}, {"type": "Feature", "id": 2035, "properties": {"REGION": "AYSÉN DEL GENERAL CARLOS IBÁÑEZ DEL CAMPO", "COMUNA": "GUAITECAS", "NOMBRE": "WILLI NEWEN", "PUEBLO": "MAPUCHE"}, "geometry": {"type": "Point", "coordinates": [-73.746575, -43.897622]}}, {"type": "Feature", "id": 2036, "properties": {"REGION": "AYSÉN DEL GENERAL CARLOS IBÁÑEZ DEL CAMPO", "COMUNA": "GUAITECAS", "NOMBRE": "KALFU-LAFQUEN", "PUEBLO": "MAPUCHE"}, "geometry": {"type": "Point", "coordinates": [-73.74738143865652, -43.89725274066443]}}, {"type": "Feature", "id": 2037, "properties": {"REGION": "AYSÉN DEL GENERAL CARLOS IBÁÑEZ DEL CAMPO", "COMUNA": "GUAITECAS", "NOMBRE": "FUTALAFQUEN", "PUEBLO": "MAPUCHE"}, "geometry": {"type": "Point", "coordinates": [-73.74640964150915, -43.89743239143024]}}, {"type": "Feature", "id": 2038, "properties": {"REGION": "AYSÉN DEL GENERAL CARLOS IBÁÑEZ DEL CAMPO", "COMUNA": "COCHRANE", "NOMBRE": "MANQUI", "PUEBLO": "MAPUCHE"}, "geometry": {"type": "Point", "coordinates": [-72.576016, -47.255539]}}, {"type": "Feature", "id": 2039, "properties": {"REGION": "AYSÉN DEL GENERAL CARLOS IBÁÑEZ DEL CAMPO", "COMUNA": "COCHRANE", "NOMBRE": "NEWENCHE", "PUEBLO": "MAPUCHE"}, "geometry": {"type": "Point", "coordinates": [-72.569922, -47.251674]}}, {"type": "Feature", "id": 2040, "properties": {"REGION": "AYSÉN DEL GENERAL CARLOS IBÁÑEZ DEL CAMPO", "COMUNA": "TORTEL", "NOMBRE": "MENCO", "PUEBLO": "MAPUCHE"}, "geometry": {"type": "Point", "coordinates": [-73.537465, -47.803677]}}, {"type": "Feature", "id": 2041, "properties": {"REGION": "AYSÉN DEL GENERAL CARLOS IBÁÑEZ DEL CAMPO", "COMUNA": "TORTEL", "NOMBRE": "TORTEL", "PUEBLO": "MAPUCHE"}, "geometry": {"type": "Point", "coordinates": [-73.537465, -47.803677]}}, {"type": "Feature", "id": 2042, "properties": {"REGION": "AYSÉN DEL GENERAL CARLOS IBÁÑEZ DEL CAMPO", "COMUNA": "COYHAIQUE", "NOMBRE": "RAKIDUANTUM", "PUEBLO": "MAPUCHE"}, "geometry": {"type": "Point", "coordinates": [-72.046677, -45.86430600000001]}}, {"type": "Feature", "id": 2043, "properties": {"REGION": "AYSÉN DEL GENERAL CARLOS IBÁÑEZ DEL CAMPO", "COMUNA": "COYHAIQUE", "NOMBRE": "ASOCIACION REGIONAL INDIGENA XI REGION", "PUEBLO": "MAPUCHE"}, "geometry": {"type": "Point", "coordinates": [-72.068821, -45.56651399999999]}}, {"type": "Feature", "id": 2044, "properties": {"REGION": "AYSÉN DEL GENERAL CARLOS IBÁÑEZ DEL CAMPO", "COMUNA": "COYHAIQUE", "NOMBRE": "HUILLICHE", "PUEBLO": "MAPUCHE"}, "geometry": {"type": "Point", "coordinates": [-72.05670617103996, -45.57905511914146]}}, {"type": "Feature", "id": 2045, "properties": {"REGION": "AYSÉN DEL GENERAL CARLOS IBÁÑEZ DEL CAMPO", "COMUNA": "COYHAIQUE", "NOMBRE": "ANTU KA PIRE MAPU MEW", "PUEBLO": "MAPUCHE"}, "geometry": {"type": "Point", "coordinates": [-72.06995329712674, -45.5671818224854]}}, {"type": "Feature", "id": 2046, "properties": {"REGION": "AYSÉN DEL GENERAL CARLOS IBÁÑEZ DEL CAMPO", "COMUNA": "COYHAIQUE", "NOMBRE": "WE FOLIL", "PUEBLO": "MAPUCHE"}, "geometry": {"type": "Point", "coordinates": [-72.06854694696618, -45.57509600016618]}}, {"type": "Feature", "id": 2047, "properties": {"REGION": "AYSÉN DEL GENERAL CARLOS IBÁÑEZ DEL CAMPO", "COMUNA": "COYHAIQUE", "NOMBRE": "MAPUCHE WILLICHE KUIFY KIMUN", "PUEBLO": "MAPUCHE"}, "geometry": {"type": "Point", "coordinates": [-71.718079, -45.268944]}}, {"type": "Feature", "id": 2048, "properties": {"REGION": "AYSÉN DEL GENERAL CARLOS IBÁÑEZ DEL CAMPO", "COMUNA": "COYHAIQUE", "NOMBRE": "PEUMAYEN", "PUEBLO": "MAPUCHE"}, "geometry": {"type": "Point", "coordinates": [-72.06995298592787, -45.56720984902073]}}, {"type": "Feature", "id": 2049, "properties": {"REGION": "AYSÉN DEL GENERAL CARLOS IBÁÑEZ DEL CAMPO", "COMUNA": "COYHAIQUE", "NOMBRE": "RUKA WENUY", "PUEBLO": "MAPUCHE"}, "geometry": {"type": "Point", "coordinates": [-72.06995298592787, -45.56720984902073]}}, {"type": "Feature", "id": 2050, "properties": {"REGION": "AYSÉN DEL GENERAL CARLOS IBÁÑEZ DEL CAMPO", "COMUNA": "COYHAIQUE", "NOMBRE": "SUYAI", "PUEBLO": "MAPUCHE"}, "geometry": {"type": "Point", "coordinates": [-72.06995298592787, -45.56720984902073]}}, {"type": "Feature", "id": 2051, "properties": {"REGION": "AYSÉN DEL GENERAL CARLOS IBÁÑEZ DEL CAMPO", "COMUNA": "COYHAIQUE", "NOMBRE": "NEHUEN ANKATU", "PUEBLO": "MAPUCHE"}, "geometry": {"type": "Point", "coordinates": [-72.06995298592787, -45.56720984902073]}}, {"type": "Feature", "id": 2052, "properties": {"REGION": "AYSÉN DEL GENERAL CARLOS IBÁÑEZ DEL CAMPO", "COMUNA": "COYHAIQUE", "NOMBRE": "HUINCULCHE", "PUEBLO": "MAPUCHE"}, "geometry": {"type": "Point", "coordinates": [-72.06995298592787, -45.56720984902073]}}, {"type": "Feature", "id": 2053, "properties": {"REGION": "AYSÉN DEL GENERAL CARLOS IBÁÑEZ DEL CAMPO", "COMUNA": "COYHAIQUE", "NOMBRE": "AYSEN HUILLICHE TA INCHIÑ", "PUEBLO": "MAPUCHE"}, "geometry": {"type": "Point", "coordinates": [-72.06995298592787, -45.56720984902073]}}, {"type": "Feature", "id": 2054, "properties": {"REGION": "AYSÉN DEL GENERAL CARLOS IBÁÑEZ DEL CAMPO", "COMUNA": "COYHAIQUE", "NOMBRE": "TAIÑ MAPU COYHAIKE", "PUEBLO": "MAPUCHE"}, "geometry": {"type": "Point", "coordinates": [-72.06995298592787, -45.56720984902073]}}, {"type": "Feature", "id": 2055, "properties": {"REGION": "AYSÉN DEL GENERAL CARLOS IBÁÑEZ DEL CAMPO", "COMUNA": "COYHAIQUE", "NOMBRE": "TEHUELCHE ULME WEICHAFE", "PUEBLO": "MAPUCHE"}, "geometry": {"type": "Point", "coordinates": [-72.06995298592787, -45.56720984902073]}}, {"type": "Feature", "id": 2056, "properties": {"REGION": "AYSÉN DEL GENERAL CARLOS IBÁÑEZ DEL CAMPO", "COMUNA": "COYHAIQUE", "NOMBRE": "MAPUCHE TEHUELCHE MILLA RUPU", "PUEBLO": "MAPUCHE"}, "geometry": {"type": "Point", "coordinates": [-72.06995298592787, -45.56720984902073]}}, {"type": "Feature", "id": 2057, "properties": {"REGION": "AYSÉN DEL GENERAL CARLOS IBÁÑEZ DEL CAMPO", "COMUNA": "COYHAIQUE", "NOMBRE": "PAIHUEN CAVI", "PUEBLO": "MAPUCHE"}, "geometry": {"type": "Point", "coordinates": [-72.06995298592787, -45.56720984902073]}}, {"type": "Feature", "id": 2058, "properties": {"REGION": "AYSÉN DEL GENERAL CARLOS IBÁÑEZ DEL CAMPO", "COMUNA": "COYHAIQUE", "NOMBRE": "FUTA MAHUIDA", "PUEBLO": "MAPUCHE"}, "geometry": {"type": "Point", "coordinates": [-72.06304385714355, -45.5827984075918]}}, {"type": "Feature", "id": 2059, "properties": {"REGION": "AYSÉN DEL GENERAL CARLOS IBÁÑEZ DEL CAMPO", "COMUNA": "COYHAIQUE", "NOMBRE": "AGRUPACION TEHUELCHE", "PUEBLO": "MAPUCHE"}, "geometry": {"type": "Point", "coordinates": [-72.03627007427443, -45.58698855316013]}}, {"type": "Feature", "id": 2060, "properties": {"REGION": "AYSÉN DEL GENERAL CARLOS IBÁÑEZ DEL CAMPO", "COMUNA": "COYHAIQUE", "NOMBRE": "PUWECHEKECHE", "PUEBLO": "MAPUCHE"}, "geometry": {"type": "Point", "coordinates": [-72.06570202774653, -45.58057008211898]}}, {"type": "Feature", "id": 2061, "properties": {"REGION": "AYSÉN DEL GENERAL CARLOS IBÁÑEZ DEL CAMPO", "COMUNA": "COYHAIQUE", "NOMBRE": "PEWÜ RAYEN", "PUEBLO": "MAPUCHE"}, "geometry": {"type": "Point", "coordinates": [-71.994551, -45.37209500000001]}}, {"type": "Feature", "id": 2062, "properties": {"REGION": "AYSÉN DEL GENERAL CARLOS IBÁÑEZ DEL CAMPO", "COMUNA": "COYHAIQUE", "NOMBRE": "PANGUI MAPU", "PUEBLO": "MAPUCHE"}, "geometry": {"type": "Point", "coordinates": [-72.06995068053187, -45.56720745758864]}}, {"type": "Feature", "id": 2063, "properties": {"REGION": "AYSÉN DEL GENERAL CARLOS IBÁÑEZ DEL CAMPO", "COMUNA": "COYHAIQUE", "NOMBRE": "MAWÚN KURRUF", "PUEBLO": "MAPUCHE"}, "geometry": {"type": "Point", "coordinates": [-72.079808, -45.713298]}}, {"type": "Feature", "id": 2064, "properties": {"REGION": "AYSÉN DEL GENERAL CARLOS IBÁÑEZ DEL CAMPO", "COMUNA": "LAGO VERDE", "NOMBRE": "NEWENTUAIÑ", "PUEBLO": "MAPUCHE"}, "geometry": {"type": "Point", "coordinates": [-71.849296, -44.240209]}}, {"type": "Feature", "id": 2065, "properties": {"REGION": "AYSÉN DEL GENERAL CARLOS IBÁÑEZ DEL CAMPO", "COMUNA": "CHILE CHICO", "NOMBRE": "ANTU ÑI FOTUM", "PUEBLO": "MAPUCHE"}, "geometry": {"type": "Point", "coordinates": [-71.726328, -46.539413]}}, {"type": "Feature", "id": 2066, "properties": {"REGION": "AYSÉN DEL GENERAL CARLOS IBÁÑEZ DEL CAMPO", "COMUNA": "RÍO IBÁÑEZ", "NOMBRE": "WAIWEN MAPU", "PUEBLO": "MAPUCHE"}, "geometry": {"type": "Point", "coordinates": [-71.94364078285076, -46.29225361214163]}}, {"type": "Feature", "id": 2067, "properties": {"REGION": "AYSÉN DEL GENERAL CARLOS IBÁÑEZ DEL CAMPO", "COMUNA": "RÍO IBÁÑEZ", "NOMBRE": "NEWEN MAPU DE VILLA CERRO CASTILLO", "PUEBLO": "MAPUCHE"}, "geometry": {"type": "Point", "coordinates": [-72.154362, -46.12261299999999]}}, {"type": "Feature", "id": 2068, "properties": {"REGION": "AYSÉN DEL GENERAL CARLOS IBÁÑEZ DEL CAMPO", "COMUNA": "RÍO IBÁÑEZ", "NOMBRE": "KURUFTUKU MAPU", "PUEBLO": "MAPUCHE"}, "geometry": {"type": "Point", "coordinates": [-71.93776806655498, -46.29250063387117]}}, {"type": "Feature", "id": 2069, "properties": {"REGION": "MAGALLANES Y DE LA ANTÁRTICA CHILENA", "COMUNA": "CABO DE HORNOS (EX - NAVARINO)", "NOMBRE": "ASOCIACIÓN INDÍGENA MAPUCHE HUILLICHE DE PUERTO WILLIAMS", "PUEBLO": "MAPUCHE"}, "geometry": {"type": "Point", "coordinates": [-67.60265292209338, -54.93487231533769]}}, {"type": "Feature", "id": 2070, "properties": {"REGION": "MAGALLANES Y DE LA ANTÁRTICA CHILENA", "COMUNA": "PUNTA ARENAS", "NOMBRE": "ASOCIACIÓN INDÍGENA MAPUCHE HUILLICHE RAÑINTULEUFU", "PUEBLO": "MAPUCHE"}, "geometry": {"type": "Point", "coordinates": [-70.93979343117915, -53.16875158573346]}}, {"type": "Feature", "id": 2071, "properties": {"REGION": "MAGALLANES Y DE LA ANTÁRTICA CHILENA", "COMUNA": "PUNTA ARENAS", "NOMBRE": "ASOCIACIÓN INDÍGENA MAPUCHE HUILLICHE DE TRABAJADORES INDEPENDIENTES HUILLI RELMU", "PUEBLO": "MAPUCHE"}, "geometry": {"type": "Point", "coordinates": [-70.93957032470365, -53.17029011035858]}}, {"type": "Feature", "id": 2072, "properties": {"REGION": "MAGALLANES Y DE LA ANTÁRTICA CHILENA", "COMUNA": "PUNTA ARENAS", "NOMBRE": "ASOCIACIÓN INDÍGENA MAPUCHE HUILLICHE PUKEM", "PUEBLO": "MAPUCHE"}, "geometry": {"type": "Point", "coordinates": [-70.91983528890735, -53.12856606517389]}}, {"type": "Feature", "id": 2073, "properties": {"REGION": "MAGALLANES Y DE LA ANTÁRTICA CHILENA", "COMUNA": "PUNTA ARENAS", "NOMBRE": "ASOCIACIÓN INDÍGENA ARTESANOS DEL PUEBLO KAWASHKAR", "PUEBLO": "KAWASHKAR"}, "geometry": {"type": "Point", "coordinates": [-70.90898404268472, -53.1466940523075]}}, {"type": "Feature", "id": 2074, "properties": {"REGION": "MAGALLANES Y DE LA ANTÁRTICA CHILENA", "COMUNA": "PUNTA ARENAS", "NOMBRE": "ASOCIACIÓN INDÍGENA MAPUCHE HUILLICHE PEWU ANTU", "PUEBLO": "MAPUCHE"}, "geometry": {"type": "Point", "coordinates": [-70.91207916639209, -53.13921255954902]}}, {"type": "Feature", "id": 2075, "properties": {"REGION": "MAGALLANES Y DE LA ANTÁRTICA CHILENA", "COMUNA": "PUNTA ARENAS", "NOMBRE": "ASOCIACIÓN INDÍGENA FUTA COYAN DE PUNTA ARENAS", "PUEBLO": "MAPUCHE"}, "geometry": {"type": "Point", "coordinates": [-70.9392339878617, -53.15976295296424]}}, {"type": "Feature", "id": 2076, "properties": {"REGION": "MAGALLANES Y DE LA ANTÁRTICA CHILENA", "COMUNA": "PUNTA ARENAS", "NOMBRE": "ASOCIACIÓN INDÍGENA DE PRODUCTORES AGRÍCOLAS \"WAYWEN\" DE PUNTA ARENAS", "PUEBLO": "MAPUCHE"}, "geometry": {"type": "Point", "coordinates": [-70.89024809636504, -53.15864880342561]}}, {"type": "Feature", "id": 2077, "properties": {"REGION": "MAGALLANES Y DE LA ANTÁRTICA CHILENA", "COMUNA": "PUNTA ARENAS", "NOMBRE": "ASOCIACION INDÍGENA URBANA ÑUKE RUKA", "PUEBLO": "MAPUCHE"}, "geometry": {"type": "Point", "coordinates": [-70.94296926001972, -53.16101434172391]}}, {"type": "Feature", "id": 2078, "properties": {"REGION": "MAGALLANES Y DE LA ANTÁRTICA CHILENA", "COMUNA": "PUNTA ARENAS", "NOMBRE": "ASOCIACION INDIGENA REUQUEN WILLI LAFKEN DE PUNTA ARENAS", "PUEBLO": "MAPUCHE"}, "geometry": {"type": "Point", "coordinates": [-70.94713447866361, -53.16105514110448]}}, {"type": "Feature", "id": 2079, "properties": {"REGION": "MAGALLANES Y DE LA ANTÁRTICA CHILENA", "COMUNA": "PUNTA ARENAS", "NOMBRE": "ASOCIACION INDÍGENA KETRAWE MAPU", "PUEBLO": "MAPUCHE"}, "geometry": {"type": "Point", "coordinates": [-70.93132897131736, -53.17272915325176]}}, {"type": "Feature", "id": 2080, "properties": {"REGION": "MAGALLANES Y DE LA ANTÁRTICA CHILENA", "COMUNA": "PUNTA ARENAS", "NOMBRE": "ASOCIACIÓN INDÍGENA \"WECHE PEPIUKELEN\"", "PUEBLO": "MAPUCHE"}, "geometry": {"type": "Point", "coordinates": [-70.9272769632474, -53.16555855670444]}}, {"type": "Feature", "id": 2081, "properties": {"REGION": "MAGALLANES Y DE LA ANTÁRTICA CHILENA", "COMUNA": "PUNTA ARENAS", "NOMBRE": "ASOCIACIÓN INDÍGENA AUCAPAN", "PUEBLO": "MAPUCHE"}, "geometry": {"type": "Point", "coordinates": [-70.89955712347475, -53.14242514285205]}}, {"type": "Feature", "id": 2082, "properties": {"REGION": "MAGALLANES Y DE LA ANTÁRTICA CHILENA", "COMUNA": "PUNTA ARENAS", "NOMBRE": "ASOCIACION INDIGENA MOCHULLA FOLIL", "PUEBLO": "MAPUCHE"}, "geometry": {"type": "Point", "coordinates": [-70.9156442775101, -53.14949200982408]}}, {"type": "Feature", "id": 2083, "properties": {"REGION": "MAGALLANES Y DE LA ANTÁRTICA CHILENA", "COMUNA": "PUNTA ARENAS", "NOMBRE": "ASOCIACIÓN INDÍGENA KÜME KÜRRÜF", "PUEBLO": "MAPUCHE"}, "geometry": {"type": "Point", "coordinates": [-70.94529815126212, -53.1809028118634]}}, {"type": "Feature", "id": 2084, "properties": {"REGION": "MAGALLANES Y DE LA ANTÁRTICA CHILENA", "COMUNA": "PUNTA ARENAS", "NOMBRE": "WILLI MAPU", "PUEBLO": "MAPUCHE"}, "geometry": {"type": "Point", "coordinates": [-70.94890933088148, -53.18810647211544]}}, {"type": "Feature", "id": 2085, "properties": {"REGION": "MAGALLANES Y DE LA ANTÁRTICA CHILENA", "COMUNA": "PUNTA ARENAS", "NOMBRE": "ASOCIACION INDIGENA HUILLICHE \"ELLCUIN CHILHUE YE\"", "PUEBLO": "MAPUCHE"}, "geometry": {"type": "Point", "coordinates": [-70.91880555106465, -53.1315283651304]}}, {"type": "Feature", "id": 2086, "properties": {"REGION": "MAGALLANES Y DE LA ANTÁRTICA CHILENA", "COMUNA": "PUNTA ARENAS", "NOMBRE": "ASOCIACIÓN INDÍGENA INTERCULTURAL MAPUCHES KAWESQAR YAGAN ALOWIKCES", "PUEBLO": "MULTICULTURAL"}, "geometry": {"type": "Point", "coordinates": [-70.9188218842575, -53.13474029443895]}}, {"type": "Feature", "id": 2087, "properties": {"REGION": "MAGALLANES Y DE LA ANTÁRTICA CHILENA", "COMUNA": "PORVENIR", "NOMBRE": "ASOCIACIÓN INDÍGENA URBANA JOWSKEN", "PUEBLO": "MAPUCHE"}, "geometry": {"type": "Point", "coordinates": [-70.37721165050401, -53.29567115513888]}}, {"type": "Feature", "id": 2088, "properties": {"REGION": "MAGALLANES Y DE LA ANTÁRTICA CHILENA", "COMUNA": "NATALES", "NOMBRE": "ASOCIACIÓN INDÍGENA MAPUCHE HUILLICHE NATALES SHAKIN AYILÉN", "PUEBLO": "MAPUCHE"}, "geometry": {"type": "Point", "coordinates": [-72.50532536528397, -51.73216011374858]}}, {"type": "Feature", "id": 2089, "properties": {"REGION": "MAGALLANES Y DE LA ANTÁRTICA CHILENA", "COMUNA": "NATALES", "NOMBRE": "ASOCIACIÓN INDÍGENA MAPUCHE HUILLICHE LAFKEN MAWIDA", "PUEBLO": "MAPUCHE"}, "geometry": {"type": "Point", "coordinates": [-74.414024, -49.126278]}}, {"type": "Feature", "id": 2090, "properties": {"REGION": "MAGALLANES Y DE LA ANTÁRTICA CHILENA", "COMUNA": "NATALES", "NOMBRE": "ASOCIACIÓN INDÍGENA MAPUCHE HUILLICHE MAWIDA CHE DE VILLA DOROTEA", "PUEBLO": "MAPUCHE"}, "geometry": {"type": "Point", "coordinates": [-72.33299957071968, -51.60795192893114]}}, {"type": "Feature", "id": 2091, "properties": {"REGION": "MAGALLANES Y DE LA ANTÁRTICA CHILENA", "COMUNA": "NATALES", "NOMBRE": "ASOCIACIÓN INDÍGENA MAPUCHE HUILLICHE WILLI ANTU DE PUERTO NATALES", "PUEBLO": "MAPUCHE"}, "geometry": {"type": "Point", "coordinates": [-72.4821695056317, -51.73513337820455]}}, {"type": "Feature", "id": 2092, "properties": {"REGION": "MAGALLANES Y DE LA ANTÁRTICA CHILENA", "COMUNA": "NATALES", "NOMBRE": "ASOCIACIÓN INDÍGENA DE HUERTEROS FOYECO", "PUEBLO": "MAPUCHE"}, "geometry": {"type": "Point", "coordinates": [-72.50947282237725, -51.6904169068572]}}, {"type": "Feature", "id": 2093, "properties": {"REGION": "MAGALLANES Y DE LA ANTÁRTICA CHILENA", "COMUNA": "NATALES", "NOMBRE": "ASOCIACIÓN INDÍGENA ETNIAS UNIDAS", "PUEBLO": "MAPUCHE"}, "geometry": {"type": "Point", "coordinates": [-72.48360892809534, -51.73550131275694]}}, {"type": "Feature", "id": 2094, "properties": {"REGION": "MAGALLANES Y DE LA ANTÁRTICA CHILENA", "COMUNA": "NATALES", "NOMBRE": "ASOCIACION INDIGENA NEWEN LAFKEN", "PUEBLO": "MAPUCHE"}, "geometry": {"type": "Point", "coordinates": [-72.47109648862903, -51.69789307334882]}}, {"type": "Feature", "id": 2095, "properties": {"REGION": "MAGALLANES Y DE LA ANTÁRTICA CHILENA", "COMUNA": "NATALES", "NOMBRE": "ASOCIACION INDIGENA INTERCULTURAL PAYANDI MARA", "PUEBLO": "MAPUCHE"}, "geometry": {"type": "Point", "coordinates": [-72.47628851540847, -51.73446144883695]}}, {"type": "Feature", "id": 2096, "properties": {"REGION": "MAGALLANES Y DE LA ANTÁRTICA CHILENA", "COMUNA": "NATALES", "NOMBRE": "KURRAMIL", "PUEBLO": "MAPUCHE"}, "geometry": {"type": "Point", "coordinates": [-72.49089637100009, -51.73485658102459]}}, {"type": "Feature", "id": 2097, "properties": {"REGION": "TARAPACÁ", "COMUNA": "POZO ALMONTE", "NOMBRE": "ASOCIACION INDIGENA AYMARA FLOR DEL DESIERTO", "PUEBLO": "AYMARA"}, "geometry": {"type": "Point", "coordinates": [-69.77410152136198, -20.281555289638916]}}, {"type": "Feature", "id": 2098, "properties": {"REGION": "TARAPACÁ", "COMUNA": "POZO ALMONTE", "NOMBRE": "ASOCIACION INDIGENA AYMARA SAN JOSE", "PUEBLO": "AYMARA"}, "geometry": {"type": "Point", "coordinates": [-69.68350486258298, -20.33718663033822]}}, {"type": "Feature", "id": 2099, "properties": {"REGION": "TARAPACÁ", "COMUNA": "POZO ALMONTE", "NOMBRE": "ASOCIACION INDIGENA AYMARA DE LA SOCIEDAD EL PROGRESO", "PUEBLO": "AYMARA"}, "geometry": {"type": "Point", "coordinates": [-69.21731593193321, -20.072491142514945]}}, {"type": "Feature", "id": 2100, "properties": {"REGION": "TARAPACÁ", "COMUNA": "POZO ALMONTE", "NOMBRE": "ASOCIACION INDIGENA AYMARA AYLLU MACE", "PUEBLO": "AYMARA"}, "geometry": {"type": "Point", "coordinates": [-69.78471930378484, -20.258259026371615]}}, {"type": "Feature", "id": 2101, "properties": {"REGION": "TARAPACÁ", "COMUNA": "POZO ALMONTE", "NOMBRE": "ASOCIACION INDIGENA AYMARA PAMPA YAPU", "PUEBLO": "AYMARA"}, "geometry": {"type": "Point", "coordinates": [-69.78559496068465, -20.268637203140365]}}, {"type": "Feature", "id": 2102, "properties": {"REGION": "TARAPACÁ", "COMUNA": "POZO ALMONTE", "NOMBRE": "ASOCIACION INDIGENA AYMARA KESPI-KALA MAMIÑA", "PUEBLO": "AYMARA"}, "geometry": {"type": "Point", "coordinates": [-69.21731593193321, -20.072491142514945]}}, {"type": "Feature", "id": 2103, "properties": {"REGION": "TARAPACÁ", "COMUNA": "POZO ALMONTE", "NOMBRE": "ASOCIACION INDIGENA  PACHAMAMA", "PUEBLO": "AYMARA"}, "geometry": {"type": "Point", "coordinates": [-69.78566393023992, -20.259510768530586]}}, {"type": "Feature", "id": 2104, "properties": {"REGION": "TARAPACÁ", "COMUNA": "POZO ALMONTE", "NOMBRE": "ASOCIACION INDIGENA AYMARA SANTO TOMAS", "PUEBLO": "AYMARA"}, "geometry": {"type": "Point", "coordinates": [-69.78613422473957, -20.25973455470787]}}, {"type": "Feature", "id": 2105, "properties": {"REGION": "TARAPACÁ", "COMUNA": "POZO ALMONTE", "NOMBRE": "ASOCIACION INDIGENA AYMARA PAMPA VERDE", "PUEBLO": "AYMARA"}, "geometry": {"type": "Point", "coordinates": [-69.77475072011786, -20.275371952030397]}}, {"type": "Feature", "id": 2106, "properties": {"REGION": "TARAPACÁ", "COMUNA": "POZO ALMONTE", "NOMBRE": "ASOCIACION INDIGENA DE ARTESANOS, PEQUEÑOS INDUSTRIALES, AGRICULTORES Y COMPLEMENTARIOS", "PUEBLO": "AYMARA"}, "geometry": {"type": "Point", "coordinates": [-69.78613422473957, -20.25973455470787]}}, {"type": "Feature", "id": 2107, "properties": {"REGION": "TARAPACÁ", "COMUNA": "POZO ALMONTE", "NOMBRE": "ASOCIACION INDIGENA AYMARA TALLER KUMIRE", "PUEBLO": "AYMARA"}, "geometry": {"type": "Point", "coordinates": [-69.78641605990832, -20.26816366103779]}}, {"type": "Feature", "id": 2108, "properties": {"REGION": "TARAPACÁ", "COMUNA": "POZO ALMONTE", "NOMBRE": "ASOCIACION INDIGENAS MULTI ETNICAS TIERRA DE JEHOVA", "PUEBLO": "MULTICULTURAL"}, "geometry": {"type": "Point", "coordinates": [-69.57066618074202, -20.630849979835876]}}, {"type": "Feature", "id": 2109, "properties": {"REGION": "TARAPACÁ", "COMUNA": "POZO ALMONTE", "NOMBRE": "ASOCIACION INDIGENA AYMARA JUVENTUD DEL DESIERTO", "PUEBLO": "AYMARA"}, "geometry": {"type": "Point", "coordinates": [-69.56627726563812, -20.622379894675746]}}, {"type": "Feature", "id": 2110, "properties": {"REGION": "TARAPACÁ", "COMUNA": "POZO ALMONTE", "NOMBRE": "ASOCIACION INDIGENA AYMARA SANTA ROSA DE VILLABLANCA", "PUEBLO": "AYMARA"}, "geometry": {"type": "Point", "coordinates": [-69.78613422473957, -20.25973455470787]}}, {"type": "Feature", "id": 2111, "properties": {"REGION": "TARAPACÁ", "COMUNA": "POZO ALMONTE", "NOMBRE": "ASOCIACION INDIGENA SANTA CRUZ DE PINTADOS", "PUEBLO": "AYMARA"}, "geometry": {"type": "Point", "coordinates": [-69.56333833494611, -20.63486781564689]}}, {"type": "Feature", "id": 2112, "properties": {"REGION": "TARAPACÁ", "COMUNA": "POZO ALMONTE", "NOMBRE": "ASOCIACION INDIGENA AYMARA MIGRANTES HIJAS DE ISLUGA", "PUEBLO": "AYMARA"}, "geometry": {"type": "Point", "coordinates": [-69.77803304273088, -20.255722660092598]}}, {"type": "Feature", "id": 2113, "properties": {"REGION": "TARAPACÁ", "COMUNA": "POZO ALMONTE", "NOMBRE": "ASOCIACION INDIGENA AYMARA MACAYA", "PUEBLO": "AYMARA"}, "geometry": {"type": "Point", "coordinates": [-69.18185674225796, -20.134341184656826]}}, {"type": "Feature", "id": 2114, "properties": {"REGION": "TARAPACÁ", "COMUNA": "POZO ALMONTE", "NOMBRE": "ASOCIACION INDIGENA  MACHAJ HORAGE", "PUEBLO": "AYMARA"}, "geometry": {"type": "Point", "coordinates": [-69.78399172771476, -20.258280352734793]}}, {"type": "Feature", "id": 2115, "properties": {"REGION": "TARAPACÁ", "COMUNA": "POZO ALMONTE", "NOMBRE": "ASOCIACION INDIGENA AYMARA LOS ANDES", "PUEBLO": "AYMARA"}, "geometry": {"type": "Point", "coordinates": [-69.72818325998405, -20.316377470549188]}}, {"type": "Feature", "id": 2116, "properties": {"REGION": "TARAPACÁ", "COMUNA": "POZO ALMONTE", "NOMBRE": "ASOCIACION INDIGENA AYMARA DE PEQUEÑOS PARCELEROS Y ARTESANOS \"CASTILLUMA\" DE POZO ALMONTE", "PUEBLO": "AYMARA"}, "geometry": {"type": "Point", "coordinates": [-69.78613422473957, -20.25973455470787]}}, {"type": "Feature", "id": 2117, "properties": {"REGION": "TARAPACÁ", "COMUNA": "POZO ALMONTE", "NOMBRE": "ASOCIACION INDIGENA AYMARA ARTESANOS FLOR DEL TAMARUGAL", "PUEBLO": "AYMARA"}, "geometry": {"type": "Point", "coordinates": [-69.78613422473957, -20.25973455470787]}}, {"type": "Feature", "id": 2118, "properties": {"REGION": "TARAPACÁ", "COMUNA": "POZO ALMONTE", "NOMBRE": "ASOCIACION INDIGENA MULTIETNICA INTI-PAKJCE", "PUEBLO": "AYMARA"}, "geometry": {"type": "Point", "coordinates": [-69.6534034482464, -20.355030163744043]}}, {"type": "Feature", "id": 2119, "properties": {"REGION": "TARAPACÁ", "COMUNA": "POZO ALMONTE", "NOMBRE": "ASOCIACION INDIGENA LOS VERDES DE MAMIÑA", "PUEBLO": "MULTICULTURAL"}, "geometry": {"type": "Point", "coordinates": [-69.21731593193321, -20.072491142514945]}}, {"type": "Feature", "id": 2120, "properties": {"REGION": "TARAPACÁ", "COMUNA": "POZO ALMONTE", "NOMBRE": "ASOCIACION INDIGENA AYMARA SANTA LUCIA DE PARCA", "PUEBLO": "AYMARA"}, "geometry": {"type": "Point", "coordinates": [-69.20380999477507, -20.01207044876089]}}, {"type": "Feature", "id": 2121, "properties": {"REGION": "TARAPACÁ", "COMUNA": "POZO ALMONTE", "NOMBRE": "ASOCIACION INDIGENA AYMARA MACHAJA MARKA", "PUEBLO": "AYMARA"}, "geometry": {"type": "Point", "coordinates": [-69.78334542372163, -20.26877377290801]}}, {"type": "Feature", "id": 2122, "properties": {"REGION": "TARAPACÁ", "COMUNA": "POZO ALMONTE", "NOMBRE": "ASOCIACION INDIGENA AYMARA UNION FAMILIAR", "PUEBLO": "AYMARA"}, "geometry": {"type": "Point", "coordinates": [-69.78462105266344, -20.25394940018659]}}, {"type": "Feature", "id": 2123, "properties": {"REGION": "TARAPACÁ", "COMUNA": "POZO ALMONTE", "NOMBRE": "ASOCIACION INDIGENA AYMARA KUSA SABUTA", "PUEBLO": "AYMARA"}, "geometry": {"type": "Point", "coordinates": [-69.788465399065, -20.2511401031676]}}, {"type": "Feature", "id": 2124, "properties": {"REGION": "TARAPACÁ", "COMUNA": "POZO ALMONTE", "NOMBRE": "ASOCIACION INDIGENA  AYMARA MARKA - PAHATA", "PUEBLO": "AYMARA"}, "geometry": {"type": "Point", "coordinates": [-69.78613422473957, -20.25973455470787]}}, {"type": "Feature", "id": 2125, "properties": {"REGION": "TARAPACÁ", "COMUNA": "POZO ALMONTE", "NOMBRE": "ASOCIACION INDIGENA  AYMARA SOL NACIENTE", "PUEBLO": "AYMARA"}, "geometry": {"type": "Point", "coordinates": [-69.77826215343416, -20.255586106557438]}}, {"type": "Feature", "id": 2126, "properties": {"REGION": "TARAPACÁ", "COMUNA": "POZO ALMONTE", "NOMBRE": "ASOCIACION INDIGENA  AYMARA SUMA JILATANAKAS", "PUEBLO": "AYMARA"}, "geometry": {"type": "Point", "coordinates": [-69.65627382143681, -20.335953691686125]}}, {"type": "Feature", "id": 2127, "properties": {"REGION": "TARAPACÁ", "COMUNA": "POZO ALMONTE", "NOMBRE": "ASOCIACION INDIGENA AYMARA APO", "PUEBLO": "AYMARA"}, "geometry": {"type": "Point", "coordinates": [-69.78522057631814, -20.257027916773556]}}, {"type": "Feature", "id": 2128, "properties": {"REGION": "TARAPACÁ", "COMUNA": "POZO ALMONTE", "NOMBRE": "ASOCIACION INDIGENA  BETSABETH  HERRERA", "PUEBLO": "MULTICULTURAL"}, "geometry": {"type": "Point", "coordinates": [-69.7836082991867, -20.256285159844886]}}, {"type": "Feature", "id": 2129, "properties": {"REGION": "TARAPACÁ", "COMUNA": "POZO ALMONTE", "NOMBRE": "ASOCIACION INDIGENA HIJOS DE MACAYA", "PUEBLO": "MULTICULTURAL"}, "geometry": {"type": "Point", "coordinates": [-69.18185674225796, -20.134341184656826]}}, {"type": "Feature", "id": 2130, "properties": {"REGION": "TARAPACÁ", "COMUNA": "POZO ALMONTE", "NOMBRE": "ASOCIACION INDIGENA SATHIRI MARKA", "PUEBLO": "AYMARA"}, "geometry": {"type": "Point", "coordinates": [-69.78458671272647, -20.258548764551286]}}, {"type": "Feature", "id": 2131, "properties": {"REGION": "TARAPACÁ", "COMUNA": "POZO ALMONTE", "NOMBRE": "ASOCIACION INDIGENA  AYMARA JALLALLA", "PUEBLO": "AYMARA"}, "geometry": {"type": "Point", "coordinates": [-69.78613422473957, -20.25973455470787]}}, {"type": "Feature", "id": 2132, "properties": {"REGION": "TARAPACÁ", "COMUNA": "POZO ALMONTE", "NOMBRE": "AGROPECUARIA, AYMARA  Y QUECHUA  TERMAS  DE MAMIÑA", "PUEBLO": "MULTICULTURAL"}, "geometry": {"type": "Point", "coordinates": [-69.21731593193321, -20.072491142514945]}}, {"type": "Feature", "id": 2133, "properties": {"REGION": "TARAPACÁ", "COMUNA": "POZO ALMONTE", "NOMBRE": "ASOCIACION INDIGENA AGRICOLA SAN ISIDRO DE QUIPISCA", "PUEBLO": "MULTICULTURAL"}, "geometry": {"type": "Point", "coordinates": [-69.34661552582422, -20.06090785393955]}}, {"type": "Feature", "id": 2134, "properties": {"REGION": "TARAPACÁ", "COMUNA": "POZO ALMONTE", "NOMBRE": "ASOCIACION  INDIGENA  MAPUCHE  NEWEN TW LE A HYIÑ PW PEÑI", "PUEBLO": "MAPUCHE"}, "geometry": {"type": "Point", "coordinates": [-69.78613422473957, -20.25973455470787]}}, {"type": "Feature", "id": 2135, "properties": {"REGION": "TARAPACÁ", "COMUNA": "POZO ALMONTE", "NOMBRE": "ASOCIACION INDIGENA AYMARA TAGJ PACHA ARUSTAÑANI", "PUEBLO": "AYMARA"}, "geometry": {"type": "Point", "coordinates": [-69.77541510605755, -20.25876124642833]}}, {"type": "Feature", "id": 2136, "properties": {"REGION": "TARAPACÁ", "COMUNA": "POZO ALMONTE", "NOMBRE": "AYMARA  KULLALLA SABURY", "PUEBLO": "AYMARA"}, "geometry": {"type": "Point", "coordinates": [-69.78720803592772, -20.252419795952534]}}, {"type": "Feature", "id": 2137, "properties": {"REGION": "TARAPACÁ", "COMUNA": "POZO ALMONTE", "NOMBRE": "ASOCIACION INDIGENA QUECHUA  CENTRO CULTURAL  NIÑA DE MIS OJOS - MAMIÑA", "PUEBLO": "QUECHUA"}, "geometry": {"type": "Point", "coordinates": [-69.21731593193321, -20.072491142514945]}}, {"type": "Feature", "id": 2138, "properties": {"REGION": "TARAPACÁ", "COMUNA": "POZO ALMONTE", "NOMBRE": "ASOCIACION  INDIGENA  AYMARA NAYRA INTI", "PUEBLO": "AYMARA"}, "geometry": {"type": "Point", "coordinates": [-69.77828436427988, -20.25620044157544]}}, {"type": "Feature", "id": 2139, "properties": {"REGION": "TARAPACÁ", "COMUNA": "POZO ALMONTE", "NOMBRE": "ASOCIACION INDIGENA ARTESANAS DE LA PAMPA SALITRERA", "PUEBLO": "AYMARA"}, "geometry": {"type": "Point", "coordinates": [-69.78355884692964, -20.24069864828313]}}, {"type": "Feature", "id": 2140, "properties": {"REGION": "TARAPACÁ", "COMUNA": "POZO ALMONTE", "NOMBRE": "ASOCIACION INDIGENA CUENCA DE QUIPISCA", "PUEBLO": "AYMARA"}, "geometry": {"type": "Point", "coordinates": [-69.35350974254844, -20.060496595332992]}}, {"type": "Feature", "id": 2141, "properties": {"REGION": "TARAPACÁ", "COMUNA": "POZO ALMONTE", "NOMBRE": "CULTURAL, RESCATE, PROMOCION Y DESARROLLO DEL ARTE TEXTIL AYMARA", "PUEBLO": "AYMARA"}, "geometry": {"type": "Point", "coordinates": [-69.7854956310385, -20.25460509673394]}}, {"type": "Feature", "id": 2142, "properties": {"REGION": "TARAPACÁ", "COMUNA": "POZO ALMONTE", "NOMBRE": "ASOCACION INDIGENA QUECHUA  MAMIÑA UNIDA", "PUEBLO": "QUECHUA"}, "geometry": {"type": "Point", "coordinates": [-69.21731593193321, -20.072491142514945]}}, {"type": "Feature", "id": 2143, "properties": {"REGION": "TARAPACÁ", "COMUNA": "POZO ALMONTE", "NOMBRE": "ASOCIACION INDIGENA NEWEN MARKA", "PUEBLO": "AYMARA"}, "geometry": {"type": "Point", "coordinates": [-69.78556092439743, -20.254261444699345]}}, {"type": "Feature", "id": 2144, "properties": {"REGION": "TARAPACÁ", "COMUNA": "POZO ALMONTE", "NOMBRE": "KHANTATI SUMA ALJIRINAJE PEQUEÑOS COMERCIANTES", "PUEBLO": "AYMARA"}, "geometry": {"type": "Point", "coordinates": [-69.78526866369849, -20.2551663314671]}}, {"type": "Feature", "id": 2145, "properties": {"REGION": "TARAPACÁ", "COMUNA": "POZO ALMONTE", "NOMBRE": "ASOCIACION INDIGENA MULTIETNICA VILLA LA PAMPA", "PUEBLO": "MULTICULTURAL"}, "geometry": {"type": "Point", "coordinates": [-69.77514600991141, -20.260488272128757]}}, {"type": "Feature", "id": 2146, "properties": {"REGION": "TARAPACÁ", "COMUNA": "POZO ALMONTE", "NOMBRE": "ASOCIACION INDIGENA WISHIS DIAGUITAS", "PUEBLO": "DIAGUITA"}, "geometry": {"type": "Point", "coordinates": [-69.78723727614053, -20.258220631608786]}}, {"type": "Feature", "id": 2147, "properties": {"REGION": "TARAPACÁ", "COMUNA": "POZO ALMONTE", "NOMBRE": "ASOCIACION INDIGENA AYMARA JUVENTUD POR PARCA", "PUEBLO": "AYMARA"}, "geometry": {"type": "Point", "coordinates": [-69.20511916316678, -20.011599032701245]}}, {"type": "Feature", "id": 2148, "properties": {"REGION": "TARAPACÁ", "COMUNA": "POZO ALMONTE", "NOMBRE": "ASOCIACION INDIGENA NOASA-CAUQUIMA", "PUEBLO": "MULTICULTURAL"}, "geometry": {"type": "Point", "coordinates": [-69.21826146175273, -20.071541137753965]}}, {"type": "Feature", "id": 2149, "properties": {"REGION": "TARAPACÁ", "COMUNA": "POZO ALMONTE", "NOMBRE": "ASOCIACION INDIGENA  AYMARA DE ARTESANAS Y ARTESANOS  RESCATANDO NUESTRAS RAICES DE POZO ALMONTE", "PUEBLO": "AYMARA"}, "geometry": {"type": "Point", "coordinates": [-69.77674750647796, -20.257137942537874]}}, {"type": "Feature", "id": 2150, "properties": {"REGION": "TARAPACÁ", "COMUNA": "POZO ALMONTE", "NOMBRE": "ASOCIACION INDIGENA AYMARA, DIAGUITA Y QUECHUA SUMA MARKA", "PUEBLO": "MULTICULTURAL"}, "geometry": {"type": "Point", "coordinates": [-69.78717303283082, -20.25877210206982]}}, {"type": "Feature", "id": 2151, "properties": {"REGION": "TARAPACÁ", "COMUNA": "POZO ALMONTE", "NOMBRE": "ASOCIACION  INDIGENA SAN PABLO", "PUEBLO": "AYMARA"}, "geometry": {"type": "Point", "coordinates": [-69.7854557119222, -20.25618653649398]}}, {"type": "Feature", "id": 2152, "properties": {"REGION": "TARAPACÁ", "COMUNA": "POZO ALMONTE", "NOMBRE": "ASOCIACIÓN INDIGENA MULTICULTURAL DE POZO ALMONTE", "PUEBLO": "MULTICULTURAL"}, "geometry": {"type": "Point", "coordinates": [-69.78501176461697, -20.259296831230355]}}, {"type": "Feature", "id": 2153, "properties": {"REGION": "TARAPACÁ", "COMUNA": "POZO ALMONTE", "NOMBRE": "ASOCIACION INDIGENA TAMENTICA", "PUEBLO": "MULTICULTURAL"}, "geometry": {"type": "Point", "coordinates": [-69.18103591217877, -20.967026351214137]}}, {"type": "Feature", "id": 2154, "properties": {"REGION": "TARAPACÁ", "COMUNA": "POZO ALMONTE", "NOMBRE": "ASOCIACIÓN INDIGENA DE HUATACONDO", "PUEBLO": "MULTICULTURAL"}, "geometry": {"type": "Point", "coordinates": [-69.054780560282, -20.92813366270032]}}, {"type": "Feature", "id": 2155, "properties": {"REGION": "TARAPACÁ", "COMUNA": "POZO ALMONTE", "NOMBRE": "CONSEJO LINGÜÍSTICO, SOCIO CULTURAL, PATRIMONIAL, Y TERRITORIAL DEL PUEBLO QUECHUA", "PUEBLO": "QUECHUA"}, "geometry": {"type": "Point", "coordinates": [-69.78582879093713, -20.25992567518804]}}, {"type": "Feature", "id": 2156, "properties": {"REGION": "TARAPACÁ", "COMUNA": "POZO ALMONTE", "NOMBRE": "ASOCIACIÓN INDÍGENA PARA EL DESARROLLO DE MAMIÑA", "PUEBLO": "MULTICULTURAL"}, "geometry": {"type": "Point", "coordinates": [-69.21731593193321, -20.072491142514945]}}, {"type": "Feature", "id": 2157, "properties": {"REGION": "TARAPACÁ", "COMUNA": "HUARA", "NOMBRE": "ASOCIACION INDIGENA AYMARA PUKARA", "PUEBLO": "AYMARA"}, "geometry": {"type": "Point", "coordinates": [-69.81079713242475, -19.75550476539961]}}, {"type": "Feature", "id": 2158, "properties": {"REGION": "TARAPACÁ", "COMUNA": "HUARA", "NOMBRE": "ASOCIACION  INDIGENA CULTURAL, AGRICOLA Y GANADERA DE POROMA", "PUEBLO": "AYMARA"}, "geometry": {"type": "Point", "coordinates": [-69.1830161233166, -19.871129480776947]}}, {"type": "Feature", "id": 2159, "properties": {"REGION": "TARAPACÁ", "COMUNA": "HUARA", "NOMBRE": "ASOCIACION INDIGENA RIO AROMA O ASOPROAROMA", "PUEBLO": "AYMARA"}, "geometry": {"type": "Point", "coordinates": [-69.20624752617698, -19.5368727883618]}}, {"type": "Feature", "id": 2160, "properties": {"REGION": "TARAPACÁ", "COMUNA": "HUARA", "NOMBRE": "ASOCIACION INDIGENA AYMARA CERRO UNITA", "PUEBLO": "AYMARA"}, "geometry": {"type": "Point", "coordinates": [-69.81636257485155, -19.834365366868646]}}, {"type": "Feature", "id": 2161, "properties": {"REGION": "TARAPACÁ", "COMUNA": "HUARA", "NOMBRE": "ASOCIACION INDIGENA  ORAKE UMA MOSKA", "PUEBLO": "AYMARA"}, "geometry": {"type": "Point", "coordinates": [-69.80546190570114, -19.840911905460533]}}, {"type": "Feature", "id": 2162, "properties": {"REGION": "TARAPACÁ", "COMUNA": "HUARA", "NOMBRE": "ASOCIACION INDIGENA AYMARA HIJOS DE LA QUEBRADA DE AROMA (MISTIZA Y SUS ALREDEDORES)", "PUEBLO": "AYMARA"}, "geometry": {"type": "Point", "coordinates": [-69.33005650207538, -19.56328504320293]}}, {"type": "Feature", "id": 2163, "properties": {"REGION": "TARAPACÁ", "COMUNA": "HUARA", "NOMBRE": "ASOCIACION INDIGENA AYMARA PAMPA DEL TAMARUGAL TIERRA DESEADA", "PUEBLO": "AYMARA"}, "geometry": {"type": "Point", "coordinates": [-69.81079713242475, -19.75550476539961]}}, {"type": "Feature", "id": 2164, "properties": {"REGION": "TARAPACÁ", "COMUNA": "HUARA", "NOMBRE": "ASOCIACION INDIGENA URBANOS MIGRANTES ANDINO DE LA PAMPA", "PUEBLO": "MULTICULTURAL"}, "geometry": {"type": "Point", "coordinates": [-69.77257261592739, -19.996126507619245]}}, {"type": "Feature", "id": 2165, "properties": {"REGION": "TARAPACÁ", "COMUNA": "HUARA", "NOMBRE": "ASOCIACION INDIGENA AYMARA  CRUZ DE CHIMAJA", "PUEBLO": "AYMARA"}, "geometry": {"type": "Point", "coordinates": [-69.77257261592739, -19.996126507619245]}}, {"type": "Feature", "id": 2166, "properties": {"REGION": "TARAPACÁ", "COMUNA": "HUARA", "NOMBRE": "ASOCIACION INDIGENA AYMARA DE CAMIÑA, RESIDENTES EN LA PAMPA DEL TAMARUGAL, SECTOR CAMINO SOGA", "PUEBLO": "AYMARA"}, "geometry": {"type": "Point", "coordinates": [-69.77257261592739, -19.996126507619245]}}, {"type": "Feature", "id": 2167, "properties": {"REGION": "TARAPACÁ", "COMUNA": "HUARA", "NOMBRE": "ASOCIACION INDIGENA AYMARA LOS ANDES", "PUEBLO": "AYMARA"}, "geometry": {"type": "Point", "coordinates": [-69.77257261592739, -19.996126507619245]}}, {"type": "Feature", "id": 2168, "properties": {"REGION": "TARAPACÁ", "COMUNA": "HUARA", "NOMBRE": "ASOCIACION INDIGENA AYMARA NUEVA ESPERANZA DEL TAMARUGAL", "PUEBLO": "AYMARA"}, "geometry": {"type": "Point", "coordinates": [-69.77257261592739, -19.996126507619245]}}, {"type": "Feature", "id": 2169, "properties": {"REGION": "TARAPACÁ", "COMUNA": "HUARA", "NOMBRE": "ASOCIACION INDIGENA AYMARA LOS HIJOS NATIVOS DE HUAVIÑA", "PUEBLO": "AYMARA"}, "geometry": {"type": "Point", "coordinates": [-69.22368716464618, -19.79523716260137]}}, {"type": "Feature", "id": 2170, "properties": {"REGION": "TARAPACÁ", "COMUNA": "HUARA", "NOMBRE": "ASOCIACION INDIGENA AYMARA CHUNCARA", "PUEBLO": "AYMARA"}, "geometry": {"type": "Point", "coordinates": [-69.77257261592739, -19.996126507619245]}}, {"type": "Feature", "id": 2171, "properties": {"REGION": "TARAPACÁ", "COMUNA": "HUARA", "NOMBRE": "ASOCIACION INDIGENA  AYMARA PEQUEÑOS  AGRICULTORES  DE CAMIÑA", "PUEBLO": "MULTICULTURAL"}, "geometry": {"type": "Point", "coordinates": [-69.77257261592739, -19.996126507619245]}}, {"type": "Feature", "id": 2172, "properties": {"REGION": "TARAPACÁ", "COMUNA": "HUARA", "NOMBRE": "ASOCIACION INDIGENA AYMARA DE LIGA", "PUEBLO": "AYMARA"}, "geometry": {"type": "Point", "coordinates": [-69.77257261592739, -19.996126507619245]}}, {"type": "Feature", "id": 2173, "properties": {"REGION": "TARAPACÁ", "COMUNA": "HUARA", "NOMBRE": "ASOCIACION INDIGENA AYMARA EL VERGEL DEL DESIERTO", "PUEBLO": "AYMARA"}, "geometry": {"type": "Point", "coordinates": [-69.77257261592739, -19.996126507619245]}}, {"type": "Feature", "id": 2174, "properties": {"REGION": "TARAPACÁ", "COMUNA": "HUARA", "NOMBRE": "ASOCIACION INDIGENA AYMARA RENACER ANDINO", "PUEBLO": "AYMARA"}, "geometry": {"type": "Point", "coordinates": [-69.77257261592739, -19.996126507619245]}}, {"type": "Feature", "id": 2175, "properties": {"REGION": "TARAPACÁ", "COMUNA": "HUARA", "NOMBRE": "ASOCIACION INDIGENA AYMARA DE CORZA", "PUEBLO": "AYMARA"}, "geometry": {"type": "Point", "coordinates": [-69.82449462004142, -19.431840813114718]}}, {"type": "Feature", "id": 2176, "properties": {"REGION": "TARAPACÁ", "COMUNA": "HUARA", "NOMBRE": "ASOCIACION INDIGENA AYMARA UNION CHACAREROS DE PUCHULDIZA", "PUEBLO": "AYMARA"}, "geometry": {"type": "Point", "coordinates": [-69.43264113855592, -19.866107600606565]}}, {"type": "Feature", "id": 2177, "properties": {"REGION": "TARAPACÁ", "COMUNA": "HUARA", "NOMBRE": "ASOCIACION INDIGENA AYMARA VALLE VERDE DE PACHICA", "PUEBLO": "AYMARA"}, "geometry": {"type": "Point", "coordinates": [-69.43151514560319, -19.866507942200993]}}, {"type": "Feature", "id": 2178, "properties": {"REGION": "TARAPACÁ", "COMUNA": "HUARA", "NOMBRE": "ASOCIACION INDIGENA AYMARA PORVENIR DE CUANAYA", "PUEBLO": "AYMARA"}, "geometry": {"type": "Point", "coordinates": [-69.53906372464994, -19.129573736496]}}, {"type": "Feature", "id": 2179, "properties": {"REGION": "TARAPACÁ", "COMUNA": "HUARA", "NOMBRE": "ASOCIACION INDIGENA AYMARA ACHACAGUA", "PUEBLO": "AYMARA"}, "geometry": {"type": "Point", "coordinates": [-69.15919757482368, -19.779310962138144]}}, {"type": "Feature", "id": 2180, "properties": {"REGION": "TARAPACÁ", "COMUNA": "HUARA", "NOMBRE": "ASOCIACION INDIGENA AYMARA SUMA MARKA", "PUEBLO": "AYMARA"}, "geometry": {"type": "Point", "coordinates": [-69.77257261592739, -19.996126507619245]}}, {"type": "Feature", "id": 2181, "properties": {"REGION": "TARAPACÁ", "COMUNA": "HUARA", "NOMBRE": "ASOCIACION INDIGENA AYMARA DEL PUEBLO DE TARAPACA", "PUEBLO": "AYMARA"}, "geometry": {"type": "Point", "coordinates": [-69.51247780703726, -19.927235751437596]}}, {"type": "Feature", "id": 2182, "properties": {"REGION": "TARAPACÁ", "COMUNA": "HUARA", "NOMBRE": "ASOCIACION INDIGENA AYMARA  HIJOS DE COSCAYA", "PUEBLO": "AYMARA"}, "geometry": {"type": "Point", "coordinates": [-69.13854571883249, -19.864256456489848]}}, {"type": "Feature", "id": 2183, "properties": {"REGION": "TARAPACÁ", "COMUNA": "HUARA", "NOMBRE": "ASOCIACION INDIGENA  AYMARA DE PRODUCTORES  AGROPECUARIOS DE CHUSMIZA", "PUEBLO": "AYMARA"}, "geometry": {"type": "Point", "coordinates": [-69.18289902595458, -19.684906661351217]}}, {"type": "Feature", "id": 2184, "properties": {"REGION": "TARAPACÁ", "COMUNA": "HUARA", "NOMBRE": "ASOCIACION INDIGENA  AYMARA DE AROMA", "PUEBLO": "AYMARA"}, "geometry": {"type": "Point", "coordinates": [-69.33005650207538, -19.56328504320293]}}, {"type": "Feature", "id": 2185, "properties": {"REGION": "TARAPACÁ", "COMUNA": "HUARA", "NOMBRE": "ASOCIACION  INDIGENA AYMARA HIJOS DE USMAGAMA-CHUSMIZA", "PUEBLO": "AYMARA"}, "geometry": {"type": "Point", "coordinates": [-69.18289902595458, -19.684906661351217]}}, {"type": "Feature", "id": 2186, "properties": {"REGION": "TARAPACÁ", "COMUNA": "HUARA", "NOMBRE": "ASOCIACION  INDIGENA AYMARA MALLKU DE HUARA", "PUEBLO": "AYMARA"}, "geometry": {"type": "Point", "coordinates": [-69.77257261592739, -19.996126507619245]}}, {"type": "Feature", "id": 2187, "properties": {"REGION": "TARAPACÁ", "COMUNA": "HUARA", "NOMBRE": "ASOCIACION INDIGENA  AYMARA PEQUEÑOS  AGRICULTORES DE LA PEÑA DE TARAPACA", "PUEBLO": "AYMARA"}, "geometry": {"type": "Point", "coordinates": [-69.51683286322071, -19.935419224003375]}}, {"type": "Feature", "id": 2188, "properties": {"REGION": "TARAPACÁ", "COMUNA": "HUARA", "NOMBRE": "ASOCIACION INDIGENA DE AGRICULTORES  BAJO SOGA", "PUEBLO": "AYMARA"}, "geometry": {"type": "Point", "coordinates": [-69.81079713242475, -19.75550476539961]}}, {"type": "Feature", "id": 2189, "properties": {"REGION": "TARAPACÁ", "COMUNA": "HUARA", "NOMBRE": "AYMARA FUERZA JOVEN PARA UN HUAVIÑA MEJOR", "PUEBLO": "AYMARA"}, "geometry": {"type": "Point", "coordinates": [-69.22368716464618, -19.79523716260137]}}, {"type": "Feature", "id": 2190, "properties": {"REGION": "TARAPACÁ", "COMUNA": "HUARA", "NOMBRE": "AYMARA  ORIGINARIOS  DE CHUSMIZA MARKA", "PUEBLO": "AYMARA"}, "geometry": {"type": "Point", "coordinates": [-69.18289902595458, -19.684906661351217]}}, {"type": "Feature", "id": 2191, "properties": {"REGION": "TARAPACÁ", "COMUNA": "HUARA", "NOMBRE": "MULTICULTURAL HUARA MARKA", "PUEBLO": "MULTICULTURAL"}, "geometry": {"type": "Point", "coordinates": [-69.77257261592739, -19.996126507619245]}}, {"type": "Feature", "id": 2192, "properties": {"REGION": "TARAPACÁ", "COMUNA": "HUARA", "NOMBRE": "ASOCIACION CULTURAL INDIGENA  AYMARA DEL PUEBLO DE AROMA", "PUEBLO": "MAPUCHE"}, "geometry": {"type": "Point", "coordinates": [-69.33005650207538, -19.56328504320293]}}, {"type": "Feature", "id": 2193, "properties": {"REGION": "TARAPACÁ", "COMUNA": "HUARA", "NOMBRE": "ASOCIACION INDIGENA  AYMARA Y OTROS DE AGRICULTORES Y GANADEROS TAIPY  PAMPA DE HUARA", "PUEBLO": "MULTICULTURAL"}, "geometry": {"type": "Point", "coordinates": [-69.77257261592739, -19.996126507619245]}}, {"type": "Feature", "id": 2194, "properties": {"REGION": "TARAPACÁ", "COMUNA": "HUARA", "NOMBRE": "ASOCIACION INDIGENA  AYMARA TARAPACA MARKA", "PUEBLO": "AYMARA"}, "geometry": {"type": "Point", "coordinates": [-69.77257261592739, -19.996126507619245]}}, {"type": "Feature", "id": 2195, "properties": {"REGION": "TARAPACÁ", "COMUNA": "HUARA", "NOMBRE": "ASOCIACIÓN INDÍGENA HIJOS DE CHIAPA", "PUEBLO": "AYMARA"}, "geometry": {"type": "Point", "coordinates": [-69.20624752617698, -19.5368727883618]}}, {"type": "Feature", "id": 2196, "properties": {"REGION": "TARAPACÁ", "COMUNA": "HUARA", "NOMBRE": "ASOCIACION INDIGENA AYMARA BANDA DE BRONCE DE HUAVIÑA", "PUEBLO": "AYMARA"}, "geometry": {"type": "Point", "coordinates": [-69.22368716464618, -19.79523716260137]}}, {"type": "Feature", "id": 2197, "properties": {"REGION": "TARAPACÁ", "COMUNA": "CAMIÑA", "NOMBRE": "ASOCIACION INDIGENA  AGRICOLA AYMARA DE CHAPIQUILTA", "PUEBLO": "AYMARA"}, "geometry": {"type": "Point", "coordinates": [-69.41039643647915, -19.31706795095041]}}, {"type": "Feature", "id": 2198, "properties": {"REGION": "TARAPACÁ", "COMUNA": "CAMIÑA", "NOMBRE": "ASOCIACION INDIGENA AGRICOLA AYMARA FLORES DE ARAVILLA", "PUEBLO": "AYMARA"}, "geometry": {"type": "Point", "coordinates": [-69.42673995972287, -19.31305409566812]}}, {"type": "Feature", "id": 2199, "properties": {"REGION": "TARAPACÁ", "COMUNA": "CAMIÑA", "NOMBRE": "ASOCIACION INDIGENA AYMARA AGRICOLA AYMARA DE ALTO CAMIÑA", "PUEBLO": "AYMARA"}, "geometry": {"type": "Point", "coordinates": [-69.42740915402197, -19.310495006997943]}}, {"type": "Feature", "id": 2200, "properties": {"REGION": "TARAPACÁ", "COMUNA": "CAMIÑA", "NOMBRE": "ASOCIACION INDIGENA PUEBLO DE NAMA", "PUEBLO": "AYMARA"}, "geometry": {"type": "Point", "coordinates": [-69.4115622204855, -19.18912492320821]}}, {"type": "Feature", "id": 2201, "properties": {"REGION": "TARAPACÁ", "COMUNA": "CAMIÑA", "NOMBRE": "ASOCIACION INDIGENA AYMARA DE AGRICULTORES Y GANADEROS DE YALA YALA", "PUEBLO": "AYMARA"}, "geometry": {"type": "Point", "coordinates": [-69.42673995972287, -19.31305409566812]}}, {"type": "Feature", "id": 2202, "properties": {"REGION": "TARAPACÁ", "COMUNA": "CAMIÑA", "NOMBRE": "ASOCIACION INDIGENA AYMARA SAN PEDRO DE APAMILCA", "PUEBLO": "AYMARA"}, "geometry": {"type": "Point", "coordinates": [-69.39220457311471, -19.308793731329658]}}, {"type": "Feature", "id": 2203, "properties": {"REGION": "TARAPACÁ", "COMUNA": "CAMIÑA", "NOMBRE": "ASOCIACION INDIGENA DEL PUEBLO DE CUISAMA", "PUEBLO": "AYMARA"}, "geometry": {"type": "Point", "coordinates": [-69.45787034000426, -19.324573294810506]}}, {"type": "Feature", "id": 2204, "properties": {"REGION": "TARAPACÁ", "COMUNA": "CAMIÑA", "NOMBRE": "ASOCIACION INDIGENA AYMARA DE CAMIÑA", "PUEBLO": "AYMARA"}, "geometry": {"type": "Point", "coordinates": [-69.42673995972287, -19.31305409566812]}}, {"type": "Feature", "id": 2205, "properties": {"REGION": "TARAPACÁ", "COMUNA": "CAMIÑA", "NOMBRE": "ASOCIACION INDIGENA AYMARA  DE MOQUELLA", "PUEBLO": "AYMARA"}, "geometry": {"type": "Point", "coordinates": [-69.51477403191724, -19.350601943516935]}}, {"type": "Feature", "id": 2206, "properties": {"REGION": "TARAPACÁ", "COMUNA": "CAMIÑA", "NOMBRE": "ASOCIACION INDIGENA AYMARA DE FRANCIA", "PUEBLO": "AYMARA"}, "geometry": {"type": "Point", "coordinates": [-69.57141790667553, -19.381682927679307]}}, {"type": "Feature", "id": 2207, "properties": {"REGION": "TARAPACÁ", "COMUNA": "CAMIÑA", "NOMBRE": "ASOCIACION INDIGENA AYMARA ARTESANOS DE CAMIÑA", "PUEBLO": "AYMARA"}, "geometry": {"type": "Point", "coordinates": [-69.42673995972287, -19.31305409566812]}}, {"type": "Feature", "id": 2208, "properties": {"REGION": "TARAPACÁ", "COMUNA": "CAMIÑA", "NOMBRE": "ASOCIACION INDIGENA AYMARA SUMA MARKA ALTO CAMIÑA", "PUEBLO": "AYMARA"}, "geometry": {"type": "Point", "coordinates": [-69.42729633784552, -19.31103750215471]}}, {"type": "Feature", "id": 2209, "properties": {"REGION": "TARAPACÁ", "COMUNA": "CAMIÑA", "NOMBRE": "ASOCIACION INDIGENA AYMARA KOLLIRE DE CAMIÑA", "PUEBLO": "AYMARA"}, "geometry": {"type": "Point", "coordinates": [-69.42662261557881, -19.311852424881028]}}, {"type": "Feature", "id": 2210, "properties": {"REGION": "TARAPACÁ", "COMUNA": "CAMIÑA", "NOMBRE": "ASOCIACION INDIGENA AYMARA SUMA SAWURI", "PUEBLO": "AYMARA"}, "geometry": {"type": "Point", "coordinates": [-69.42729633784552, -19.31103750215471]}}, {"type": "Feature", "id": 2211, "properties": {"REGION": "TARAPACÁ", "COMUNA": "CAMIÑA", "NOMBRE": "ASOCIACION INDIGENA  AYMARA  MESA COMUNAL DE TURISMO, CAMIÑA MARKA ANCHA CHAMANI", "PUEBLO": "AYMARA"}, "geometry": {"type": "Point", "coordinates": [-69.42673995972287, -19.31305409566812]}}, {"type": "Feature", "id": 2212, "properties": {"REGION": "TARAPACÁ", "COMUNA": "CAMIÑA", "NOMBRE": "AYMARA CONSEJO DE COMUNIDADES  Y ASOCIACIONES  COMUNA DE CAMIÑA", "PUEBLO": "AYMARA"}, "geometry": {"type": "Point", "coordinates": [-69.42673995972287, -19.31305409566812]}}, {"type": "Feature", "id": 2213, "properties": {"REGION": "TARAPACÁ", "COMUNA": "CAMIÑA", "NOMBRE": "AYMARA KUNCHU WARMY", "PUEBLO": "AYMARA"}, "geometry": {"type": "Point", "coordinates": [-69.42662261557881, -19.311852424881028]}}, {"type": "Feature", "id": 2214, "properties": {"REGION": "TARAPACÁ", "COMUNA": "CAMIÑA", "NOMBRE": "ASOCIACION INDIGENA AYMARA JEFAS  DE HOGAR PACKA INTI", "PUEBLO": "AYMARA"}, "geometry": {"type": "Point", "coordinates": [-69.4255965487706, -19.312613944195608]}}, {"type": "Feature", "id": 2215, "properties": {"REGION": "TARAPACÁ", "COMUNA": "CAMIÑA", "NOMBRE": "ASOCIACION INDIGENA AYMARA AGRICOLA Y ARTESANAL SUMA INTI", "PUEBLO": "AYMARA"}, "geometry": {"type": "Point", "coordinates": [-69.41039643647915, -19.31706795095041]}}, {"type": "Feature", "id": 2216, "properties": {"REGION": "TARAPACÁ", "COMUNA": "CAMIÑA", "NOMBRE": "ASOCIACION INDIGENA AYMARA DE ARTESANOS PUSKANDES", "PUEBLO": "AYMARA"}, "geometry": {"type": "Point", "coordinates": [-69.42673995972287, -19.31305409566812]}}, {"type": "Feature", "id": 2217, "properties": {"REGION": "TARAPACÁ", "COMUNA": "CAMIÑA", "NOMBRE": "ASOCIACION INDIGENA MARKAMASY", "PUEBLO": "AYMARA"}, "geometry": {"type": "Point", "coordinates": [-69.42662261557881, -19.311852424881028]}}, {"type": "Feature", "id": 2218, "properties": {"REGION": "TARAPACÁ", "COMUNA": "CAMIÑA", "NOMBRE": "AYMARA MACHAQ WARMI SAWURINAKA", "PUEBLO": "AYMARA"}, "geometry": {"type": "Point", "coordinates": [-69.42662261557881, -19.311852424881028]}}, {"type": "Feature", "id": 2219, "properties": {"REGION": "TARAPACÁ", "COMUNA": "PICA", "NOMBRE": "ASOCIACION INDIGENA AYMARA SILLA JUAY", "PUEBLO": "AYMARA"}, "geometry": {"type": "Point", "coordinates": [-69.37998003853873, -20.504320189193823]}}, {"type": "Feature", "id": 2220, "properties": {"REGION": "TARAPACÁ", "COMUNA": "PICA", "NOMBRE": "ASOCIACION INDIGENA SUMA YAPU", "PUEBLO": "AYMARA"}, "geometry": {"type": "Point", "coordinates": [-69.3549615993514, -20.5140416999474]}}, {"type": "Feature", "id": 2221, "properties": {"REGION": "TARAPACÁ", "COMUNA": "PICA", "NOMBRE": "ASOCIACION INDIGENA AYMARA LAGUNA DEL HUASCO", "PUEBLO": "AYMARA"}, "geometry": {"type": "Point", "coordinates": [-68.87357633871741, -20.256870001271572]}}, {"type": "Feature", "id": 2222, "properties": {"REGION": "TARAPACÁ", "COMUNA": "PICA", "NOMBRE": "ASOCIACION INDIGENA AYMARA MACHAX YAPU", "PUEBLO": "AYMARA"}, "geometry": {"type": "Point", "coordinates": [-69.33497731189539, -20.489241311172787]}}, {"type": "Feature", "id": 2223, "properties": {"REGION": "TARAPACÁ", "COMUNA": "PICA", "NOMBRE": "ASOCIACION  INDIGENA DE AGRICULTORES CATAR PAMPA", "PUEBLO": "MULTICULTURAL"}, "geometry": {"type": "Point", "coordinates": [-69.32954406348675, -20.491140242059988]}}, {"type": "Feature", "id": 2224, "properties": {"REGION": "TARAPACÁ", "COMUNA": "PICA", "NOMBRE": "ASOCIACION INDIGENA  AYMARA NUEVO MATILLA", "PUEBLO": "AYMARA"}, "geometry": {"type": "Point", "coordinates": [-69.36182919561594, -20.51419016535807]}}, {"type": "Feature", "id": 2225, "properties": {"REGION": "TARAPACÁ", "COMUNA": "PICA", "NOMBRE": "ASOCIACION INDIGENA AYMARA NACIENTE COLLAHUASI", "PUEBLO": "AYMARA"}, "geometry": {"type": "Point", "coordinates": [-68.64930440708648, -20.85347318819796]}}, {"type": "Feature", "id": 2226, "properties": {"REGION": "TARAPACÁ", "COMUNA": "PICA", "NOMBRE": "ASOCIACION INDIGENA AYMARA NAYRA UMA", "PUEBLO": "AYMARA"}, "geometry": {"type": "Point", "coordinates": [-69.32954406348675, -20.491140242059988]}}, {"type": "Feature", "id": 2227, "properties": {"REGION": "TARAPACÁ", "COMUNA": "PICA", "NOMBRE": "AMANECER DE LIRIMA", "PUEBLO": "AYMARA"}, "geometry": {"type": "Point", "coordinates": [-68.85457267879214, -19.848201596119473]}}, {"type": "Feature", "id": 2228, "properties": {"REGION": "TARAPACÁ", "COMUNA": "PICA", "NOMBRE": "ASOCIACION INDIGENA CUSA SAPI", "PUEBLO": "MULTICULTURAL"}, "geometry": {"type": "Point", "coordinates": [-69.33903037680312, -20.483360004165398]}}, {"type": "Feature", "id": 2229, "properties": {"REGION": "TARAPACÁ", "COMUNA": "PICA", "NOMBRE": "ASOCIACION INDIGENA AYMARA MACHAKHA MARCA", "PUEBLO": "AYMARA"}, "geometry": {"type": "Point", "coordinates": [-69.32954406348675, -20.491140242059988]}}, {"type": "Feature", "id": 2230, "properties": {"REGION": "TARAPACÁ", "COMUNA": "PICA", "NOMBRE": "ASOCIACION INDIGENA AYMARA SALAR DE  COPOSA", "PUEBLO": "AYMARA"}, "geometry": {"type": "Point", "coordinates": [-68.70921483182917, -20.67998948688636]}}, {"type": "Feature", "id": 2231, "properties": {"REGION": "TARAPACÁ", "COMUNA": "PICA", "NOMBRE": "ASOCIACION INDIGENA AYMARA PUKARA MALLKU", "PUEBLO": "AYMARA"}, "geometry": {"type": "Point", "coordinates": [-69.32954406348675, -20.491140242059988]}}, {"type": "Feature", "id": 2232, "properties": {"REGION": "TARAPACÁ", "COMUNA": "PICA", "NOMBRE": "ASOCIACION INDIGENA DE MATILLA YATIÑ UTA", "PUEBLO": "AYMARA"}, "geometry": {"type": "Point", "coordinates": [-69.36144584896275, -20.51431746852728]}}, {"type": "Feature", "id": 2233, "properties": {"REGION": "TARAPACÁ", "COMUNA": "PICA", "NOMBRE": "ASOCIACION INDIGENA TURISTICA  DE PICA PURUMA PANQARA", "PUEBLO": "MULTICULTURAL"}, "geometry": {"type": "Point", "coordinates": [-69.32901607170552, -20.49087919694135]}}, {"type": "Feature", "id": 2234, "properties": {"REGION": "TARAPACÁ", "COMUNA": "PICA", "NOMBRE": "ASOCIACION INDIGENA  KHUSA ORAJE", "PUEBLO": "AYMARA"}, "geometry": {"type": "Point", "coordinates": [-69.3183894605667, -20.494938125819765]}}, {"type": "Feature", "id": 2235, "properties": {"REGION": "TARAPACÁ", "COMUNA": "PICA", "NOMBRE": "ASOCIACION INDIGENA  WARMI PAXRA", "PUEBLO": "MULTICULTURAL"}, "geometry": {"type": "Point", "coordinates": [-69.32954406348675, -20.491140242059988]}}, {"type": "Feature", "id": 2236, "properties": {"REGION": "TARAPACÁ", "COMUNA": "PICA", "NOMBRE": "ASOCIACION INDIGENA HIJOS DE SILILICA", "PUEBLO": "AYMARA"}, "geometry": {"type": "Point", "coordinates": [-69.33306805213908, -20.48881125106658]}}, {"type": "Feature", "id": 2237, "properties": {"REGION": "TARAPACÁ", "COMUNA": "PICA", "NOMBRE": "ASOCIACION INDIGENA AYMARA  Y QUECHUA EMPRENDEDORES COYACAGUA", "PUEBLO": "MULTICULTURAL"}, "geometry": {"type": "Point", "coordinates": [-68.82986142532289, -20.039152630182915]}}, {"type": "Feature", "id": 2238, "properties": {"REGION": "TARAPACÁ", "COMUNA": "PICA", "NOMBRE": "ASOCIACION  INDIGENA  CHACARILLA VALLE DE DINOSAURIO", "PUEBLO": "AYMARA"}, "geometry": {"type": "Point", "coordinates": [-69.32413791000162, -20.492307031798042]}}, {"type": "Feature", "id": 2239, "properties": {"REGION": "TARAPACÁ", "COMUNA": "PICA", "NOMBRE": "ASOCIACION INDIGENA  AYMARA PERLA DEL DESIERTO (WALLKA PURUMAMA)", "PUEBLO": "AYMARA"}, "geometry": {"type": "Point", "coordinates": [-69.36182919561594, -20.51419016535807]}}, {"type": "Feature", "id": 2240, "properties": {"REGION": "TARAPACÁ", "COMUNA": "PICA", "NOMBRE": "ASOCIACION INDIGENA AYMARA  NUEVO OASIS", "PUEBLO": "AYMARA"}, "geometry": {"type": "Point", "coordinates": [-69.32954406348675, -20.491140242059988]}}, {"type": "Feature", "id": 2241, "properties": {"REGION": "TARAPACÁ", "COMUNA": "PICA", "NOMBRE": "AGROTURISMO DE PICA SUMA MACHAC MARKA", "PUEBLO": "AYMARA"}, "geometry": {"type": "Point", "coordinates": [-69.32954406348675, -20.491140242059988]}}, {"type": "Feature", "id": 2242, "properties": {"REGION": "TARAPACÁ", "COMUNA": "PICA", "NOMBRE": "AYMARA WAYNA SANKATA", "PUEBLO": "AYMARA"}, "geometry": {"type": "Point", "coordinates": [-69.3183894605667, -20.494938125819765]}}, {"type": "Feature", "id": 2243, "properties": {"REGION": "TARAPACÁ", "COMUNA": "PICA", "NOMBRE": "ASOCIACION INDIGENA TARAPACA EN EL CAMINO DEL INCA-PICA", "PUEBLO": "AYMARA"}, "geometry": {"type": "Point", "coordinates": [-69.33903037680312, -20.483360004165398]}}, {"type": "Feature", "id": 2244, "properties": {"REGION": "TARAPACÁ", "COMUNA": "PICA", "NOMBRE": "ASOCIACION INDIGENA OASIS SOBERANO", "PUEBLO": "MULTICULTURAL"}, "geometry": {"type": "Point", "coordinates": [-69.33035868349256, -20.490903756854756]}}, {"type": "Feature", "id": 2245, "properties": {"REGION": "TARAPACÁ", "COMUNA": "PICA", "NOMBRE": "AYMARA JUIRA LLAPU", "PUEBLO": "AYMARA"}, "geometry": {"type": "Point", "coordinates": [-69.34459441622403, -20.475794903324598]}}, {"type": "Feature", "id": 2246, "properties": {"REGION": "TARAPACÁ", "COMUNA": "PICA", "NOMBRE": "ASOCIACION INDIGENA AYMARA LUPE HUALLA", "PUEBLO": "AYMARA"}, "geometry": {"type": "Point", "coordinates": [-69.32954406348675, -20.491140242059988]}}, {"type": "Feature", "id": 2247, "properties": {"REGION": "TARAPACÁ", "COMUNA": "PICA", "NOMBRE": "ASOCIACION INDIGENA DE AGRICULTORES DE LA CIUDAD OASIS DE PICA", "PUEBLO": "AYMARA"}, "geometry": {"type": "Point", "coordinates": [-69.34232155444644, -20.48429330227533]}}, {"type": "Feature", "id": 2248, "properties": {"REGION": "TARAPACÁ", "COMUNA": "PICA", "NOMBRE": "ASOCIACION INDIGENA AYMARA GANADERA Y CULTURAL QUEBRADA YABRICOLLITA Y CAYA", "PUEBLO": "AYMARA"}, "geometry": {"type": "Point", "coordinates": [-68.66698698468397, -20.93393478170678]}}, {"type": "Feature", "id": 2249, "properties": {"REGION": "TARAPACÁ", "COMUNA": "PICA", "NOMBRE": "ASOCIACION INDIGENA AYMARA JACH´A MARKA", "PUEBLO": "AYMARA"}, "geometry": {"type": "Point", "coordinates": [-69.34137271166824, -20.48018375714468]}}, {"type": "Feature", "id": 2250, "properties": {"REGION": "TARAPACÁ", "COMUNA": "PICA", "NOMBRE": "ASOCIACION GANADERA  INDIGENA DE COPAQUIRE", "PUEBLO": "AYMARA"}, "geometry": {"type": "Point", "coordinates": [-68.90493196391958, -20.92864005410628]}}, {"type": "Feature", "id": 2251, "properties": {"REGION": "TARAPACÁ", "COMUNA": "PICA", "NOMBRE": "ASOCIACION INDIGENA WAICHAFE ÑUKE MAPU", "PUEBLO": "MAPUCHE"}, "geometry": {"type": "Point", "coordinates": [-69.33300864209176, -20.48794390226115]}}, {"type": "Feature", "id": 2252, "properties": {"REGION": "TARAPACÁ", "COMUNA": "PICA", "NOMBRE": "ASOCIACION INDIGENA  WILLKA MARKA", "PUEBLO": "MULTICULTURAL"}, "geometry": {"type": "Point", "coordinates": [-69.36244113291175, -20.513384682420735]}}, {"type": "Feature", "id": 2253, "properties": {"REGION": "TARAPACÁ", "COMUNA": "PICA", "NOMBRE": "ASOCIACION DIAGUITA SIN FRONTERAS, SOCIAL, CULTURAL, AGRICOLA, TURISTICA Y DEPORTIVA", "PUEBLO": "DIAGUITA"}, "geometry": {"type": "Point", "coordinates": [-69.33676994015299, -20.50651478677482]}}, {"type": "Feature", "id": 2254, "properties": {"REGION": "TARAPACÁ", "COMUNA": "PICA", "NOMBRE": "ASOCIACIÓN INDÍGENA QUECHUA DE CULTURA Y DESARROLLO DE LA COMUNA DE PICA", "PUEBLO": "QUECHUA"}, "geometry": {"type": "Point", "coordinates": [-69.36116656308526, -20.513830104771845]}}, {"type": "Feature", "id": 2255, "properties": {"REGION": "TARAPACÁ", "COMUNA": "PICA", "NOMBRE": "ASOCIACION INDIGENA CONSEJO TERRITORIAL  QUECHUA PICA", "PUEBLO": "MULTICULTURAL"}, "geometry": {"type": "Point", "coordinates": [-69.32623418768098, -20.490468784646865]}}, {"type": "Feature", "id": 2256, "properties": {"REGION": "TARAPACÁ", "COMUNA": "PICA", "NOMBRE": "ASOCIACION INDIGENA MULTICULTURAL MURO MURO", "PUEBLO": "MULTICULTURAL"}, "geometry": {"type": "Point", "coordinates": [-69.36077260982827, -20.513523699405003]}}, {"type": "Feature", "id": 2257, "properties": {"REGION": "TARAPACÁ", "COMUNA": "PICA", "NOMBRE": "ASOCIACION INDIGENA AYMARA HIJOS DE WILLQ´E", "PUEBLO": "AYMARA"}, "geometry": {"type": "Point", "coordinates": [-69.32954406348675, -20.491140242059988]}}, {"type": "Feature", "id": 2258, "properties": {"REGION": "TARAPACÁ", "COMUNA": "PICA", "NOMBRE": "ASOCIACION INDIGENA  GANADERA, AGRICOLA, CULTURAL, MANEJO FORESTAL Y ELABORACION DE CARBON SALLIHUINCA", "PUEBLO": "MULTICULTURAL"}, "geometry": {"type": "Point", "coordinates": [-69.32954406348675, -20.491140242059988]}}, {"type": "Feature", "id": 2259, "properties": {"REGION": "TARAPACÁ", "COMUNA": "PICA", "NOMBRE": "ASOCIACION INDIGENA SOCIAL Y CULTURAL  QUEAYDIMA DE LA COMUNA DE PICA", "PUEBLO": "MULTICULTURAL"}, "geometry": {"type": "Point", "coordinates": [-69.32954406348675, -20.491140242059988]}}, {"type": "Feature", "id": 2260, "properties": {"REGION": "TARAPACÁ", "COMUNA": "COLCHANE", "NOMBRE": "ASOCIACION INDIGENA AYMARA DE GANADEROS AGRICOLA Y ARTESANOS DE CARIQUIMA", "PUEBLO": "AYMARA"}, "geometry": {"type": "Point", "coordinates": [-68.64570296471983, -19.46546732402583]}}, {"type": "Feature", "id": 2261, "properties": {"REGION": "TARAPACÁ", "COMUNA": "COLCHANE", "NOMBRE": "DE PRODUCTORES  CAMELIDOS AYMARA DE ISLUGA, COMUNA DE COLCHANE", "PUEBLO": "AYMARA"}, "geometry": {"type": "Point", "coordinates": [-68.72213677481045, -19.251200887340794]}}, {"type": "Feature", "id": 2262, "properties": {"REGION": "TARAPACÁ", "COMUNA": "COLCHANE", "NOMBRE": "ASOCIACION INDIGENA  AYMARA CENTRO ARTESANAL  MONTE HUANAPA DE CARIQUIMA", "PUEBLO": "AYMARA"}, "geometry": {"type": "Point", "coordinates": [-68.64570296471983, -19.46546732402583]}}, {"type": "Feature", "id": 2263, "properties": {"REGION": "TARAPACÁ", "COMUNA": "COLCHANE", "NOMBRE": "ASOCIACION INDIGENA MUJERES ARTESANAS  AYMARAS SUMA SAWURI", "PUEBLO": "AYMARA"}, "geometry": {"type": "Point", "coordinates": [-68.63669183563522, -19.275397620212008]}}, {"type": "Feature", "id": 2264, "properties": {"REGION": "TARAPACÁ", "COMUNA": "COLCHANE", "NOMBRE": "ASOCIACION INDIGENA AYMARA TALLER INTI DE CARIQUIMA", "PUEBLO": "AYMARA"}, "geometry": {"type": "Point", "coordinates": [-68.64570296471983, -19.46546732402583]}}, {"type": "Feature", "id": 2265, "properties": {"REGION": "TARAPACÁ", "COMUNA": "COLCHANE", "NOMBRE": "ASOCIACION INDIGENA AYMARA FLOR DE FRONTERA", "PUEBLO": "AYMARA"}, "geometry": {"type": "Point", "coordinates": [-68.62550368202872, -19.277995844568217]}}, {"type": "Feature", "id": 2266, "properties": {"REGION": "TARAPACÁ", "COMUNA": "COLCHANE", "NOMBRE": "ASOCIACION INDIGENA  AYMARA CASUSAYA", "PUEBLO": "AYMARA"}, "geometry": {"type": "Point", "coordinates": [-68.65164442131339, -19.283614506170927]}}, {"type": "Feature", "id": 2267, "properties": {"REGION": "TARAPACÁ", "COMUNA": "COLCHANE", "NOMBRE": "ASOCIACION INDIGENA AYMARA DE PRODUCTORES JUIRA MARKA", "PUEBLO": "AYMARA"}, "geometry": {"type": "Point", "coordinates": [-68.64570296471983, -19.46546732402583]}}, {"type": "Feature", "id": 2268, "properties": {"REGION": "TARAPACÁ", "COMUNA": "COLCHANE", "NOMBRE": "ASOCIACION INDIGENA AYMARA JUVENTUD ANDINA", "PUEBLO": "AYMARA"}, "geometry": {"type": "Point", "coordinates": [-68.63669183563522, -19.275397620212008]}}, {"type": "Feature", "id": 2269, "properties": {"REGION": "TARAPACÁ", "COMUNA": "COLCHANE", "NOMBRE": "ASOCIACION INDIGENA AYMARA MUJERES ARTERSANAS DEL FUTURO", "PUEBLO": "AYMARA"}, "geometry": {"type": "Point", "coordinates": [-68.63669183563522, -19.275397620212008]}}, {"type": "Feature", "id": 2270, "properties": {"REGION": "TARAPACÁ", "COMUNA": "COLCHANE", "NOMBRE": "ASOCIACION INDIGENA AYMARA DE FERIANTES DE PISIGA CARPA", "PUEBLO": "AYMARA"}, "geometry": {"type": "Point", "coordinates": [-68.62550368202872, -19.277995844568217]}}, {"type": "Feature", "id": 2271, "properties": {"REGION": "TARAPACÁ", "COMUNA": "COLCHANE", "NOMBRE": "ASOCIACION INDIGENA FLOR DE CAMPO VERDE SUMA KAPURI", "PUEBLO": "MULTICULTURAL"}, "geometry": {"type": "Point", "coordinates": [-68.61707940454676, -19.303318812705214]}}, {"type": "Feature", "id": 2272, "properties": {"REGION": "TARAPACÁ", "COMUNA": "COLCHANE", "NOMBRE": "ASOCIACION INDIGENA AYMARA  FLOR DE ISLUGA DE ESCAPIÑA", "PUEBLO": "AYMARA"}, "geometry": {"type": "Point", "coordinates": [-68.6917821508865, -19.27680923376196]}}, {"type": "Feature", "id": 2273, "properties": {"REGION": "TARAPACÁ", "COMUNA": "COLCHANE", "NOMBRE": "ASOCIACION INDIGENA AYMARA AGRUPACION DE MUJERES ARTESANAS DE LA COMUNA DE COLCHANE AYMAR WARMI", "PUEBLO": "AYMARA"}, "geometry": {"type": "Point", "coordinates": [-68.63669183563522, -19.275397620212008]}}, {"type": "Feature", "id": 2274, "properties": {"REGION": "TARAPACÁ", "COMUNA": "COLCHANE", "NOMBRE": "ASOCIACION INDIGENA AYMARA DE MUJERES ARTESANAS DE COTASAYA \"BRILLA EL SOL\"", "PUEBLO": "AYMARA"}, "geometry": {"type": "Point", "coordinates": [-68.65164442131339, -19.283614506170927]}}, {"type": "Feature", "id": 2275, "properties": {"REGION": "TARAPACÁ", "COMUNA": "COLCHANE", "NOMBRE": "ASOCIACION INDIGENA AYMARA AGRUPACION FOLCLORICA MANQA SAYA-ARAJJ SAYA, HIJOS DE ISLUGA", "PUEBLO": "AYMARA"}, "geometry": {"type": "Point", "coordinates": [-68.72213677481045, -19.251200887340794]}}, {"type": "Feature", "id": 2276, "properties": {"REGION": "TARAPACÁ", "COMUNA": "COLCHANE", "NOMBRE": "ASOCIACION INDIGENA AYMARA ISLUGA SAYA - ARAJJ SAYA: KOLLANA AYLLU, SAN JUAN AYLLU, JACHA AYLLU E ISKAA AYLLU", "PUEBLO": "AYMARA"}, "geometry": {"type": "Point", "coordinates": [-68.72213677481045, -19.251200887340794]}}, {"type": "Feature", "id": 2277, "properties": {"REGION": "TARAPACÁ", "COMUNA": "COLCHANE", "NOMBRE": "ASOCIACION INDIGENA AYMARA MARKA PUKARA", "PUEBLO": "AYMARA"}, "geometry": {"type": "Point", "coordinates": [-68.63669183563522, -19.275397620212008]}}, {"type": "Feature", "id": 2278, "properties": {"REGION": "TARAPACÁ", "COMUNA": "COLCHANE", "NOMBRE": "ASOCIACION INDIGENA AYMARA CONSEJO DE COMUNIDADES SECTOR ISLUGA", "PUEBLO": "AYMARA"}, "geometry": {"type": "Point", "coordinates": [-68.72213677481045, -19.251200887340794]}}, {"type": "Feature", "id": 2279, "properties": {"REGION": "TARAPACÁ", "COMUNA": "COLCHANE", "NOMBRE": "ASOCIACION INDIGENA AYMARA CHAPILLIJZA", "PUEBLO": "AYMARA"}, "geometry": {"type": "Point", "coordinates": [-68.63669183563522, -19.275397620212008]}}, {"type": "Feature", "id": 2280, "properties": {"REGION": "TARAPACÁ", "COMUNA": "COLCHANE", "NOMBRE": "ASOCIACION INDIGENA AYMARA  WALIPACH MARKANAJ APTAÑATAY", "PUEBLO": "AYMARA"}, "geometry": {"type": "Point", "coordinates": [-68.63669183563522, -19.275397620212008]}}, {"type": "Feature", "id": 2281, "properties": {"REGION": "TARAPACÁ", "COMUNA": "COLCHANE", "NOMBRE": "ASOCIACION INDIGENA AYMARA TURISMO SUNIMARKA", "PUEBLO": "AYMARA"}, "geometry": {"type": "Point", "coordinates": [-68.63669183563522, -19.275397620212008]}}, {"type": "Feature", "id": 2282, "properties": {"REGION": "TARAPACÁ", "COMUNA": "COLCHANE", "NOMBRE": "ASOCIACION INDIGENA FERIANTES DEL SECTOR DE PARAJALLA", "PUEBLO": "AYMARA"}, "geometry": {"type": "Point", "coordinates": [-68.92506664821434, -19.036664611592975]}}, {"type": "Feature", "id": 2283, "properties": {"REGION": "TARAPACÁ", "COMUNA": "COLCHANE", "NOMBRE": "ASOCIACION INDIGENA  AYMARA ALTO  SILLAJUAY DE CHULLUNCANE", "PUEBLO": "AYMARA"}, "geometry": {"type": "Point", "coordinates": [-68.64353103421111, -19.638883167261714]}}, {"type": "Feature", "id": 2284, "properties": {"REGION": "TARAPACÁ", "COMUNA": "COLCHANE", "NOMBRE": "ASOCIACION  INDIGENA AYMARA  CASQUIRI", "PUEBLO": "AYMARA"}, "geometry": {"type": "Point", "coordinates": [-68.63669183563522, -19.275397620212008]}}, {"type": "Feature", "id": 2285, "properties": {"REGION": "TARAPACÁ", "COMUNA": "COLCHANE", "NOMBRE": "ASOCIACION INDIGENA AYMARA  PASAGUA", "PUEBLO": "AYMARA"}, "geometry": {"type": "Point", "coordinates": [-68.63669183563522, -19.275397620212008]}}, {"type": "Feature", "id": 2286, "properties": {"REGION": "TARAPACÁ", "COMUNA": "COLCHANE", "NOMBRE": "ASOCIACION INDIGENA  AYMARA JACHA MARKA DE GANADEROS  Y AGRICULTORES  DE LA COMUNA  DE COLCHANE", "PUEBLO": "AYMARA"}, "geometry": {"type": "Point", "coordinates": [-68.63669183563522, -19.275397620212008]}}, {"type": "Feature", "id": 2287, "properties": {"REGION": "TARAPACÁ", "COMUNA": "COLCHANE", "NOMBRE": "ASOCIACION  INDIGENA  AYMARA  AMBULANTE  FLOR  DE PACHAMAMA COLCHANE", "PUEBLO": "AYMARA"}, "geometry": {"type": "Point", "coordinates": [-68.63669183563522, -19.275397620212008]}}, {"type": "Feature", "id": 2288, "properties": {"REGION": "TARAPACÁ", "COMUNA": "COLCHANE", "NOMBRE": "ASOCIACION  INDIGENA  AYMARA SUMA MARKA DE CARIQUIMA", "PUEBLO": "AYMARA"}, "geometry": {"type": "Point", "coordinates": [-68.64570296471983, -19.46546732402583]}}, {"type": "Feature", "id": 2289, "properties": {"REGION": "TARAPACÁ", "COMUNA": "COLCHANE", "NOMBRE": "AYMARA  DE COMUNIDADES PRODUCTORAS  DE QUINUA  Y TURISMO DE LA COMUNA DE COLCHANE", "PUEBLO": "AYMARA"}, "geometry": {"type": "Point", "coordinates": [-68.63669183563522, -19.275397620212008]}}, {"type": "Feature", "id": 2290, "properties": {"REGION": "TARAPACÁ", "COMUNA": "COLCHANE", "NOMBRE": "ASOCIACIÓN INDIGENA AYMARA LAIRA MARKA DE ISLUGA", "PUEBLO": "AYMARA"}, "geometry": {"type": "Point", "coordinates": [-68.72213677481045, -19.251200887340794]}}, {"type": "Feature", "id": 2291, "properties": {"REGION": "TARAPACÁ", "COMUNA": "COLCHANE", "NOMBRE": "ASOCIACION INDIGENA AYMARA  SUMA JUIRA DE CARIQUIMA", "PUEBLO": "AYMARA"}, "geometry": {"type": "Point", "coordinates": [-68.64570296471983, -19.46546732402583]}}, {"type": "Feature", "id": 2292, "properties": {"REGION": "TARAPACÁ", "COMUNA": "COLCHANE", "NOMBRE": "ASOCIACION INDIGENA AYMARA CASTILLUMA ANAHUAY YAPU DE QUEBE", "PUEBLO": "AYMARA"}, "geometry": {"type": "Point", "coordinates": [-68.81467912244756, -19.45837159498953]}}, {"type": "Feature", "id": 2293, "properties": {"REGION": "TARAPACÁ", "COMUNA": "COLCHANE", "NOMBRE": "ASOCIACION INDIGENA AYMARA HIJOS DE PARAJALLA", "PUEBLO": "AYMARA"}, "geometry": {"type": "Point", "coordinates": [-68.92506664821434, -19.036664611592975]}}, {"type": "Feature", "id": 2294, "properties": {"REGION": "TARAPACÁ", "COMUNA": "COLCHANE", "NOMBRE": "ASOCIACION INDIGENA AYMARA HIJOS DE GAZA", "PUEBLO": "AYMARA"}, "geometry": {"type": "Point", "coordinates": [-68.63669183563522, -19.275397620212008]}}, {"type": "Feature", "id": 2295, "properties": {"REGION": "TARAPACÁ", "COMUNA": "COLCHANE", "NOMBRE": "ASOCIACION INDIGENA FERIANTES DE COLCHANE", "PUEBLO": "AYMARA"}, "geometry": {"type": "Point", "coordinates": [-68.63669183563522, -19.275397620212008]}}, {"type": "Feature", "id": 2296, "properties": {"REGION": "TARAPACÁ", "COMUNA": "COLCHANE", "NOMBRE": "AYMARA LAKITAS DE MAUQUE", "PUEBLO": "AYMARA"}, "geometry": {"type": "Point", "coordinates": [-68.88038628536954, -19.321005861194177]}}, {"type": "Feature", "id": 2297, "properties": {"REGION": "TARAPACÁ", "COMUNA": "COLCHANE", "NOMBRE": "ASOCIACION  INDIGENA AGIL MALLKU", "PUEBLO": "MULTICULTURAL"}, "geometry": {"type": "Point", "coordinates": [-68.92506664821434, -19.036664611592975]}}, {"type": "Feature", "id": 2298, "properties": {"REGION": "TARAPACÁ", "COMUNA": "COLCHANE", "NOMBRE": "ASOCIACION INDIGENA  AYMARA SIKURIS DE VILLABLANCA", "PUEBLO": "AYMARA"}, "geometry": {"type": "Point", "coordinates": [-68.64942871272342, -19.59342988748555]}}, {"type": "Feature", "id": 2299, "properties": {"REGION": "TARAPACÁ", "COMUNA": "COLCHANE", "NOMBRE": "ASOCIACION INDIGENA AYMARA QAPUR WARMINAJA", "PUEBLO": "AYMARA"}, "geometry": {"type": "Point", "coordinates": [-68.64942871272342, -19.59342988748555]}}, {"type": "Feature", "id": 2300, "properties": {"REGION": "TARAPACÁ", "COMUNA": "COLCHANE", "NOMBRE": "ASOCIACIÓN INDÍGENA AYMARA LUPE MARKA", "PUEBLO": "AYMARA"}, "geometry": {"type": "Point", "coordinates": [-68.63669183563522, -19.275397620212008]}}, {"type": "Feature", "id": 2301, "properties": {"REGION": "TARAPACÁ", "COMUNA": "ALTO HOSPICIO", "NOMBRE": "ASOCIACION INDIGENA EXPRESION CULTURAL EMIGRANTES HIJOS DE ISLUGA LAYRA MARKA", "PUEBLO": "AYMARA"}, "geometry": {"type": "Point", "coordinates": [-70.10294998012995, -20.266999630006]}}, {"type": "Feature", "id": 2302, "properties": {"REGION": "TARAPACÁ", "COMUNA": "ALTO HOSPICIO", "NOMBRE": "ASOCIACION INDIGENA MIGRANTES HIJOS DE ISLUGA", "PUEBLO": "AYMARA"}, "geometry": {"type": "Point", "coordinates": [-70.10726245423115, -20.268896918826442]}}, {"type": "Feature", "id": 2303, "properties": {"REGION": "TARAPACÁ", "COMUNA": "ALTO HOSPICIO", "NOMBRE": "ASOCIACION INDIGENA HIJOS DE SANTO TOMAS", "PUEBLO": "AYMARA"}, "geometry": {"type": "Point", "coordinates": [-70.10294998012995, -20.266999630006]}}, {"type": "Feature", "id": 2304, "properties": {"REGION": "TARAPACÁ", "COMUNA": "ALTO HOSPICIO", "NOMBRE": "ASOIACION DE MICRO EMPRESAS INDIGENAS", "PUEBLO": "AYMARA"}, "geometry": {"type": "Point", "coordinates": [-70.10294998012995, -20.266999630006]}}, {"type": "Feature", "id": 2305, "properties": {"REGION": "TARAPACÁ", "COMUNA": "ALTO HOSPICIO", "NOMBRE": "ASOCIACION INDIGENA MACHAJ MARKA", "PUEBLO": "AYMARA"}, "geometry": {"type": "Point", "coordinates": [-70.10548228289947, -20.266297005671518]}}, {"type": "Feature", "id": 2306, "properties": {"REGION": "TARAPACÁ", "COMUNA": "ALTO HOSPICIO", "NOMBRE": "ASOCIACION INDIGENA  AYMARA  PUEBLO DE COLCHANE", "PUEBLO": "AYMARA"}, "geometry": {"type": "Point", "coordinates": [-70.10122074373487, -20.26753454188619]}}, {"type": "Feature", "id": 2307, "properties": {"REGION": "TARAPACÁ", "COMUNA": "ALTO HOSPICIO", "NOMBRE": "ASOCIACION INDIGENA AYMARA AGROPECUARIA \"ASOIN-AGRO\"", "PUEBLO": "AYMARA"}, "geometry": {"type": "Point", "coordinates": [-70.09444391436669, -20.26099939922508]}}, {"type": "Feature", "id": 2308, "properties": {"REGION": "TARAPACÁ", "COMUNA": "ALTO HOSPICIO", "NOMBRE": "ASOCIACION INDIGENA AYMARA PINNAHUANY DE CENTRAL CITANI", "PUEBLO": "AYMARA"}, "geometry": {"type": "Point", "coordinates": [-70.10294998012995, -20.266999630006]}}, {"type": "Feature", "id": 2309, "properties": {"REGION": "TARAPACÁ", "COMUNA": "ALTO HOSPICIO", "NOMBRE": "AYMARA WARMIS SAWURI", "PUEBLO": "AYMARA"}, "geometry": {"type": "Point", "coordinates": [-70.09817086700978, -20.270887646789]}}, {"type": "Feature", "id": 2310, "properties": {"REGION": "TARAPACÁ", "COMUNA": "ALTO HOSPICIO", "NOMBRE": "ASOCIACION INDIGENA AYMARA COLCHANE INKA KOTA", "PUEBLO": "AYMARA"}, "geometry": {"type": "Point", "coordinates": [-70.10415876026433, -20.26733535370766]}}, {"type": "Feature", "id": 2311, "properties": {"REGION": "TARAPACÁ", "COMUNA": "ALTO HOSPICIO", "NOMBRE": "ASOCIACION INDIGENA AYMARA CENTRO DESARROLLO PUEBLO CEREMONIAL ISLUGA", "PUEBLO": "AYMARA"}, "geometry": {"type": "Point", "coordinates": [-70.10294998012995, -20.266999630006]}}, {"type": "Feature", "id": 2312, "properties": {"REGION": "TARAPACÁ", "COMUNA": "ALTO HOSPICIO", "NOMBRE": "ASOCIACION INDIGENA AYMARA INKA MARCA DE QUEBE", "PUEBLO": "AYMARA"}, "geometry": {"type": "Point", "coordinates": [-70.10124258130281, -20.266558609801603]}}, {"type": "Feature", "id": 2313, "properties": {"REGION": "TARAPACÁ", "COMUNA": "ALTO HOSPICIO", "NOMBRE": "ASOCIACION INDIGENA AYMARA CENTRO CULTURAL INTI MARKA", "PUEBLO": "AYMARA"}, "geometry": {"type": "Point", "coordinates": [-70.10195822185855, -20.266210776530237]}}, {"type": "Feature", "id": 2314, "properties": {"REGION": "TARAPACÁ", "COMUNA": "ALTO HOSPICIO", "NOMBRE": "ASOCIACION INDIGENA AYMARA DEVOTOS DE LA SANTA CRUZ DE CALANE", "PUEBLO": "AYMARA"}, "geometry": {"type": "Point", "coordinates": [-70.08256493698704, -20.280715633122327]}}, {"type": "Feature", "id": 2315, "properties": {"REGION": "TARAPACÁ", "COMUNA": "ALTO HOSPICIO", "NOMBRE": "ASOCIACION INDIGENA AYMARA HIJOS DE SANTO TOMAS DE ISLUGA", "PUEBLO": "AYMARA"}, "geometry": {"type": "Point", "coordinates": [-70.10395779095656, -20.27005619378276]}}, {"type": "Feature", "id": 2316, "properties": {"REGION": "TARAPACÁ", "COMUNA": "ALTO HOSPICIO", "NOMBRE": "ASOCIACION  INDIGENA AYMARA  FERIA TAMARUGAL LO VALLEDOR", "PUEBLO": "AYMARA"}, "geometry": {"type": "Point", "coordinates": [-70.10278180961195, -20.28519743022699]}}, {"type": "Feature", "id": 2317, "properties": {"REGION": "TARAPACÁ", "COMUNA": "ALTO HOSPICIO", "NOMBRE": "ASOCIACION INDIGENA AYMARA DE MUJERES ARTESANAS WARA-WARANAJAS DEL NORTE", "PUEBLO": "AYMARA"}, "geometry": {"type": "Point", "coordinates": [-70.1008267334433, -20.267329209016065]}}, {"type": "Feature", "id": 2318, "properties": {"REGION": "TARAPACÁ", "COMUNA": "ALTO HOSPICIO", "NOMBRE": "ASOCIACION INDIGENA AYMARA HIJOS DE SANTA ROSA", "PUEBLO": "AYMARA"}, "geometry": {"type": "Point", "coordinates": [-70.10738585599623, -20.25659933038231]}}, {"type": "Feature", "id": 2319, "properties": {"REGION": "TARAPACÁ", "COMUNA": "ALTO HOSPICIO", "NOMBRE": "ASOCACION INDIGENA AYMARA WAYNA JUTIRPACHA", "PUEBLO": "AYMARA"}, "geometry": {"type": "Point", "coordinates": [-70.09858730936293, -20.270198365816732]}}, {"type": "Feature", "id": 2320, "properties": {"REGION": "TARAPACÁ", "COMUNA": "ALTO HOSPICIO", "NOMBRE": "ASOCIACION  INDIGENA FERIA AGROPECUARIA Y ROTATIVA", "PUEBLO": "AYMARA"}, "geometry": {"type": "Point", "coordinates": [-70.10294998012995, -20.266999630006]}}, {"type": "Feature", "id": 2321, "properties": {"REGION": "TARAPACÁ", "COMUNA": "ALTO HOSPICIO", "NOMBRE": "ASOCIACION  INDIGENA  POBLADO  ECOLOGICO  Y AUTOSUSTENTABLE, WAYNA MARKA", "PUEBLO": "MULTICULTURAL"}, "geometry": {"type": "Point", "coordinates": [-70.10294998012995, -20.266999630006]}}, {"type": "Feature", "id": 2322, "properties": {"REGION": "TARAPACÁ", "COMUNA": "ALTO HOSPICIO", "NOMBRE": "ASOCIACION INDIGENA  AYMARA TRANSPORTES SAN LORENZO", "PUEBLO": "AYMARA"}, "geometry": {"type": "Point", "coordinates": [-70.10427438937114, -20.264732507276438]}}, {"type": "Feature", "id": 2323, "properties": {"REGION": "TARAPACÁ", "COMUNA": "ALTO HOSPICIO", "NOMBRE": "ASOCIACION DE ARTESANOS INDIGENAS  AYMARAS DEL E.P. DE ALTO HOSPICIO", "PUEBLO": "AYMARA"}, "geometry": {"type": "Point", "coordinates": [-70.10294998012995, -20.266999630006]}}, {"type": "Feature", "id": 2324, "properties": {"REGION": "TARAPACÁ", "COMUNA": "ALTO HOSPICIO", "NOMBRE": "ASOCIACION  INDIGENA  HUANCA - QUIÑUTA", "PUEBLO": "AYMARA"}, "geometry": {"type": "Point", "coordinates": [-70.10050734646838, -20.27770354861138]}}, {"type": "Feature", "id": 2325, "properties": {"REGION": "TARAPACÁ", "COMUNA": "ALTO HOSPICIO", "NOMBRE": "ASOCIACION INDIGENA MAPUCHE EYTFAMEO  MULEY NEHUEN", "PUEBLO": "MAPUCHE"}, "geometry": {"type": "Point", "coordinates": [-70.0910878895815, -20.279452041400596]}}, {"type": "Feature", "id": 2326, "properties": {"REGION": "TARAPACÁ", "COMUNA": "ALTO HOSPICIO", "NOMBRE": "ASOCIACION  DE TRANSPORTISTAS ANDINOS", "PUEBLO": "AYMARA"}, "geometry": {"type": "Point", "coordinates": [-70.10130627446891, -20.26744365306465]}}, {"type": "Feature", "id": 2327, "properties": {"REGION": "TARAPACÁ", "COMUNA": "ALTO HOSPICIO", "NOMBRE": "ASOCIACION INDIGENA AYMARA  TRANSPORTES  CARIQUIMA", "PUEBLO": "AYMARA"}, "geometry": {"type": "Point", "coordinates": [-70.10641773229321, -20.263192053976162]}}, {"type": "Feature", "id": 2328, "properties": {"REGION": "TARAPACÁ", "COMUNA": "ALTO HOSPICIO", "NOMBRE": "ASOCIACION INDIGENA AYMARA  MARKA PHATA MOLLE", "PUEBLO": "AYMARA"}, "geometry": {"type": "Point", "coordinates": [-70.10294998012995, -20.266999630006]}}, {"type": "Feature", "id": 2329, "properties": {"REGION": "TARAPACÁ", "COMUNA": "ALTO HOSPICIO", "NOMBRE": "ASOCIACION INDIGENA AYMARA \"AGAYMA\"", "PUEBLO": "AYMARA"}, "geometry": {"type": "Point", "coordinates": [-70.10401729525489, -20.264932899762208]}}, {"type": "Feature", "id": 2330, "properties": {"REGION": "TARAPACÁ", "COMUNA": "ALTO HOSPICIO", "NOMBRE": "ASOCIACION  INDIGENA  CENTRO CULTURAL  COMUNIDAD  TAQPACHANI \"ENTRE TODOS\"", "PUEBLO": "MULTICULTURAL"}, "geometry": {"type": "Point", "coordinates": [-70.0910878895815, -20.279452041400596]}}, {"type": "Feature", "id": 2331, "properties": {"REGION": "TARAPACÁ", "COMUNA": "ALTO HOSPICIO", "NOMBRE": "AYMARA  DE AGRICULTORES  Y GANADEROS DE HUANTACA", "PUEBLO": "AYMARA"}, "geometry": {"type": "Point", "coordinates": [-70.10294998012995, -20.266999630006]}}, {"type": "Feature", "id": 2332, "properties": {"REGION": "TARAPACÁ", "COMUNA": "ALTO HOSPICIO", "NOMBRE": "TEJEDORES ARTESANALES  WALY SAWURY DE ALTO HOSPICIO", "PUEBLO": "MULTICULTURAL"}, "geometry": {"type": "Point", "coordinates": [-70.10873688966966, -20.27023382923398]}}, {"type": "Feature", "id": 2333, "properties": {"REGION": "TARAPACÁ", "COMUNA": "ALTO HOSPICIO", "NOMBRE": "AYMARA \"SUMA QAMAÑA\"", "PUEBLO": "AYMARA"}, "geometry": {"type": "Point", "coordinates": [-70.10800259711576, -20.27200032160164]}}, {"type": "Feature", "id": 2334, "properties": {"REGION": "TARAPACÁ", "COMUNA": "ALTO HOSPICIO", "NOMBRE": "AYMARA  SOL NACIENTE DE ISLUGA", "PUEBLO": "AYMARA"}, "geometry": {"type": "Point", "coordinates": [-70.10686368618822, -20.29365564061628]}}, {"type": "Feature", "id": 2335, "properties": {"REGION": "TARAPACÁ", "COMUNA": "ALTO HOSPICIO", "NOMBRE": "ASOCIACION INDIGENA  MULTIETNICA HIJOS DE LA TIERRA", "PUEBLO": "MULTICULTURAL"}, "geometry": {"type": "Point", "coordinates": [-70.10294998012995, -20.266999630006]}}, {"type": "Feature", "id": 2336, "properties": {"REGION": "TARAPACÁ", "COMUNA": "ALTO HOSPICIO", "NOMBRE": "ASOCIACION  INDIGENA DE PEQUEÑOS Y MEDIANOS  EMPRESARIOS  MACHAQ MARKA", "PUEBLO": "AYMARA"}, "geometry": {"type": "Point", "coordinates": [-70.0943241915954, -20.275329898570085]}}, {"type": "Feature", "id": 2337, "properties": {"REGION": "TARAPACÁ", "COMUNA": "ALTO HOSPICIO", "NOMBRE": "ASOCIACIÓN INDIGENA \"CAMPUSANTO ANDINO\"", "PUEBLO": "MULTICULTURAL"}, "geometry": {"type": "Point", "coordinates": [-70.1026090114074, -20.268881083249333]}}, {"type": "Feature", "id": 2338, "properties": {"REGION": "TARAPACÁ", "COMUNA": "ALTO HOSPICIO", "NOMBRE": "ASOCIACION INDIGENA  AYMARA  AGUILAS  DE SILLAJUAY", "PUEBLO": "AYMARA"}, "geometry": {"type": "Point", "coordinates": [-70.09613283245157, -20.24517731111482]}}, {"type": "Feature", "id": 2339, "properties": {"REGION": "TARAPACÁ", "COMUNA": "ALTO HOSPICIO", "NOMBRE": "AYMARA AGRUPACION JAKCHA MARKA", "PUEBLO": "AYMARA"}, "geometry": {"type": "Point", "coordinates": [-70.10672103025664, -20.265457956325683]}}, {"type": "Feature", "id": 2340, "properties": {"REGION": "TARAPACÁ", "COMUNA": "ALTO HOSPICIO", "NOMBRE": "AYMARA DE FERIANTES INTI JALSU", "PUEBLO": "AYMARA"}, "geometry": {"type": "Point", "coordinates": [-70.10395779095656, -20.27005619378276]}}, {"type": "Feature", "id": 2341, "properties": {"REGION": "TARAPACÁ", "COMUNA": "ALTO HOSPICIO", "NOMBRE": "ASOCIACION INDIGENA  MAPUCHE  NEHUEN ÑUKE MAPU, FUERZA  MADRE TIERRA", "PUEBLO": "MAPUCHE"}, "geometry": {"type": "Point", "coordinates": [-70.1026090114074, -20.268881083249333]}}, {"type": "Feature", "id": 2342, "properties": {"REGION": "TARAPACÁ", "COMUNA": "ALTO HOSPICIO", "NOMBRE": "ASOCIACION INDIGENA AYMARA DE ARTESANAS Y ARTESANOS LAIRA SAWURI", "PUEBLO": "AYMARA"}, "geometry": {"type": "Point", "coordinates": [-70.140210937247, -20.23768635429411]}}, {"type": "Feature", "id": 2343, "properties": {"REGION": "TARAPACÁ", "COMUNA": "ALTO HOSPICIO", "NOMBRE": "ASOCIACION  INDIGENA AYMARA HIJOS DE JALSURI", "PUEBLO": "AYMARA"}, "geometry": {"type": "Point", "coordinates": [-70.10294998012995, -20.266999630006]}}, {"type": "Feature", "id": 2344, "properties": {"REGION": "TARAPACÁ", "COMUNA": "ALTO HOSPICIO", "NOMBRE": "ASOCIACION INDIGENA AYMARA JACHA UTA", "PUEBLO": "AYMARA"}, "geometry": {"type": "Point", "coordinates": [-70.10294998012995, -20.266999630006]}}, {"type": "Feature", "id": 2345, "properties": {"REGION": "TARAPACÁ", "COMUNA": "ALTO HOSPICIO", "NOMBRE": "ASOCIACION INDIGENA DE EMPRENDEDORES Y EMPRESARIOS TURISTICOS DEL TAMARUGAL JACH´A MARKA", "PUEBLO": "MULTICULTURAL"}, "geometry": {"type": "Point", "coordinates": [-70.10294998012995, -20.266999630006]}}, {"type": "Feature", "id": 2346, "properties": {"REGION": "TARAPACÁ", "COMUNA": "ALTO HOSPICIO", "NOMBRE": "ASOCIACION INDIGENA AYMARA Y COLLA CULTURAL, DEPORTIVO Y TURISTICO CHACHA WARMI", "PUEBLO": "MULTICULTURAL"}, "geometry": {"type": "Point", "coordinates": [-70.09506646979561, -20.26103165205646]}}, {"type": "Feature", "id": 2347, "properties": {"REGION": "TARAPACÁ", "COMUNA": "ALTO HOSPICIO", "NOMBRE": "ASOCIACION INDIGENA AYMARA \"ANAT MARKA HIJOS DE CARIQUIMA\"", "PUEBLO": "AYMARA"}, "geometry": {"type": "Point", "coordinates": [-70.10294998012995, -20.266999630006]}}, {"type": "Feature", "id": 2348, "properties": {"REGION": "TARAPACÁ", "COMUNA": "ALTO HOSPICIO", "NOMBRE": "ASOCIACION INDIGENA AYMARA PACHAMAMA YANAPIRI WAYNANAXA", "PUEBLO": "AYMARA"}, "geometry": {"type": "Point", "coordinates": [-70.10294998012995, -20.266999630006]}}, {"type": "Feature", "id": 2349, "properties": {"REGION": "TARAPACÁ", "COMUNA": "ALTO HOSPICIO", "NOMBRE": "ASOCIACION REGIONAL DE MUJERES INDIGENAS BARTOLINA SISA", "PUEBLO": "MULTICULTURAL"}, "geometry": {"type": "Point", "coordinates": [-70.10294998012995, -20.266999630006]}}, {"type": "Feature", "id": 2350, "properties": {"REGION": "TARAPACÁ", "COMUNA": "IQUIQUE", "NOMBRE": "ASOCIACION INDIGENA URBANA AYMAR MARKA", "PUEBLO": "AYMARA"}, "geometry": {"type": "Point", "coordinates": [-70.13833566246872, -20.228618270878915]}}, {"type": "Feature", "id": 2351, "properties": {"REGION": "TARAPACÁ", "COMUNA": "IQUIQUE", "NOMBRE": "ASOCIACION INDIGENA AYMARA DE TRANSPORTISTAS ANDINOS", "PUEBLO": "AYMARA"}, "geometry": {"type": "Point", "coordinates": [-70.13302788686244, -20.221352247147784]}}, {"type": "Feature", "id": 2352, "properties": {"REGION": "TARAPACÁ", "COMUNA": "IQUIQUE", "NOMBRE": "ASOCIACION INDIGENA AYMARA RESIDENTES PEQUEÑOS AGRICULTORES COMERCIANTES INTERCULTURALES- ASOIRPACIC", "PUEBLO": "AYMARA"}, "geometry": {"type": "Point", "coordinates": [-70.12954621591771, -20.226994519910317]}}, {"type": "Feature", "id": 2353, "properties": {"REGION": "TARAPACÁ", "COMUNA": "IQUIQUE", "NOMBRE": "ASOCIACION INDIGENA AYMARA HIJOS DE LIMAXIÑA", "PUEBLO": "AYMARA"}, "geometry": {"type": "Point", "coordinates": [-70.1332471528403, -20.229157161697923]}}, {"type": "Feature", "id": 2354, "properties": {"REGION": "TARAPACÁ", "COMUNA": "IQUIQUE", "NOMBRE": "ASOCIACION INDIGENA AYMARA DE LA FERIA AGRICOLA ANDINA PACHAMAMA", "PUEBLO": "AYMARA"}, "geometry": {"type": "Point", "coordinates": [-70.12504643243042, -20.253469178239467]}}, {"type": "Feature", "id": 2355, "properties": {"REGION": "TARAPACÁ", "COMUNA": "IQUIQUE", "NOMBRE": "ASOCIACION INDIGENA AYMARA HIJOS DE HUAVIÑA", "PUEBLO": "AYMARA"}, "geometry": {"type": "Point", "coordinates": [-70.13313261856251, -20.22920307661049]}}, {"type": "Feature", "id": 2356, "properties": {"REGION": "TARAPACÁ", "COMUNA": "IQUIQUE", "NOMBRE": "ASOCIACION INDIGENA AYMARA LIRA MARKA", "PUEBLO": "AYMARA"}, "geometry": {"type": "Point", "coordinates": [-70.13712427212346, -20.23447182461021]}}, {"type": "Feature", "id": 2357, "properties": {"REGION": "TARAPACÁ", "COMUNA": "IQUIQUE", "NOMBRE": "ASOCIACION INDIGENA AYMARA PLURIETNICA FERIA AGRICOLA ANDINA", "PUEBLO": "MULTICULTURAL"}, "geometry": {"type": "Point", "coordinates": [-70.14169098336112, -20.229310250868657]}}, {"type": "Feature", "id": 2358, "properties": {"REGION": "TARAPACÁ", "COMUNA": "IQUIQUE", "NOMBRE": "ASOCIACION INDIGENA QUECHUA HIJOS DE MIÑI - MIÑE", "PUEBLO": "QUECHUA"}, "geometry": {"type": "Point", "coordinates": [-70.1387332359416, -20.226691218387597]}}, {"type": "Feature", "id": 2359, "properties": {"REGION": "TARAPACÁ", "COMUNA": "IQUIQUE", "NOMBRE": "ASOCIACION INDIGENA AYMARA RENACER ANDINO", "PUEBLO": "AYMARA"}, "geometry": {"type": "Point", "coordinates": [-70.13347955026349, -20.230845224559477]}}, {"type": "Feature", "id": 2360, "properties": {"REGION": "TARAPACÁ", "COMUNA": "IQUIQUE", "NOMBRE": "ASOCIACION DE LOS COMITES TERRITORIALES ADI JIWASA ORAJE", "PUEBLO": "MULTICULTURAL"}, "geometry": {"type": "Point", "coordinates": [-70.14935078184602, -20.216556957586523]}}, {"type": "Feature", "id": 2361, "properties": {"REGION": "TARAPACÁ", "COMUNA": "IQUIQUE", "NOMBRE": "ASOCIACION INDIGENA HIJOS DE CHIAPA RENACER PACHAMAMA", "PUEBLO": "AYMARA"}, "geometry": {"type": "Point", "coordinates": [-70.15059060075052, -20.223758822586593]}}, {"type": "Feature", "id": 2362, "properties": {"REGION": "TARAPACÁ", "COMUNA": "IQUIQUE", "NOMBRE": "ASOCIACION INDIGENA AYMARA SAN PEDRO Y SAN PABLO DE SOTOCA", "PUEBLO": "AYMARA"}, "geometry": {"type": "Point", "coordinates": [-70.14055433074174, -20.2283328163123]}}, {"type": "Feature", "id": 2363, "properties": {"REGION": "TARAPACÁ", "COMUNA": "IQUIQUE", "NOMBRE": "ASOCIACION INDIGENA AYMARA MARKA SAWURI", "PUEBLO": "AYMARA"}, "geometry": {"type": "Point", "coordinates": [-70.10294998012995, -20.266999630006]}}, {"type": "Feature", "id": 2364, "properties": {"REGION": "TARAPACÁ", "COMUNA": "IQUIQUE", "NOMBRE": "CULTURAL  DE DEPORTE  Y RECREACION DE PUEBLOS ORIGINARIOS AYMARAS DE IQUIQUE", "PUEBLO": "AYMARA"}, "geometry": {"type": "Point", "coordinates": [-70.14953378529721, -20.22062154178986]}}, {"type": "Feature", "id": 2365, "properties": {"REGION": "TARAPACÁ", "COMUNA": "IQUIQUE", "NOMBRE": "ASOCIACION  INDIGENA AYMARA MACHAK INTI", "PUEBLO": "AYMARA"}, "geometry": {"type": "Point", "coordinates": [-70.13657289900405, -20.229731974747104]}}, {"type": "Feature", "id": 2366, "properties": {"REGION": "TARAPACÁ", "COMUNA": "IQUIQUE", "NOMBRE": "ASOCIACION DE EDUCACIÓN  SUPERIOR  ARU WAYNA", "PUEBLO": "MULTICULTURAL"}, "geometry": {"type": "Point", "coordinates": [-70.13633269573222, -20.241461071679137]}}, {"type": "Feature", "id": 2367, "properties": {"REGION": "TARAPACÁ", "COMUNA": "IQUIQUE", "NOMBRE": "ASOCIACION  REGIONAL  DE MUJERES  INDIGENAS  AYMARAS  BARTOLINA SISA", "PUEBLO": "AYMARA"}, "geometry": {"type": "Point", "coordinates": [-70.14935078184602, -20.216556957586523]}}, {"type": "Feature", "id": 2368, "properties": {"REGION": "TARAPACÁ", "COMUNA": "IQUIQUE", "NOMBRE": "ASOCIACION INDIGENA  SAYRA WAYLLA", "PUEBLO": "MULTICULTURAL"}, "geometry": {"type": "Point", "coordinates": [-70.13650955519246, -20.23418668389892]}}, {"type": "Feature", "id": 2369, "properties": {"REGION": "TARAPACÁ", "COMUNA": "IQUIQUE", "NOMBRE": "ASOCIACION INDIGENA AYMARA CORDILLERA NORTE", "PUEBLO": "AYMARA"}, "geometry": {"type": "Point", "coordinates": [-70.08663993943321, -20.27461877289135]}}, {"type": "Feature", "id": 2370, "properties": {"REGION": "TARAPACÁ", "COMUNA": "IQUIQUE", "NOMBRE": "PARA LA PROMOCION  Y EL DESARROLLO DE LA CULTURA ANDINA", "PUEBLO": "AYMARA"}, "geometry": {"type": "Point", "coordinates": [-70.15138554252141, -20.213417494970376]}}, {"type": "Feature", "id": 2371, "properties": {"REGION": "TARAPACÁ", "COMUNA": "IQUIQUE", "NOMBRE": "ASOCIACION INDIGENA AYMARA  URBANA CONSEJO  PROVINCIAL AYMARA O COPRAY", "PUEBLO": "AYMARA"}, "geometry": {"type": "Point", "coordinates": [-70.13347955026349, -20.230845224559477]}}, {"type": "Feature", "id": 2372, "properties": {"REGION": "TARAPACÁ", "COMUNA": "IQUIQUE", "NOMBRE": "ASOCIACION INDIGENA AYMARA JICHA PINIWA", "PUEBLO": "AYMARA"}, "geometry": {"type": "Point", "coordinates": [-70.13833566246872, -20.228618270878915]}}, {"type": "Feature", "id": 2373, "properties": {"REGION": "TARAPACÁ", "COMUNA": "IQUIQUE", "NOMBRE": "ASOCIACION INDIGENA AYMARAS  DE CALETA CHANAVAYA", "PUEBLO": "AYMARA"}, "geometry": {"type": "Point", "coordinates": [-70.13820190965411, -20.897995094946157]}}, {"type": "Feature", "id": 2374, "properties": {"REGION": "TARAPACÁ", "COMUNA": "IQUIQUE", "NOMBRE": "ASOCIACION DE AGRICULTORES AYMARAS Y PEQUEÑOS PRODUCTORES DE LA PROVINCIA DEL TAMARUGAL", "PUEBLO": "AYMARA"}, "geometry": {"type": "Point", "coordinates": [-70.10294998012995, -20.266999630006]}}, {"type": "Feature", "id": 2375, "properties": {"REGION": "TARAPACÁ", "COMUNA": "IQUIQUE", "NOMBRE": "ASOCIACION DE PUEBLOS  INDIGENAS DE LA REGION DE TARAPACA", "PUEBLO": "MULTICULTURAL"}, "geometry": {"type": "Point", "coordinates": [-70.12521242049415, -20.284458436114868]}}, {"type": "Feature", "id": 2376, "properties": {"REGION": "TARAPACÁ", "COMUNA": "IQUIQUE", "NOMBRE": "ASOCIACION INDIGENA AYMARA CAPORALES ORIGENES", "PUEBLO": "AYMARA"}, "geometry": {"type": "Point", "coordinates": [-70.10294998012995, -20.266999630006]}}, {"type": "Feature", "id": 2377, "properties": {"REGION": "TARAPACÁ", "COMUNA": "IQUIQUE", "NOMBRE": "ASOCIACION DE DESARROLLO INDIGENA RAICES ANDINAS", "PUEBLO": "MULTICULTURAL"}, "geometry": {"type": "Point", "coordinates": [-70.13959813723395, -20.232413849247504]}}, {"type": "Feature", "id": 2378, "properties": {"REGION": "TARAPACÁ", "COMUNA": "IQUIQUE", "NOMBRE": "ASOCIACION INDIGENA MULTIETNICA DE DANZAS FOLCLORICAS ANDINAS DE LA REGION DE TARAPACA", "PUEBLO": "AYMARA"}, "geometry": {"type": "Point", "coordinates": [-70.13707472831832, -20.239504686815366]}}, {"type": "Feature", "id": 2379, "properties": {"REGION": "TARAPACÁ", "COMUNA": "IQUIQUE", "NOMBRE": "ASOCIACION INDIGENA CH´AMA  MARKA", "PUEBLO": "MULTICULTURAL"}, "geometry": {"type": "Point", "coordinates": [-70.14082344978141, -20.244223763745513]}}, {"type": "Feature", "id": 2380, "properties": {"REGION": "TARAPACÁ", "COMUNA": "IQUIQUE", "NOMBRE": "ASOCIACION DE INDIGENAS MIGRANTES MALLKU T´ALLA", "PUEBLO": "MULTICULTURAL"}, "geometry": {"type": "Point", "coordinates": [-70.15353956552579, -20.21348467712295]}}, {"type": "Feature", "id": 2381, "properties": {"REGION": "TARAPACÁ", "COMUNA": "IQUIQUE", "NOMBRE": "DE MUJERES DE LA REGION DE TARAPACA O AMIRT", "PUEBLO": "AYMARA"}, "geometry": {"type": "Point", "coordinates": [-70.14097875357132, -20.215653829123948]}}, {"type": "Feature", "id": 2382, "properties": {"REGION": "TARAPACÁ", "COMUNA": "IQUIQUE", "NOMBRE": "WILAMASI DE PESCADORES MAMAQ´UTA, CALETA CHANAVAYA", "PUEBLO": "AYMARA"}, "geometry": {"type": "Point", "coordinates": [-70.1383941805697, -20.8979938143585]}}, {"type": "Feature", "id": 2383, "properties": {"REGION": "TARAPACÁ", "COMUNA": "IQUIQUE", "NOMBRE": "ASOCIACIÓN INDÍGENA MULTICULTURAL DE EMPRENDEDORES EN GASTRONOMÍA Y ARTESANOS DE LA REGIÓN DE TARAPACÁ \"EXPO ANDINA\".", "PUEBLO": "MULTICULTURAL"}, "geometry": {"type": "Point", "coordinates": [-70.14097875357132, -20.215653829123948]}}, {"type": "Feature", "id": 2384, "properties": {"REGION": "TARAPACÁ", "COMUNA": "IQUIQUE", "NOMBRE": "ASOCIACION INDIGENA YAYAEL", "PUEBLO": "MULTICULTURAL"}, "geometry": {"type": "Point", "coordinates": [-70.18248039891111, -20.66191388519038]}}, {"type": "Feature", "id": 2385, "properties": {"REGION": "TARAPACÁ", "COMUNA": "POZO ALMONTE", "NOMBRE": "ASOCIACION INDIGENA AYQUEDIMA", "PUEBLO": "MULTICULTURAL"}, "geometry": {"type": "Point", "coordinates": [-69.77940007350215, -20.26359753356696]}}, {"type": "Feature", "id": 2386, "properties": {"REGION": "TARAPACÁ", "COMUNA": "POZO ALMONTE", "NOMBRE": "ASOCIACIÓN INDÍGENA DE MUJERES EMPRENDEDORAS Y ARTESANAS IRNAQIR WARMI", "PUEBLO": "AYMARA"}, "geometry": {"type": "Point", "coordinates": [-69.78595117243859, -20.258103266237143]}}, {"type": "Feature", "id": 2387, "properties": {"REGION": "TARAPACÁ", "COMUNA": "POZO ALMONTE", "NOMBRE": "ASOCIACION INDIGENA DIAGUITA, SOCIAL, CULTURAL Y AGRICOLA CAYMANQUE", "PUEBLO": "MULTICULTURAL"}, "geometry": {"type": "Point", "coordinates": [-69.78841500992863, -20.256059955793788]}}, {"type": "Feature", "id": 2388, "properties": {"REGION": "TARAPACÁ", "COMUNA": "POZO ALMONTE", "NOMBRE": "ASOCIACION INDIGENA FUERZA, CALICHE Y SOL", "PUEBLO": "MULTICULTURAL"}, "geometry": {"type": "Point", "coordinates": [-69.78313906447484, -20.268901269631133]}}, {"type": "Feature", "id": 2389, "properties": {"REGION": "ARICA Y PARINACOTA", "COMUNA": "ARICA", "NOMBRE": "ASOCIACION INDIGENA HIJOS DE HUAVIÑA", "PUEBLO": "AYMARA"}, "geometry": {"type": "Point", "coordinates": [-70.29719138161288, -18.47770778507113]}}, {"type": "Feature", "id": 2390, "properties": {"REGION": "ARICA Y PARINACOTA", "COMUNA": "ARICA", "NOMBRE": "ASOCIACION INDIGENA DE PROFESIONALES AYMARA", "PUEBLO": "AYMARA"}, "geometry": {"type": "Point", "coordinates": [-70.29460425936371, -18.48087594005508]}}, {"type": "Feature", "id": 2391, "properties": {"REGION": "ARICA Y PARINACOTA", "COMUNA": "ARICA", "NOMBRE": "ASOCIACION INDIGENA DE PRODUCTORES, COMERCIALIZADORES Y FAENADORES DE CARNE", "PUEBLO": "AYMARA"}, "geometry": {"type": "Point", "coordinates": [-70.28978244421441, -18.47676697626095]}}, {"type": "Feature", "id": 2392, "properties": {"REGION": "ARICA Y PARINACOTA", "COMUNA": "ARICA", "NOMBRE": "ASOCIACION INDIGENA DE ARTESANAS AYMARAS \"ASOINQAY\"", "PUEBLO": "AYMARA"}, "geometry": {"type": "Point", "coordinates": [-70.29451329779087, -18.47236553194947]}}, {"type": "Feature", "id": 2393, "properties": {"REGION": "ARICA Y PARINACOTA", "COMUNA": "ARICA", "NOMBRE": "ASOCIACION INDIGENA URBANA PACHA ARU", "PUEBLO": "AYMARA"}, "geometry": {"type": "Point", "coordinates": [-70.29460863041503, -18.48088687037047]}}, {"type": "Feature", "id": 2394, "properties": {"REGION": "ARICA Y PARINACOTA", "COMUNA": "ARICA", "NOMBRE": "ASOCIACION INDIGENA ALTO AZAPA", "PUEBLO": "AYMARA"}, "geometry": {"type": "Point", "coordinates": [-70.30068668178464, -18.45518501299574]}}, {"type": "Feature", "id": 2395, "properties": {"REGION": "ARICA Y PARINACOTA", "COMUNA": "ARICA", "NOMBRE": "ASOCIACION INDIGENA DE ARTESANOS AYMARAS DE CARIQUIMA RESIDENTES EN ARICA \"ASOIN-ARTE CARIQUIMA\"", "PUEBLO": "AYMARA"}, "geometry": {"type": "Point", "coordinates": [-70.28439861456374, -18.49787637427751]}}, {"type": "Feature", "id": 2396, "properties": {"REGION": "ARICA Y PARINACOTA", "COMUNA": "ARICA", "NOMBRE": "ASOCIACION INDIGENA DE MICROEMPRESARIOS AYMARAS \"ASOIMA\"", "PUEBLO": "AYMARA"}, "geometry": {"type": "Point", "coordinates": [-70.28276532210072, -18.47627484630289]}}, {"type": "Feature", "id": 2397, "properties": {"REGION": "ARICA Y PARINACOTA", "COMUNA": "ARICA", "NOMBRE": "ASOCIACION INDIGENA CULTURAL HIJOS DE CAQUENA", "PUEBLO": "AYMARA"}, "geometry": {"type": "Point", "coordinates": [-70.29130992216979, -18.45326696179544]}}, {"type": "Feature", "id": 2398, "properties": {"REGION": "ARICA Y PARINACOTA", "COMUNA": "ARICA", "NOMBRE": "ASOCIACION INDIGENA DE CALAPAMPA", "PUEBLO": "AYMARA"}, "geometry": {"type": "Point", "coordinates": [-70.30402238477022, -18.49291132543142]}}, {"type": "Feature", "id": 2399, "properties": {"REGION": "ARICA Y PARINACOTA", "COMUNA": "ARICA", "NOMBRE": "ASOCIACION DE AGRICULTORES INDIGENAS AYMARAS RESIDENTES EN CALETA VITOR \"AGRICALI\"", "PUEBLO": "AYMARA"}, "geometry": {"type": "Point", "coordinates": [-70.28542964878656, -18.43666933193058]}}, {"type": "Feature", "id": 2400, "properties": {"REGION": "ARICA Y PARINACOTA", "COMUNA": "ARICA", "NOMBRE": "ASOCIACION INDIGENA AYMARA DE PEQUEÑOS AGRICULTORES \"HIJOS DEL SOL\"", "PUEBLO": "AYMARA"}, "geometry": {"type": "Point", "coordinates": [-70.28509335438739, -18.49687980927082]}}, {"type": "Feature", "id": 2401, "properties": {"REGION": "ARICA Y PARINACOTA", "COMUNA": "ARICA", "NOMBRE": "ASOCIACION INDIGENA PARA LA SALUD AYMARA \"KOLLASUYO\"", "PUEBLO": "AYMARA"}, "geometry": {"type": "Point", "coordinates": [-70.2949956066463, -18.48489004797641]}}, {"type": "Feature", "id": 2402, "properties": {"REGION": "ARICA Y PARINACOTA", "COMUNA": "ARICA", "NOMBRE": "ASOC. AYMARA MUJER, JEFAS DE HOGAR, MICROEMPRESARIAS Y EMPRENDEDORAS, PROV. ARICA Y PARINACOTA \"MACHAX MARAX\"", "PUEBLO": "AYMARA"}, "geometry": {"type": "Point", "coordinates": [-70.29639190646732, -18.47867226175579]}}, {"type": "Feature", "id": 2403, "properties": {"REGION": "ARICA Y PARINACOTA", "COMUNA": "ARICA", "NOMBRE": "ASOCIACION INDIGENA \"ESCUELA DE BAILES ANDINOS MACHAQ PACHA\"", "PUEBLO": "AYMARA"}, "geometry": {"type": "Point", "coordinates": [-70.28627475947195, -18.4809633240226]}}, {"type": "Feature", "id": 2404, "properties": {"REGION": "ARICA Y PARINACOTA", "COMUNA": "ARICA", "NOMBRE": "ASOCIACION INDIGENA DE PRESTADORES DE SERVICIO Y GUIAS DE TURISMO DE LA PROVINCIA DE PARINACOTA Y ARICA \"ASIPSTUR\"", "PUEBLO": "AYMARA"}, "geometry": {"type": "Point", "coordinates": [-70.2866908149756, -18.47099391764652]}}, {"type": "Feature", "id": 2405, "properties": {"REGION": "ARICA Y PARINACOTA", "COMUNA": "ARICA", "NOMBRE": "ASOCIACION INDIGENA \"JAWIRA-LLUTA\"", "PUEBLO": "AYMARA"}, "geometry": {"type": "Point", "coordinates": [-70.28971235676768, -18.4820110323904]}}, {"type": "Feature", "id": 2406, "properties": {"REGION": "ARICA Y PARINACOTA", "COMUNA": "ARICA", "NOMBRE": "ASOCIACION INDIGENA AYMARA ASOCIACION ANDINA DE FUTBOL DE ARICA", "PUEBLO": "AYMARA"}, "geometry": {"type": "Point", "coordinates": [-70.2870908425106, -18.48541548683008]}}, {"type": "Feature", "id": 2407, "properties": {"REGION": "ARICA Y PARINACOTA", "COMUNA": "ARICA", "NOMBRE": "ASOCIACION INDIGENA CENTRO DE DESARROLLO AYMARA DE LAS PROVINICIAS DE ARICA Y PARINACOTA", "PUEBLO": "AYMARA"}, "geometry": {"type": "Point", "coordinates": [-70.28795818485159, -18.48099219270728]}}, {"type": "Feature", "id": 2408, "properties": {"REGION": "ARICA Y PARINACOTA", "COMUNA": "ARICA", "NOMBRE": "ASOC. INDIG. DE MICROEMPRES. POR EL DESARR. CULTURAL E INDUSTR., PROV. DE ARICA Y PARINACOTA \"AYLLU COTACOTANI\"", "PUEBLO": "AYMARA"}, "geometry": {"type": "Point", "coordinates": [-70.2896444003212, -18.47925550715751]}}, {"type": "Feature", "id": 2409, "properties": {"REGION": "ARICA Y PARINACOTA", "COMUNA": "ARICA", "NOMBRE": "ASOCIACION INDIGENA CULTURAL HIJOS DE PUTRE", "PUEBLO": "AYMARA"}, "geometry": {"type": "Point", "coordinates": [-70.30498480573665, -18.47864117513833]}}, {"type": "Feature", "id": 2410, "properties": {"REGION": "ARICA Y PARINACOTA", "COMUNA": "ARICA", "NOMBRE": "ASOCIACION INDIGENA AGRUPACION FOLKLORICA DE DANZAS ANDINAS KOLLAS AYMARAS", "PUEBLO": "AYMARA"}, "geometry": {"type": "Point", "coordinates": [-70.28495265485864, -18.49673050659036]}}, {"type": "Feature", "id": 2411, "properties": {"REGION": "ARICA Y PARINACOTA", "COMUNA": "ARICA", "NOMBRE": "ASOCIACIÓN INDÍGENA PUEBLO ORIGINARIO HIJOS DE LA TIERRA", "PUEBLO": "MULTICULTURAL"}, "geometry": {"type": "Point", "coordinates": [-70.29720262084513, -18.5004771936196]}}, {"type": "Feature", "id": 2412, "properties": {"REGION": "ARICA Y PARINACOTA", "COMUNA": "ARICA", "NOMBRE": "ASOCIACION INDIGENA TARQUEROS Y COMPARSAS DE MOLINO", "PUEBLO": "AYMARA"}, "geometry": {"type": "Point", "coordinates": [-70.28776868008111, -18.48229534226008]}}, {"type": "Feature", "id": 2413, "properties": {"REGION": "ARICA Y PARINACOTA", "COMUNA": "ARICA", "NOMBRE": "ASOCIASION INDIGENA \"JIWASA CHAMANPI CON NUESTRA FUERZA\"", "PUEBLO": "AYMARA"}, "geometry": {"type": "Point", "coordinates": [-70.2687914757383, -18.40236330601705]}}, {"type": "Feature", "id": 2414, "properties": {"REGION": "ARICA Y PARINACOTA", "COMUNA": "ARICA", "NOMBRE": "ASOCIACION INDIGENA TIERRA NUEVA", "PUEBLO": "AYMARA"}, "geometry": {"type": "Point", "coordinates": [-70.28116505753263, -18.48359209555743]}}, {"type": "Feature", "id": 2415, "properties": {"REGION": "ARICA Y PARINACOTA", "COMUNA": "ARICA", "NOMBRE": "ASOCIACION INDIGENA CHOJNIA PAJATA", "PUEBLO": "AYMARA"}, "geometry": {"type": "Point", "coordinates": [-70.31271236688615, -18.4822797599459]}}, {"type": "Feature", "id": 2416, "properties": {"REGION": "ARICA Y PARINACOTA", "COMUNA": "ARICA", "NOMBRE": "ASOCIACION INDIGENA CAMINO DEL INCA", "PUEBLO": "AYMARA"}, "geometry": {"type": "Point", "coordinates": [-70.28476376531077, -18.48364408340093]}}, {"type": "Feature", "id": 2417, "properties": {"REGION": "ARICA Y PARINACOTA", "COMUNA": "ARICA", "NOMBRE": "ASOCIACION INDIGENA LA TIERRA PROMETIDA", "PUEBLO": "AYMARA"}, "geometry": {"type": "Point", "coordinates": [-70.30911216055426, -18.50311115627469]}}, {"type": "Feature", "id": 2418, "properties": {"REGION": "ARICA Y PARINACOTA", "COMUNA": "ARICA", "NOMBRE": "ASOCIACION INDIGENA DE LAS MUJERES RURALES Y URBANA DE LA I REGIÓN, COORDINADORA DE LA MUJER INDIGENA RURAL Y URBANA", "PUEBLO": "AYMARA"}, "geometry": {"type": "Point", "coordinates": [-70.2925193065709, -18.43697949568914]}}, {"type": "Feature", "id": 2419, "properties": {"REGION": "ARICA Y PARINACOTA", "COMUNA": "ARICA", "NOMBRE": "ASOCIACION INDÍGENA DE MICROEMPRESARIOS AGRICOLAS SUMA PACHA\"", "PUEBLO": "AYMARA"}, "geometry": {"type": "Point", "coordinates": [-70.27977475467591, -18.48307096201004]}}, {"type": "Feature", "id": 2420, "properties": {"REGION": "ARICA Y PARINACOTA", "COMUNA": "ARICA", "NOMBRE": "ASOCIACION INDIGENA CULTURAL RAICES CODPEÑAS", "PUEBLO": "AYMARA"}, "geometry": {"type": "Point", "coordinates": [-70.2915588402872, -18.43999353939622]}}, {"type": "Feature", "id": 2421, "properties": {"REGION": "ARICA Y PARINACOTA", "COMUNA": "ARICA", "NOMBRE": "ASOCIACION INDIGENA CAPORALES SANGRE ANDINA", "PUEBLO": "AYMARA"}, "geometry": {"type": "Point", "coordinates": [-70.28258550180412, -18.50039232012834]}}, {"type": "Feature", "id": 2422, "properties": {"REGION": "ARICA Y PARINACOTA", "COMUNA": "ARICA", "NOMBRE": "ASOCIACION INDIGENA DE GUIAS AYMARAS DEL TURISMO DEL PARQUE LAUCA (A.G.U.I.T.A.)", "PUEBLO": "AYMARA"}, "geometry": {"type": "Point", "coordinates": [-70.28511725456636, -18.48191665740842]}}, {"type": "Feature", "id": 2423, "properties": {"REGION": "ARICA Y PARINACOTA", "COMUNA": "ARICA", "NOMBRE": "ASOC. INDIGENA AYMARAS DE GENERAL LAGOS \"MARKAS LAYKU\"", "PUEBLO": "AYMARA"}, "geometry": {"type": "Point", "coordinates": [-70.2961936142866, -18.48048273342819]}}, {"type": "Feature", "id": 2424, "properties": {"REGION": "ARICA Y PARINACOTA", "COMUNA": "ARICA", "NOMBRE": "ASOCIACION INDGENA DE LA LENGUA AYMARA \"AYMAR ARUSIÑ KUTISIÑANI\"", "PUEBLO": "AYMARA"}, "geometry": {"type": "Point", "coordinates": [-70.28388669506535, -18.47731176185536]}}, {"type": "Feature", "id": 2425, "properties": {"REGION": "ARICA Y PARINACOTA", "COMUNA": "ARICA", "NOMBRE": "ASOCIACION INDIGENA AYMARA DE MUJERES Y FAMILIA JEFES DE HOGAR MICROEMPRESARIOS \"SUMA PHASIX\"", "PUEBLO": "AYMARA"}, "geometry": {"type": "Point", "coordinates": [-70.29639181967116, -18.47868110997173]}}, {"type": "Feature", "id": 2426, "properties": {"REGION": "ARICA Y PARINACOTA", "COMUNA": "ARICA", "NOMBRE": "ASOCIACION INDIGENA \"MAPUCHE PIKUN ARICA\"", "PUEBLO": "MAPUCHE"}, "geometry": {"type": "Point", "coordinates": [-70.29621000973918, -18.47845667761525]}}, {"type": "Feature", "id": 2427, "properties": {"REGION": "ARICA Y PARINACOTA", "COMUNA": "ARICA", "NOMBRE": "ASOCIACION INDIGENA AYMARA DE LOMBRICULTORES DEL LA QUEBRADA DE ACHA", "PUEBLO": "AYMARA"}, "geometry": {"type": "Point", "coordinates": [-70.29296091162368, -18.48099673484782]}}, {"type": "Feature", "id": 2428, "properties": {"REGION": "ARICA Y PARINACOTA", "COMUNA": "ARICA", "NOMBRE": "ASOC. INDIGENA JACHAMARKATIÑA", "PUEBLO": "AYMARA"}, "geometry": {"type": "Point", "coordinates": [-70.2855105375257, -18.45738327373556]}}, {"type": "Feature", "id": 2429, "properties": {"REGION": "ARICA Y PARINACOTA", "COMUNA": "ARICA", "NOMBRE": "ASOCIACION INDIGENA INSTITUTO DE LAS CIENCIAS, CULTURAS Y TECNOLOGIAS INDIGENAS YATIÑA UTA", "PUEBLO": "AYMARA"}, "geometry": {"type": "Point", "coordinates": [-70.3012636846749, -18.47908421857786]}}, {"type": "Feature", "id": 2430, "properties": {"REGION": "ARICA Y PARINACOTA", "COMUNA": "ARICA", "NOMBRE": "ASOCIACION INDIGENA SOCIAL Y CULTURAL RAICES DE GUALLATIRE", "PUEBLO": "AYMARA"}, "geometry": {"type": "Point", "coordinates": [-70.30636723013569, -18.48329722983494]}}, {"type": "Feature", "id": 2431, "properties": {"REGION": "ARICA Y PARINACOTA", "COMUNA": "ARICA", "NOMBRE": "ASOCIACION INDIGENA TIERRA MAR", "PUEBLO": "AYMARA"}, "geometry": {"type": "Point", "coordinates": [-70.29483, -18.78156]}}, {"type": "Feature", "id": 2432, "properties": {"REGION": "ARICA Y PARINACOTA", "COMUNA": "ARICA", "NOMBRE": "ASOCIACION INDIGENA ANDINO RURAL DEPORTIVO CULTURAL", "PUEBLO": "AYMARA"}, "geometry": {"type": "Point", "coordinates": [-70.27767009540737, -18.48497761541428]}}, {"type": "Feature", "id": 2433, "properties": {"REGION": "ARICA Y PARINACOTA", "COMUNA": "ARICA", "NOMBRE": "ASOCIACION INDIGENA CULTURAL \"FRATERNIDAD INTI RAYMI\"", "PUEBLO": "AYMARA"}, "geometry": {"type": "Point", "coordinates": [-70.28569522750621, -18.43362509844838]}}, {"type": "Feature", "id": 2434, "properties": {"REGION": "ARICA Y PARINACOTA", "COMUNA": "ARICA", "NOMBRE": "DE PEQUEÑOS Y MICROEMPRESARIOS TURISTICOS DE ARICA Y PARINACOTA", "PUEBLO": "AYMARA"}, "geometry": {"type": "Point", "coordinates": [-70.31643779873403, -18.47841510182742]}}, {"type": "Feature", "id": 2435, "properties": {"REGION": "ARICA Y PARINACOTA", "COMUNA": "ARICA", "NOMBRE": "ASOCIACION INDIGENA DE MUJERES DE PUEBLOS ORIGINARIOS DE ARICA Y PARINACOTA \"NAYRA MARKA\"", "PUEBLO": "AYMARA"}, "geometry": {"type": "Point", "coordinates": [-70.28646087849398, -18.50227438611415]}}, {"type": "Feature", "id": 2436, "properties": {"REGION": "ARICA Y PARINACOTA", "COMUNA": "ARICA", "NOMBRE": "CONSEJO NACIONAL AYMARA DE LA COMUNA DE ARICA URBANO", "PUEBLO": "AYMARA"}, "geometry": {"type": "Point", "coordinates": [-70.28223516528223, -18.47065192095144]}}, {"type": "Feature", "id": 2437, "properties": {"REGION": "ARICA Y PARINACOTA", "COMUNA": "ARICA", "NOMBRE": "CENTRO INVESTIGACION DE LAS ARTES Y CULTURA DE LOS PUEBLOS ORIGINARIOS", "PUEBLO": "AYMARA"}, "geometry": {"type": "Point", "coordinates": [-70.31610711287631, -18.48032384965708]}}, {"type": "Feature", "id": 2438, "properties": {"REGION": "ARICA Y PARINACOTA", "COMUNA": "ARICA", "NOMBRE": "DEL VALLE DE LLUTA \"MARKAN PACHAQHANTATI\"", "PUEBLO": "AYMARA"}, "geometry": {"type": "Point", "coordinates": [-70.06758152203423, -18.45171532073969]}}, {"type": "Feature", "id": 2439, "properties": {"REGION": "ARICA Y PARINACOTA", "COMUNA": "ARICA", "NOMBRE": "ASOCIACION INDIGENA DE PEQUEÑOS Y MEDIANOS AGRICULTORES LOS LAGOS", "PUEBLO": "AYMARA"}, "geometry": {"type": "Point", "coordinates": [-70.29393501712953, -18.49272301379219]}}, {"type": "Feature", "id": 2440, "properties": {"REGION": "ARICA Y PARINACOTA", "COMUNA": "ARICA", "NOMBRE": "ASOCIACION INDIGENA AYMARA CENTRO DE DESARROLLO CULTURAL DE LA REGION ARICA PARINACOTA \"SUMA JAWIRA\"", "PUEBLO": "AYMARA"}, "geometry": {"type": "Point", "coordinates": [-70.31475039820525, -18.47784812720372]}}, {"type": "Feature", "id": 2441, "properties": {"REGION": "ARICA Y PARINACOTA", "COMUNA": "ARICA", "NOMBRE": "ASOCIACION INDIGENA DE PEQUEÑOS AGRICULTORES HIJOS DEL SOL NACIENTE\"", "PUEBLO": "AYMARA"}, "geometry": {"type": "Point", "coordinates": [-70.28186565058137, -18.47797023487813]}}, {"type": "Feature", "id": 2442, "properties": {"REGION": "ARICA Y PARINACOTA", "COMUNA": "ARICA", "NOMBRE": "CONSEJO DE PUEBLOS ORIGINARIOS DE ARICA Y PARINACOTA", "PUEBLO": "AYMARA"}, "geometry": {"type": "Point", "coordinates": [-70.31134083718368, -18.48285693257781]}}, {"type": "Feature", "id": 2443, "properties": {"REGION": "ARICA Y PARINACOTA", "COMUNA": "ARICA", "NOMBRE": "ASOCIACION INDIGENA URAQI DE LA GUAYABA", "PUEBLO": "AYMARA"}, "geometry": {"type": "Point", "coordinates": [-70.28750105381079, -18.45797054276864]}}, {"type": "Feature", "id": 2444, "properties": {"REGION": "ARICA Y PARINACOTA", "COMUNA": "ARICA", "NOMBRE": "ASOCIACION INDIGENA AYMARA DE GANADEROS DE LA REGION DE ARICA-PARINACOTA\"", "PUEBLO": "AYMARA"}, "geometry": {"type": "Point", "coordinates": [-70.3147500682245, -18.47784707165638]}}, {"type": "Feature", "id": 2445, "properties": {"REGION": "ARICA Y PARINACOTA", "COMUNA": "ARICA", "NOMBRE": "ASOCIACION INDIGENA UNION COMUNAL PUEBLOS ORIGINARIOS DE LA REGION DE ARICA Y PARINACOTA \"AMAUTAS\"", "PUEBLO": "AYMARA"}, "geometry": {"type": "Point", "coordinates": [-70.30640698202282, -18.47661233620956]}}, {"type": "Feature", "id": 2446, "properties": {"REGION": "ARICA Y PARINACOTA", "COMUNA": "ARICA", "NOMBRE": "ASOCIACION INDIGENA AGRICULTORES DE AZAPA", "PUEBLO": "AYMARA"}, "geometry": {"type": "Point", "coordinates": [-70.08183246339009, -18.57341624502405]}}, {"type": "Feature", "id": 2447, "properties": {"REGION": "ARICA Y PARINACOTA", "COMUNA": "ARICA", "NOMBRE": "ASOCIACION INDIGENA MORENADA VERDADEROS INTOCABLES DE ARICA - CHILE", "PUEBLO": "AYMARA"}, "geometry": {"type": "Point", "coordinates": [-70.31448304888123, -18.47902392445753]}}, {"type": "Feature", "id": 2448, "properties": {"REGION": "ARICA Y PARINACOTA", "COMUNA": "ARICA", "NOMBRE": "ASOCIACION INDIGENA COORDINADORA DE MUJERES DE PUEBLOS ORIGINARIOS ARICA Y PARINACOTA", "PUEBLO": "AYMARA"}, "geometry": {"type": "Point", "coordinates": [-70.30184799123852, -18.48559855149771]}}, {"type": "Feature", "id": 2449, "properties": {"REGION": "ARICA Y PARINACOTA", "COMUNA": "ARICA", "NOMBRE": "ASOCIACION INDIGENA CULTURAL Y DEPORTIVO \"SUMA IRPA CORACEROS\"", "PUEBLO": "AYMARA"}, "geometry": {"type": "Point", "coordinates": [-70.27958569421376, -18.5047466043487]}}, {"type": "Feature", "id": 2450, "properties": {"REGION": "ARICA Y PARINACOTA", "COMUNA": "ARICA", "NOMBRE": "ASOCIACION INDIGENA JALANTA QULLANA SUYU WIÑAYA AYMARA MARKA-PARLAMENTO DEL PUEBLO QULLANA AYMARA P.P.Q.A.", "PUEBLO": "AYMARA"}, "geometry": {"type": "Point", "coordinates": [-70.3143319739468, -18.47850603969637]}}, {"type": "Feature", "id": 2451, "properties": {"REGION": "ARICA Y PARINACOTA", "COMUNA": "ARICA", "NOMBRE": "ASOCIACION INDIGNEA ECOLOGICA HIJOS DE CAMIÑA", "PUEBLO": "AYMARA"}, "geometry": {"type": "Point", "coordinates": [-70.28697640339428, -18.48325924663379]}}, {"type": "Feature", "id": 2452, "properties": {"REGION": "ARICA Y PARINACOTA", "COMUNA": "ARICA", "NOMBRE": "ASOCIACION INDIGENA \"WALI QHANTATI ARICA Y PARINACOTA", "PUEBLO": "AYMARA"}, "geometry": {"type": "Point", "coordinates": [-70.27978154440483, -18.48306824053272]}}, {"type": "Feature", "id": 2453, "properties": {"REGION": "ARICA Y PARINACOTA", "COMUNA": "ARICA", "NOMBRE": "ASOCIACION INDIGENA TATA INTI", "PUEBLO": "AYMARA"}, "geometry": {"type": "Point", "coordinates": [-70.29032633634012, -18.43253085221538]}}, {"type": "Feature", "id": 2454, "properties": {"REGION": "ARICA Y PARINACOTA", "COMUNA": "ARICA", "NOMBRE": "ASOCIACION INDIGENA AYMARA AYMAR ARU SARAYIRI", "PUEBLO": "AYMARA"}, "geometry": {"type": "Point", "coordinates": [-70.28568264073894, -18.4396519548437]}}, {"type": "Feature", "id": 2455, "properties": {"REGION": "ARICA Y PARINACOTA", "COMUNA": "ARICA", "NOMBRE": "ASOCIACION INDIGENA DE ASOCIACIONES DE AGRICULTORES AYMARAS \"JIWASAN PACHAMAM LAYKU\"", "PUEBLO": "AYMARA"}, "geometry": {"type": "Point", "coordinates": [-70.29460774484258, -18.4808815949788]}}, {"type": "Feature", "id": 2456, "properties": {"REGION": "ARICA Y PARINACOTA", "COMUNA": "ARICA", "NOMBRE": "ASOCIACION INDIGENA SAN MARTIN DE ALTO RAMIREZ", "PUEBLO": "AYMARA"}, "geometry": {"type": "Point", "coordinates": [-70.28963818312322, -18.47743012285964]}}, {"type": "Feature", "id": 2457, "properties": {"REGION": "ARICA Y PARINACOTA", "COMUNA": "ARICA", "NOMBRE": "ASOCIACION INDIGENA SUMA KOLLA", "PUEBLO": "AYMARA"}, "geometry": {"type": "Point", "coordinates": [-70.28170322568631, -18.45807181772169]}}, {"type": "Feature", "id": 2458, "properties": {"REGION": "ARICA Y PARINACOTA", "COMUNA": "ARICA", "NOMBRE": "ASOCIACION INDIGENA SOCIAL CULTURAL JARDIN FLORIDO, HIJOS DE TICNAMAR", "PUEBLO": "AYMARA"}, "geometry": {"type": "Point", "coordinates": [-70.29612437394667, -18.48343084663422]}}, {"type": "Feature", "id": 2459, "properties": {"REGION": "ARICA Y PARINACOTA", "COMUNA": "ARICA", "NOMBRE": "ASOCIACION INDIGENA HIJOS DE SAXAMAR", "PUEBLO": "AYMARA"}, "geometry": {"type": "Point", "coordinates": [-70.2842718667439, -18.48263912063357]}}, {"type": "Feature", "id": 2460, "properties": {"REGION": "ARICA Y PARINACOTA", "COMUNA": "ARICA", "NOMBRE": "ASOCIACION INDIGENA AYMARA JALLALLA CHACHAWARMI", "PUEBLO": "AYMARA"}, "geometry": {"type": "Point", "coordinates": [-70.28610449869126, -18.43488994841994]}}, {"type": "Feature", "id": 2461, "properties": {"REGION": "ARICA Y PARINACOTA", "COMUNA": "ARICA", "NOMBRE": "ASOCIACION INDIGENA WAIWEN KURÜF (VIENTOS DEL SUR)", "PUEBLO": "MULTICULTURAL"}, "geometry": {"type": "Point", "coordinates": [-70.30637818596597, -18.49864350270922]}}, {"type": "Feature", "id": 2462, "properties": {"REGION": "ARICA Y PARINACOTA", "COMUNA": "ARICA", "NOMBRE": "ASOCIACION INDIGENA DE ADULTOS MAYORES PUEBLOS ORIGINARIOS", "PUEBLO": "MULTICULTURAL"}, "geometry": {"type": "Point", "coordinates": [-70.29246602464652, -18.48068056207624]}}, {"type": "Feature", "id": 2463, "properties": {"REGION": "ARICA Y PARINACOTA", "COMUNA": "ARICA", "NOMBRE": "ASOCIACION INDIGENA INTERCULTURAL BILINGÜE \"YATICHIR QHANTATI", "PUEBLO": "AYMARA"}, "geometry": {"type": "Point", "coordinates": [-70.29008579569597, -18.45408525100286]}}, {"type": "Feature", "id": 2464, "properties": {"REGION": "ARICA Y PARINACOTA", "COMUNA": "ARICA", "NOMBRE": "ASOCIACION INDIGENA PEQUEÑOS Y MEDIANOS AGRICULTORES SUMALLAPU DE LA PAMPA CONCORDIA", "PUEBLO": "AYMARA"}, "geometry": {"type": "Point", "coordinates": [-70.28470877209159, -18.49637822191656]}}, {"type": "Feature", "id": 2465, "properties": {"REGION": "ARICA Y PARINACOTA", "COMUNA": "ARICA", "NOMBRE": "ASOCIACION INDIGENA DE GANADEROS CAMELIDOS DOMESTICOS DE LA PROVINCIA PARINACOTA, RESIDENTES EN ARICA, SIGLA A.I. (ASOPECUARIO)", "PUEBLO": "AYMARA"}, "geometry": {"type": "Point", "coordinates": [-70.29442826539199, -18.44693904652848]}}, {"type": "Feature", "id": 2466, "properties": {"REGION": "ARICA Y PARINACOTA", "COMUNA": "ARICA", "NOMBRE": "ASOCIACION INDIGENA AGRICULTORES AYMARAS HIJOS DE LA TIERRA \"PACHA MAMA WAWANAKAPA\"", "PUEBLO": "AYMARA"}, "geometry": {"type": "Point", "coordinates": [-70.2829021426792, -18.47887531207424]}}, {"type": "Feature", "id": 2467, "properties": {"REGION": "ARICA Y PARINACOTA", "COMUNA": "ARICA", "NOMBRE": "ASOCIACION INDIGENA \"CENTRO DE PROTECCION DEL PATRIMONIO NATURAL, CULTURAL Y SOCIAL SUMA TICNAMAR MARKA\"", "PUEBLO": "AYMARA"}, "geometry": {"type": "Point", "coordinates": [-70.30412345656379, -18.48326818978737]}}, {"type": "Feature", "id": 2468, "properties": {"REGION": "ARICA Y PARINACOTA", "COMUNA": "ARICA", "NOMBRE": "ASOCIACION INDIGENA QUECHUA WAKMANTA PAQARIY", "PUEBLO": "QUECHUA"}, "geometry": {"type": "Point", "coordinates": [-70.30988023091625, -18.48192965917352]}}, {"type": "Feature", "id": 2469, "properties": {"REGION": "ARICA Y PARINACOTA", "COMUNA": "ARICA", "NOMBRE": "ASOCIACION INDIGENA TAWAQU MARKA", "PUEBLO": "AYMARA"}, "geometry": {"type": "Point", "coordinates": [-70.29145583482621, -18.43291662459704]}}, {"type": "Feature", "id": 2470, "properties": {"REGION": "ARICA Y PARINACOTA", "COMUNA": "ARICA", "NOMBRE": "ASOCIACION INDIGENA UTA SUMA QAMAÑA TAKI", "PUEBLO": "AYMARA"}, "geometry": {"type": "Point", "coordinates": [-70.29145583482621, -18.43291662459704]}}, {"type": "Feature", "id": 2471, "properties": {"REGION": "ARICA Y PARINACOTA", "COMUNA": "ARICA", "NOMBRE": "ASOCIACION INDIGENA AGRUPACION CULTURAL TINKUS RUPHAY MASIS", "PUEBLO": "AYMARA"}, "geometry": {"type": "Point", "coordinates": [-70.28321113969228, -18.48029206375626]}}, {"type": "Feature", "id": 2472, "properties": {"REGION": "ARICA Y PARINACOTA", "COMUNA": "ARICA", "NOMBRE": "ASOCIACION INDIGENA ALTOS DE LLUTA SAN ROQUE", "PUEBLO": "AYMARA"}, "geometry": {"type": "Point", "coordinates": [-70.27941649733188, -18.48240790276779]}}, {"type": "Feature", "id": 2473, "properties": {"REGION": "ARICA Y PARINACOTA", "COMUNA": "ARICA", "NOMBRE": "ASOCIACION INDIGENA \"WIÑAY INTI\" SOL ETERNO", "PUEBLO": "AYMARA"}, "geometry": {"type": "Point", "coordinates": [-70.28742541579527, -18.43693079253634]}}, {"type": "Feature", "id": 2474, "properties": {"REGION": "ARICA Y PARINACOTA", "COMUNA": "ARICA", "NOMBRE": "ASOCIACION INDIGENA NUESTRA FUTURA CASA \"JIWAS NAYRAKAT UTASA\"", "PUEBLO": "AYMARA"}, "geometry": {"type": "Point", "coordinates": [-70.30013347078844, -18.49274859255405]}}, {"type": "Feature", "id": 2475, "properties": {"REGION": "ARICA Y PARINACOTA", "COMUNA": "ARICA", "NOMBRE": "ASOCIACION INDIGENA RENACER DE MI PUEBLO \"MARKASAT MACHAQ YURIWI\"", "PUEBLO": "AYMARA"}, "geometry": {"type": "Point", "coordinates": [-70.30550948437383, -18.46789791196378]}}, {"type": "Feature", "id": 2476, "properties": {"REGION": "ARICA Y PARINACOTA", "COMUNA": "ARICA", "NOMBRE": "ASOCIACION INDIGENA TIERRAS ANCESTRALES", "PUEBLO": "AYMARA"}, "geometry": {"type": "Point", "coordinates": [-70.28241030309468, -18.50375981772849]}}, {"type": "Feature", "id": 2477, "properties": {"REGION": "ARICA Y PARINACOTA", "COMUNA": "ARICA", "NOMBRE": "ASOCIACION INDIGENA WARMI CHA´AMAMPI LURAÑA", "PUEBLO": "AYMARA"}, "geometry": {"type": "Point", "coordinates": [-70.30550831515274, -18.46789947869242]}}, {"type": "Feature", "id": 2478, "properties": {"REGION": "ARICA Y PARINACOTA", "COMUNA": "ARICA", "NOMBRE": "ASOCIACION INDIGENA PARA LA VIVIENDA NUESTRO SUEÑO NUESTRA CASA\"JIWASA SAMKASA, JIWASA UTUSA\"", "PUEBLO": "AYMARA"}, "geometry": {"type": "Point", "coordinates": [-70.29095476060876, -18.48017681014932]}}, {"type": "Feature", "id": 2479, "properties": {"REGION": "ARICA Y PARINACOTA", "COMUNA": "ARICA", "NOMBRE": "ASOCIACION VIVIENDA INDIGENA POR NUESTRA TIERRA", "PUEBLO": "AYMARA"}, "geometry": {"type": "Point", "coordinates": [-70.28735843577299, -18.44423752007841]}}, {"type": "Feature", "id": 2480, "properties": {"REGION": "ARICA Y PARINACOTA", "COMUNA": "ARICA", "NOMBRE": "ASOCIACION INDIGENA CULTURAL, SOCIAL Y DEPORTIVA HIJOS DE LA COMUNA DE GENERAL LAGOS", "PUEBLO": "AYMARA"}, "geometry": {"type": "Point", "coordinates": [-70.28685975166844, -18.48087998226258]}}, {"type": "Feature", "id": 2481, "properties": {"REGION": "ARICA Y PARINACOTA", "COMUNA": "ARICA", "NOMBRE": "ASOCIACION INDIGENA FLORECIENDO RAICES PHAQALLI SAPHINAKAPA", "PUEBLO": "MULTICULTURAL"}, "geometry": {"type": "Point", "coordinates": [-70.28164955268608, -18.47655955553269]}}, {"type": "Feature", "id": 2482, "properties": {"REGION": "ARICA Y PARINACOTA", "COMUNA": "ARICA", "NOMBRE": "ASOCIACIÓN INDÍGENA POR NUESTROS ANCESTROS Y SUEÑOS ACHACHILANAKA SAMKAPA", "PUEBLO": "AYMARA"}, "geometry": {"type": "Point", "coordinates": [-70.29209162137352, -18.42814961855608]}}, {"type": "Feature", "id": 2483, "properties": {"REGION": "ARICA Y PARINACOTA", "COMUNA": "ARICA", "NOMBRE": "ASOCIACION INDIGENA RENACER DE NUESTRAS RAICES ANCESTRALES", "PUEBLO": "MULTICULTURAL"}, "geometry": {"type": "Point", "coordinates": [-70.29209162137352, -18.42814961855608]}}, {"type": "Feature", "id": 2484, "properties": {"REGION": "ARICA Y PARINACOTA", "COMUNA": "ARICA", "NOMBRE": "ASOCIACION IINDIGENA ASOCIACION DE ALLEGADOS Y DESARROLLO DE LOS PUEBLOS ORIGINARIOS Y URBANO", "PUEBLO": "AYMARA"}, "geometry": {"type": "Point", "coordinates": [-70.29720146322121, -18.50048369339132]}}, {"type": "Feature", "id": 2485, "properties": {"REGION": "ARICA Y PARINACOTA", "COMUNA": "ARICA", "NOMBRE": "ASOCIACION INDIGENA DEJANDO RAICES \"SAPINAKA JAYTAÑA\"", "PUEBLO": "AYMARA"}, "geometry": {"type": "Point", "coordinates": [-70.28689368808766, -18.47598256070712]}}, {"type": "Feature", "id": 2486, "properties": {"REGION": "ARICA Y PARINACOTA", "COMUNA": "ARICA", "NOMBRE": "ASOCIACION INDIGENA MACHAQA MARKA", "PUEBLO": "AYMARA"}, "geometry": {"type": "Point", "coordinates": [-70.28859252810956, -18.4832842293444]}}, {"type": "Feature", "id": 2487, "properties": {"REGION": "ARICA Y PARINACOTA", "COMUNA": "ARICA", "NOMBRE": "ASOCIACION INDIGENA AYMARA AGRO-CULTURAL QUEBRADA ACHA", "PUEBLO": "AYMARA"}, "geometry": {"type": "Point", "coordinates": [-70.27772037297952, -18.48184156799157]}}, {"type": "Feature", "id": 2488, "properties": {"REGION": "ARICA Y PARINACOTA", "COMUNA": "ARICA", "NOMBRE": "ASOCIACION INDIGENA HIJOS DEL SOL DEL NORTE", "PUEBLO": "AYMARA"}, "geometry": {"type": "Point", "coordinates": [-70.29366259444258, -18.47705436804709]}}, {"type": "Feature", "id": 2489, "properties": {"REGION": "ARICA Y PARINACOTA", "COMUNA": "ARICA", "NOMBRE": "ASOCIACION INDIGENA ALTO CAMARONES NORTE", "PUEBLO": "AYMARA"}, "geometry": {"type": "Point", "coordinates": [-70.29091028589264, -18.44636888572864]}}, {"type": "Feature", "id": 2490, "properties": {"REGION": "ARICA Y PARINACOTA", "COMUNA": "ARICA", "NOMBRE": "ASOCIACION INDIGENA TAWANTINSUYU", "PUEBLO": "MULTICULTURAL"}, "geometry": {"type": "Point", "coordinates": [-70.30432387562807, -18.48258792531349]}}, {"type": "Feature", "id": 2491, "properties": {"REGION": "ARICA Y PARINACOTA", "COMUNA": "ARICA", "NOMBRE": "ASOCIACION INDIGENA MACHAK Q´ANTATI", "PUEBLO": "AYMARA"}, "geometry": {"type": "Point", "coordinates": [-70.28748770217989, -18.43677062028465]}}, {"type": "Feature", "id": 2492, "properties": {"REGION": "ARICA Y PARINACOTA", "COMUNA": "ARICA", "NOMBRE": "ASOCIACION INDIGENA DE MUJERES HERENCIA NATIVA", "PUEBLO": "MULTICULTURAL"}, "geometry": {"type": "Point", "coordinates": [-70.2953594880428, -18.48388834803654]}}, {"type": "Feature", "id": 2493, "properties": {"REGION": "ARICA Y PARINACOTA", "COMUNA": "ARICA", "NOMBRE": "ASOCIACION INDIGENA DE MUJERES CON LA FUERZA DE BARTOLINA SISA", "PUEBLO": "MULTICULTURAL"}, "geometry": {"type": "Point", "coordinates": [-70.29434773844973, -18.49928579936664]}}, {"type": "Feature", "id": 2494, "properties": {"REGION": "ARICA Y PARINACOTA", "COMUNA": "ARICA", "NOMBRE": "ASOCIACION INDIGENA HUAMAM LA FLOR DEL VALLE DE LLUTA", "PUEBLO": "AYMARA"}, "geometry": {"type": "Point", "coordinates": [-70.29829699521878, -18.48363140304728]}}, {"type": "Feature", "id": 2495, "properties": {"REGION": "ARICA Y PARINACOTA", "COMUNA": "ARICA", "NOMBRE": "ASOCIACION INDIGENA \"CHACHA WARMI\"", "PUEBLO": "MULTICULTURAL"}, "geometry": {"type": "Point", "coordinates": [-70.28085931998413, -18.45253069027931]}}, {"type": "Feature", "id": 2496, "properties": {"REGION": "ARICA Y PARINACOTA", "COMUNA": "ARICA", "NOMBRE": "ASOCIACION INDIGENA PUEBLOS ORIGINARIOS HIJOS DEL NORTE", "PUEBLO": "MULTICULTURAL"}, "geometry": {"type": "Point", "coordinates": [-70.28851760480964, -18.43964363028786]}}, {"type": "Feature", "id": 2497, "properties": {"REGION": "ARICA Y PARINACOTA", "COMUNA": "ARICA", "NOMBRE": "ASOCIACION INDIGENA HIJOS DE MOLLEPAMPA", "PUEBLO": "AYMARA"}, "geometry": {"type": "Point", "coordinates": [-70.30376323442866, -18.47712324507174]}}, {"type": "Feature", "id": 2498, "properties": {"REGION": "ARICA Y PARINACOTA", "COMUNA": "ARICA", "NOMBRE": "EDUCADORES TRADICIONALES DE LENGUA Y CULTURA AYMARA", "PUEBLO": "AYMARA"}, "geometry": {"type": "Point", "coordinates": [-70.28171183094989, -18.47642297225411]}}, {"type": "Feature", "id": 2499, "properties": {"REGION": "ARICA Y PARINACOTA", "COMUNA": "ARICA", "NOMBRE": "ASOCIACION INDIGENA DE AGRICULTORES DE LLUTA PACHACUTY", "PUEBLO": "MULTICULTURAL"}, "geometry": {"type": "Point", "coordinates": [-70.30551008630287, -18.46789958260866]}}, {"type": "Feature", "id": 2500, "properties": {"REGION": "ARICA Y PARINACOTA", "COMUNA": "ARICA", "NOMBRE": "ASOCIACION INDIGENA LLUVIA DE SEMILLAS JALLU JATHA", "PUEBLO": "MULTICULTURAL"}, "geometry": {"type": "Point", "coordinates": [-70.28441166663667, -18.44343146632783]}}, {"type": "Feature", "id": 2501, "properties": {"REGION": "ARICA Y PARINACOTA", "COMUNA": "ARICA", "NOMBRE": "ASOCIACION INDIGENA MUJERES DE ESFUERZO", "PUEBLO": "MULTICULTURAL"}, "geometry": {"type": "Point", "coordinates": [-70.2924874592196, -18.47449150255322]}}, {"type": "Feature", "id": 2502, "properties": {"REGION": "ARICA Y PARINACOTA", "COMUNA": "ARICA", "NOMBRE": "ASOCIACION INDIGENA ALTO CHUVAL", "PUEBLO": "AYMARA"}, "geometry": {"type": "Point", "coordinates": [-70.28241578104812, -18.49902532158111]}}, {"type": "Feature", "id": 2503, "properties": {"REGION": "ARICA Y PARINACOTA", "COMUNA": "ARICA", "NOMBRE": "ASOCIACION INDIGENA AGRICULTORES DE SUNIMARKA", "PUEBLO": "AYMARA"}, "geometry": {"type": "Point", "coordinates": [-70.29280811691291, -18.44219119572367]}}, {"type": "Feature", "id": 2504, "properties": {"REGION": "ARICA Y PARINACOTA", "COMUNA": "ARICA", "NOMBRE": "ASOCIACION INDIGENA CULTURAL CH´ALLA PATA JAYUNI", "PUEBLO": "AYMARA"}, "geometry": {"type": "Point", "coordinates": [-70.28613259711192, -18.43331180678352]}}, {"type": "Feature", "id": 2505, "properties": {"REGION": "ARICA Y PARINACOTA", "COMUNA": "ARICA", "NOMBRE": "ASOCIACION INDIGENA PUEBLO PARA EL BUEN VIVIR SUMA QAMAÑA MARKA", "PUEBLO": "MULTICULTURAL"}, "geometry": {"type": "Point", "coordinates": [-70.31244864595814, -18.49390055608104]}}, {"type": "Feature", "id": 2506, "properties": {"REGION": "ARICA Y PARINACOTA", "COMUNA": "ARICA", "NOMBRE": "ASOCIACION INDIGENA RED DE ARTESANAS PRODUCTORAS PUSKA", "PUEBLO": "AYMARA"}, "geometry": {"type": "Point", "coordinates": [-70.2813848951796, -18.48249516830025]}}, {"type": "Feature", "id": 2507, "properties": {"REGION": "ARICA Y PARINACOTA", "COMUNA": "ARICA", "NOMBRE": "ASOCIACION INDIGENA DE MUJERES MAPUCHE Y FAMILIA WE CHUYUN MAPU", "PUEBLO": "MULTICULTURAL"}, "geometry": {"type": "Point", "coordinates": [-70.28957433840209, -18.48066902894813]}}, {"type": "Feature", "id": 2508, "properties": {"REGION": "ARICA Y PARINACOTA", "COMUNA": "ARICA", "NOMBRE": "ASOCIACION INDIGENA PACHAMAMA", "PUEBLO": "AYMARA"}, "geometry": {"type": "Point", "coordinates": [-70.28151700322435, -18.48257808128781]}}, {"type": "Feature", "id": 2509, "properties": {"REGION": "ARICA Y PARINACOTA", "COMUNA": "ARICA", "NOMBRE": "ASOCIACION INDIGENA CULTURAL DE INTEGRACION Y ECONOMIA INDIGENA \"WINAYA MARKA ARICA\"", "PUEBLO": "MULTICULTURAL"}, "geometry": {"type": "Point", "coordinates": [-70.28449411833404, -18.48200872168827]}}, {"type": "Feature", "id": 2510, "properties": {"REGION": "ARICA Y PARINACOTA", "COMUNA": "ARICA", "NOMBRE": "ASOCIACION INDIGENA RENACIENDO NUESTRAS RAICES", "PUEBLO": "MULTICULTURAL"}, "geometry": {"type": "Point", "coordinates": [-70.28634860342875, -18.50199736249203]}}, {"type": "Feature", "id": 2511, "properties": {"REGION": "ARICA Y PARINACOTA", "COMUNA": "ARICA", "NOMBRE": "ASOCIACION INDIGENA DE BAILES ANDINOS DEL VALLE DE AZAPA JALLALLA KUSI ANATA", "PUEBLO": "AYMARA"}, "geometry": {"type": "Point", "coordinates": [-70.28013422413662, -18.4851107993241]}}, {"type": "Feature", "id": 2512, "properties": {"REGION": "ARICA Y PARINACOTA", "COMUNA": "ARICA", "NOMBRE": "ASOCIACION INDIGENA MARKAMASI", "PUEBLO": "AYMARA"}, "geometry": {"type": "Point", "coordinates": [-70.28776071264768, -18.43180864152209]}}, {"type": "Feature", "id": 2513, "properties": {"REGION": "ARICA Y PARINACOTA", "COMUNA": "ARICA", "NOMBRE": "A.I. HIJOS DE AGRICULTORES AYMARAS", "PUEBLO": "AYMARA"}, "geometry": {"type": "Point", "coordinates": [-70.28342485630534, -18.44357977276133]}}, {"type": "Feature", "id": 2514, "properties": {"REGION": "ARICA Y PARINACOTA", "COMUNA": "ARICA", "NOMBRE": "ASOCIACION INDIGENA CANDELARIA (HIJOS DE SOTOCA)", "PUEBLO": "AYMARA"}, "geometry": {"type": "Point", "coordinates": [-70.28298859557064, -18.4802860964608]}}, {"type": "Feature", "id": 2515, "properties": {"REGION": "ARICA Y PARINACOTA", "COMUNA": "ARICA", "NOMBRE": "ASOCIACION INDIGENA THAKHI A TROPERO", "PUEBLO": "MULTICULTURAL"}, "geometry": {"type": "Point", "coordinates": [-70.28580693743346, -18.4718074919522]}}, {"type": "Feature", "id": 2516, "properties": {"REGION": "ARICA Y PARINACOTA", "COMUNA": "ARICA", "NOMBRE": "ASOCIACION INDIGENA AGRICULTORES INTI JALSU", "PUEBLO": "MULTICULTURAL"}, "geometry": {"type": "Point", "coordinates": [-70.28360282834886, -18.44423095876231]}}, {"type": "Feature", "id": 2517, "properties": {"REGION": "ARICA Y PARINACOTA", "COMUNA": "ARICA", "NOMBRE": "ASOCIACION INDIGENA VENDEDORES DE GRAN CORAZON ALJIRINAKA SUMA CHUYMA", "PUEBLO": "AYMARA"}, "geometry": {"type": "Point", "coordinates": [-70.28425897651897, -18.48265912041705]}}, {"type": "Feature", "id": 2518, "properties": {"REGION": "ARICA Y PARINACOTA", "COMUNA": "ARICA", "NOMBRE": "ASOCIACION INDIGENA DE EMPRENDEDORES AGROPECUARIOS AYMARAS \"TAQPACHANI QUTUCHASITA LAYRA URAQISA KUTTAY ASIÑAÑI\" (JUNTOS RECUPERANDO NUESTRAS TIERRAS ANCESTRALES)", "PUEBLO": "AYMARA"}, "geometry": {"type": "Point", "coordinates": [-70.2806343485218, -18.48236843953758]}}, {"type": "Feature", "id": 2519, "properties": {"REGION": "ARICA Y PARINACOTA", "COMUNA": "ARICA", "NOMBRE": "ASOCIACION INDIGENA PAMPA CONCORDIA", "PUEBLO": "MULTICULTURAL"}, "geometry": {"type": "Point", "coordinates": [-70.30648551309645, -18.4727899924479]}}, {"type": "Feature", "id": 2520, "properties": {"REGION": "ARICA Y PARINACOTA", "COMUNA": "ARICA", "NOMBRE": "ASOCIACION INDIGENA INTI PACHAMAMAN WAWANAKAPA", "PUEBLO": "MULTICULTURAL"}, "geometry": {"type": "Point", "coordinates": [-70.28101683884842, -18.45615824941495]}}, {"type": "Feature", "id": 2521, "properties": {"REGION": "ARICA Y PARINACOTA", "COMUNA": "ARICA", "NOMBRE": "ASOCIACION INDIGENA \" CULTURAL Y DEPORTIVA SALAY ARICA\"", "PUEBLO": "MULTICULTURAL"}, "geometry": {"type": "Point", "coordinates": [-70.28776464940287, -18.43327696770313]}}, {"type": "Feature", "id": 2522, "properties": {"REGION": "ARICA Y PARINACOTA", "COMUNA": "ARICA", "NOMBRE": "ASOCIACION DE MUJERES INDIGENAS QAMASANA WARMINAKAMPI", "PUEBLO": "AYMARA"}, "geometry": {"type": "Point", "coordinates": [-70.28799672388773, -18.43846847669172]}}, {"type": "Feature", "id": 2523, "properties": {"REGION": "ARICA Y PARINACOTA", "COMUNA": "ARICA", "NOMBRE": "ASOCIACION INDIGENA Y CULTURAL SUMA WARMI SANTA ROSA DE CAQUENA", "PUEBLO": "MULTICULTURAL"}, "geometry": {"type": "Point", "coordinates": [-70.2869030969422, -18.43837658450436]}}, {"type": "Feature", "id": 2524, "properties": {"REGION": "ARICA Y PARINACOTA", "COMUNA": "ARICA", "NOMBRE": "ASOCIACION INDIGENA AGRO-ECOLOGICO VALLE VERDE", "PUEBLO": "AYMARA"}, "geometry": {"type": "Point", "coordinates": [-70.2727577718566, -18.50910424187473]}}, {"type": "Feature", "id": 2525, "properties": {"REGION": "ARICA Y PARINACOTA", "COMUNA": "ARICA", "NOMBRE": "ASOCIACION DE MUJERES INDIGENAS BELLAS FLORES DEL DESIERTO", "PUEBLO": "MULTICULTURAL"}, "geometry": {"type": "Point", "coordinates": [-70.29803009912378, -18.49271388409288]}}, {"type": "Feature", "id": 2526, "properties": {"REGION": "ARICA Y PARINACOTA", "COMUNA": "ARICA", "NOMBRE": "ASOCIACION INDIGENA HIJOS DEL SOL NACIENTE", "PUEBLO": "MULTICULTURAL"}, "geometry": {"type": "Point", "coordinates": [-70.30019580168899, -18.49494587186363]}}, {"type": "Feature", "id": 2527, "properties": {"REGION": "ARICA Y PARINACOTA", "COMUNA": "ARICA", "NOMBRE": "ASOCIACION INDIGENA DE COMUNICADORES AYMARAS EL RETORNO DE LAS VOCES DEL SOL \"WILLKAN ARUNAKAPA KUTINIPA\"", "PUEBLO": "AYMARA"}, "geometry": {"type": "Point", "coordinates": [-70.28832606155291, -18.48459003876433]}}, {"type": "Feature", "id": 2528, "properties": {"REGION": "ARICA Y PARINACOTA", "COMUNA": "ARICA", "NOMBRE": "ASOCIACION INDIGENA \"SALAY PASION ARICA\"", "PUEBLO": "AYMARA"}, "geometry": {"type": "Point", "coordinates": [-70.28191769356704, -18.45853957146024]}}, {"type": "Feature", "id": 2529, "properties": {"REGION": "ARICA Y PARINACOTA", "COMUNA": "ARICA", "NOMBRE": "ASOCIACION INDIGENA \"FRATERNIDAD MORENADA Y TARQUEADA VILLARROEL C\"", "PUEBLO": "AYMARA"}, "geometry": {"type": "Point", "coordinates": [-70.17488830339356, -18.52024083178917]}}, {"type": "Feature", "id": 2530, "properties": {"REGION": "ARICA Y PARINACOTA", "COMUNA": "ARICA", "NOMBRE": "ASOCIACION INDIGENA EL DESIERTO ES VIDA : \"CH´ALLA Q´ULLU JAKAÑA\"", "PUEBLO": "AYMARA"}, "geometry": {"type": "Point", "coordinates": [-70.29018658830299, -18.43773716392368]}}, {"type": "Feature", "id": 2531, "properties": {"REGION": "ARICA Y PARINACOTA", "COMUNA": "ARICA", "NOMBRE": "ASOCIACION INDIGENA GRAN PUEBLO PRODUCTOR DE FRUTAS Y VERDURAS “JACHA POKORI MARKA”", "PUEBLO": "AYMARA"}, "geometry": {"type": "Point", "coordinates": [-70.30648569320016, -18.49865653694633]}}, {"type": "Feature", "id": 2532, "properties": {"REGION": "ARICA Y PARINACOTA", "COMUNA": "ARICA", "NOMBRE": "ASOCIACION INDIGENA CULTURAL ESCUELA DE NEGOCIOS JACH´A MARKA", "PUEBLO": "MULTICULTURAL"}, "geometry": {"type": "Point", "coordinates": [-70.28226232350507, -18.48045172278517]}}, {"type": "Feature", "id": 2533, "properties": {"REGION": "ARICA Y PARINACOTA", "COMUNA": "ARICA", "NOMBRE": "ASOCIACION INDIGENA TIERRA NUEVA \"MACHAQA URAQUI\"", "PUEBLO": "AYMARA"}, "geometry": {"type": "Point", "coordinates": [-70.29277256969631, -18.49592843445619]}}, {"type": "Feature", "id": 2534, "properties": {"REGION": "ARICA Y PARINACOTA", "COMUNA": "ARICA", "NOMBRE": "ASOCIACION INDIGENA \"PAMPA INTI\"", "PUEBLO": "AYMARA"}, "geometry": {"type": "Point", "coordinates": [-70.28116734144783, -18.48358835455043]}}, {"type": "Feature", "id": 2535, "properties": {"REGION": "ARICA Y PARINACOTA", "COMUNA": "ARICA", "NOMBRE": "ASOCIACION INDIGENA \"DEFENSA DE LA IDENTIDAD Y COSMOVISION DE LOS PUEBLOS ORIGINARIOS \"WILANITWA\" (ES MI SANGRE)\"", "PUEBLO": "MULTICULTURAL"}, "geometry": {"type": "Point", "coordinates": [-70.28587719277647, -18.486956000393]}}, {"type": "Feature", "id": 2536, "properties": {"REGION": "ARICA Y PARINACOTA", "COMUNA": "ARICA", "NOMBRE": "ASOCIACION INDIGENA VALLE HERMOSO \"SUMA PHUJARA URAKI\"", "PUEBLO": "AYMARA"}, "geometry": {"type": "Point", "coordinates": [-70.28460403284323, -18.43988749227993]}}, {"type": "Feature", "id": 2537, "properties": {"REGION": "ARICA Y PARINACOTA", "COMUNA": "ARICA", "NOMBRE": "ASOCIACION INDIGENA AGRICULTORES SECTOR SURIRE", "PUEBLO": "AYMARA"}, "geometry": {"type": "Point", "coordinates": [-69.94059, -18.584575]}}, {"type": "Feature", "id": 2538, "properties": {"REGION": "ARICA Y PARINACOTA", "COMUNA": "ARICA", "NOMBRE": "ASOCIACION INDIGENA INTI JALSU", "PUEBLO": "AYMARA"}, "geometry": {"type": "Point", "coordinates": [-70.28713649618719, -18.44141293961788]}}, {"type": "Feature", "id": 2539, "properties": {"REGION": "ARICA Y PARINACOTA", "COMUNA": "ARICA", "NOMBRE": "ASOCIACION INDIGENA \"PURUM URAQI\"", "PUEBLO": "MULTICULTURAL"}, "geometry": {"type": "Point", "coordinates": [-70.28590984524713, -18.47294470923223]}}, {"type": "Feature", "id": 2540, "properties": {"REGION": "ARICA Y PARINACOTA", "COMUNA": "ARICA", "NOMBRE": "ASOCIACION INDIGENA DE PEQUEÑOS EMPRENDEDORES \"PACHA INTI\"", "PUEBLO": "MULTICULTURAL"}, "geometry": {"type": "Point", "coordinates": [-70.3060916906937, -18.46952626631469]}}, {"type": "Feature", "id": 2541, "properties": {"REGION": "ARICA Y PARINACOTA", "COMUNA": "ARICA", "NOMBRE": "ASOCIACION INDIGENA CENTRO CULTURAL DEPORTIVO Y SOCIAL \"HIJOS DE ANCOLACANE\"", "PUEBLO": "AYMARA"}, "geometry": {"type": "Point", "coordinates": [-69.72927565338557, -17.79281034259918]}}, {"type": "Feature", "id": 2542, "properties": {"REGION": "ARICA Y PARINACOTA", "COMUNA": "ARICA", "NOMBRE": "ASOCIACION INDIGENA \"DESCENDIENTES DEL PACHAKUTI\"", "PUEBLO": "MULTICULTURAL"}, "geometry": {"type": "Point", "coordinates": [-70.27974137061408, -18.4826778115947]}}, {"type": "Feature", "id": 2543, "properties": {"REGION": "ARICA Y PARINACOTA", "COMUNA": "ARICA", "NOMBRE": "ASOCIACION INDIGENA KULLAKANAKA AYLLUPURA", "PUEBLO": "MULTICULTURAL"}, "geometry": {"type": "Point", "coordinates": [-70.28380327118364, -18.44780355011483]}}, {"type": "Feature", "id": 2544, "properties": {"REGION": "ARICA Y PARINACOTA", "COMUNA": "ARICA", "NOMBRE": "ASOCIACION INDIGENA AYMURAY AYNI", "PUEBLO": "MULTICULTURAL"}, "geometry": {"type": "Point", "coordinates": [-70.29366279447237, -18.47705410089143]}}, {"type": "Feature", "id": 2545, "properties": {"REGION": "ARICA Y PARINACOTA", "COMUNA": "ARICA", "NOMBRE": "ASOCIACION INDIGENA \"CH´AKI MAYU COMUNIDAD LAS LLOSYAS\"", "PUEBLO": "MULTICULTURAL"}, "geometry": {"type": "Point", "coordinates": [-70.20416448323037, -18.53618465563289]}}, {"type": "Feature", "id": 2546, "properties": {"REGION": "ARICA Y PARINACOTA", "COMUNA": "ARICA", "NOMBRE": "ASOCIACION INDIGENA \"PUEBLOS ORIGINARIOS ANDINOS ANCESTRALES\"", "PUEBLO": "MULTICULTURAL"}, "geometry": {"type": "Point", "coordinates": [-70.28278901171902, -18.47887123321185]}}, {"type": "Feature", "id": 2547, "properties": {"REGION": "ARICA Y PARINACOTA", "COMUNA": "ARICA", "NOMBRE": "ASOCIACION INDIGENA \"MILLARAY\"", "PUEBLO": "AYMARA"}, "geometry": {"type": "Point", "coordinates": [-70.28281385124937, -18.47005147972932]}}, {"type": "Feature", "id": 2548, "properties": {"REGION": "ARICA Y PARINACOTA", "COMUNA": "ARICA", "NOMBRE": "ASOCIACION INDIGENA \"CULTURAL, DEPORTIVA Y SOCIAL RAICES DE LUPICA\"", "PUEBLO": "AYMARA"}, "geometry": {"type": "Point", "coordinates": [-70.28616363142511, -18.48414236888412]}}, {"type": "Feature", "id": 2549, "properties": {"REGION": "ARICA Y PARINACOTA", "COMUNA": "ARICA", "NOMBRE": "ASOCIACION INDIGENA SOCIAL, CULTURAL, EDUCATIVA Y DEPORTIVA REBELDES QUIRQUINCHOS", "PUEBLO": "MULTICULTURAL"}, "geometry": {"type": "Point", "coordinates": [-70.28631783828129, -18.47651623426682]}}, {"type": "Feature", "id": 2550, "properties": {"REGION": "ARICA Y PARINACOTA", "COMUNA": "ARICA", "NOMBRE": "ASOCIACION INDIGENA \"CULTURAL Y DEPORTIVA BAILE PASTORCITOS DE AZAPA SECTOR CAMIÑA\"", "PUEBLO": "AYMARA"}, "geometry": {"type": "Point", "coordinates": [-70.00646802687876, -18.57980301172731]}}, {"type": "Feature", "id": 2551, "properties": {"REGION": "ARICA Y PARINACOTA", "COMUNA": "ARICA", "NOMBRE": "ASOCIACIÓN INDÍGENA AYMARA SOCIAL, CULTURAL, ECONÓMICA Y DEPORTIVA \"HIJOS DE CHAPICOLLO Y LLICAPANI\"", "PUEBLO": "AYMARA"}, "geometry": {"type": "Point", "coordinates": [-70.29429889128208, -18.48508761489958]}}, {"type": "Feature", "id": 2552, "properties": {"REGION": "ARICA Y PARINACOTA", "COMUNA": "ARICA", "NOMBRE": "ASOCIACION INDIGENA CULTURAL, \"SABORES Y SABERES ANDINOS\"", "PUEBLO": "AYMARA"}, "geometry": {"type": "Point", "coordinates": [-70.28202014691011, -18.48143969526909]}}, {"type": "Feature", "id": 2553, "properties": {"REGION": "ARICA Y PARINACOTA", "COMUNA": "ARICA", "NOMBRE": "ASOCIACION INDIGENA TARQUEADA VILLARROEL A DEL VALLE DE AZAPA", "PUEBLO": "AYMARA"}, "geometry": {"type": "Point", "coordinates": [-70.29277246319585, -18.49592825467504]}}, {"type": "Feature", "id": 2554, "properties": {"REGION": "ARICA Y PARINACOTA", "COMUNA": "ARICA", "NOMBRE": "ASOCIACION INDIGENA TIERRA FERTIL COMUNIDAD LAS LLOSYAS \"KHUSA URAQI\"", "PUEBLO": "MULTICULTURAL"}, "geometry": {"type": "Point", "coordinates": [-70.22089883961364, -18.52044192964795]}}, {"type": "Feature", "id": 2555, "properties": {"REGION": "ARICA Y PARINACOTA", "COMUNA": "ARICA", "NOMBRE": "ASOCIACION INDIGENA DE MUJERES \"WARMI MUNAY\"", "PUEBLO": "MULTICULTURAL"}, "geometry": {"type": "Point", "coordinates": [-70.30570614109578, -18.49839745906548]}}, {"type": "Feature", "id": 2556, "properties": {"REGION": "ARICA Y PARINACOTA", "COMUNA": "ARICA", "NOMBRE": "ASOCIACION INDIGENA NUEVO AMANECER \"MACHAQ QHANTATI\"", "PUEBLO": "MULTICULTURAL"}, "geometry": {"type": "Point", "coordinates": [-70.2883248316076, -18.48459102489418]}}, {"type": "Feature", "id": 2557, "properties": {"REGION": "ARICA Y PARINACOTA", "COMUNA": "ARICA", "NOMBRE": "ASOCIACIÓN INDÍGENA MUJERES RURALES DE PUEBLOS ORIGINARIOS \"SEMBRANDO CAMINOS THAKINAKA SATAÑA\"", "PUEBLO": "MULTICULTURAL"}, "geometry": {"type": "Point", "coordinates": [-70.0819946395955, -18.57369641070139]}}, {"type": "Feature", "id": 2558, "properties": {"REGION": "ARICA Y PARINACOTA", "COMUNA": "ARICA", "NOMBRE": "ASOCIACIÓN INDÍGENA ADULTOS MAYORES RURALES DE PUEBLOS ORIGINARIOS \"SABIOS DEL CONOCIMIENTO ANDINO ANDINU YATIRINAKA\"", "PUEBLO": "AYMARA"}, "geometry": {"type": "Point", "coordinates": [-70.201612, -18.537957]}}, {"type": "Feature", "id": 2559, "properties": {"REGION": "ARICA Y PARINACOTA", "COMUNA": "ARICA", "NOMBRE": "ASOCIACIÓN INDÍGENA SUMA URAQI", "PUEBLO": "AYMARA"}, "geometry": {"type": "Point", "coordinates": [-70.28868893316177, -18.43417866039299]}}, {"type": "Feature", "id": 2560, "properties": {"REGION": "ARICA Y PARINACOTA", "COMUNA": "ARICA", "NOMBRE": "ASOCIACIÓN INDÍGENA JACH´A MARKA", "PUEBLO": "AYMARA"}, "geometry": {"type": "Point", "coordinates": [-70.28613162671287, -18.43331075169777]}}, {"type": "Feature", "id": 2561, "properties": {"REGION": "ARICA Y PARINACOTA", "COMUNA": "ARICA", "NOMBRE": "ASOCIACIÓN INDÍGENA INTI PAMPA", "PUEBLO": "AYMARA"}, "geometry": {"type": "Point", "coordinates": [-70.18192743457449, -18.51818782315983]}}, {"type": "Feature", "id": 2562, "properties": {"REGION": "ARICA Y PARINACOTA", "COMUNA": "ARICA", "NOMBRE": "ASOCIACIÓN INDÍGENA ILU CHICAQUI", "PUEBLO": "MULTICULTURAL"}, "geometry": {"type": "Point", "coordinates": [-70.31634092578223, -18.47973593699738]}}, {"type": "Feature", "id": 2563, "properties": {"REGION": "ARICA Y PARINACOTA", "COMUNA": "ARICA", "NOMBRE": "ASOCIACIÓN INDÍGENA MARKA SUMA", "PUEBLO": "MULTICULTURAL"}, "geometry": {"type": "Point", "coordinates": [-70.17559679196621, -18.52078967429361]}}, {"type": "Feature", "id": 2564, "properties": {"REGION": "ARICA Y PARINACOTA", "COMUNA": "ARICA", "NOMBRE": "ASOCIACIÓN INDÍGENA INTI WARA WARA", "PUEBLO": "MULTICULTURAL"}, "geometry": {"type": "Point", "coordinates": [-70.28249223876688, -18.44925050380089]}}, {"type": "Feature", "id": 2565, "properties": {"REGION": "ARICA Y PARINACOTA", "COMUNA": "ARICA", "NOMBRE": "ASOCIACIÓN INDÍGENA CRUZ DE MAYO BLANCO CRISPÍN", "PUEBLO": "AYMARA"}, "geometry": {"type": "Point", "coordinates": [-70.15383729054602, -18.5334297410298]}}, {"type": "Feature", "id": 2566, "properties": {"REGION": "ARICA Y PARINACOTA", "COMUNA": "ARICA", "NOMBRE": "ASOCIACIÓN INDÍGENA SUMA UMA", "PUEBLO": "MULTICULTURAL"}, "geometry": {"type": "Point", "coordinates": [-70.297431, -18.370021]}}, {"type": "Feature", "id": 2567, "properties": {"REGION": "ARICA Y PARINACOTA", "COMUNA": "ARICA", "NOMBRE": "ASOCIACIÓN INDÍGENA INTI CHACHA WARMI", "PUEBLO": "AYMARA"}, "geometry": {"type": "Point", "coordinates": [-70.29639807046603, -18.47476492352291]}}, {"type": "Feature", "id": 2568, "properties": {"REGION": "ARICA Y PARINACOTA", "COMUNA": "ARICA", "NOMBRE": "ASOCIACIÓN INDÍGENA SAMKA SUMA UTA", "PUEBLO": "AYMARA"}, "geometry": {"type": "Point", "coordinates": [-70.28716968186544, -18.44251534686303]}}, {"type": "Feature", "id": 2569, "properties": {"REGION": "ARICA Y PARINACOTA", "COMUNA": "ARICA", "NOMBRE": "ASOCIACIÓN INDÍGENA FRATERNIDAD RELIGIOSA NEGRITOS NOVENANTES DE ARICA", "PUEBLO": "AYMARA"}, "geometry": {"type": "Point", "coordinates": [-70.28707910874593, -18.44958746469299]}}, {"type": "Feature", "id": 2570, "properties": {"REGION": "ARICA Y PARINACOTA", "COMUNA": "ARICA", "NOMBRE": "ASOCIACIÓN INDÍGENA QUECHUA KAWSAQ LLAQTA", "PUEBLO": "QUECHUA"}, "geometry": {"type": "Point", "coordinates": [-70.29727716395001, -18.48380121103548]}}, {"type": "Feature", "id": 2571, "properties": {"REGION": "ARICA Y PARINACOTA", "COMUNA": "ARICA", "NOMBRE": "ASOCIACIÓN INDÍGENA CULTURAL DEPORTIVA Y ECONÓMICA TARQUEADA VILLARROEL B", "PUEBLO": "MULTICULTURAL"}, "geometry": {"type": "Point", "coordinates": [-70.15813921562429, -18.53120954716829]}}, {"type": "Feature", "id": 2572, "properties": {"REGION": "ARICA Y PARINACOTA", "COMUNA": "ARICA", "NOMBRE": "ASOCIACIÓN INDÍGENA CULTURAL RECREATIVA DEPORTIVA PASTORCITOS DE SURIRE DEL VALLE DE AZAPA", "PUEBLO": "MULTICULTURAL"}, "geometry": {"type": "Point", "coordinates": [-70.27990258143456, -18.48081416102147]}}, {"type": "Feature", "id": 2573, "properties": {"REGION": "ARICA Y PARINACOTA", "COMUNA": "ARICA", "NOMBRE": "ASOCIACIÓN INDÍGENA MUJERES UNIDAS DEL VALLE DE AZAPA", "PUEBLO": "MULTICULTURAL"}, "geometry": {"type": "Point", "coordinates": [-70.29113146400732, -18.47773894056112]}}, {"type": "Feature", "id": 2574, "properties": {"REGION": "ARICA Y PARINACOTA", "COMUNA": "ARICA", "NOMBRE": "ASOCIACION INDIGENA QANQIÑA", "PUEBLO": "MULTICULTURAL"}, "geometry": {"type": "Point", "coordinates": [-70.30019453691803, -18.49494413121577]}}, {"type": "Feature", "id": 2575, "properties": {"REGION": "ARICA Y PARINACOTA", "COMUNA": "ARICA", "NOMBRE": "ASOCIACIÓN INDÍGENA HAYLLI", "PUEBLO": "MULTICULTURAL"}, "geometry": {"type": "Point", "coordinates": [-70.27567964538521, -18.45387011812664]}}, {"type": "Feature", "id": 2576, "properties": {"REGION": "ARICA Y PARINACOTA", "COMUNA": "ARICA", "NOMBRE": "ASOCIACIÓN INDÍGENA CULTURAL Y DEPORTIVA CHOLITAS SEDLOSAS Y SUS ACHACHIS SUPER SEDKANTES", "PUEBLO": "AYMARA"}, "geometry": {"type": "Point", "coordinates": [-70.28992761174118, -18.43056944811331]}}, {"type": "Feature", "id": 2577, "properties": {"REGION": "ARICA Y PARINACOTA", "COMUNA": "ARICA", "NOMBRE": "PAMPA COLORADA", "PUEBLO": "MULTICULTURAL"}, "geometry": {"type": "Point", "coordinates": [-70.28482234164818, -18.49474438937032]}}, {"type": "Feature", "id": 2578, "properties": {"REGION": "ARICA Y PARINACOTA", "COMUNA": "CAMARONES", "NOMBRE": "ASOCIACION INDIGENA DE LA COMUNIDAD DE ITIZA", "PUEBLO": "AYMARA"}, "geometry": {"type": "Point", "coordinates": [-69.29784, -18.72621]}}, {"type": "Feature", "id": 2579, "properties": {"REGION": "ARICA Y PARINACOTA", "COMUNA": "CAMARONES", "NOMBRE": "ASOCIACION INDIGENA DE HUANCARANE Y COCHIZA", "PUEBLO": "AYMARA"}, "geometry": {"type": "Point", "coordinates": [-69.7045, -18.9707]}}, {"type": "Feature", "id": 2580, "properties": {"REGION": "ARICA Y PARINACOTA", "COMUNA": "CAMARONES", "NOMBRE": "ASOCIACION INDIGENA DE PRODUCTORES AGRICOLAS DE LA COMUNA CAMARONES (VALLES DE CODPA Y TIMAR)", "PUEBLO": "AYMARA"}, "geometry": {"type": "Point", "coordinates": [-69.74423, -18.83342]}}, {"type": "Feature", "id": 2581, "properties": {"REGION": "ARICA Y PARINACOTA", "COMUNA": "CAMARONES", "NOMBRE": "ASOCIACION INDIGENA AYMARA ALTO CODPA", "PUEBLO": "AYMARA"}, "geometry": {"type": "Point", "coordinates": [-69.85871918686684, -19.0109115261512]}}, {"type": "Feature", "id": 2582, "properties": {"REGION": "ARICA Y PARINACOTA", "COMUNA": "CAMARONES", "NOMBRE": "ESPIRITU SANTO DE CODPA", "PUEBLO": "AYMARA"}, "geometry": {"type": "Point", "coordinates": [-69.74458, -18.83367]}}, {"type": "Feature", "id": 2583, "properties": {"REGION": "ARICA Y PARINACOTA", "COMUNA": "CAMARONES", "NOMBRE": "ASOCIACION INDIGENA DE TURISMO DEL VALLE DE CODPA", "PUEBLO": "AYMARA"}, "geometry": {"type": "Point", "coordinates": [-69.74496, -18.83378]}}, {"type": "Feature", "id": 2584, "properties": {"REGION": "ARICA Y PARINACOTA", "COMUNA": "CAMARONES", "NOMBRE": "ASOCIACION INDIGENA CULTURAL SOCIAL Y DEPORTIVA MORENOS HIJOS DE COBIJA", "PUEBLO": "AYMARA"}, "geometry": {"type": "Point", "coordinates": [-69.58242, -18.73974]}}, {"type": "Feature", "id": 2585, "properties": {"REGION": "ARICA Y PARINACOTA", "COMUNA": "CAMARONES", "NOMBRE": "ASOCIACIÓN INDÍGENA GANADERA SOCIAL, CULTURAL, AGRÍCOLA Y ARTESANAL DE GANADEROS DE CAMÉLIDOS DE LA COMUNA DE CAMARONES", "PUEBLO": "AYMARA"}, "geometry": {"type": "Point", "coordinates": [-69.21299, -18.87801]}}, {"type": "Feature", "id": 2586, "properties": {"REGION": "ARICA Y PARINACOTA", "COMUNA": "GENERAL LA", "NOMBRE": "ASOCIACION INDIGENA DE MUJERES ARTESANAS COMUNA DE GENERAL LAGOS", "PUEBLO": "AYMARA"}, "geometry": {"type": "Point", "coordinates": [-69.48156, -17.59475]}}, {"type": "Feature", "id": 2587, "properties": {"REGION": "ARICA Y PARINACOTA", "COMUNA": "GENERAL LA", "NOMBRE": "ASOCIACION INDIGENA DE CULTIVADORES DE TRUCHAS \"CURMI\"", "PUEBLO": "AYMARA"}, "geometry": {"type": "Point", "coordinates": [-69.60601, -17.85435]}}, {"type": "Feature", "id": 2588, "properties": {"REGION": "ARICA Y PARINACOTA", "COMUNA": "GENERAL LA", "NOMBRE": "ASOCIACION INDIGENA AYMARA YATIRI QULLIRI PACHAN KUTT´ANIÑA", "PUEBLO": "AYMARA"}, "geometry": {"type": "Point", "coordinates": [-69.48160287253707, -17.59454962742458]}}, {"type": "Feature", "id": 2589, "properties": {"REGION": "ARICA Y PARINACOTA", "COMUNA": "GENERAL LA", "NOMBRE": "\"SURI PLAZA\"", "PUEBLO": "AYMARA"}, "geometry": {"type": "Point", "coordinates": [-69.48174407938642, -17.59459230612005]}}, {"type": "Feature", "id": 2590, "properties": {"REGION": "ARICA Y PARINACOTA", "COMUNA": "GENERAL LA", "NOMBRE": "ASOCIACION FOLKLORICA CULTURAL Y DEPORTIVA SAN SANTIAGO DE ANCOLACANE", "PUEBLO": "AYMARA"}, "geometry": {"type": "Point", "coordinates": [-70.27942160890723, -18.48240297830538]}}, {"type": "Feature", "id": 2591, "properties": {"REGION": "ARICA Y PARINACOTA", "COMUNA": "GENERAL LA", "NOMBRE": "ASOCIACION INDIGENA DE GANADEROS SOCIAL Y CULTURAL DE LA COMUNA DE GENERAL LAGOS", "PUEBLO": "AYMARA"}, "geometry": {"type": "Point", "coordinates": [-69.4813482351564, -17.59474795635774]}}, {"type": "Feature", "id": 2592, "properties": {"REGION": "ARICA Y PARINACOTA", "COMUNA": "GENERAL LA", "NOMBRE": "ASOCIACION INDIGENA AYMARA QHANTATI WARA - WARA DE LA COMUNA GENERAL LAGOS", "PUEBLO": "AYMARA"}, "geometry": {"type": "Point", "coordinates": [-69.70871, -17.80062]}}, {"type": "Feature", "id": 2593, "properties": {"REGION": "ARICA Y PARINACOTA", "COMUNA": "PUTRE", "NOMBRE": "ASOCIACION INDIGENA DE GANADEROS AYMARAS DEL ALTIPLANO DE LA I REGION DE CHILE", "PUEBLO": "AYMARA"}, "geometry": {"type": "Point", "coordinates": [-69.20057, -18.05486]}}, {"type": "Feature", "id": 2594, "properties": {"REGION": "ARICA Y PARINACOTA", "COMUNA": "PUTRE", "NOMBRE": "ASOCIACION INDIGENA DE GANADEROS AYMARAS DEL ALTIPLANO DE LA I REGION DE CHILE", "PUEBLO": "AYMARA"}, "geometry": {"type": "Point", "coordinates": [-69.68836, -17.69697]}}, {"type": "Feature", "id": 2595, "properties": {"REGION": "ARICA Y PARINACOTA", "COMUNA": "PUTRE", "NOMBRE": "ASOCIACION INDIGENA DE GANADEROS AYMARAS DEL ALTIPLANO DE LA I REGION DE CHILE", "PUEBLO": "AYMARA"}, "geometry": {"type": "Point", "coordinates": [-69.65976, -17.99284]}}, {"type": "Feature", "id": 2596, "properties": {"REGION": "ARICA Y PARINACOTA", "COMUNA": "PUTRE", "NOMBRE": "ASOCIACION INDIGENA DE GANADEROS AYMARAS DEL ALTIPLANO DE LA I REGION DE CHILE", "PUEBLO": "AYMARA"}, "geometry": {"type": "Point", "coordinates": [-69.60606, -17.8543]}}, {"type": "Feature", "id": 2597, "properties": {"REGION": "ARICA Y PARINACOTA", "COMUNA": "PUTRE", "NOMBRE": "ASOCIACION INDIGENA DE GANADEROS AYMARAS DEL ALTIPLANO DE LA I REGION DE CHILE", "PUEBLO": "AYMARA"}, "geometry": {"type": "Point", "coordinates": [-69.29524, -18.2162]}}, {"type": "Feature", "id": 2598, "properties": {"REGION": "ARICA Y PARINACOTA", "COMUNA": "PUTRE", "NOMBRE": "ASOCIACION INDIGENA DE GANADEROS AYMARAS DEL ALTIPLANO DE LA I REGION DE CHILE", "PUEBLO": "AYMARA"}, "geometry": {"type": "Point", "coordinates": [-69.72468, -17.77292]}}, {"type": "Feature", "id": 2599, "properties": {"REGION": "ARICA Y PARINACOTA", "COMUNA": "PUTRE", "NOMBRE": "ASOCIACIÓN INDIGENA AGROPECUARIA \"ASINATAI\"", "PUEBLO": "AYMARA"}, "geometry": {"type": "Point", "coordinates": [-69.56490570284397, -18.20469065156836]}}, {"type": "Feature", "id": 2600, "properties": {"REGION": "ARICA Y PARINACOTA", "COMUNA": "PUTRE", "NOMBRE": "ASOCIACION INDIGENA AYMARA PUTIRE CALA", "PUEBLO": "AYMARA"}, "geometry": {"type": "Point", "coordinates": [-69.55917409430386, -18.19646042894527]}}, {"type": "Feature", "id": 2601, "properties": {"REGION": "ARICA Y PARINACOTA", "COMUNA": "PUTRE", "NOMBRE": "ASOCIACION INDIGENA DE MUJERES AYMARAS DESCENDIENTES DE LOS PUEBLOS ORIGINARIOS \"SUMA WARI\"", "PUEBLO": "AYMARA"}, "geometry": {"type": "Point", "coordinates": [-69.56125, -18.19644]}}, {"type": "Feature", "id": 2602, "properties": {"REGION": "ARICA Y PARINACOTA", "COMUNA": "PUTRE", "NOMBRE": "ASOCIACION INDIGENA DE MUJERES SUMA PANKARA", "PUEBLO": "AYMARA"}, "geometry": {"type": "Point", "coordinates": [-69.5594355394065, -18.19632271281776]}}, {"type": "Feature", "id": 2603, "properties": {"REGION": "ARICA Y PARINACOTA", "COMUNA": "PUTRE", "NOMBRE": "ASOCIACION INDIGENA YATIRI Y Q´ULLIRI AYMAR MARKANAQA", "PUEBLO": "AYMARA"}, "geometry": {"type": "Point", "coordinates": [-69.55878269711812, -18.19726596989161]}}, {"type": "Feature", "id": 2604, "properties": {"REGION": "ARICA Y PARINACOTA", "COMUNA": "PUTRE", "NOMBRE": "ASOCIACION INDIGENA CHACHA, WARMI, IMILLAS Y YUQALLAS PRECORDILLERA MARKA", "PUEBLO": "AYMARA"}, "geometry": {"type": "Point", "coordinates": [-69.59476, -18.33492]}}, {"type": "Feature", "id": 2605, "properties": {"REGION": "ARICA Y PARINACOTA", "COMUNA": "PUTRE", "NOMBRE": "ASOCIACION INDIGENA CIRCULO SOCIAL CULTURAL DEPORTIVO RELIGIOSO SIEMPRE AMIGOS DE LACO COSAPILLA", "PUEBLO": "AYMARA"}, "geometry": {"type": "Point", "coordinates": [-69.569641, -18.386565]}}, {"type": "Feature", "id": 2606, "properties": {"REGION": "ARICA Y PARINACOTA", "COMUNA": "PUTRE", "NOMBRE": "ASOCIACION INDIGENA DE ETNIAS ANCENTRALES HIJOS DE CHINGANE", "PUEBLO": "AYMARA"}, "geometry": {"type": "Point", "coordinates": [-70.27965142120802, -18.48127151828562]}}, {"type": "Feature", "id": 2607, "properties": {"REGION": "ARICA Y PARINACOTA", "COMUNA": "PUTRE", "NOMBRE": "ASOCIACION INDIGENA TRANSPORTISTAS HIJOS DE GUALLATIRE", "PUEBLO": "AYMARA"}, "geometry": {"type": "Point", "coordinates": [-70.28503013599155, -18.44545744201018]}}, {"type": "Feature", "id": 2608, "properties": {"REGION": "ARICA Y PARINACOTA", "COMUNA": "PUTRE", "NOMBRE": "ASOCIACION INDIGENA DE DESARROLLO E INTEGRACION DE LA PROVINCIA DE PARINACOTA", "PUEBLO": "MULTICULTURAL"}, "geometry": {"type": "Point", "coordinates": [-70.29369647233719, -18.47818828681173]}}, {"type": "Feature", "id": 2609, "properties": {"REGION": "ARICA Y PARINACOTA", "COMUNA": "PUTRE", "NOMBRE": "ASOCIACION INDIGENA \"ARTESANAS ALPACAS ANDINAS DEL ALTIPLANO DE CHILE\"", "PUEBLO": "AYMARA"}, "geometry": {"type": "Point", "coordinates": [-69.15389, -18.4977]}}, {"type": "Feature", "id": 2610, "properties": {"REGION": "ARICA Y PARINACOTA", "COMUNA": "PUTRE", "NOMBRE": "ASOCIACIÓN INDÍGENA DE GANADEROS DE GUALLATIRE DE LA COMUNA DE PUTRE", "PUEBLO": "AYMARA"}, "geometry": {"type": "Point", "coordinates": [-69.15386166188215, -18.49805930441391]}}, {"type": "Feature", "id": 2611, "properties": {"REGION": "ARICA Y PARINACOTA", "COMUNA": "PUTRE", "NOMBRE": "DE PRODUCTORES DE CAMÉLIDOS, SOCIAL, CULTURAL, ARTESANAL, TURÍSTICO Y DEPORTIVO DE CAQUENA", "PUEBLO": "AYMARA"}, "geometry": {"type": "Point", "coordinates": [-69.20042, -18.05486]}}, {"type": "Feature", "id": 2612, "properties": {"REGION": "ARICA Y PARINACOTA", "COMUNA": "PUTRE", "NOMBRE": "ASOCIACION INDIGENA MISITUNE SECTOR AJULLANI", "PUEBLO": "MULTICULTURAL"}, "geometry": {"type": "Point", "coordinates": [-69.36379, -18.37299]}}, {"type": "Feature", "id": 2613, "properties": {"REGION": "ARICA Y PARINACOTA", "COMUNA": "ARICA", "NOMBRE": "ASOCIACION INDIGENA AYMARA DE ACHA", "PUEBLO": "AYMARA"}, "geometry": {"type": "Point", "coordinates": [-70.24087, -18.58519]}}, {"type": "Feature", "id": 2614, "properties": {"REGION": "ARICA Y PARINACOTA", "COMUNA": "ARICA", "NOMBRE": "ASOCIACION INDIGENA \"CENTRO DE INVESTIGACION Y DESARROLLO DE COMUNIDADES ANDINAS, CENTRO DE INVESTIGACION CIDCA\"", "PUEBLO": "AYMARA"}, "geometry": {"type": "Point", "coordinates": [-70.28396766385906, -18.47329047911095]}}, {"type": "Feature", "id": 2615, "properties": {"REGION": "ARICA Y PARINACOTA", "COMUNA": "ARICA", "NOMBRE": "ASOCIACION INDIGENA \"SAN BARTOLOME DE LIVILCAR\"", "PUEBLO": "AYMARA"}, "geometry": {"type": "Point", "coordinates": [-69.70656, -18.4985]}}, {"type": "Feature", "id": 2616, "properties": {"REGION": "ARICA Y PARINACOTA", "COMUNA": "ARICA", "NOMBRE": "ASOCIACION INDIGENA DE MUJERES AYMARAS CCANTATHI", "PUEBLO": "AYMARA"}, "geometry": {"type": "Point", "coordinates": [-70.28605880678948, -18.48387466389294]}}, {"type": "Feature", "id": 2617, "properties": {"REGION": "ARICA Y PARINACOTA", "COMUNA": "ARICA", "NOMBRE": "DE MUJERES ARTESANAS AYMARAS \"ASOAYMA\"", "PUEBLO": "AYMARA"}, "geometry": {"type": "Point", "coordinates": [-70.29296399218956, -18.47935380573479]}}, {"type": "Feature", "id": 2618, "properties": {"REGION": "ARICA Y PARINACOTA", "COMUNA": "ARICA", "NOMBRE": "ASOCIACION INDIGENA AYMARA CRIADORES DE CAMELIDOS DE LA LOCALIDAD DE VISVIRI", "PUEBLO": "AYMARA"}, "geometry": {"type": "Point", "coordinates": [-70.28164041130854, -18.47799771410316]}}, {"type": "Feature", "id": 2619, "properties": {"REGION": "ARICA Y PARINACOTA", "COMUNA": "ARICA", "NOMBRE": "ASOCIACION INDIGENA AYMARA AGROANDINA PAMPA SAN MARTIN", "PUEBLO": "AYMARA"}, "geometry": {"type": "Point", "coordinates": [-70.0238, -18.36023]}}, {"type": "Feature", "id": 2620, "properties": {"REGION": "ARICA Y PARINACOTA", "COMUNA": "ARICA", "NOMBRE": "ASOCIACION INDIGENA DE CHAPISCA", "PUEBLO": "AYMARA"}, "geometry": {"type": "Point", "coordinates": [-69.89185, -18.36721]}}, {"type": "Feature", "id": 2621, "properties": {"REGION": "ARICA Y PARINACOTA", "COMUNA": "ARICA", "NOMBRE": "ASOCIACIÓN INDÍGENA AYMARA PROLONGACIÓN ALTO RAMÍREZ \"SOL NACIENTE\"", "PUEBLO": "AYMARA"}, "geometry": {"type": "Point", "coordinates": [-70.28125772451608, -18.4785473161096]}}, {"type": "Feature", "id": 2622, "properties": {"REGION": "ARICA Y PARINACOTA", "COMUNA": "ARICA", "NOMBRE": "ASOC. INDIG. \"AGRICULT., PROCESADORES Y COMERCIALIZADORES DE OREGANO Y OTROS PRODUCTOS, PROV.PARINACOTA", "PUEBLO": "AYMARA"}, "geometry": {"type": "Point", "coordinates": [-70.3175698802022, -18.4781850072948]}}, {"type": "Feature", "id": 2623, "properties": {"REGION": "ARICA Y PARINACOTA", "COMUNA": "ARICA", "NOMBRE": "ASOCIACION INDIGENA AYMARA \"AGROAYNA\" DE ACHA", "PUEBLO": "AYMARA"}, "geometry": {"type": "Point", "coordinates": [-70.28829549798607, -18.47420688948136]}}, {"type": "Feature", "id": 2624, "properties": {"REGION": "ARICA Y PARINACOTA", "COMUNA": "ARICA", "NOMBRE": "ASOCIACION PROPIETARIOS AYMARAS DE LA I REGION", "PUEBLO": "AYMARA"}, "geometry": {"type": "Point", "coordinates": [-70.28858282528549, -18.46968670461383]}}, {"type": "Feature", "id": 2625, "properties": {"REGION": "ARICA Y PARINACOTA", "COMUNA": "ARICA", "NOMBRE": "ASOCIACION INDIGENA AYMARA PUTARAYA", "PUEBLO": "AYMARA"}, "geometry": {"type": "Point", "coordinates": [-69.69625598230196, -18.96585622532902]}}, {"type": "Feature", "id": 2626, "properties": {"REGION": "ARICA Y PARINACOTA", "COMUNA": "ARICA", "NOMBRE": "ASOCIACIONES INDIGENAS \"MACHACPAMPA\" COMUNA CAMARONES", "PUEBLO": "AYMARA"}, "geometry": {"type": "Point", "coordinates": [-69.85872335645003, -19.01102653907379]}}, {"type": "Feature", "id": 2627, "properties": {"REGION": "ARICA Y PARINACOTA", "COMUNA": "ARICA", "NOMBRE": "ASOCIACION INDIGENA MAICO", "PUEBLO": "AYMARA"}, "geometry": {"type": "Point", "coordinates": [-69.20113, -18.05485]}}, {"type": "Feature", "id": 2628, "properties": {"REGION": "ARICA Y PARINACOTA", "COMUNA": "ARICA", "NOMBRE": "ASOCIACION INDIGENA DE PROFESORES ARICA ASOCIACION YATICHIRI JAQINAKA", "PUEBLO": "AYMARA"}, "geometry": {"type": "Point", "coordinates": [-70.29818369756595, -18.45487975871971]}}, {"type": "Feature", "id": 2629, "properties": {"REGION": "ARICA Y PARINACOTA", "COMUNA": "ARICA", "NOMBRE": "ASOCIACION INDIGENA CONFRATERNIDAD DE AGRUPACION FOLCLORICAS ANDINAS DE ARICA INTI CH AMANPI", "PUEBLO": "AYMARA"}, "geometry": {"type": "Point", "coordinates": [-70.29460535577036, -18.48086887499247]}}, {"type": "Feature", "id": 2630, "properties": {"REGION": "ARICA Y PARINACOTA", "COMUNA": "ARICA", "NOMBRE": "ASOCIACION INDIGENA SAN PEDRO DE CURAGUARA DEL VALLE DE AZAPA", "PUEBLO": "AYMARA"}, "geometry": {"type": "Point", "coordinates": [-70.29287290259478, -18.47939400527429]}}, {"type": "Feature", "id": 2631, "properties": {"REGION": "ARICA Y PARINACOTA", "COMUNA": "ARICA", "NOMBRE": "ASOCIACION INDIGENA FLOR DEL MAÑANA DEL VALLE DE AZAPA", "PUEBLO": "AYMARA"}, "geometry": {"type": "Point", "coordinates": [-70.30285716437574, -18.47322687599626]}}, {"type": "Feature", "id": 2632, "properties": {"REGION": "ARICA Y PARINACOTA", "COMUNA": "ARICA", "NOMBRE": "ASOCIACIÓN INDÍGENA EL PORVENIR", "PUEBLO": "AYMARA"}, "geometry": {"type": "Point", "coordinates": [-70.24989, -18.40567]}}, {"type": "Feature", "id": 2633, "properties": {"REGION": "ARICA Y PARINACOTA", "COMUNA": "ARICA", "NOMBRE": "ASOCIACION INDIGENA DE MUJERES DE LOS PUEBLOS ORIGINARIOS \"RAICES\"", "PUEBLO": "MULTICULTURAL"}, "geometry": {"type": "Point", "coordinates": [-70.29720110869364, -18.50047012539891]}}, {"type": "Feature", "id": 2634, "properties": {"REGION": "ARICA Y PARINACOTA", "COMUNA": "ARICA", "NOMBRE": "ASOCIACION INDIGENA DE PUEBLOS ORIGINARIOS SURCO NUEVO", "PUEBLO": "AYMARA"}, "geometry": {"type": "Point", "coordinates": [-70.29755832743305, -18.48313723591878]}}, {"type": "Feature", "id": 2635, "properties": {"REGION": "ARICA Y PARINACOTA", "COMUNA": "ARICA", "NOMBRE": "ASOCIACION INDIGENA AYMRA CERRO BLANCO", "PUEBLO": "AYMARA"}, "geometry": {"type": "Point", "coordinates": [-70.2822623854347, -18.48045502078587]}}, {"type": "Feature", "id": 2636, "properties": {"REGION": "ARICA Y PARINACOTA", "COMUNA": "ARICA", "NOMBRE": "ASOCIACION INDIGENA AYMARA DE COMERCIANTES DE LA FERIA TURISTICA DOMINICAL DEL JUGETE, NAVIDAD", "PUEBLO": "AYMARA"}, "geometry": {"type": "Point", "coordinates": [-70.29296581335473, -18.48099449263597]}}, {"type": "Feature", "id": 2637, "properties": {"REGION": "ARICA Y PARINACOTA", "COMUNA": "ARICA", "NOMBRE": "ASOCIACION INDIGENA PAMPA INTI", "PUEBLO": "AYMARA"}, "geometry": {"type": "Point", "coordinates": [-69.21298, -18.8779]}}, {"type": "Feature", "id": 2638, "properties": {"REGION": "ARICA Y PARINACOTA", "COMUNA": "ARICA", "NOMBRE": "ASOCIACION INDIGENA CALETA VITOR", "PUEBLO": "AYMARA"}, "geometry": {"type": "Point", "coordinates": [-70.216899, -18.779487]}}, {"type": "Feature", "id": 2639, "properties": {"REGION": "ARICA Y PARINACOTA", "COMUNA": "ARICA", "NOMBRE": "ASOCIACIÓN INDIGANA DE PROPIETARIOS DEL TERRITORIO JURISDICCIONAL DE PARINACOTA.", "PUEBLO": "AYMARA"}, "geometry": {"type": "Point", "coordinates": [-70.2828352054021, -18.47003212896243]}}, {"type": "Feature", "id": 2640, "properties": {"REGION": "ARICA Y PARINACOTA", "COMUNA": "ARICA", "NOMBRE": "ASOCIACION INDIGENA CIRCULO CULTURAL Y SOCIAL VOLCAN DE GUALLATIRE", "PUEBLO": "AYMARA"}, "geometry": {"type": "Point", "coordinates": [-70.28252300721634, -18.48513157600875]}}, {"type": "Feature", "id": 2641, "properties": {"REGION": "ARICA Y PARINACOTA", "COMUNA": "ARICA", "NOMBRE": "ASOCIACION INDIGENA AYMARA SECTOR TICNAMAR BELEN AZAPA", "PUEBLO": "AYMARA"}, "geometry": {"type": "Point", "coordinates": [-70.17726, -18.51842]}}, {"type": "Feature", "id": 2642, "properties": {"REGION": "ARICA Y PARINACOTA", "COMUNA": "ARICA", "NOMBRE": "ASOCIACION INDIGENA MOLINOS \"INTI MARKA\"", "PUEBLO": "AYMARA"}, "geometry": {"type": "Point", "coordinates": [-69.94595, -18.38232]}}, {"type": "Feature", "id": 2643, "properties": {"REGION": "ARICA Y PARINACOTA", "COMUNA": "ARICA", "NOMBRE": "ASOCIACION INDIGENA SOL NACIENTE \"INTI YURIWI\"", "PUEBLO": "MULTICULTURAL"}, "geometry": {"type": "Point", "coordinates": [-70.19594, -18.5463]}}, {"type": "Feature", "id": 2644, "properties": {"REGION": "ARICA Y PARINACOTA", "COMUNA": "CAMARONES", "NOMBRE": "ASOCIACION INDIGENA TALTAPE", "PUEBLO": "AYMARA"}, "geometry": {"type": "Point", "coordinates": [-69.82412, -19.0029]}}, {"type": "Feature", "id": 2645, "properties": {"REGION": "ANTOFAGASTA", "COMUNA": "CALAMA", "NOMBRE": "\"ASOCIACIÓN DE MUJERES INDÍGENA PANILICAU HAITI\"", "PUEBLO": "ATACAMEÑO"}, "geometry": {"type": "Point", "coordinates": [-68.32334204593823, -22.27865781603622]}}, {"type": "Feature", "id": 2646, "properties": {"REGION": "ANTOFAGASTA", "COMUNA": "CALAMA", "NOMBRE": "ASOCIACIÓN ATACAMEÑA DE ARTESANOS DE CASPANA", "PUEBLO": "ATACAMEÑO"}, "geometry": {"type": "Point", "coordinates": [-68.212692, -22.334598]}}, {"type": "Feature", "id": 2647, "properties": {"REGION": "ANTOFAGASTA", "COMUNA": "CALAMA", "NOMBRE": "ASOCIACIÓN DE ARTESANOS Y AGRICULTORES DE CHIU-CHIU", "PUEBLO": "ATACAMEÑO"}, "geometry": {"type": "Point", "coordinates": [-68.65010164938798, -22.34193057898691]}}, {"type": "Feature", "id": 2648, "properties": {"REGION": "ANTOFAGASTA", "COMUNA": "CALAMA", "NOMBRE": "ASOCIACIÓN DE MUJERES ATACAMEÑAS DE TOCONCE \"NINCHIES LICKAU COTA\"", "PUEBLO": "ATACAMEÑO"}, "geometry": {"type": "Point", "coordinates": [-68.166271, -22.264599]}}, {"type": "Feature", "id": 2649, "properties": {"REGION": "ANTOFAGASTA", "COMUNA": "CALAMA", "NOMBRE": "ASOCIACIÓN INDÍGENA ATACAMEÑA CONJUNTO ZAMPOÑAS AMAUTAS", "PUEBLO": "ATACAMEÑO"}, "geometry": {"type": "Point", "coordinates": [-68.631632, -22.269305]}}, {"type": "Feature", "id": 2650, "properties": {"REGION": "ANTOFAGASTA", "COMUNA": "CALAMA", "NOMBRE": "ASOCIACIÓN INDÍGENA ATACAMEÑA DE MUJERES DE LASANA QUILLANTAY", "PUEBLO": "ATACAMEÑO"}, "geometry": {"type": "Point", "coordinates": [-68.631023, -22.268191]}}, {"type": "Feature", "id": 2651, "properties": {"REGION": "ANTOFAGASTA", "COMUNA": "CALAMA", "NOMBRE": "ASOCIACION INDIGENA DE AGRICULTORESY GANADEROS DE CHIU-CHIU", "PUEBLO": "ATACAMEÑO"}, "geometry": {"type": "Point", "coordinates": [-68.64997, -22.343008]}}, {"type": "Feature", "id": 2652, "properties": {"REGION": "ANTOFAGASTA", "COMUNA": "CALAMA", "NOMBRE": "ASOCIACIÓN INDIGENA DE COSTUMBRES Y TRADICIONES DE TOCONAO", "PUEBLO": "ATACAMEÑO"}, "geometry": {"type": "Point", "coordinates": [-68.006825, -23.190737]}}, {"type": "Feature", "id": 2653, "properties": {"REGION": "ANTOFAGASTA", "COMUNA": "CALAMA", "NOMBRE": "ASOCIACIÓN INTI LLACTA", "PUEBLO": "ATACAMEÑO"}, "geometry": {"type": "Point", "coordinates": [-68.9614738103293, -22.48153333238207]}}, {"type": "Feature", "id": 2654, "properties": {"REGION": "ANTOFAGASTA", "COMUNA": "ANTOFAGAST", "NOMBRE": "ASOCIACIÓN INDÍGENA PRODUCTIVA ALTOS LA PORTADA", "PUEBLO": "MULTICULTURAL"}, "geometry": {"type": "Point", "coordinates": [-70.38047481875502, -23.59191633271552]}}, {"type": "Feature", "id": 2655, "properties": {"REGION": "ANTOFAGASTA", "COMUNA": "ANTOFAGAST", "NOMBRE": "URBANA DE ANTOFAGASTA", "PUEBLO": "MULTICULTURAL"}, "geometry": {"type": "Point", "coordinates": [-70.38723532203608, -23.56374743149809]}}, {"type": "Feature", "id": 2656, "properties": {"REGION": "ANTOFAGASTA", "COMUNA": "CALAMA", "NOMBRE": "ASOCIACIÓN INDÍGENA ATACAMEÑA LIKAN TATAY", "PUEBLO": "ATACAMEÑO"}, "geometry": {"type": "Point", "coordinates": [-68.90466063705716, -22.43295999167481]}}, {"type": "Feature", "id": 2657, "properties": {"REGION": "ANTOFAGASTA", "COMUNA": "CALAMA", "NOMBRE": "ASOCIACIÓN INDÍGENA CONSEJO PUEBLOS ATACAMEÑOS", "PUEBLO": "ATACAMEÑO"}, "geometry": {"type": "Point", "coordinates": [-68.92914233079313, -22.45099925598443]}}, {"type": "Feature", "id": 2658, "properties": {"REGION": "ANTOFAGASTA", "COMUNA": "CALAMA", "NOMBRE": "ASOCIACIÓN INDÍGENA JUVENIL ATACAMEÑA YAALIR", "PUEBLO": "ATACAMEÑO"}, "geometry": {"type": "Point", "coordinates": [-68.92740067880696, -22.47743006294779]}}, {"type": "Feature", "id": 2659, "properties": {"REGION": "ANTOFAGASTA", "COMUNA": "CALAMA", "NOMBRE": "ASOCIACIÓN INDÍGENA CONFEDERACIÓN MULTICULTURAL DE PUEBLOS ORIGINARIOS", "PUEBLO": "MULTICULTURAL"}, "geometry": {"type": "Point", "coordinates": [-68.93549477209237, -22.45771884316908]}}, {"type": "Feature", "id": 2660, "properties": {"REGION": "ANTOFAGASTA", "COMUNA": "CALAMA", "NOMBRE": "ASOCIACIÓN INDÍGENA KUNZA HOIRI", "PUEBLO": "ATACAMEÑO"}, "geometry": {"type": "Point", "coordinates": [-68.93517807743007, -22.44915736719919]}}, {"type": "Feature", "id": 2661, "properties": {"REGION": "ANTOFAGASTA", "COMUNA": "CALAMA", "NOMBRE": "ASOCIACÍÓN CULTURAL MAPUCHE DE TRADICIONES Y COSTUMBRES, COMUNA DE CALAMA, LONKO NAHUEL", "PUEBLO": "ATACAMEÑO"}, "geometry": {"type": "Point", "coordinates": [-68.9376976623765, -22.44418783234726]}}, {"type": "Feature", "id": 2662, "properties": {"REGION": "ANTOFAGASTA", "COMUNA": "CALAMA", "NOMBRE": "ASOCIACIÓN INDIGENA DE AGRICULTORES LICKAN ANTAY", "PUEBLO": "ATACAMEÑO"}, "geometry": {"type": "Point", "coordinates": [-68.92929273274048, -22.47373071050695]}}, {"type": "Feature", "id": 2663, "properties": {"REGION": "ANTOFAGASTA", "COMUNA": "CALAMA", "NOMBRE": "ASOCIACIÓN AGRICULTORES DE CHUNCHURI PONIENTE", "PUEBLO": "ATACAMEÑO"}, "geometry": {"type": "Point", "coordinates": [-68.95037815306067, -22.47573330024887]}}, {"type": "Feature", "id": 2664, "properties": {"REGION": "ANTOFAGASTA", "COMUNA": "CALAMA", "NOMBRE": "ASOCIACIÓN INDÍGENA AYMARA MARCAMASIS", "PUEBLO": "AYMARA"}, "geometry": {"type": "Point", "coordinates": [-68.94282441375492, -22.45987128292868]}}, {"type": "Feature", "id": 2665, "properties": {"REGION": "ANTOFAGASTA", "COMUNA": "CALAMA", "NOMBRE": "ASOCIACIÓN ATACAMEÑA ZHALI LIKAN KAPUR", "PUEBLO": "ATACAMEÑO"}, "geometry": {"type": "Point", "coordinates": [-68.91934044125811, -22.43416230627146]}}, {"type": "Feature", "id": 2666, "properties": {"REGION": "ANTOFAGASTA", "COMUNA": "CALAMA", "NOMBRE": "ASOCIACIÓN INDÍGENA DONDE COMIENZA MI TIERRA", "PUEBLO": "ATACAMEÑO"}, "geometry": {"type": "Point", "coordinates": [-68.93284710039714, -22.44797770482197]}}, {"type": "Feature", "id": 2667, "properties": {"REGION": "ANTOFAGASTA", "COMUNA": "CALAMA", "NOMBRE": "ASOCIACIÓN DE MUJERES INDÍGENA INTI PANNI PURI PACHAMAMA", "PUEBLO": "ATACAMEÑO"}, "geometry": {"type": "Point", "coordinates": [-68.95037617632526, -22.47572669669857]}}, {"type": "Feature", "id": 2668, "properties": {"REGION": "ANTOFAGASTA", "COMUNA": "CALAMA", "NOMBRE": "ASOCIACIÓN DE MUJERES INDÍGENA DE CALAMA", "PUEBLO": "ATACAMEÑO"}, "geometry": {"type": "Point", "coordinates": [-68.92027925998202, -22.47407501257668]}}, {"type": "Feature", "id": 2669, "properties": {"REGION": "ANTOFAGASTA", "COMUNA": "ANTOFAGAST", "NOMBRE": "ASOCIACIÓN INDÍGENA DE REGANTES Y AGRICULTORES DEL KILÓMETRO 12 DE ANTOFAGASTA", "PUEBLO": "AYMARA"}, "geometry": {"type": "Point", "coordinates": [-68.92020785536553, -22.47353067402499]}}, {"type": "Feature", "id": 2670, "properties": {"REGION": "ANTOFAGASTA", "COMUNA": "CALAMA", "NOMBRE": "ASOCIACIÓN INDÍGENA DE REGANTES Y AGRICULTORES PATTA HOIRI", "PUEBLO": "ATACAMEÑO"}, "geometry": {"type": "Point", "coordinates": [-68.94672115725929, -22.45550208199903]}}, {"type": "Feature", "id": 2671, "properties": {"REGION": "ANTOFAGASTA", "COMUNA": "CALAMA", "NOMBRE": "ASOCIACIÓN INDÍGENA MARKA MASSY", "PUEBLO": "ATACAMEÑO"}, "geometry": {"type": "Point", "coordinates": [-68.93390105441583, -22.44899639563449]}}, {"type": "Feature", "id": 2672, "properties": {"REGION": "ANTOFAGASTA", "COMUNA": "CALAMA", "NOMBRE": "ASOCIACIÓN INDÍGENA CALAMA ANDINO COSTUMBRISTA", "PUEBLO": "ATACAMEÑO"}, "geometry": {"type": "Point", "coordinates": [-68.91765873341987, -22.44733696031205]}}, {"type": "Feature", "id": 2673, "properties": {"REGION": "ANTOFAGASTA", "COMUNA": "CALAMA", "NOMBRE": "ASOCIACIÓN INDÍGENA UNIFAM", "PUEBLO": "ATACAMEÑO"}, "geometry": {"type": "Point", "coordinates": [-68.93086297060802, -22.43999298277945]}}, {"type": "Feature", "id": 2674, "properties": {"REGION": "ANTOFAGASTA", "COMUNA": "CALAMA", "NOMBRE": "ASOCIACIÓN INDÍGENA AYMARA SANTATA", "PUEBLO": "ATACAMEÑO"}, "geometry": {"type": "Point", "coordinates": [-68.94089867353328, -22.46279712549893]}}, {"type": "Feature", "id": 2675, "properties": {"REGION": "ANTOFAGASTA", "COMUNA": "CALAMA", "NOMBRE": "ASOCIACIÓN CULTURAL DE TRADICIONES Y COSTUMBRES SAN ANTONIO DE OLLAGUE", "PUEBLO": "ATACAMEÑO"}, "geometry": {"type": "Point", "coordinates": [-68.93943863113373, -22.45952263690311]}}, {"type": "Feature", "id": 2676, "properties": {"REGION": "ANTOFAGASTA", "COMUNA": "CALAMA", "NOMBRE": "ASOCIACIÓN CULTUAL INDÍGENA AYMARA MACHAJ K", "PUEBLO": "ATACAMEÑO"}, "geometry": {"type": "Point", "coordinates": [-68.9456947123418, -22.46063418544877]}}, {"type": "Feature", "id": 2677, "properties": {"REGION": "ANTOFAGASTA", "COMUNA": "CALAMA", "NOMBRE": "ASOCIACION DE CULTORES DE LA MEDICINA ANCESTRAL LICKAN ANTAY Y QUECHUA", "PUEBLO": "ATACAMEÑO"}, "geometry": {"type": "Point", "coordinates": [-68.92914445498461, -22.45099364672065]}}, {"type": "Feature", "id": 2678, "properties": {"REGION": "ANTOFAGASTA", "COMUNA": "CALAMA", "NOMBRE": "ASOCIACION INDIGENA DE DEPORTES Y RECREACION DE LA PRECORDILLERA CENTRAL EL LOA ADREPCEL", "PUEBLO": "ATACAMEÑO"}, "geometry": {"type": "Point", "coordinates": [-68.92995190423535, -22.45036827687915]}}, {"type": "Feature", "id": 2679, "properties": {"REGION": "ANTOFAGASTA", "COMUNA": "CALAMA", "NOMBRE": "ASOCIACION INDIGENA DE CUNICULTORES DE LA PROV. EL LOA", "PUEBLO": "ATACAMEÑO"}, "geometry": {"type": "Point", "coordinates": [-68.9265823604211, -22.4730646034584]}}, {"type": "Feature", "id": 2680, "properties": {"REGION": "ANTOFAGASTA", "COMUNA": "CALAMA", "NOMBRE": "AGRICOLA GANADERA CULTURAL Y SOCIAL VALLE DEL SOL YALQUINCHA", "PUEBLO": "ATACAMEÑO"}, "geometry": {"type": "Point", "coordinates": [-68.94187975222556, -22.45641020042854]}}, {"type": "Feature", "id": 2681, "properties": {"REGION": "ANTOFAGASTA", "COMUNA": "CALAMA", "NOMBRE": "ASOCIACION INDIGENA SAN ANTONIO DE AMINCHA", "PUEBLO": "ATACAMEÑO"}, "geometry": {"type": "Point", "coordinates": [-68.94705586680126, -22.45510158069875]}}, {"type": "Feature", "id": 2682, "properties": {"REGION": "ANTOFAGASTA", "COMUNA": "CALAMA", "NOMBRE": "ASOCIACION INDIGENA HIJAS E HIJOS DE LA HONDONADA", "PUEBLO": "ATACAMEÑO"}, "geometry": {"type": "Point", "coordinates": [-68.21264482184549, -22.33511169294287]}}, {"type": "Feature", "id": 2683, "properties": {"REGION": "ANTOFAGASTA", "COMUNA": "CALAMA", "NOMBRE": "ASOCIACION DE MUJERES INDIGENAS SAN PEDRO Y SAN PABLO, ORKO CORASKCUNA", "PUEBLO": "ATACAMEÑO"}, "geometry": {"type": "Point", "coordinates": [-68.93774152453459, -22.45493124606043]}}, {"type": "Feature", "id": 2684, "properties": {"REGION": "ANTOFAGASTA", "COMUNA": "CALAMA", "NOMBRE": "ASOCIACION ATACAMEÑA DE CASPANA", "PUEBLO": "ATACAMEÑO"}, "geometry": {"type": "Point", "coordinates": [-68.21306436711558, -22.33496990686586]}}, {"type": "Feature", "id": 2685, "properties": {"REGION": "ANTOFAGASTA", "COMUNA": "CALAMA", "NOMBRE": "ASOCIACION INDIGENA POR LA VIVIENDA ESPERANZA DEL MAÑANA", "PUEBLO": "ATACAMEÑO"}, "geometry": {"type": "Point", "coordinates": [-68.92010626583928, -22.47016466232717]}}, {"type": "Feature", "id": 2686, "properties": {"REGION": "ANTOFAGASTA", "COMUNA": "CALAMA", "NOMBRE": "ASOCIACION INDIGENA MAYU CTHYAQUI", "PUEBLO": "ATACAMEÑO"}, "geometry": {"type": "Point", "coordinates": [-68.93831446510622, -22.44349847436975]}}, {"type": "Feature", "id": 2687, "properties": {"REGION": "ANTOFAGASTA", "COMUNA": "CALAMA", "NOMBRE": "ASOCIACION INDIGENA QUECHUA RIJCHARIY DE OLLAGUE", "PUEBLO": "ATACAMEÑO"}, "geometry": {"type": "Point", "coordinates": [-68.94132857580375, -22.45144828810536]}}, {"type": "Feature", "id": 2688, "properties": {"REGION": "ANTOFAGASTA", "COMUNA": "CALAMA", "NOMBRE": "ASOCIACION INDIGENA ESPERANZA NISAYÁ LICKAN", "PUEBLO": "ATACAMEÑO"}, "geometry": {"type": "Point", "coordinates": [-68.93289870993966, -22.44041236525376]}}, {"type": "Feature", "id": 2689, "properties": {"REGION": "ANTOFAGASTA", "COMUNA": "CALAMA", "NOMBRE": "ASOCIACION INDIGENA \"LICKAN - ANTAI DE PANIRE\"", "PUEBLO": "ATACAMEÑO"}, "geometry": {"type": "Point", "coordinates": [-68.92917682192687, -22.43518236620484]}}, {"type": "Feature", "id": 2690, "properties": {"REGION": "ANTOFAGASTA", "COMUNA": "CALAMA", "NOMBRE": "ASOCIACION COORDINADORA INDIGENA EL LOA", "PUEBLO": "ATACAMEÑO"}, "geometry": {"type": "Point", "coordinates": [-68.93203824694281, -22.44929738705375]}}, {"type": "Feature", "id": 2691, "properties": {"REGION": "ANTOFAGASTA", "COMUNA": "CALAMA", "NOMBRE": "ASOCIACION INDIGENA DE DANZAS ANDINAS \"INTI YACTA\"", "PUEBLO": "ATACAMEÑO"}, "geometry": {"type": "Point", "coordinates": [-68.91657433758373, -22.45089947671283]}}, {"type": "Feature", "id": 2692, "properties": {"REGION": "ANTOFAGASTA", "COMUNA": "CALAMA", "NOMBRE": "ASOCIACION INDIGENA SUMAJ ORKO KHORY TIKA OLLAGUE LLAJTAYMANTA", "PUEBLO": "ATACAMEÑO"}, "geometry": {"type": "Point", "coordinates": [-68.92687894529804, -22.43404406969852]}}, {"type": "Feature", "id": 2693, "properties": {"REGION": "ANTOFAGASTA", "COMUNA": "CALAMA", "NOMBRE": "ASOCIACION CONSEJO DE PUEBLOS ORIGINARIOS DEL ALTO EL LOA", "PUEBLO": "ATACAMEÑO"}, "geometry": {"type": "Point", "coordinates": [-68.927014931601, -22.46387626269328]}}, {"type": "Feature", "id": 2694, "properties": {"REGION": "ANTOFAGASTA", "COMUNA": "CALAMA", "NOMBRE": "ASOCIACION INDIGENA HIJOS DEL OJO DE SAN PEDRO", "PUEBLO": "ATACAMEÑO"}, "geometry": {"type": "Point", "coordinates": [-68.93260831254031, -22.44000411263967]}}, {"type": "Feature", "id": 2695, "properties": {"REGION": "ANTOFAGASTA", "COMUNA": "CALAMA", "NOMBRE": "ASOCIACIÓN INDIGENA ATACAMEÑA CEMENTERIO, NUEVA GENERACIÓN AYQUINA-TURI", "PUEBLO": "ATACAMEÑO"}, "geometry": {"type": "Point", "coordinates": [-68.938575369766, -22.44601278229098]}}, {"type": "Feature", "id": 2696, "properties": {"REGION": "ANTOFAGASTA", "COMUNA": "CALAMA", "NOMBRE": "ASOCIACION INDIGENA HIJOS DE LA CANDELARIA DE CASPANA", "PUEBLO": "ATACAMEÑO"}, "geometry": {"type": "Point", "coordinates": [-68.93260732552012, -22.44000063196571]}}, {"type": "Feature", "id": 2697, "properties": {"REGION": "ANTOFAGASTA", "COMUNA": "CALAMA", "NOMBRE": "ASOCIACION INDIGENA DE SANADORES LICKAN HAMPITUR", "PUEBLO": "ATACAMEÑO"}, "geometry": {"type": "Point", "coordinates": [-68.92595385968434, -22.46127530631349]}}, {"type": "Feature", "id": 2698, "properties": {"REGION": "ANTOFAGASTA", "COMUNA": "CALAMA", "NOMBRE": "ASOCIACION INDIGENA DE AGRICULTORES Y REGANTES DE CHIU-CHIU", "PUEBLO": "ATACAMEÑO"}, "geometry": {"type": "Point", "coordinates": [-68.64996693473451, -22.33867777351767]}}, {"type": "Feature", "id": 2699, "properties": {"REGION": "ANTOFAGASTA", "COMUNA": "CALAMA", "NOMBRE": "ASOCIACIÓN INDÍGENA ATACAMEÑA DE LA VIVIENDA, NUEVAS GENERACIONES AYQUINA", "PUEBLO": "ATACAMEÑO"}, "geometry": {"type": "Point", "coordinates": [-68.93856767874037, -22.4460140259423]}}, {"type": "Feature", "id": 2700, "properties": {"REGION": "ANTOFAGASTA", "COMUNA": "CALAMA", "NOMBRE": "\"ASOCIACIÓN SOCIAL, CULTURAL Y DEPORTIVA MYSTIKOS 2012\"", "PUEBLO": "ATACAMEÑO"}, "geometry": {"type": "Point", "coordinates": [-68.91775122044236, -22.43711281388957]}}, {"type": "Feature", "id": 2701, "properties": {"REGION": "ANTOFAGASTA", "COMUNA": "CALAMA", "NOMBRE": "ASOCIACIÓN INDÍGENA PARA LA VIVIENDA PATTA HOIRI", "PUEBLO": "ATACAMEÑO"}, "geometry": {"type": "Point", "coordinates": [-68.94018518809857, -22.45503213671089]}}, {"type": "Feature", "id": 2702, "properties": {"REGION": "ANTOFAGASTA", "COMUNA": "CALAMA", "NOMBRE": "ASOCIACIÓN INDÍGENA DE TRANSPORTISTAS EL LOA CALAMA", "PUEBLO": "ATACAMEÑO"}, "geometry": {"type": "Point", "coordinates": [-68.90301448550258, -22.44034942136929]}}, {"type": "Feature", "id": 2703, "properties": {"REGION": "ANTOFAGASTA", "COMUNA": "CALAMA", "NOMBRE": "ASOCIACIÓN INDÍGENA INTI LLACTA", "PUEBLO": "ATACAMEÑO"}, "geometry": {"type": "Point", "coordinates": [-68.94420860405204, -22.47329007955628]}}, {"type": "Feature", "id": 2704, "properties": {"REGION": "ANTOFAGASTA", "COMUNA": "CALAMA", "NOMBRE": "ASOCIACIÓN DE INDUSTRIALES INDÍGENAS PYME ALTO EL LOA", "PUEBLO": "ATACAMEÑO"}, "geometry": {"type": "Point", "coordinates": [-68.9493315736441, -22.44891573334435]}}, {"type": "Feature", "id": 2705, "properties": {"REGION": "ANTOFAGASTA", "COMUNA": "CALAMA", "NOMBRE": "ASOCIACIÓN DE PUEBLOS INDÍGENAS MULTICULTURAL EL VERGEL DE CALAMA", "PUEBLO": "ATACAMEÑO"}, "geometry": {"type": "Point", "coordinates": [-68.92497524178022, -22.46975928310072]}}, {"type": "Feature", "id": 2706, "properties": {"REGION": "ANTOFAGASTA", "COMUNA": "CALAMA", "NOMBRE": "ASOCIACIÓN CONSEJO INDÍGENA MIGRANTES URBANO \"KHUSKA ÑAÑAKUNA WAWQIKUNA (JUNTOS HERMANAS Y HERMANOS)\"", "PUEBLO": "MULTICULTURAL"}, "geometry": {"type": "Point", "coordinates": [-68.93684674561159, -22.44952266373328]}}, {"type": "Feature", "id": 2707, "properties": {"REGION": "ANTOFAGASTA", "COMUNA": "CALAMA", "NOMBRE": "ASOCIACION INDIGENA ECOLOGISTA HIJOS DEL LOA", "PUEBLO": "MULTICULTURAL"}, "geometry": {"type": "Point", "coordinates": [-68.93405164529513, -22.4387743630478]}}, {"type": "Feature", "id": 2708, "properties": {"REGION": "ANTOFAGASTA", "COMUNA": "CALAMA", "NOMBRE": "ASOCIACIÓN INDÍGENA HUÑUY CONCEPCIÓN DE AMINCHA", "PUEBLO": "QUECHUA"}, "geometry": {"type": "Point", "coordinates": [-68.94592130474307, -22.45832816577895]}}, {"type": "Feature", "id": 2709, "properties": {"REGION": "ANTOFAGASTA", "COMUNA": "CALAMA", "NOMBRE": "ASOCIACIÓN GREMIAL DE TRANSPORTES INDÍGENA DE PUEBLOS ORIGINARIOS", "PUEBLO": "MULTICULTURAL"}, "geometry": {"type": "Point", "coordinates": [-68.92195256189633, -22.43200653375225]}}, {"type": "Feature", "id": 2710, "properties": {"REGION": "ANTOFAGASTA", "COMUNA": "CALAMA", "NOMBRE": "ASOCIACIÓN INDÍGENA TICKA COTCHAYA HOIRI", "PUEBLO": "MULTICULTURAL"}, "geometry": {"type": "Point", "coordinates": [-68.96053, -22.461181]}}, {"type": "Feature", "id": 2711, "properties": {"REGION": "ANTOFAGASTA", "COMUNA": "CALAMA", "NOMBRE": "ASOCIACIÓN INDÍGENA PUEBLOS ORIGINARIOS Y CULTURALES DE CHILE", "PUEBLO": "MULTICULTURAL"}, "geometry": {"type": "Point", "coordinates": [-68.91649611672503, -22.44751080151388]}}, {"type": "Feature", "id": 2712, "properties": {"REGION": "ANTOFAGASTA", "COMUNA": "CALAMA", "NOMBRE": "DE CULTORES, ARTESANOS Y TURISMO RURAQ MAKI", "PUEBLO": "ATACAMEÑO"}, "geometry": {"type": "Point", "coordinates": [-68.93380430254426, -22.46349028997248]}}, {"type": "Feature", "id": 2713, "properties": {"REGION": "ANTOFAGASTA", "COMUNA": "CALAMA", "NOMBRE": "CKAUSATUR CKAARI (VIVIR UN VERDE NUEVO)", "PUEBLO": "MULTICULTURAL"}, "geometry": {"type": "Point", "coordinates": [-68.95483476820597, -22.46190220195831]}}, {"type": "Feature", "id": 2714, "properties": {"REGION": "ANTOFAGASTA", "COMUNA": "CALAMA", "NOMBRE": "GANADERO AGRÍCOLA RUNA-KAY", "PUEBLO": "MULTICULTURAL"}, "geometry": {"type": "Point", "coordinates": [-68.650259, -22.34467]}}, {"type": "Feature", "id": 2715, "properties": {"REGION": "ANTOFAGASTA", "COMUNA": "CALAMA", "NOMBRE": "ASOCIACION INDIGENA AKA PACHA", "PUEBLO": "MULTICULTURAL"}, "geometry": {"type": "Point", "coordinates": [-68.94589959855213, -22.44802721806466]}}, {"type": "Feature", "id": 2716, "properties": {"REGION": "ANTOFAGASTA", "COMUNA": "CALAMA", "NOMBRE": "ASOCIACIÓN INDÍGENA DE ANCIANOS Y GANADEROS DE AYQUINA TURI PANIRI", "PUEBLO": "ATACAMEÑO"}, "geometry": {"type": "Point", "coordinates": [-68.308242, -22.251273]}}, {"type": "Feature", "id": 2717, "properties": {"REGION": "ANTOFAGASTA", "COMUNA": "CALAMA", "NOMBRE": "ASOCIACIÓN INDÍGENA MULTICULTURAL HIJOS Y NIETOS DE ESTA TIERRA", "PUEBLO": "MULTICULTURAL"}, "geometry": {"type": "Point", "coordinates": [-68.91203585043749, -22.44552781435032]}}, {"type": "Feature", "id": 2718, "properties": {"REGION": "ANTOFAGASTA", "COMUNA": "CALAMA", "NOMBRE": "ASOCIACIÓN INDÍGENA DE AGRICULTORES HIJOS DEL PUEBLO DE SAN PEDRO", "PUEBLO": "QUECHUA"}, "geometry": {"type": "Point", "coordinates": [-68.94462320402572, -22.46881449263627]}}, {"type": "Feature", "id": 2719, "properties": {"REGION": "ANTOFAGASTA", "COMUNA": "CALAMA", "NOMBRE": "ASOCIACIÓN INDÍGENA AGRICOLA Y RAMOS AFINES LICKANTAY CKAALI CKAPARTUR (NUEVAS RAICES)", "PUEBLO": "MULTICULTURAL"}, "geometry": {"type": "Point", "coordinates": [-68.92987120890888, -22.47406554833948]}}, {"type": "Feature", "id": 2720, "properties": {"REGION": "ANTOFAGASTA", "COMUNA": "CALAMA", "NOMBRE": "ASOCIACIÓN INDÍGENA SOCIAL, TRADICIONES Y COSTUMBRES, DEPORTIVA Y AMBIENTALISTA DE CHUNCHURI", "PUEBLO": "ATACAMEÑO"}, "geometry": {"type": "Point", "coordinates": [-68.94816594629789, -22.48009292196073]}}, {"type": "Feature", "id": 2721, "properties": {"REGION": "ANTOFAGASTA", "COMUNA": "CALAMA", "NOMBRE": "ASOCIACION INDIGENA GANADEROS DE TOCONCE HUANCALLES", "PUEBLO": "ATACAMEÑO"}, "geometry": {"type": "Point", "coordinates": [-68.92345791125906, -22.47183462523242]}}, {"type": "Feature", "id": 2722, "properties": {"REGION": "ANTOFAGASTA", "COMUNA": "CALAMA", "NOMBRE": "ASOCIACION INDIGENA DE AGRICULTORES Y GANADEROS DE LASANA", "PUEBLO": "ATACAMEÑO"}, "geometry": {"type": "Point", "coordinates": [-68.62881503719434, -22.26716027966848]}}, {"type": "Feature", "id": 2723, "properties": {"REGION": "ANTOFAGASTA", "COMUNA": "OLLAGÜE", "NOMBRE": "ASOCIACIÓN INDÍGENA DE PROGRESO, DESARROLLO Y CULTURA DEL PUEBLO DE KOSCA", "PUEBLO": "QUECHUA"}, "geometry": {"type": "Point", "coordinates": [-68.25574042591255, -21.22545824681917]}}, {"type": "Feature", "id": 2724, "properties": {"REGION": "ANTOFAGASTA", "COMUNA": "OLLAGÜE", "NOMBRE": "ASOCIACIÓN QUECHUA JUVENIL DE OLLAGUE", "PUEBLO": "QUECHUA"}, "geometry": {"type": "Point", "coordinates": [-68.93527306243493, -22.44698212479179]}}, {"type": "Feature", "id": 2725, "properties": {"REGION": "ANTOFAGASTA", "COMUNA": "OLLAGÜE", "NOMBRE": "ASOCIACIÓN INDÍGENA QUECHUA INTI LLAJTA", "PUEBLO": "QUECHUA"}, "geometry": {"type": "Point", "coordinates": [-68.253248, -21.223562]}}, {"type": "Feature", "id": 2726, "properties": {"REGION": "ANTOFAGASTA", "COMUNA": "OLLAGÜE", "NOMBRE": "ASOCIACIÓN INDÍGENA QUECHUA CEBOLLAR ASCOTAN", "PUEBLO": "QUECHUA"}, "geometry": {"type": "Point", "coordinates": [-68.340424, -21.532912]}}, {"type": "Feature", "id": 2727, "properties": {"REGION": "ANTOFAGASTA", "COMUNA": "OLLAGÜE", "NOMBRE": "ASOCIACION AGRUPACION DE ARTESANOS DE OLLAGUE KILLA WASI", "PUEBLO": "QUECHUA"}, "geometry": {"type": "Point", "coordinates": [-68.25537, -21.2256]}}, {"type": "Feature", "id": 2728, "properties": {"REGION": "ANTOFAGASTA", "COMUNA": "OLLAGÜE", "NOMBRE": "ASOCIACIÓN INDÍGENA QUECHUA GENTE DEL SALAR", "PUEBLO": "QUECHUA"}, "geometry": {"type": "Point", "coordinates": [-68.9452736529266, -22.45984903593629]}}, {"type": "Feature", "id": 2729, "properties": {"REGION": "ANTOFAGASTA", "COMUNA": "OLLAGÜE", "NOMBRE": "ASOCIACIÓN SOCIAL Y CULTURAL INDÍGENA QUECHUA TESOROS VIVOS DE KOSCA \"YUYAYMANAY KIM\"(SIEMPRE PIENSO EN TI) ADULTOS MAYORES E HIJOS", "PUEBLO": "QUECHUA"}, "geometry": {"type": "Point", "coordinates": [-68.25348911448954, -21.2260128550931]}}, {"type": "Feature", "id": 2730, "properties": {"REGION": "ANTOFAGASTA", "COMUNA": "SAN PEDRO", "NOMBRE": "ASOCIACIÓN ATACAMEÑA SAN BARTOLOME DE SOCAIRE", "PUEBLO": "ATACAMEÑO"}, "geometry": {"type": "Point", "coordinates": [-67.89092786686751, -23.58702721998803]}}, {"type": "Feature", "id": 2731, "properties": {"REGION": "ANTOFAGASTA", "COMUNA": "SAN PEDRO", "NOMBRE": "ASOCIACIÓN INDÍGENA ATACAMEÑA DE LOS GENTILARES DE LARACHE", "PUEBLO": "ATACAMEÑO"}, "geometry": {"type": "Point", "coordinates": [-68.20367634624648, -22.92050077096511]}}, {"type": "Feature", "id": 2732, "properties": {"REGION": "ANTOFAGASTA", "COMUNA": "SAN PEDRO", "NOMBRE": "ASOCIACION CHAÑARES DE SOLOR", "PUEBLO": "ATACAMEÑO"}, "geometry": {"type": "Point", "coordinates": [-68.2004046333756, -22.91071535630162]}}, {"type": "Feature", "id": 2733, "properties": {"REGION": "ANTOFAGASTA", "COMUNA": "SAN PEDRO", "NOMBRE": "ASOCIACIÓN INDÍGENA DE GANADEROS Y AGRICULTORES DE TAMBILLO LICKAN SILAR", "PUEBLO": "ATACAMEÑO"}, "geometry": {"type": "Point", "coordinates": [-68.0042841492597, -23.19007446301343]}}, {"type": "Feature", "id": 2734, "properties": {"REGION": "ANTOFAGASTA", "COMUNA": "SAN PEDRO", "NOMBRE": "ASOCIACIÓN INDÍGENA CKUNA A CKUN LLOCOM AMA", "PUEBLO": "ATACAMEÑO"}, "geometry": {"type": "Point", "coordinates": [-68.20213900981997, -22.90163808725213]}}, {"type": "Feature", "id": 2735, "properties": {"REGION": "ANTOFAGASTA", "COMUNA": "SAN PEDRO", "NOMBRE": "ASOCIACIÓN INDÍGENA DE MEDIADORES Y GUÍAS CULTURALES", "PUEBLO": "ATACAMEÑO"}, "geometry": {"type": "Point", "coordinates": [-68.20180845962793, -22.89972206167235]}}, {"type": "Feature", "id": 2736, "properties": {"REGION": "ANTOFAGASTA", "COMUNA": "SAN PEDRO", "NOMBRE": "\"ASOCIACIÓN INDÍGENA PURI CKAPUR CKAUSAMA (AGUA DE ALTA VIDA)\"", "PUEBLO": "ATACAMEÑO"}, "geometry": {"type": "Point", "coordinates": [-68.00346275186405, -23.19130819741441]}}, {"type": "Feature", "id": 2737, "properties": {"REGION": "ANTOFAGASTA", "COMUNA": "SAN PEDRO", "NOMBRE": "CULTURAL, SOCIAL Y PRODUCTIVA PATA HOIRI", "PUEBLO": "ATACAMEÑO"}, "geometry": {"type": "Point", "coordinates": [-68.187084, -22.950797]}}, {"type": "Feature", "id": 2738, "properties": {"REGION": "ANTOFAGASTA", "COMUNA": "SAN PEDRO", "NOMBRE": "ASOCIACIÓN INDÍGENA NACIÓN LICAN ANTAY\"", "PUEBLO": "ATACAMEÑO"}, "geometry": {"type": "Point", "coordinates": [-68.1985128028971, -22.91174210462189]}}, {"type": "Feature", "id": 2739, "properties": {"REGION": "ANTOFAGASTA", "COMUNA": "SAN PEDRO", "NOMBRE": "ASOCIACIÓN INDÍGENA VALLE DE MARTE", "PUEBLO": "ATACAMEÑO"}, "geometry": {"type": "Point", "coordinates": [-68.20212066769746, -22.90016754384845]}}, {"type": "Feature", "id": 2740, "properties": {"REGION": "ANTOFAGASTA", "COMUNA": "SAN PEDRO", "NOMBRE": "ASOCIACIÓN INDÍGENA DE TURISMO KUNZA HOIRI", "PUEBLO": "ATACAMEÑO"}, "geometry": {"type": "Point", "coordinates": [-68.2113364318261, -22.93145262060372]}}, {"type": "Feature", "id": 2741, "properties": {"REGION": "ANTOFAGASTA", "COMUNA": "SAN PEDRO", "NOMBRE": "ASOCIACIÓN EMPRESARIAL DE TURISMO INDÍGENA ATACAMEÑA -LICKANANTAY", "PUEBLO": "ATACAMEÑO"}, "geometry": {"type": "Point", "coordinates": [-68.20250132005, -22.91134103902446]}}, {"type": "Feature", "id": 2742, "properties": {"REGION": "ANTOFAGASTA", "COMUNA": "SAN PEDRO", "NOMBRE": "ASOCIACIÓN INDÍGENA LIKAN ANTAI DE AGRICULTORES, GANADEROS Y FORESTAL DE TAMBILLO", "PUEBLO": "ATACAMEÑO"}, "geometry": {"type": "Point", "coordinates": [-68.0023693824691, -23.1914750475322]}}, {"type": "Feature", "id": 2743, "properties": {"REGION": "ANTOFAGASTA", "COMUNA": "SAN PEDRO", "NOMBRE": "ASOCIACION INDIGENA PECUARIA SAN PEDRO DE ATACAMA", "PUEBLO": "ATACAMEÑO"}, "geometry": {"type": "Point", "coordinates": [-68.210408, -22.930312]}}, {"type": "Feature", "id": 2744, "properties": {"REGION": "ANTOFAGASTA", "COMUNA": "SAN PEDRO", "NOMBRE": "ASOCIACIÓN INDÍGENA AGROPASTORIL TULVA NISAYA CKAUSAMA.", "PUEBLO": "ATACAMEÑO"}, "geometry": {"type": "Point", "coordinates": [-68.00578829716082, -23.18563661634664]}}, {"type": "Feature", "id": 2745, "properties": {"REGION": "ANTOFAGASTA", "COMUNA": "SAN PEDRO", "NOMBRE": "ASOCIACION INDIGENA LIKAN ANTAI DE GANADEROS DE CAMELIDOS DE LA PUNA", "PUEBLO": "ATACAMEÑO"}, "geometry": {"type": "Point", "coordinates": [-68.00192607177634, -23.19268805891964]}}, {"type": "Feature", "id": 2746, "properties": {"REGION": "ANTOFAGASTA", "COMUNA": "SAN PEDRO", "NOMBRE": "ASOCIACION INDIGENA ATACAMEÑA GANADEROS Y GANADERAS DE LA COMUNIDAD DE TALABRE", "PUEBLO": "ATACAMEÑO"}, "geometry": {"type": "Point", "coordinates": [-67.89025628349967, -23.31560595828472]}}, {"type": "Feature", "id": 2747, "properties": {"REGION": "ANTOFAGASTA", "COMUNA": "MARÍA ELE", "NOMBRE": "AGROFORESTAL DE QUILLAGUA", "PUEBLO": "ATACAMEÑO"}, "geometry": {"type": "Point", "coordinates": [-69.53466569161209, -21.6561756040904]}}, {"type": "Feature", "id": 2748, "properties": {"REGION": "ANTOFAGASTA", "COMUNA": "CALAMA", "NOMBRE": "LEMÚ CUYÉN", "PUEBLO": "MULTICULTURAL"}, "geometry": {"type": "Point", "coordinates": [-68.96200055042819, -22.48176630966283]}}, {"type": "Feature", "id": 2749, "properties": {"REGION": "ANTOFAGASTA", "COMUNA": "SAN PEDRO", "NOMBRE": "ASOCIACION INDIGENA RED TURISMO RURAL LICANHUASI", "PUEBLO": "ATACAMEÑO"}, "geometry": {"type": "Point", "coordinates": [-68.20034301682595, -22.91126986727949]}}, {"type": "Feature", "id": 2750, "properties": {"REGION": "ANTOFAGASTA", "COMUNA": "ANTOFAGAST", "NOMBRE": "\"ASOCIACION DE AGRICULTORES INDIGENAS DE ANTOFAGASTA\" O \" ASAIA\"", "PUEBLO": "AYMARA"}, "geometry": {"type": "Point", "coordinates": [-70.39643259830385, -23.65987824689025]}}, {"type": "Feature", "id": 2751, "properties": {"REGION": "ANTOFAGASTA", "COMUNA": "ANTOFAGAST", "NOMBRE": "2ASOCIACIÓN AGRICULTORES INDIGENAS NUEVO AMANECER ANTOFAGASTA\" O \"AINA\"", "PUEBLO": "ATACAMEÑO"}, "geometry": {"type": "Point", "coordinates": [-70.38191851062433, -23.62096573511375]}}, {"type": "Feature", "id": 2752, "properties": {"REGION": "ANTOFAGASTA", "COMUNA": "ANTOFAGAST", "NOMBRE": "ASOCIACIÓN INDÍGENA PRODUCTIVA ALTOS LA PORTADA", "PUEBLO": "MULTICULTURAL"}, "geometry": {"type": "Point", "coordinates": [-70.38047483122764, -23.59190302253721]}}, {"type": "Feature", "id": 2753, "properties": {"REGION": "ANTOFAGASTA", "COMUNA": "ANTOFAGAST", "NOMBRE": "URBANA DE ANTOFAGASTA", "PUEBLO": "MULTICULTURAL"}, "geometry": {"type": "Point", "coordinates": [-70.3872356637577, -23.56374865901022]}}, {"type": "Feature", "id": 2754, "properties": {"REGION": "ANTOFAGASTA", "COMUNA": "CALAMA", "NOMBRE": "ASOCIACIÓN ATACAMEÑA LICKAN TACKSY", "PUEBLO": "ATACAMEÑO"}, "geometry": {"type": "Point", "coordinates": [-68.20025746306024, -22.91066491382118]}}, {"type": "Feature", "id": 2755, "properties": {"REGION": "ANTOFAGASTA", "COMUNA": "CALAMA", "NOMBRE": "ASOCIACIÓN DE MUJERES INDÍGENAS \"PAT-TA HOIRI PURI CHIU-CHIU\"", "PUEBLO": "ATACAMEÑO"}, "geometry": {"type": "Point", "coordinates": [-68.65008307952202, -22.34291821253046]}}, {"type": "Feature", "id": 2756, "properties": {"REGION": "ANTOFAGASTA", "COMUNA": "CALAMA", "NOMBRE": "ASOCIACIÓN DE MUJERES INDÍGENAS PAHILIQ´CAU CKUNZA HOY RI (HIJAS DE NUESTRA TIERRA)", "PUEBLO": "ATACAMEÑO"}, "geometry": {"type": "Point", "coordinates": [-68.95434, -22.49559]}}, {"type": "Feature", "id": 2757, "properties": {"REGION": "ANTOFAGASTA", "COMUNA": "CALAMA", "NOMBRE": "ASOCIACIÓN INDÍGENA WAWAS INTI", "PUEBLO": "MULTICULTURAL"}, "geometry": {"type": "Point", "coordinates": [-68.95133, -22.46065]}}, {"type": "Feature", "id": 2758, "properties": {"REGION": "ANTOFAGASTA", "COMUNA": "OLLAGÜE", "NOMBRE": "DE TURISMO DE OLLAGÜE", "PUEBLO": "QUECHUA"}, "geometry": {"type": "Point", "coordinates": [-68.25574, -21.22576]}}, {"type": "Feature", "id": 2759, "properties": {"REGION": "ANTOFAGASTA", "COMUNA": "OLLAGÜE", "NOMBRE": "ASOCIACION TERRITORIAL MULTICULTURAL SUEÑO HECHO REALIDAD", "PUEBLO": "MULTICULTURAL"}, "geometry": {"type": "Point", "coordinates": [-68.3862, -21.00171]}}, {"type": "Feature", "id": 2760, "properties": {"REGION": "ANTOFAGASTA", "COMUNA": "SAN PEDRO", "NOMBRE": "ASOCIACIÓN ATACAMEÑA QUILAPANA", "PUEBLO": "ATACAMEÑO"}, "geometry": {"type": "Point", "coordinates": [-68.20008, -22.91081]}}, {"type": "Feature", "id": 2761, "properties": {"REGION": "ANTOFAGASTA", "COMUNA": "SAN PEDRO", "NOMBRE": "ASOCIACIÓN ATACAMEÑA DE REGANTES Y AGRICULTORES DE SAN PEDRO DE ATACAMA", "PUEBLO": "ATACAMEÑO"}, "geometry": {"type": "Point", "coordinates": [-68.20008, -22.91081]}}, {"type": "Feature", "id": 2762, "properties": {"REGION": "ANTOFAGASTA", "COMUNA": "SAN PEDRO", "NOMBRE": "ASOCIACIÓN ATACAMEÑA DE REGANTES Y AGRICULTORES DE ZAPAR", "PUEBLO": "ATACAMEÑO"}, "geometry": {"type": "Point", "coordinates": [-68.00706, -23.19051]}}, {"type": "Feature", "id": 2763, "properties": {"REGION": "ANTOFAGASTA", "COMUNA": "SAN PEDRO", "NOMBRE": "ASOCIACIÓN ATACAMEÑA DE REGANTES Y AGRICULTORES DE TOCONAO", "PUEBLO": "ATACAMEÑO"}, "geometry": {"type": "Point", "coordinates": [-68.00680454797107, -23.19041246333409]}}, {"type": "Feature", "id": 2764, "properties": {"REGION": "ANTOFAGASTA", "COMUNA": "SAN PEDRO", "NOMBRE": "ASOCIACIÓN ATACAMEÑA DE REGANTES Y AGRICULTORES DE CELESTE", "PUEBLO": "ATACAMEÑO"}, "geometry": {"type": "Point", "coordinates": [-68.00678881854651, -23.19075299934671]}}, {"type": "Feature", "id": 2765, "properties": {"REGION": "ANTOFAGASTA", "COMUNA": "SAN PEDRO", "NOMBRE": "ASOCIACIÓN ATACAMEÑA DE REGANTES Y AGRICULTORES DE SONCOR", "PUEBLO": "ATACAMEÑO"}, "geometry": {"type": "Point", "coordinates": [-68.00705131598198, -23.19076872915074]}}, {"type": "Feature", "id": 2766, "properties": {"REGION": "ANTOFAGASTA", "COMUNA": "SAN PEDRO", "NOMBRE": "ASOCIACIÓN ATACAMEÑA DE REGANTES Y AGRICULTORES DE AGUAS BLANCAS", "PUEBLO": "ATACAMEÑO"}, "geometry": {"type": "Point", "coordinates": [-68.00679969978172, -23.19019525173474]}}, {"type": "Feature", "id": 2767, "properties": {"REGION": "ANTOFAGASTA", "COMUNA": "SAN PEDRO", "NOMBRE": "\"ASOCIACIÓN ATACAMEÑA DE REGANTES Y AGRICULTORES DEL RIO VILAMA\" O \"ASOCIACION RIO VILAMA\"", "PUEBLO": "ATACAMEÑO"}, "geometry": {"type": "Point", "coordinates": [-68.20001, -22.91097]}}, {"type": "Feature", "id": 2768, "properties": {"REGION": "ANTOFAGASTA", "COMUNA": "SAN PEDRO", "NOMBRE": "ASOCIACIÓN ATACAMEÑA MUJERES DE SAN PEDRO DE ATACAMA", "PUEBLO": "ATACAMEÑO"}, "geometry": {"type": "Point", "coordinates": [-68.2002471719004, -22.9110106323564]}}, {"type": "Feature", "id": 2769, "properties": {"REGION": "ANTOFAGASTA", "COMUNA": "SAN PEDRO", "NOMBRE": "ASOCIACÍÓN ATACAMEÑA PARA LA PRODUCCIÓN Y COMERCIALIZACIÓN DE PRODUCTOS DE TOCONAO", "PUEBLO": "ATACAMEÑO"}, "geometry": {"type": "Point", "coordinates": [-68.0067081302275, -23.19093751290071]}}, {"type": "Feature", "id": 2770, "properties": {"REGION": "ANTOFAGASTA", "COMUNA": "SAN PEDRO", "NOMBRE": "ASOCIACIÓN DE ARTESANOS Y FERIANTES DE SAN PEDRO DE ATACAMA", "PUEBLO": "ATACAMEÑO"}, "geometry": {"type": "Point", "coordinates": [-68.20005, -22.91066]}}, {"type": "Feature", "id": 2771, "properties": {"REGION": "ANTOFAGASTA", "COMUNA": "SAN PEDRO", "NOMBRE": "ASOCIACIÓN ATACAMEÑA DE REGANTES Y AGRICULTORES DE MATANCILLA", "PUEBLO": "ATACAMEÑO"}, "geometry": {"type": "Point", "coordinates": [-68.23201, -22.62573]}}, {"type": "Feature", "id": 2772, "properties": {"REGION": "ANTOFAGASTA", "COMUNA": "SAN PEDRO", "NOMBRE": "ASOCIACIÓN INDÍGENA ATACAMEÑA DE AGRICULTORES Y MADEREROS DE TAMBILLO", "PUEBLO": "ATACAMEÑO"}, "geometry": {"type": "Point", "coordinates": [-68.00674, -23.19053]}}, {"type": "Feature", "id": 2773, "properties": {"REGION": "ANTOFAGASTA", "COMUNA": "SAN PEDRO", "NOMBRE": "ASOCIACIÓN INDÍGENA DE REGANTES Y AGRICULTORES PASO JAMA", "PUEBLO": "ATACAMEÑO"}, "geometry": {"type": "Point", "coordinates": [-68.19988, -22.91052]}}, {"type": "Feature", "id": 2774, "properties": {"REGION": "ANTOFAGASTA", "COMUNA": "SAN PEDRO", "NOMBRE": "ASOCIACIÓN INDÍGENA VALLE DE LA LUNA", "PUEBLO": "ATACAMEÑO"}, "geometry": {"type": "Point", "coordinates": [-68.19992017126096, -22.91139239919912]}}, {"type": "Feature", "id": 2775, "properties": {"REGION": "ANTOFAGASTA", "COMUNA": "SAN PEDRO", "NOMBRE": "ASOCIACIÓN INDÍGENA PARA LA DIFUSIÓN DE LA CULTURA LICKANANTAI", "PUEBLO": "ATACAMEÑO"}, "geometry": {"type": "Point", "coordinates": [-68.00579, -23.18734]}}, {"type": "Feature", "id": 2776, "properties": {"REGION": "ANTOFAGASTA", "COMUNA": "SAN PEDRO", "NOMBRE": "ASOCIACION DE TURISMO INDIGENA ECORED LICKAN ANTAY", "PUEBLO": "ATACAMEÑO"}, "geometry": {"type": "Point", "coordinates": [-68.20014807861911, -22.91097054759766]}}, {"type": "Feature", "id": 2777, "properties": {"REGION": "ANTOFAGASTA", "COMUNA": "SAN PEDRO", "NOMBRE": "ASOCIACION DE TURISMO SAIRE HAALAR", "PUEBLO": "ATACAMEÑO"}, "geometry": {"type": "Point", "coordinates": [-68.00685, -23.19072]}}, {"type": "Feature", "id": 2778, "properties": {"REGION": "ANTOFAGASTA", "COMUNA": "SAN PEDRO", "NOMBRE": "ASOCIACION ATACAMEÑA DE COSTUMBRES Y TRADICIONES ESPIRITU ANTAY ANCESTRAL", "PUEBLO": "ATACAMEÑO"}, "geometry": {"type": "Point", "coordinates": [-68.19990832381718, -22.9111719103247]}}, {"type": "Feature", "id": 2779, "properties": {"REGION": "ANTOFAGASTA", "COMUNA": "SAN PEDRO", "NOMBRE": "ASOCIACION INDÍGENA TURI HUALKA", "PUEBLO": "ATACAMEÑO"}, "geometry": {"type": "Point", "coordinates": [-68.16683, -22.6517]}}, {"type": "Feature", "id": 2780, "properties": {"REGION": "ANTOFAGASTA", "COMUNA": "SAN PEDRO", "NOMBRE": "ASOCIACION INDIGENA ECO-ETNO TURISMO POZO TRES", "PUEBLO": "ATACAMEÑO"}, "geometry": {"type": "Point", "coordinates": [-68.20016601005143, -22.91059792825031]}}, {"type": "Feature", "id": 2781, "properties": {"REGION": "ANTOFAGASTA", "COMUNA": "SAN PEDRO", "NOMBRE": "AGRICULTORES, REGANTES, INDÍGENAS DE SEQUITOR Y LARACHE", "PUEBLO": "ATACAMEÑO"}, "geometry": {"type": "Point", "coordinates": [-68.21397, -22.94065]}}, {"type": "Feature", "id": 2782, "properties": {"REGION": "ANTOFAGASTA", "COMUNA": "SAN PEDRO", "NOMBRE": "MEDIOAMBIENTALDE AGRICULTORES, GANADEROS, PISCICULTORES Y REGANTES DE CAMAR", "PUEBLO": "ATACAMEÑO"}, "geometry": {"type": "Point", "coordinates": [-67.96073, -23.40714]}}, {"type": "Feature", "id": 2783, "properties": {"REGION": "ATACAMA", "COMUNA": "VALLENAR", "NOMBRE": "ASOCIACION INDIGENA CHIPASSE TA PAITANAS", "PUEBLO": "DIAGUITA"}, "geometry": {"type": "Point", "coordinates": [-70.75158708531616, -28.59027424295457]}}, {"type": "Feature", "id": 2784, "properties": {"REGION": "ATACAMA", "COMUNA": "COPIAPÓ", "NOMBRE": "MULTICULTURAL DE MUJERES RESCATANDO NUESTRAS RAICES", "PUEBLO": "MULTICULTURAL"}, "geometry": {"type": "Point", "coordinates": [-70.31153674513237, -27.37187490340603]}}, {"type": "Feature", "id": 2785, "properties": {"REGION": "ATACAMA", "COMUNA": "COPIAPÓ", "NOMBRE": "ASOCIACION INDIGENA MULTICULTURAL EL MOLLE", "PUEBLO": "MULTICULTURAL"}, "geometry": {"type": "Point", "coordinates": [-70.31137529777342, -27.37204482662254]}}, {"type": "Feature", "id": 2786, "properties": {"REGION": "ATACAMA", "COMUNA": "VALLENAR", "NOMBRE": "ASOCIACIÓN INDIGENA PRODUCTORA MULTICULTURAL RAICES ANCESTRALES", "PUEBLO": "MULTICULTURAL"}, "geometry": {"type": "Point", "coordinates": [-70.76354117643982, -28.57368683651696]}}, {"type": "Feature", "id": 2787, "properties": {"REGION": "ATACAMA", "COMUNA": "COPIAPÓ", "NOMBRE": "ASOCIACION INDIGENA AGROPECUARIA COLLA CORDILLERA", "PUEBLO": "COLLA"}, "geometry": {"type": "Point", "coordinates": [-70.27419832039318, -27.4114137123749]}}, {"type": "Feature", "id": 2788, "properties": {"REGION": "ATACAMA", "COMUNA": "CALDERA", "NOMBRE": "ASOCIACION MULTICULTURAL AMARU", "PUEBLO": "MULTICULTURAL"}, "geometry": {"type": "Point", "coordinates": [-70.8139642355471, -27.07608895497108]}}, {"type": "Feature", "id": 2789, "properties": {"REGION": "ATACAMA", "COMUNA": "CALDERA", "NOMBRE": "MULTICULTURAL CHURI DEL INTI", "PUEBLO": "MULTICULTURAL"}, "geometry": {"type": "Point", "coordinates": [-70.81315760422693, -27.07839738551716]}}, {"type": "Feature", "id": 2790, "properties": {"REGION": "ATACAMA", "COMUNA": "CALDERA", "NOMBRE": "ASOCIACIÓN INDÍGENA MESA MULTICULTURAL COSTERA DE CALDERA", "PUEBLO": "MULTICULTURAL"}, "geometry": {"type": "Point", "coordinates": [-70.81315760422693, -27.07839738551716]}}, {"type": "Feature", "id": 2791, "properties": {"REGION": "ATACAMA", "COMUNA": "COPIAPÓ", "NOMBRE": "ASOCIACIÓN INDÍGENA CONSEJO NACIONAL DEL PUEBLO COLLA", "PUEBLO": "COLLA"}, "geometry": {"type": "Point", "coordinates": [-70.3118402678736, -27.37410913560248]}}, {"type": "Feature", "id": 2792, "properties": {"REGION": "ATACAMA", "COMUNA": "CALDERA", "NOMBRE": "ASOCIACION INDIGENA LAFKEN MAPU", "PUEBLO": "MULTICULTURAL"}, "geometry": {"type": "Point", "coordinates": [-70.8140403126979, -27.0770525034837]}}, {"type": "Feature", "id": 2793, "properties": {"REGION": "ATACAMA", "COMUNA": "TIERRA AMA", "NOMBRE": "ASOCIACION INDIGENA MULTICULTURAL ALGARROBO", "PUEBLO": "MULTICULTURAL"}, "geometry": {"type": "Point", "coordinates": [-70.28660554349183, -27.40813759431752]}}, {"type": "Feature", "id": 2794, "properties": {"REGION": "ATACAMA", "COMUNA": "COPIAPÓ", "NOMBRE": "ASOCIACION INDIGENA AYLLU DEL CHAÑAR", "PUEBLO": "MULTICULTURAL"}, "geometry": {"type": "Point", "coordinates": [-70.31200704425152, -27.37121280800001]}}, {"type": "Feature", "id": 2795, "properties": {"REGION": "ATACAMA", "COMUNA": "COPIAPÓ", "NOMBRE": "ASOCIACIÓN INDÍGENA MULTICULTURAL PICUN WAYRA II", "PUEBLO": "MULTICULTURAL"}, "geometry": {"type": "Point", "coordinates": [-70.55577, -27.3459]}}, {"type": "Feature", "id": 2796, "properties": {"REGION": "ATACAMA", "COMUNA": "COPIAPÓ", "NOMBRE": "ASOCIACIÓN DIAGUITA CACANCHIC LOS PERALES", "PUEBLO": "DIAGUITA"}, "geometry": {"type": "Point", "coordinates": [-70.31705596346124, -27.36771077993175]}}, {"type": "Feature", "id": 2797, "properties": {"REGION": "ATACAMA", "COMUNA": "ALTO DEL C", "NOMBRE": "CONSEJO COMUNAL DIAGUITA DE GUASCOALTO", "PUEBLO": "DIAGUITA"}, "geometry": {"type": "Point", "coordinates": [-70.34716390724664, -28.82694979484849]}}, {"type": "Feature", "id": 2798, "properties": {"REGION": "ATACAMA", "COMUNA": "CALDERA", "NOMBRE": "ASOCIACION DIAGUITA DE CALDERA", "PUEBLO": "DIAGUITA"}, "geometry": {"type": "Point", "coordinates": [-70.80943676213536, -27.07094339809879]}}, {"type": "Feature", "id": 2799, "properties": {"REGION": "ATACAMA", "COMUNA": "COPIAPÓ", "NOMBRE": "ASOCIACION INDIGENA YASTAY COLLA (ARTESANOS, CRIANCEROS, MEDICINA INDIGENA ANCESTRAL).", "PUEBLO": "COLLA"}, "geometry": {"type": "Point", "coordinates": [-70.31243737851163, -27.35788097140292]}}, {"type": "Feature", "id": 2800, "properties": {"REGION": "ATACAMA", "COMUNA": "COPIAPÓ", "NOMBRE": "ASOCIACION INDIGENA LAUTARO", "PUEBLO": "MULTICULTURAL"}, "geometry": {"type": "Point", "coordinates": [-70.30451695664465, -27.38559895785464]}}, {"type": "Feature", "id": 2801, "properties": {"REGION": "ATACAMA", "COMUNA": "COPIAPÓ", "NOMBRE": "ASOCIACION REGIONAL MULTICULTURAL INDIGENA III REGION", "PUEBLO": "MULTICULTURAL"}, "geometry": {"type": "Point", "coordinates": [-70.31202799371701, -27.37737566260164]}}, {"type": "Feature", "id": 2802, "properties": {"REGION": "ATACAMA", "COMUNA": "COPIAPÓ", "NOMBRE": "ASOCIACION INDIGENA DIAGUITA CAMASQUIL", "PUEBLO": "DIAGUITA"}, "geometry": {"type": "Point", "coordinates": [-70.30376658103206, -27.37394997079491]}}, {"type": "Feature", "id": 2803, "properties": {"REGION": "ATACAMA", "COMUNA": "COPIAPÓ", "NOMBRE": "ASOCIACION INDIGENA DE MINEROS ARTESANALES COLLA", "PUEBLO": "COLLA"}, "geometry": {"type": "Point", "coordinates": [-70.30716093746429, -27.37142659429805]}}, {"type": "Feature", "id": 2804, "properties": {"REGION": "ATACAMA", "COMUNA": "COPIAPÓ", "NOMBRE": "DIAGUITAS , SIERRA DEL MEDIO", "PUEBLO": "DIAGUITA"}, "geometry": {"type": "Point", "coordinates": [-70.3376127280153, -27.36191591673659]}}, {"type": "Feature", "id": 2805, "properties": {"REGION": "ATACAMA", "COMUNA": "COPIAPÓ", "NOMBRE": "ASOCIACION INDIGENA DIAGUITA SERRANO", "PUEBLO": "DIAGUITA"}, "geometry": {"type": "Point", "coordinates": [-70.32378864689662, -27.36963383457363]}}, {"type": "Feature", "id": 2806, "properties": {"REGION": "ATACAMA", "COMUNA": "COPIAPÓ", "NOMBRE": "ASOCIACION INDIGENA COLLA YANCOLIN JUNTA DEL POTRO", "PUEBLO": "COLLA"}, "geometry": {"type": "Point", "coordinates": [-70.33026973899352, -27.35816834309598]}}, {"type": "Feature", "id": 2807, "properties": {"REGION": "ATACAMA", "COMUNA": "COPIAPÓ", "NOMBRE": "ASOCIACION INDIGENA INCA YAINYN DE ARTESANOS", "PUEBLO": "COLLA"}, "geometry": {"type": "Point", "coordinates": [-70.30531062076415, -27.3759588782975]}}, {"type": "Feature", "id": 2808, "properties": {"REGION": "ATACAMA", "COMUNA": "COPIAPÓ", "NOMBRE": "ASOCIACION INDIGENA DIAGUITAS KAKANCHIC ALCOTA", "PUEBLO": "DIAGUITA"}, "geometry": {"type": "Point", "coordinates": [-70.35312026569508, -27.3545675303925]}}, {"type": "Feature", "id": 2809, "properties": {"REGION": "ATACAMA", "COMUNA": "COPIAPÓ", "NOMBRE": "ASOCIACION \"MESA INDIGENA MULTICULTURAL DE LA REGION DE ATACAMA O MIMRA", "PUEBLO": "MULTICULTURAL"}, "geometry": {"type": "Point", "coordinates": [-70.31232223088996, -27.35729295659408]}}, {"type": "Feature", "id": 2810, "properties": {"REGION": "ATACAMA", "COMUNA": "ALTO DEL C", "NOMBRE": "ASOC. IND. DIAGUITA DE PIRQUINEROS, AGRICULTORES, CRIANCEROS Y ARTESANOS DE EL CORRAL", "PUEBLO": "DIAGUITA"}, "geometry": {"type": "Point", "coordinates": [-70.39556886599705, -29.12331305094183]}}, {"type": "Feature", "id": 2811, "properties": {"REGION": "ATACAMA", "COMUNA": "VALLENAR", "NOMBRE": "DIAGUITA TAPUA COÑI NAI", "PUEBLO": "DIAGUITA"}, "geometry": {"type": "Point", "coordinates": [-70.75372156533933, -28.59199793893807]}}, {"type": "Feature", "id": 2812, "properties": {"REGION": "ATACAMA", "COMUNA": "COPIAPÓ", "NOMBRE": "ASOCIACIÓN INDIGENA MULTICULTURAL GARRA DE LEÓN", "PUEBLO": "MULTICULTURAL"}, "geometry": {"type": "Point", "coordinates": [-70.29029334099488, -27.40153101832484]}}, {"type": "Feature", "id": 2813, "properties": {"REGION": "ATACAMA", "COMUNA": "CALDERA", "NOMBRE": "ASOCIACIÓN INDIGENA DIAGUITA PIRKUA", "PUEBLO": "DIAGUITA"}, "geometry": {"type": "Point", "coordinates": [-70.81582266005044, -27.06934756026207]}}, {"type": "Feature", "id": 2814, "properties": {"REGION": "ATACAMA", "COMUNA": "TIERRA AMA", "NOMBRE": "ASOCIACIÓN INDÍGENA GUARDIANES DE IDENTIDAD Y RAÍCES ORIGINARIAS DE TIERRA AMARILLA", "PUEBLO": "COLLA"}, "geometry": {"type": "Point", "coordinates": [-70.26509995939047, -27.49258072019636]}}, {"type": "Feature", "id": 2815, "properties": {"REGION": "ATACAMA", "COMUNA": "COPIAPÓ", "NOMBRE": "ASOCIACIÓN INDIGENA DEFENSA DEL TERRITORIO ANCESTRAL DEL CHAÑAR", "PUEBLO": "MULTICULTURAL"}, "geometry": {"type": "Point", "coordinates": [-70.26863970719, -27.40747261753078]}}, {"type": "Feature", "id": 2816, "properties": {"REGION": "ATACAMA", "COMUNA": "CALDERA", "NOMBRE": "ASOCIACION INDIGENA KAKANA TRASHUMANTE CORDILLERA VALLE Y MAR", "PUEBLO": "DIAGUITA"}, "geometry": {"type": "Point", "coordinates": [-70.88773791294683, -27.51111663866203]}}, {"type": "Feature", "id": 2817, "properties": {"REGION": "ATACAMA", "COMUNA": "VALLENAR", "NOMBRE": "ASOCIACION INDIGENA TERRITORIAL PATRIMONIAL DEL PUEBLO DIAGUITA DEL GUASCO DE CRIANCEROS,AGRICULTORES,ARTESANOS \"LAS MAJADAS DEL MINERAL DE CAMARONES\"", "PUEBLO": "DIAGUITA"}, "geometry": {"type": "Point", "coordinates": [-70.71279108103576, -28.71746063313447]}}, {"type": "Feature", "id": 2818, "properties": {"REGION": "ATACAMA", "COMUNA": "HUASCO", "NOMBRE": "MULTICULTURAL PEQUEÑOS AGRICULTORES Y CRIANCEROS AMANECER DEL DESIERTO", "PUEBLO": "MULTICULTURAL"}, "geometry": {"type": "Point", "coordinates": [-70.86802873249863, -28.15229804778998]}}, {"type": "Feature", "id": 2819, "properties": {"REGION": "ATACAMA", "COMUNA": "CHAÑARAL", "NOMBRE": "MULTICULTURAL MUSUK RELMU", "PUEBLO": "MULTICULTURAL"}, "geometry": {"type": "Point", "coordinates": [-70.61682931684062, -26.34723606683656]}}, {"type": "Feature", "id": 2820, "properties": {"REGION": "ATACAMA", "COMUNA": "COPIAPÓ", "NOMBRE": "MULTICULTURAL ELUNEY", "PUEBLO": "MULTICULTURAL"}, "geometry": {"type": "Point", "coordinates": [-70.27441789062156, -27.41487595725394]}}, {"type": "Feature", "id": 2821, "properties": {"REGION": "ATACAMA", "COMUNA": "VALLENAR", "NOMBRE": "ASOCIACION INDIGENA MULTICULTURAL YASTAY", "PUEBLO": "MULTICULTURAL"}, "geometry": {"type": "Point", "coordinates": [-70.75550585272046, -28.57914220710422]}}, {"type": "Feature", "id": 2822, "properties": {"REGION": "ATACAMA", "COMUNA": "VALLENAR", "NOMBRE": "PRODUCTIVA DIAGUITA RENACER INDIGENA", "PUEBLO": "DIAGUITA"}, "geometry": {"type": "Point", "coordinates": [-70.75473561346553, -28.57719828859918]}}, {"type": "Feature", "id": 2823, "properties": {"REGION": "ATACAMA", "COMUNA": "COPIAPÓ", "NOMBRE": "CONSEJO NACIONAL DEL PUEBLO COLLA", "PUEBLO": "COLLA"}, "geometry": {"type": "Point", "coordinates": [-70.27092748520151, -27.40973682325455]}}, {"type": "Feature", "id": 2824, "properties": {"REGION": "ATACAMA", "COMUNA": "CALDERA", "NOMBRE": "ASOCIACION INDIGENA MULTICULTURAL ECOLOGICA COSTERA INTI CHUPIKA", "PUEBLO": "MULTICULTURAL"}, "geometry": {"type": "Point", "coordinates": [-70.82053160818187, -27.06836989430823]}}, {"type": "Feature", "id": 2825, "properties": {"REGION": "ATACAMA", "COMUNA": "COPIAPÓ", "NOMBRE": "ASOCIACIÓN INDIGENA AMANKAY AKAINIK DEL DESIERTO", "PUEBLO": "DIAGUITA"}, "geometry": {"type": "Point", "coordinates": [-70.30985443282619, -27.36665892476703]}}, {"type": "Feature", "id": 2826, "properties": {"REGION": "ATACAMA", "COMUNA": "TIERRA AMA", "NOMBRE": "MULTICULTURAL PICUN WAYRA", "PUEBLO": "MULTICULTURAL"}, "geometry": {"type": "Point", "coordinates": [-70.28780473617866, -27.41021725579921]}}, {"type": "Feature", "id": 2827, "properties": {"REGION": "ATACAMA", "COMUNA": "COPIAPÓ", "NOMBRE": "MULTICULTURAL PUEBLOS ORIGINARIOS DE CHILE", "PUEBLO": "MULTICULTURAL"}, "geometry": {"type": "Point", "coordinates": [-70.30942321043224, -27.37209351402273]}}, {"type": "Feature", "id": 2828, "properties": {"REGION": "ATACAMA", "COMUNA": "COPIAPÓ", "NOMBRE": "ASOCIACIÓN INDIGENA MULTICULTURAL PUÑUY WASY", "PUEBLO": "MULTICULTURAL"}, "geometry": {"type": "Point", "coordinates": [-70.31153711447637, -27.37186808521305]}}, {"type": "Feature", "id": 2829, "properties": {"REGION": "ATACAMA", "COMUNA": "COPIAPÓ", "NOMBRE": "CONSEJO REGIONAL DIAGUITA DE ATACAMA", "PUEBLO": "DIAGUITA"}, "geometry": {"type": "Point", "coordinates": [-70.31888912229603, -27.36594863860024]}}, {"type": "Feature", "id": 2830, "properties": {"REGION": "ATACAMA", "COMUNA": "VALLENAR", "NOMBRE": "ASOCIACION INDIGENA DIAGUITA HIJOS DE LA MADRE TIERRA", "PUEBLO": "DIAGUITA"}, "geometry": {"type": "Point", "coordinates": [-70.75212897132707, -28.58812316290923]}}, {"type": "Feature", "id": 2831, "properties": {"REGION": "ATACAMA", "COMUNA": "VALLENAR", "NOMBRE": "DEL PUEBLO DIAGUITA POR LA BIODIVERSIDAD ALIMENTARIA TERRITORIAL Y PATRIMONIAL DE LA PROVINCIA DEL GUASCO", "PUEBLO": "DIAGUITA"}, "geometry": {"type": "Point", "coordinates": [-70.75739411595694, -28.5766912034847]}}, {"type": "Feature", "id": 2832, "properties": {"REGION": "ATACAMA", "COMUNA": "VALLENAR", "NOMBRE": "ASOCIACIÓN INDIGENA MULTICULTURAL ANTU KUYEN", "PUEBLO": "MULTICULTURAL"}, "geometry": {"type": "Point", "coordinates": [-70.76323937183528, -28.58876508026737]}}, {"type": "Feature", "id": 2833, "properties": {"REGION": "ATACAMA", "COMUNA": "ALTO DEL C", "NOMBRE": "EL CONDOR \"LA ARENA\"", "PUEBLO": "DIAGUITA"}, "geometry": {"type": "Point", "coordinates": [-70.2835, -28.87154]}}, {"type": "Feature", "id": 2834, "properties": {"REGION": "ATACAMA", "COMUNA": "VALLENAR", "NOMBRE": "ALCOTA KALCHAKIES, HEREDEROS DE LA CULTURA DIAGUITA", "PUEBLO": "DIAGUITA"}, "geometry": {"type": "Point", "coordinates": [-70.75440038091713, -28.5758875347617]}}, {"type": "Feature", "id": 2835, "properties": {"REGION": "ATACAMA", "COMUNA": "COPIAPÓ", "NOMBRE": "DIAGUITA ISMAEL TAMBLAY", "PUEBLO": "DIAGUITA"}, "geometry": {"type": "Point", "coordinates": [-70.41616778520803, -27.30998425968873]}}, {"type": "Feature", "id": 2836, "properties": {"REGION": "ATACAMA", "COMUNA": "COPIAPÓ", "NOMBRE": "ASOCIACIÓN MULTICULTURAL DE PUEBLOS ORIGINARIOS SUYAKUY ASPHAI", "PUEBLO": "MULTICULTURAL"}, "geometry": {"type": "Point", "coordinates": [-70.32738054271162, -27.3880179406437]}}, {"type": "Feature", "id": 2837, "properties": {"REGION": "ATACAMA", "COMUNA": "COPIAPÓ", "NOMBRE": "ASOCIACION INDIGENA CHINKAL", "PUEBLO": "MULTICULTURAL"}, "geometry": {"type": "Point", "coordinates": [-70.33251452777996, -27.38157261915297]}}, {"type": "Feature", "id": 2838, "properties": {"REGION": "ATACAMA", "COMUNA": "VALLENAR", "NOMBRE": "ASOCIACION INDIGENA MULTICULTURAL Y EDUCACIONAL LOF PUEBLO ORIGINARIOS", "PUEBLO": "MULTICULTURAL"}, "geometry": {"type": "Point", "coordinates": [-70.758, -28.6126]}}, {"type": "Feature", "id": 2839, "properties": {"REGION": "ATACAMA", "COMUNA": "TIERRA AMA", "NOMBRE": "ASOCIACIÓN INDIGENA REENCUENTRO ANCESTRAL COLLA", "PUEBLO": "COLLA"}, "geometry": {"type": "Point", "coordinates": [-70.26611, -27.51897]}}, {"type": "Feature", "id": 2840, "properties": {"REGION": "ATACAMA", "COMUNA": "VALLENAR", "NOMBRE": "MULTICULTURAL ATAWALPA", "PUEBLO": "MULTICULTURAL"}, "geometry": {"type": "Point", "coordinates": [-70.73899419412638, -28.59056893034384]}}, {"type": "Feature", "id": 2841, "properties": {"REGION": "ATACAMA", "COMUNA": "COPIAPÓ", "NOMBRE": "AMANKAY AKAINIK", "PUEBLO": "DIAGUITA"}, "geometry": {"type": "Point", "coordinates": [-70.31829616991112, -27.35600278024926]}}, {"type": "Feature", "id": 2842, "properties": {"REGION": "ATACAMA", "COMUNA": "VALLENAR", "NOMBRE": "ASOCIACIÓN INDIGENA CONSEJO TERRITORIAL DIAGUITA DEL VALLE DEL HUASCO", "PUEBLO": "DIAGUITA"}, "geometry": {"type": "Point", "coordinates": [-70.74580601010366, -28.58261942254196]}}, {"type": "Feature", "id": 2843, "properties": {"REGION": "ATACAMA", "COMUNA": "VALLENAR", "NOMBRE": "ASOCIACION INDIGENA DIAGUITA RIO HUASCO", "PUEBLO": "DIAGUITA"}, "geometry": {"type": "Point", "coordinates": [-70.75179118191284, -28.57854593881654]}}, {"type": "Feature", "id": 2844, "properties": {"REGION": "ATACAMA", "COMUNA": "VALLENAR", "NOMBRE": "ASOCIACION INDIGENA CHIPASSE TA MARICUNGA", "PUEBLO": "DIAGUITA"}, "geometry": {"type": "Point", "coordinates": [-70.77608423967206, -28.56164447431567]}}, {"type": "Feature", "id": 2845, "properties": {"REGION": "ATACAMA", "COMUNA": "VALLENAR", "NOMBRE": "CONSEJO REGIONAL DE COMUNIDADES Y ASOCIACIONES DIAGUITAS DE ATACAMA", "PUEBLO": "DIAGUITA"}, "geometry": {"type": "Point", "coordinates": [-70.77608450832172, -28.5616453786984]}}, {"type": "Feature", "id": 2846, "properties": {"REGION": "ATACAMA", "COMUNA": "VALLENAR", "NOMBRE": "ASOCIACIÓN INDIGENA AMANCAY NON", "PUEBLO": "DIAGUITA"}, "geometry": {"type": "Point", "coordinates": [-70.77489230275485, -28.56473354777458]}}, {"type": "Feature", "id": 2847, "properties": {"REGION": "COQUIMBO", "COMUNA": "COMBARBALA", "NOMBRE": "DE EDUCADORES DIAGUITAS PROVINCIA DEL LIMARÍ LASTA ANKU", "PUEBLO": "DIAGUITA"}, "geometry": {"type": "Point", "coordinates": [-71.00128090586438, -31.18491457285059]}}, {"type": "Feature", "id": 2848, "properties": {"REGION": "COQUIMBO", "COMUNA": "ILLAPEL", "NOMBRE": "DIAGUITA IPACHAY ILLAPEL", "PUEBLO": "DIAGUITA"}, "geometry": {"type": "Point", "coordinates": [-71.20363, -31.65097]}}, {"type": "Feature", "id": 2849, "properties": {"REGION": "COQUIMBO", "COMUNA": "SALAMANCA", "NOMBRE": "SOL NACIENTE DE SALAMANCA", "PUEBLO": "MULTICULTURAL"}, "geometry": {"type": "Point", "coordinates": [-70.96639930299682, -31.78103531397543]}}, {"type": "Feature", "id": 2850, "properties": {"REGION": "COQUIMBO", "COMUNA": "SALAMANCA", "NOMBRE": "MULTICULTURAL INTI KILLA LAWEN", "PUEBLO": "MAPUCHE"}, "geometry": {"type": "Point", "coordinates": [-70.95943363864988, -31.78491162496648]}}, {"type": "Feature", "id": 2851, "properties": {"REGION": "COQUIMBO", "COMUNA": "COQUIMBO", "NOMBRE": "DIAGUITAS ELQUINOS LLASTAY", "PUEBLO": "DIAGUITA"}, "geometry": {"type": "Point", "coordinates": [-71.33565721715699, -29.97652602287363]}}, {"type": "Feature", "id": 2852, "properties": {"REGION": "COQUIMBO", "COMUNA": "COQUIMBO", "NOMBRE": "CULTURAL ELKE, ARTE, CULTURA Y EDUCACIÓN", "PUEBLO": "MULTICULTURAL"}, "geometry": {"type": "Point", "coordinates": [-71.34683881203698, -29.98083319181394]}}, {"type": "Feature", "id": 2853, "properties": {"REGION": "COQUIMBO", "COMUNA": "COQUIMBO", "NOMBRE": "ASOCIACIÓN MULTICULTURAL DE MUJERES INDÍGENAS DE COQUIMBO WARMIPURA TINKUI", "PUEBLO": "MULTICULTURAL"}, "geometry": {"type": "Point", "coordinates": [-71.33961788335469, -29.95252422145423]}}, {"type": "Feature", "id": 2854, "properties": {"REGION": "COQUIMBO", "COMUNA": "COQUIMBO", "NOMBRE": "ASOCIACIÓN MULTICULTURAL DE MUJERES INDÍGENAS DE COQUIMBO WE-ZOMO NEWEN", "PUEBLO": "MULTICULTURAL"}, "geometry": {"type": "Point", "coordinates": [-71.32319500545485, -29.97434663728357]}}, {"type": "Feature", "id": 2855, "properties": {"REGION": "COQUIMBO", "COMUNA": "COQUIMBO", "NOMBRE": "MULTICULTURAL JAYP´A A KAYPAN", "PUEBLO": "MULTICULTURAL"}, "geometry": {"type": "Point", "coordinates": [-71.24676570153757, -29.95553214838417]}}, {"type": "Feature", "id": 2856, "properties": {"REGION": "COQUIMBO", "COMUNA": "COQUIMBO", "NOMBRE": "ASOCIACIÓN MULTICULTURAL DE JÓVENES INDÍGENAS DE COQUIMBO WE TROKIÑ KA CHOYÜN MAPU", "PUEBLO": "MULTICULTURAL"}, "geometry": {"type": "Point", "coordinates": [-71.34665725653457, -29.95243134751576]}}, {"type": "Feature", "id": 2857, "properties": {"REGION": "COQUIMBO", "COMUNA": "COQUIMBO", "NOMBRE": "ASOCIACIÓN MULTICULTURAL DE HOMBRES Y MUJERES INDÍGENAS TINKUI AYLLU DE COQUIMBO", "PUEBLO": "MULTICULTURAL"}, "geometry": {"type": "Point", "coordinates": [-71.34038314479609, -29.95305287802109]}}, {"type": "Feature", "id": 2858, "properties": {"REGION": "COQUIMBO", "COMUNA": "COQUIMBO", "NOMBRE": "MULTICULTURAL FUERZA ANCESTRAL DE COQUIMBO", "PUEBLO": "MULTICULTURAL"}, "geometry": {"type": "Point", "coordinates": [-71.31815168455134, -29.99128516789843]}}, {"type": "Feature", "id": 2859, "properties": {"REGION": "COQUIMBO", "COMUNA": "LA SERENA", "NOMBRE": "ASOCIACIÓN REGIONAL DE EMPRENDEDORES Y PROFESIONALES INDÍGENAS LEFTRARU", "PUEBLO": "MULTICULTURAL"}, "geometry": {"type": "Point", "coordinates": [-71.24975949247192, -29.91000696228442]}}, {"type": "Feature", "id": 2860, "properties": {"REGION": "COQUIMBO", "COMUNA": "LA SERENA", "NOMBRE": "AMAKAY KAKAN", "PUEBLO": "DIAGUITA"}, "geometry": {"type": "Point", "coordinates": [-71.25108811750037, -29.90233082169651]}}, {"type": "Feature", "id": 2861, "properties": {"REGION": "COQUIMBO", "COMUNA": "LA SERENA", "NOMBRE": "REGIONAL NEWEN MAPUCHE", "PUEBLO": "MAPUCHE"}, "geometry": {"type": "Point", "coordinates": [-71.24291104543776, -29.95018891774608]}}, {"type": "Feature", "id": 2862, "properties": {"REGION": "COQUIMBO", "COMUNA": "LA SERENA", "NOMBRE": "AYELEN-ELUNEY", "PUEBLO": "DIAGUITA"}, "geometry": {"type": "Point", "coordinates": [-71.3043, -29.7685]}}, {"type": "Feature", "id": 2863, "properties": {"REGION": "COQUIMBO", "COMUNA": "LA SERENA", "NOMBRE": "TAQPACHA TANTATANAKA", "PUEBLO": "AYMARA"}, "geometry": {"type": "Point", "coordinates": [-71.23161144955273, -29.86976084556572]}}, {"type": "Feature", "id": 2864, "properties": {"REGION": "COQUIMBO", "COMUNA": "LA SERENA", "NOMBRE": "ASOCIACIÓN MAPUCHE LAFKEN MAPU", "PUEBLO": "MAPUCHE"}, "geometry": {"type": "Point", "coordinates": [-71.24439073955062, -29.90943919459328]}}, {"type": "Feature", "id": 2865, "properties": {"REGION": "COQUIMBO", "COMUNA": "LA SERENA", "NOMBRE": "DIAGUITA SINÁLPI ÑAN", "PUEBLO": "DIAGUITA"}, "geometry": {"type": "Point", "coordinates": [-71.24168909054153, -29.8889128563572]}}, {"type": "Feature", "id": 2866, "properties": {"REGION": "COQUIMBO", "COMUNA": "VICUÑA", "NOMBRE": "CORPAWASI", "PUEBLO": "DIAGUITA"}, "geometry": {"type": "Point", "coordinates": [-70.79137925347848, -30.02600849723705]}}, {"type": "Feature", "id": 2867, "properties": {"REGION": "COQUIMBO", "COMUNA": "VICUÑA", "NOMBRE": "ASAMBLEA PUEBLOS ORIGINARIOS DEL VALLE DE ELQUI", "PUEBLO": "MULTICULTURAL"}, "geometry": {"type": "Point", "coordinates": [-70.72015176336558, -30.03302533885742]}}, {"type": "Feature", "id": 2868, "properties": {"REGION": "COQUIMBO", "COMUNA": "OVALLE", "NOMBRE": "LAFQUEN PEUMAN", "PUEBLO": "MAPUCHE"}, "geometry": {"type": "Point", "coordinates": [-71.6993, -30.74155]}}, {"type": "Feature", "id": 2869, "properties": {"REGION": "COQUIMBO", "COMUNA": "OVALLE", "NOMBRE": "EDUCADORES TRADICIONALES DIAGUITA", "PUEBLO": "DIAGUITA"}, "geometry": {"type": "Point", "coordinates": [-71.19969391930573, -30.58630808797249]}}, {"type": "Feature", "id": 2870, "properties": {"REGION": "COQUIMBO", "COMUNA": "PUNITAQUI", "NOMBRE": "MAPU - RAY - PUNITAQUI", "PUEBLO": "MULTICULTURAL"}, "geometry": {"type": "Point", "coordinates": [-71.25138, -30.78402]}}, {"type": "Feature", "id": 2871, "properties": {"REGION": "COQUIMBO", "COMUNA": "PUNITAQUI", "NOMBRE": "EL VALLE DE LOS DIAGUITAS", "PUEBLO": "MULTICULTURAL"}, "geometry": {"type": "Point", "coordinates": [-71.26524646934037, -30.83159502382239]}}, {"type": "Feature", "id": 2872, "properties": {"REGION": "MAULE", "COMUNA": "CAUQUENES", "NOMBRE": "PEUMAYEN", "PUEBLO": "MAPUCHE"}, "geometry": {"type": "Point", "coordinates": [-72.31508665718002, -35.97191638993809]}}, {"type": "Feature", "id": 2873, "properties": {"REGION": "MAULE", "COMUNA": "CURICÓ", "NOMBRE": "KÜME RAKIDUAM", "PUEBLO": "MAPUCHE"}, "geometry": {"type": "Point", "coordinates": [-71.19880204349433, -34.93471235944432]}}, {"type": "Feature", "id": 2874, "properties": {"REGION": "MAULE", "COMUNA": "CURICÓ", "NOMBRE": "KOM MAPU KO", "PUEBLO": "MAPUCHE"}, "geometry": {"type": "Point", "coordinates": [-71.24128924893547, -34.98611953241252]}}, {"type": "Feature", "id": 2875, "properties": {"REGION": "MAULE", "COMUNA": "CURICÓ", "NOMBRE": "WE NEWEN", "PUEBLO": "MAPUCHE"}, "geometry": {"type": "Point", "coordinates": [-71.20448889310191, -34.96033231018305]}}, {"type": "Feature", "id": 2876, "properties": {"REGION": "MAULE", "COMUNA": "CURICÓ", "NOMBRE": "PUÑEN AKA PACHA", "PUEBLO": "MAPUCHE"}, "geometry": {"type": "Point", "coordinates": [-71.25467920932242, -34.98893809660613]}}, {"type": "Feature", "id": 2877, "properties": {"REGION": "MAULE", "COMUNA": "CURICÓ", "NOMBRE": "TAIÑ JUTIRI", "PUEBLO": "MAPUCHE"}, "geometry": {"type": "Point", "coordinates": [-71.25417, -34.98546]}}, {"type": "Feature", "id": 2878, "properties": {"REGION": "MAULE", "COMUNA": "HUALAÑÉ", "NOMBRE": "ÑUKE MAPU", "PUEBLO": "MAPUCHE"}, "geometry": {"type": "Point", "coordinates": [-71.80077359946657, -34.97234059799263]}}, {"type": "Feature", "id": 2879, "properties": {"REGION": "MAULE", "COMUNA": "LICANTÉN", "NOMBRE": "PIKUM MAPU", "PUEBLO": "MAPUCHE"}, "geometry": {"type": "Point", "coordinates": [-71.98422541656754, -34.98546463038426]}}, {"type": "Feature", "id": 2880, "properties": {"REGION": "MAULE", "COMUNA": "LICANTÉN", "NOMBRE": "PROMAUCAES", "PUEBLO": "MAPUCHE"}, "geometry": {"type": "Point", "coordinates": [-71.98422541656754, -34.98546463038426]}}, {"type": "Feature", "id": 2881, "properties": {"REGION": "MAULE", "COMUNA": "LICANTÉN", "NOMBRE": "QUITRAL MAPU", "PUEBLO": "MAPUCHE"}, "geometry": {"type": "Point", "coordinates": [-71.98458901628497, -34.98514566419139]}}, {"type": "Feature", "id": 2882, "properties": {"REGION": "MAULE", "COMUNA": "LICANTÉN", "NOMBRE": "LICAN MAPU", "PUEBLO": "MAPUCHE"}, "geometry": {"type": "Point", "coordinates": [-71.98374116208387, -34.98547493874898]}}, {"type": "Feature", "id": 2883, "properties": {"REGION": "MAULE", "COMUNA": "LICANTÉN", "NOMBRE": "EYMI PIUQUE EYMI RUCA", "PUEBLO": "MAPUCHE"}, "geometry": {"type": "Point", "coordinates": [-71.98135152459378, -34.98467038678834]}}, {"type": "Feature", "id": 2884, "properties": {"REGION": "MAULE", "COMUNA": "LICANTÉN", "NOMBRE": "CALQUIN MARIPANGUE", "PUEBLO": "MAPUCHE"}, "geometry": {"type": "Point", "coordinates": [-72.18161, -34.9771]}}, {"type": "Feature", "id": 2885, "properties": {"REGION": "MAULE", "COMUNA": "LICANTÉN", "NOMBRE": "MAPUCHE PULIWEN LORA", "PUEBLO": "MAPUCHE"}, "geometry": {"type": "Point", "coordinates": [-72.05293, -35.01255]}}, {"type": "Feature", "id": 2886, "properties": {"REGION": "MAULE", "COMUNA": "MOLINA", "NOMBRE": "LONTUE", "PUEBLO": "MAPUCHE"}, "geometry": {"type": "Point", "coordinates": [-71.27373158395652, -35.05536470484771]}}, {"type": "Feature", "id": 2887, "properties": {"REGION": "MAULE", "COMUNA": "MOLINA", "NOMBRE": "RAYEN LICAN", "PUEBLO": "MAPUCHE"}, "geometry": {"type": "Point", "coordinates": [-71.28043747756209, -35.11117109348565]}}, {"type": "Feature", "id": 2888, "properties": {"REGION": "MAULE", "COMUNA": "MOLINA", "NOMBRE": "NÑUKE MAPU", "PUEBLO": "MAPUCHE"}, "geometry": {"type": "Point", "coordinates": [-71.28664752817951, -35.1202278512577]}}, {"type": "Feature", "id": 2889, "properties": {"REGION": "MAULE", "COMUNA": "MOLINA", "NOMBRE": "AYIN MAPU", "PUEBLO": "MAPUCHE"}, "geometry": {"type": "Point", "coordinates": [-71.27421008009914, -35.11376040631502]}}, {"type": "Feature", "id": 2890, "properties": {"REGION": "MAULE", "COMUNA": "VICHUQUÉN", "NOMBRE": "LLICO", "PUEBLO": "MAPUCHE"}, "geometry": {"type": "Point", "coordinates": [-72.07477385645024, -34.76624954392269]}}, {"type": "Feature", "id": 2891, "properties": {"REGION": "MAULE", "COMUNA": "VICHUQUÉN", "NOMBRE": "VICHUQUEN", "PUEBLO": "MAPUCHE"}, "geometry": {"type": "Point", "coordinates": [-71.99243250900695, -34.88427032764682]}}, {"type": "Feature", "id": 2892, "properties": {"REGION": "MAULE", "COMUNA": "LONGAVÍ", "NOMBRE": "RAYEN MAHUIDA", "PUEBLO": "MAPUCHE"}, "geometry": {"type": "Point", "coordinates": [-71.68763981956859, -35.97080699393837]}}, {"type": "Feature", "id": 2893, "properties": {"REGION": "MAULE", "COMUNA": "LONGAVÍ", "NOMBRE": "RAYEN MAHUIDA", "PUEBLO": "MAPUCHE"}, "geometry": {"type": "Point", "coordinates": [-71.6874463942432, -35.96928770824651]}}, {"type": "Feature", "id": 2894, "properties": {"REGION": "MAULE", "COMUNA": "LONGAVÍ", "NOMBRE": "ASOCIACION INDIGENA DE MUJERES EMPRENDEDORAS NEWEN PU DOMO", "PUEBLO": "MAPUCHE"}, "geometry": {"type": "Point", "coordinates": [-71.73483704232896, -35.86622787615327]}}, {"type": "Feature", "id": 2895, "properties": {"REGION": "MAULE", "COMUNA": "RETIRO", "NOMBRE": "FAU TAÑI MAPU", "PUEBLO": "MAPUCHE"}, "geometry": {"type": "Point", "coordinates": [-71.76128305477903, -36.05595701918745]}}, {"type": "Feature", "id": 2896, "properties": {"REGION": "MAULE", "COMUNA": "SAN JAVIER", "NOMBRE": "LEUFÛ MAPU", "PUEBLO": "MAPUCHE"}, "geometry": {"type": "Point", "coordinates": [-71.71359574026935, -35.60072169147459]}}, {"type": "Feature", "id": 2897, "properties": {"REGION": "MAULE", "COMUNA": "VILLA ALEG", "NOMBRE": "KURA MAPU", "PUEBLO": "MAPUCHE"}, "geometry": {"type": "Point", "coordinates": [-71.6887, -35.6951]}}, {"type": "Feature", "id": 2898, "properties": {"REGION": "MAULE", "COMUNA": "CONSTITUCI", "NOMBRE": "NAHUEN LAFKEN", "PUEBLO": "MAPUCHE"}, "geometry": {"type": "Point", "coordinates": [-72.40894973245972, -35.33479791060299]}}, {"type": "Feature", "id": 2899, "properties": {"REGION": "MAULE", "COMUNA": "CONSTITUCI", "NOMBRE": "HUECHELU SUYAI", "PUEBLO": "MAPUCHE"}, "geometry": {"type": "Point", "coordinates": [-72.41052779937725, -35.33186440245101]}}, {"type": "Feature", "id": 2900, "properties": {"REGION": "MAULE", "COMUNA": "CONSTITUCI", "NOMBRE": "ÑUKE MAPU", "PUEBLO": "MAPUCHE"}, "geometry": {"type": "Point", "coordinates": [-72.28559498544337, -35.44886773639455]}}, {"type": "Feature", "id": 2901, "properties": {"REGION": "MAULE", "COMUNA": "CUREPTO", "NOMBRE": "DE DESCENDIENTES DE PUEBLOS ORIGINARIOS CALPUN", "PUEBLO": "MAPUCHE"}, "geometry": {"type": "Point", "coordinates": [-72.0456, -35.026]}}, {"type": "Feature", "id": 2902, "properties": {"REGION": "MAULE", "COMUNA": "CUREPTO", "NOMBRE": "AGRUPACION SANGRE ARAUCANA", "PUEBLO": "MAPUCHE"}, "geometry": {"type": "Point", "coordinates": [-72.02071751819602, -35.09822550011319]}}, {"type": "Feature", "id": 2903, "properties": {"REGION": "MAULE", "COMUNA": "CUREPTO", "NOMBRE": "NEWEN KURUF", "PUEBLO": "MAPUCHE"}, "geometry": {"type": "Point", "coordinates": [-72.02258523842684, -35.09770062891899]}}, {"type": "Feature", "id": 2904, "properties": {"REGION": "MAULE", "COMUNA": "EMPEDRADO", "NOMBRE": "NEWEN MAPU", "PUEBLO": "MAPUCHE"}, "geometry": {"type": "Point", "coordinates": [-72.28546706647764, -35.59114416084724]}}, {"type": "Feature", "id": 2905, "properties": {"REGION": "MAULE", "COMUNA": "MAULE", "NOMBRE": "TRIWE ALIWEN", "PUEBLO": "MAPUCHE"}, "geometry": {"type": "Point", "coordinates": [-71.69797, -35.54132]}}, {"type": "Feature", "id": 2906, "properties": {"REGION": "MAULE", "COMUNA": "TALCA", "NOMBRE": "NEHUEN TUAHIN PU PEÑI", "PUEBLO": "MAPUCHE"}, "geometry": {"type": "Point", "coordinates": [-71.63917017341237, -35.40155798870228]}}, {"type": "Feature", "id": 2907, "properties": {"REGION": "MAULE", "COMUNA": "TALCA", "NOMBRE": "HIJOS DEL SABER", "PUEBLO": "MAPUCHE"}, "geometry": {"type": "Point", "coordinates": [-71.67173380785867, -35.42161035776256]}}, {"type": "Feature", "id": 2908, "properties": {"REGION": "MAULE", "COMUNA": "TALCA", "NOMBRE": "SHAKIN MAPU", "PUEBLO": "MAPUCHE"}, "geometry": {"type": "Point", "coordinates": [-71.66596861229525, -35.42589438202336]}}, {"type": "Feature", "id": 2909, "properties": {"REGION": "MAULE", "COMUNA": "TALCA", "NOMBRE": "INCHE TAÑI MAPU", "PUEBLO": "MAPUCHE"}, "geometry": {"type": "Point", "coordinates": [-71.66596861229525, -35.42589438202336]}}, {"type": "Feature", "id": 2910, "properties": {"REGION": "MAULE", "COMUNA": "TALCA", "NOMBRE": "TEJERIA", "PUEBLO": "MAPUCHE"}, "geometry": {"type": "Point", "coordinates": [-71.62516777700344, -35.40942000121993]}}, {"type": "Feature", "id": 2911, "properties": {"REGION": "MAULE", "COMUNA": "TALCA", "NOMBRE": "ASOCIACION DE MUJERES INDIGENAS DE LA REGION DEL MAULE NEHUEN KIMUN PU DOMO", "PUEBLO": "MAPUCHE"}, "geometry": {"type": "Point", "coordinates": [-71.66636535520865, -35.42562526760187]}}, {"type": "Feature", "id": 2912, "properties": {"REGION": "COQUIMBO", "COMUNA": "LOS VILOS", "NOMBRE": "ANTUVILÚ", "PUEBLO": "MAPUCHE"}, "geometry": {"type": "Point", "coordinates": [-71.51134156785614, -31.91074163541276]}}, {"type": "Feature", "id": 2913, "properties": {"REGION": "COQUIMBO", "COMUNA": "COQUIMBO", "NOMBRE": "ASOCIACIÓN INDÍGENA MAPU TA NÜYÜN", "PUEBLO": "MAPUCHE"}, "geometry": {"type": "Point", "coordinates": [-71.32256877297141, -29.97192422575624]}}, {"type": "Feature", "id": 2914, "properties": {"REGION": "COQUIMBO", "COMUNA": "COQUIMBO", "NOMBRE": "CHOYUN MAPU", "PUEBLO": "MAPUCHE"}, "geometry": {"type": "Point", "coordinates": [-71.34260950406201, -29.98619090516117]}}, {"type": "Feature", "id": 2915, "properties": {"REGION": "COQUIMBO", "COMUNA": "COQUIMBO", "NOMBRE": "APACHITA", "PUEBLO": "MAPUCHE"}, "geometry": {"type": "Point", "coordinates": [-71.33657203268136, -29.98653399717401]}}, {"type": "Feature", "id": 2916, "properties": {"REGION": "COQUIMBO", "COMUNA": "COQUIMBO", "NOMBRE": "AGRUPACIÓN MULTICULTURAL SOCIAL INDÍGENA NUEVO AMANECER", "PUEBLO": "AYMARA"}, "geometry": {"type": "Point", "coordinates": [-71.3383894073689, -29.95061624426615]}}, {"type": "Feature", "id": 2917, "properties": {"REGION": "COQUIMBO", "COMUNA": "LA SERENA", "NOMBRE": "ASOCIACION INDIGENA DIAGUITA TEQUIRQUE", "PUEBLO": "DIAGUITA"}, "geometry": {"type": "Point", "coordinates": [-71.217848624072, -29.92055909478928]}}, {"type": "Feature", "id": 2918, "properties": {"REGION": "COQUIMBO", "COMUNA": "LA SERENA", "NOMBRE": "YEPÜN", "PUEBLO": "DIAGUITA"}, "geometry": {"type": "Point", "coordinates": [-71.23339114246849, -29.87543786785116]}}, {"type": "Feature", "id": 2919, "properties": {"REGION": "COQUIMBO", "COMUNA": "OVALLE", "NOMBRE": "ANTAKARI MANTA PUEBLO", "PUEBLO": "MULTICULTURAL"}, "geometry": {"type": "Point", "coordinates": [-71.20568976025748, -30.60586641594077]}}, {"type": "Feature", "id": 2920, "properties": {"REGION": "COQUIMBO", "COMUNA": "OVALLE", "NOMBRE": "ARTESANOS Y EMPRENDEDORAS AGRICOLAS RAICES ANCESTRALES", "PUEBLO": "MULTICULTURAL"}, "geometry": {"type": "Point", "coordinates": [-71.16033, -30.56334]}}]}