{"type" : "FeatureCollection", "features" : [{"type" : "Feature", "id" : "cuenca:010", "properties" : {"code": "cuenca:010", "name": "Altiplanicas", "codigo": "010", "fuente": "dga_bna", "nombre": "Altiplanicas", "region": "Región de Tarapacá"}, "geometry" : {"type":"Polygon","coordinates":[[[-69.488130953,-18.306018949],[-69.489501361,-18.261494478],[-69.46189302,-18.253948568],[-69.430834907,-18.207922319],[-69.400719442,-18.196942988],[-69.400400249,-18.144038843],[-69.384180266,-18.11966424],[-69.4300923,-18.090274482],[-69.385245612,-18.077015219],[-69.37577713,-18.026889482],[-69.362740069,-18.023692193],[-69.372559496,-18.00458461],[-69.35402396,-17.984680753],[-69.387516579,-17.90541798],[-69.445375517,-17.868480925],[-69.496134336,-17.856924909],[-69.498092172,-17.795359558],[-69.586413596,-17.762554364],[-69.606140562,-17.613505933],[-69.468823695,-17.498424412],[-69.467896299,-17.60435969],[-69.338178656,-17.72964721],[-69.310795792,-17.794291362],[-69.298624877,-17.855040353],[-69.311943456,-17.915197776],[-69.286979091,-17.96079001],[-69.256745817,-17.952489845],[-69.23353503,-17.987118351],[-69.123245498,-18.001988677],[-69.057631363,-18.061781572],[-69.14297426,-18.153295919],[-69.112122764,-18.202846298],[-69.065640866,-18.232016274],[-69.074369834,-18.289586655],[-69.037292772,-18.321457136],[-69.051219939,-18.33984659],[-69.047872386,-18.426197694],[-69.000335187,-18.481390112],[-69.016339155,-18.56250539],[-69.00866895,-18.600998463],[-69.028553024,-18.605705252],[-69.035306405,-18.626943172],[-68.988973066,-18.675904289],[-68.977164837,-18.742466701],[-68.928530782,-18.83566054],[-68.913362419,-18.889898103],[-68.949358804,-18.935849559],[-68.893190776,-19.042278739],[-68.807264288,-19.085426018],[-68.679891628,-19.188183462],[-68.619275779,-19.275935822],[-68.533352934,-19.303742349],[-68.405955891,-19.416847229],[-68.571831585,-19.602848848],[-68.620794314,-19.700112304],[-68.680647446,-19.715789988],[-68.698697046,-19.751082399],[-68.657290626,-19.759646988],[-68.601017235,-19.826301584],[-68.528280444,-19.844160976],[-68.542199772,-19.889424585],[-68.52357313,-19.919990962],[-68.566666632,-20.04993526],[-68.639818964,-20.048165575],[-68.762126073,-20.075906227],[-68.750318287,-20.116842694],[-68.70231142,-20.138030609],[-68.689524375,-20.177469872],[-68.709602715,-20.183946998],[-68.699508796,-20.21507789],[-68.711873808,-20.246110822],[-68.695668672,-20.292050326],[-68.661904707,-20.320180977],[-68.672159398,-20.355206181],[-68.742590575,-20.366682514],[-68.741052549,-20.453489323],[-68.574448023,-20.573102775],[-68.536982508,-20.568524939],[-68.516723567,-20.603220765],[-68.484054244,-20.605791896],[-68.437924578,-20.638627845],[-68.501312192,-20.668088753],[-68.530185208,-20.719085224],[-68.555093479,-20.730843409],[-68.543777274,-20.904601607],[-68.484779859,-20.944921013],[-68.545962823,-21.070612465],[-68.575982109,-21.024402568],[-68.705066658,-21.009667599],[-68.689610355,-20.953706531],[-68.740563813,-20.9515915],[-68.719091266,-20.871340473],[-68.763648074,-20.777713161],[-68.761143203,-20.746179744],[-68.811148035,-20.692465766],[-68.826782112,-20.594280918],[-68.808661882,-20.515658496],[-68.822540236,-20.461507063],[-68.864809765,-20.402259512],[-68.959335549,-20.407629444],[-68.999632907,-20.281082723],[-68.950794929,-20.184663263],[-69.012448965,-20.097283448],[-68.980085013,-20.019930676],[-68.997426196,-19.96328178],[-68.9389086,-19.906507993],[-68.895492647,-19.905394362],[-68.772769156,-19.784442238],[-68.774228318,-19.761752938],[-68.810264638,-19.744069203],[-68.841700081,-19.64630344],[-68.878161025,-19.637624804],[-68.92136985,-19.586906628],[-68.943046832,-19.489550282],[-68.97342988,-19.460521237],[-68.936276734,-19.442740583],[-68.925081038,-19.418010822],[-68.946003114,-19.345802427],[-68.985566432,-19.332778227],[-69.007501849,-19.291180334],[-68.98223772,-19.2578186],[-69.017536716,-19.226201675],[-69.017445812,-19.074197507],[-69.04274794,-19.036095922],[-69.126419817,-18.977124059],[-69.123726751,-18.959556897],[-69.150353284,-18.931204476],[-69.138572859,-18.881280917],[-69.163026498,-18.84371425],[-69.16004271,-18.808948923],[-69.249560306,-18.790264757],[-69.234427983,-18.771743558],[-69.236501001,-18.724166431],[-69.254630607,-18.722158887],[-69.304165614,-18.644943443],[-69.387749949,-18.591394729],[-69.395856983,-18.543681017],[-69.470389236,-18.41338856],[-69.483160705,-18.356214617],[-69.467209968,-18.32675009],[-69.488130953,-18.306018949]]]}}, {"type" : "Feature", "id" : "cuenca:029", "properties" : {"code": "cuenca:029", "name": "Costeras entre Q. la Negra y Q. Pan de Azucar", "codigo": "029", "fuente": "dga_bna", "nombre": "Costeras entre Q. la Negra y Q. Pan de Azucar", "region": "Región de Antofagasta"}, "geometry" : {"type":"Polygon","coordinates":[[[-70.508981768,-23.988225944],[-70.517244409,-23.929115364],[-70.496797479,-23.900067404],[-70.527176183,-23.866809088],[-70.504197996,-23.854013835],[-70.500934782,-23.791755428],[-70.448180712,-23.748317574],[-70.421420535,-23.703625665],[-70.394938513,-23.716699094],[-70.375823363,-23.759688945],[-70.348089046,-23.903989324],[-70.439028035,-23.976314664],[-70.414027416,-24.003687481],[-70.423053589,-24.114846236],[-70.399249481,-24.160925532],[-70.412627674,-24.20445791],[-70.377358964,-24.252531832],[-70.398019704,-24.277166764],[-70.397024148,-24.317946088],[-70.379326139,-24.307389339],[-70.356606864,-24.35379599],[-70.246585586,-24.415369028],[-70.220929352,-24.42320867],[-70.221100223,-24.403295639],[-70.208030102,-24.400745568],[-70.191898526,-24.437093859],[-70.075682262,-24.433512825],[-70.034435096,-24.452552447],[-70.048810353,-24.556592899],[-70.085752363,-24.61071189],[-70.122134385,-24.62939488],[-70.200464871,-24.622040135],[-70.22140172,-24.707186454],[-70.142024581,-24.7428436],[-70.12080639,-24.777900338],[-69.961075537,-24.841613129],[-69.909543974,-24.901287197],[-69.804349354,-24.924634454],[-69.714234624,-25.004602074],[-69.60430081,-25.015239611],[-69.539438798,-25.056004704],[-69.412659106,-25.073501517],[-69.321531384,-25.131337929],[-69.242769844,-25.153947088],[-69.245626059,-25.176053852],[-69.219219392,-25.200035443],[-69.222658095,-25.235701039],[-69.20430194,-25.229171375],[-69.178333554,-25.283812622],[-69.064574442,-25.347733713],[-69.008439216,-25.411412009],[-69.036395844,-25.437604799],[-69.012534117,-25.45298742],[-68.995834503,-25.505499007],[-69.022669069,-25.508811416],[-69.058339611,-25.564788872],[-69.096570022,-25.592712457],[-69.095087671,-25.614128366],[-69.210210308,-25.628284703],[-69.329382763,-25.611503639],[-69.346948483,-25.586553666],[-69.379607028,-25.602112566],[-69.393165545,-25.635961735],[-69.455835462,-25.660173914],[-69.485857285,-25.700092797],[-69.548729581,-25.718313037],[-69.551992444,-25.757074253],[-69.608191153,-25.733224326],[-69.812141772,-25.820839781],[-69.94012316,-25.821368533],[-69.971622365,-25.80092725],[-70.007710955,-25.806121634],[-70.037723968,-25.87636763],[-70.078606802,-25.909954515],[-70.082359093,-25.950786026],[-70.145997994,-25.955605238],[-70.23647799,-25.916652677],[-70.264918853,-25.930870721],[-70.272731735,-25.91066909],[-70.304389204,-25.896872354],[-70.324331294,-25.931251738],[-70.391459569,-25.935985305],[-70.482208703,-25.968109024],[-70.520070371,-26.004630543],[-70.594987385,-26.004888811],[-70.610856331,-26.049691865],[-70.62049474,-26.054079648],[-70.650497337,-26.058971119],[-70.635614859,-26.051313825],[-70.628642743,-25.988372693],[-70.692264655,-25.903914602],[-70.710344073,-25.840827401],[-70.734727245,-25.825128678],[-70.72159789,-25.804097718],[-70.72820315,-25.779419886],[-70.703520834,-25.774402878],[-70.685256537,-25.746603273],[-70.6952831,-25.711162299],[-70.68330209,-25.664321648],[-70.637384888,-25.649135736],[-70.637705385,-25.552498495],[-70.650897755,-25.538564833],[-70.626998165,-25.506647712],[-70.577198446,-25.50577454],[-70.529581456,-25.479393016],[-70.515384685,-25.39561298],[-70.491364377,-25.406557226],[-70.454016119,-25.37928595],[-70.456824826,-25.296077694],[-70.434969455,-25.249893324],[-70.442291806,-25.181230382],[-70.508828419,-25.09310594],[-70.487670433,-25.070765655],[-70.470210346,-24.982095025],[-70.530220245,-24.914586339],[-70.524013826,-24.863952435],[-70.545834497,-24.843250588],[-70.54609713,-24.78055077],[-70.579298262,-24.722771157],[-70.565228804,-24.704824511],[-70.574564835,-24.655329015],[-70.551035857,-24.596811969],[-70.579883558,-24.552657481],[-70.54267094,-24.422325251],[-70.557278679,-24.373642647],[-70.540409168,-24.35876291],[-70.536495491,-24.242799862],[-70.522009649,-24.242250158],[-70.512210594,-24.199835948],[-70.522196658,-24.185379256],[-70.502380873,-24.170685717],[-70.520647464,-24.124136781],[-70.504636612,-24.1180467],[-70.49907719,-24.086975346],[-70.520199394,-24.021643315],[-70.508981768,-23.988225944]]]}}, {"type" : "Feature", "id" : "cuenca:030", "properties" : {"code": "cuenca:030", "name": "Endorreicas entre Frontera y Vertiente del Pacifico", "codigo": "030", "fuente": "dga_bna", "nombre": "Endorreicas entre Frontera y Vertiente del Pacifico", "region": "Región de Atacama"}, "geometry" : {"type":"Polygon","coordinates":[[[-69.084829718,-25.583531564],[-69.022669069,-25.508811416],[-68.995834503,-25.505499007],[-69.012534117,-25.45298742],[-69.036395844,-25.437604799],[-69.008439216,-25.411412009],[-69.03841932,-25.382528056],[-68.975963239,-25.378729308],[-68.962520421,-25.390195109],[-68.818185609,-25.368252078],[-68.771028388,-25.398266409],[-68.753779708,-25.379834705],[-68.724820094,-25.388488648],[-68.68570875,-25.367956613],[-68.665525056,-25.31986162],[-68.605350188,-25.309553658],[-68.581993225,-25.287753231],[-68.54626653,-25.299116217],[-68.526620258,-25.325991844],[-68.530724131,-25.380448335],[-68.590471033,-25.446574432],[-68.576168052,-25.462327606],[-68.574029879,-25.521125508],[-68.543560435,-25.533323682],[-68.513727951,-25.574241917],[-68.541385708,-25.594124898],[-68.546070716,-25.631081001],[-68.47757353,-25.702557933],[-68.380442675,-26.177014793],[-68.557397913,-26.286288622],[-68.588014211,-26.492060397],[-68.292262869,-26.898250169],[-68.264216132,-26.91814008],[-68.289877705,-26.924302215],[-68.293815917,-26.956001328],[-68.316689083,-26.977131223],[-68.29862476,-27.039443696],[-68.379777726,-27.044013662],[-68.432295022,-27.064981702],[-68.451136624,-27.094695444],[-68.484278709,-27.058094857],[-68.483722429,-27.124466865],[-68.492901214,-27.134891513],[-68.539523793,-27.108915986],[-68.558950901,-27.115668096],[-68.576195747,-27.177815932],[-68.605343967,-27.159149776],[-68.625561799,-27.166978314],[-68.672859736,-27.097986438],[-68.748192148,-27.112613744],[-68.778242356,-27.099537406],[-68.804907807,-27.153763998],[-68.842053493,-27.157376827],[-68.869860782,-27.258935121],[-68.806153524,-27.299460177],[-68.870556528,-27.318348855],[-68.891143845,-27.39877778],[-68.930826067,-27.40970872],[-68.933873155,-27.443618625],[-68.967998171,-27.432084095],[-68.989435062,-27.450612387],[-68.947598171,-27.488952807],[-68.942572936,-27.52027695],[-68.98539028,-27.52607478],[-68.977209145,-27.56119125],[-69.050774231,-27.617804897],[-69.058703351,-27.659174923],[-69.044397957,-27.699632354],[-69.09893858,-27.725079522],[-69.118526512,-27.683226501],[-69.140245957,-27.704817912],[-69.218933765,-27.69683945],[-69.248731813,-27.534934918],[-69.31729972,-27.498323817],[-69.274076852,-27.378094046],[-69.242519035,-27.341481331],[-69.14325736,-27.290010188],[-69.174078002,-27.230507803],[-69.252598041,-27.170356216],[-69.222523425,-27.065138701],[-69.192189724,-27.015852903],[-69.216619509,-27.001588832],[-69.180659286,-26.864994398],[-69.207090911,-26.837655919],[-69.210973956,-26.799820528],[-69.176062154,-26.779892442],[-69.249871987,-26.727189761],[-69.258083572,-26.601874258],[-69.22586868,-26.545629529],[-69.295026461,-26.467366898],[-69.309245721,-26.429311243],[-69.28673794,-26.343767009],[-69.292549089,-26.24373439],[-69.243369989,-26.16445379],[-69.235650001,-26.106294609],[-69.18124935,-26.071754146],[-69.125657941,-26.060855893],[-69.132036004,-26.028406978],[-69.065696637,-25.919820983],[-69.045238705,-25.895051178],[-68.998777033,-25.879405109],[-69.004405243,-25.821049815],[-68.983031087,-25.734465564],[-69.022581225,-25.687007653],[-69.058931524,-25.670499626],[-69.067582928,-25.590584062],[-69.084829718,-25.583531564]]]}}, {"type" : "Feature", "id" : "cuenca:031", "properties" : {"code": "cuenca:031", "name": "Costeras Q.Pan de Azucar-R.Salado", "codigo": "031", "fuente": "dga_bna", "nombre": "Costeras Q.Pan de Azucar-R.Salado", "region": "Región de Atacama"}, "geometry" : {"type":"Polygon","coordinates":[[[-69.084829718,-25.583531564],[-69.067582928,-25.590584062],[-69.058931524,-25.670499626],[-69.022581225,-25.687007653],[-68.983031087,-25.734465564],[-69.004405243,-25.821049815],[-68.998777033,-25.879405109],[-69.045238705,-25.895051178],[-69.065696637,-25.919820983],[-69.132036004,-26.028406978],[-69.125657941,-26.060855893],[-69.185126483,-26.078561994],[-69.307911171,-25.998215423],[-69.313880889,-26.01781927],[-69.286374101,-26.064667309],[-69.291327681,-26.106016821],[-69.376442385,-26.166677563],[-69.389829071,-26.214289383],[-69.457535369,-26.283691075],[-69.505539317,-26.267363489],[-69.539479346,-26.290968311],[-69.566123422,-26.1872617],[-69.614209148,-26.119942016],[-69.670459005,-26.111204048],[-69.781861332,-26.12667401],[-69.941310544,-26.106905059],[-70.075948944,-26.118255744],[-70.198919788,-26.174885686],[-70.207080589,-26.239359677],[-70.247441301,-26.26581009],[-70.454751147,-26.285241134],[-70.476510881,-26.310485276],[-70.544164323,-26.30235692],[-70.630532291,-26.319306233],[-70.673198497,-26.298287509],[-70.643885952,-26.249185459],[-70.669499852,-26.202121163],[-70.653329606,-26.183017088],[-70.669877144,-26.16691131],[-70.64995736,-26.127250051],[-70.656417314,-26.061647598],[-70.610856331,-26.049691865],[-70.594987385,-26.004888811],[-70.520070371,-26.004630543],[-70.482208703,-25.968109024],[-70.391459569,-25.935985305],[-70.324331294,-25.931251738],[-70.30119344,-25.89626908],[-70.264918853,-25.930870721],[-70.23647799,-25.916652677],[-70.145997994,-25.955605238],[-70.082359093,-25.950786026],[-70.078606802,-25.909954515],[-70.037723968,-25.87636763],[-70.007710955,-25.806121634],[-69.971622365,-25.80092725],[-69.94012316,-25.821368533],[-69.812141772,-25.820839781],[-69.608191153,-25.733224326],[-69.563557796,-25.760885618],[-69.548465513,-25.750039912],[-69.548729581,-25.718313037],[-69.485857285,-25.700092797],[-69.455835462,-25.660173914],[-69.393165545,-25.635961735],[-69.379607028,-25.602112566],[-69.346948483,-25.586553666],[-69.328504115,-25.611031539],[-69.170839923,-25.628336032],[-69.095087671,-25.614128366],[-69.084829718,-25.583531564]]]}}, {"type" : "Feature", "id" : "cuenca:048", "properties" : {"code": "cuenca:048", "name": "Costeras entre R.Choapa y R.Quilimari", "codigo": "048", "fuente": "dga_bna", "nombre": "Costeras entre R.Choapa y R.Quilimari", "region": "Región de Coquimbo"}, "geometry" : {"type":"Polygon","coordinates":[[[-71.554852754,-31.622141869],[-71.520246046,-31.59932866],[-71.408142125,-31.629300531],[-71.400084418,-31.653617274],[-71.335581533,-31.700313339],[-71.325264768,-31.76284733],[-71.178485811,-31.893961756],[-71.092584148,-31.879216402],[-71.07467501,-31.902219989],[-71.035972541,-31.907274498],[-70.972843801,-31.944230341],[-70.967410929,-31.998362315],[-70.98147496,-32.044884995],[-71.23378837,-31.993378243],[-71.250494034,-31.946975887],[-71.305346927,-31.912483722],[-71.340205426,-31.973346371],[-71.447323028,-32.025901725],[-71.471297391,-32.081080695],[-71.529431034,-32.112017301],[-71.527725591,-32.036898953],[-71.510136549,-32.02340643],[-71.522805122,-32.003550548],[-71.490196649,-31.968692104],[-71.503793967,-31.948459148],[-71.525511179,-31.949498759],[-71.517421891,-31.909566472],[-71.496944861,-31.89675954],[-71.506384025,-31.861593375],[-71.558807118,-31.851612299],[-71.505212233,-31.770138522],[-71.544444241,-31.738762773],[-71.554852754,-31.622141869]]]}}, {"type" : "Feature", "id" : "cuenca:049", "properties" : {"code": "cuenca:049", "name": "Rio QuiLimari", "codigo": "049", "fuente": "dga_bna", "nombre": "Rio QuiLimari", "region": "Región de Coquimbo"}, "geometry" : {"type":"Polygon","coordinates":[[[-71.514335982,-32.114473265],[-71.462171856,-32.070202667],[-71.447323028,-32.025901725],[-71.340205426,-31.973346371],[-71.305346927,-31.912483722],[-71.250494034,-31.946975887],[-71.23378837,-31.993378243],[-71.029290294,-32.032322597],[-71.046473513,-32.043302008],[-71.031203488,-32.073138833],[-71.155711728,-32.161136191],[-71.183188343,-32.170093703],[-71.221678925,-32.129016653],[-71.244726563,-32.143097857],[-71.252805942,-32.170766575],[-71.336718838,-32.202015297],[-71.419968955,-32.184631614],[-71.478257527,-32.154483761],[-71.503101762,-32.179036231],[-71.536801196,-32.177102105],[-71.537627343,-32.13486585],[-71.516504898,-32.131193779],[-71.514335982,-32.114473265]]]}}, {"type" : "Feature", "id" : "cuenca:050", "properties" : {"code": "cuenca:050", "name": "Costeras Quilimari-Petorca", "codigo": "050", "fuente": "dga_bna", "nombre": "Costeras Quilimari-Petorca", "region": "Región de Valparaíso"}, "geometry" : {"type":"Polygon","coordinates":[[[-71.515694908,-32.242846225],[-71.541574468,-32.176528319],[-71.503101762,-32.179036231],[-71.480349584,-32.154514894],[-71.367826168,-32.198225989],[-71.283003574,-32.19798739],[-71.293216736,-32.272512606],[-71.35595858,-32.336614645],[-71.374510263,-32.336744641],[-71.358169044,-32.345996879],[-71.366045969,-32.357062846],[-71.397937246,-32.360369407],[-71.407651136,-32.391055899],[-71.450390545,-32.344486374],[-71.470836463,-32.344565294],[-71.471222073,-32.272868891],[-71.49463362,-32.241000605],[-71.515694908,-32.242846225]]]}}, {"type" : "Feature", "id" : "cuenca:051", "properties" : {"code": "cuenca:051", "name": "Rio Petorca", "codigo": "051", "fuente": "dga_bna", "nombre": "Rio Petorca", "region": "Región de Valparaíso"}, "geometry" : {"type":"Polygon","coordinates":[[[-71.292680908,-32.191585232],[-71.250613933,-32.169155264],[-71.246689632,-32.145777519],[-71.221678925,-32.129016653],[-71.183188343,-32.170093703],[-71.155711728,-32.161136191],[-71.031203488,-32.073138833],[-71.046473513,-32.043302008],[-71.037035158,-32.033001071],[-70.955872282,-32.047456286],[-70.930557091,-32.079524324],[-70.918935733,-32.064300612],[-70.803995719,-32.033113153],[-70.76868403,-32.038174613],[-70.736649372,-32.019892691],[-70.701294729,-32.03354076],[-70.691922697,-32.062538336],[-70.65907524,-32.056559578],[-70.646186802,-32.07369389],[-70.651806165,-32.135658511],[-70.55014827,-32.17267209],[-70.535282994,-32.172149838],[-70.531636904,-32.148877613],[-70.451660694,-32.185512582],[-70.457300861,-32.2130308],[-70.522991224,-32.256854893],[-70.626171822,-32.253503227],[-70.768331386,-32.285054691],[-70.82942445,-32.267431128],[-70.844493526,-32.297457489],[-70.89528017,-32.312704739],[-70.911233912,-32.340156633],[-71.000874552,-32.324791975],[-71.095653899,-32.422203018],[-71.135739536,-32.438948365],[-71.164830243,-32.391566067],[-71.21939528,-32.368558594],[-71.255317323,-32.400241428],[-71.284037414,-32.389876487],[-71.341859997,-32.411079845],[-71.408236376,-32.405202253],[-71.397937246,-32.360369407],[-71.366045969,-32.357062846],[-71.358169044,-32.345996879],[-71.374510263,-32.336744641],[-71.35595858,-32.336614645],[-71.293216736,-32.272512606],[-71.292680908,-32.191585232]]]}}, {"type" : "Feature", "id" : "cuenca:052", "properties" : {"code": "cuenca:052", "name": "Rio Ligua", "codigo": "052", "fuente": "dga_bna", "nombre": "Rio Ligua", "region": "Región de Valparaíso"}, "geometry" : {"type":"Polygon","coordinates":[[[-70.457300861,-32.2130308],[-70.434062765,-32.227881875],[-70.437563937,-32.269396974],[-70.411488376,-32.289214761],[-70.434764266,-32.335323507],[-70.468663265,-32.336142075],[-70.478983361,-32.357962023],[-70.61216765,-32.368975028],[-70.61501884,-32.418576955],[-70.635835159,-32.449569387],[-70.666002771,-32.483059104],[-70.717913169,-32.503574088],[-70.721150426,-32.522041464],[-70.785734574,-32.549086064],[-70.787773821,-32.574224212],[-70.813054363,-32.5848153],[-70.797525017,-32.605447989],[-70.821741128,-32.629787799],[-70.893294266,-32.607350586],[-70.980034995,-32.631264341],[-71.01744147,-32.614309589],[-71.047971878,-32.632307162],[-71.06370881,-32.590931032],[-71.088743339,-32.620209407],[-71.142394064,-32.608880554],[-71.162047984,-32.58889807],[-71.201101573,-32.603288612],[-71.225905889,-32.557649589],[-71.291720783,-32.513145553],[-71.301961108,-32.485247082],[-71.412893089,-32.41218738],[-71.341859997,-32.411079845],[-71.284037414,-32.389876487],[-71.255317323,-32.400241428],[-71.21939528,-32.368558594],[-71.164830243,-32.391566067],[-71.131903944,-32.438418164],[-71.036127713,-32.370763783],[-71.008277824,-32.327952626],[-70.979565035,-32.321083248],[-70.911233912,-32.340156633],[-70.89528017,-32.312704739],[-70.844493526,-32.297457489],[-70.830527699,-32.267609053],[-70.768331386,-32.285054691],[-70.626171822,-32.253503227],[-70.522991224,-32.256854893],[-70.457300861,-32.2130308]]]}}, {"type" : "Feature", "id" : "cuenca:053", "properties" : {"code": "cuenca:053", "name": "Costeras Ligua-Aconcagua", "codigo": "053", "fuente": "dga_bna", "nombre": "Costeras Ligua-Aconcagua", "region": "Región de Valparaíso"}, "geometry" : {"type":"Polygon","coordinates":[[[-71.475094908,-32.513141583],[-71.465162027,-32.497096641],[-71.436784009,-32.497965254],[-71.428165494,-32.415748839],[-71.401539129,-32.413594696],[-71.301961108,-32.485247082],[-71.291720783,-32.513145553],[-71.250819246,-32.531933463],[-71.201101573,-32.603288612],[-71.235097589,-32.604487163],[-71.318424131,-32.68076125],[-71.277800355,-32.699842829],[-71.313553619,-32.73255263],[-71.292348542,-32.767019218],[-71.329762285,-32.835987265],[-71.457324353,-32.902264054],[-71.505540021,-32.905057584],[-71.520552418,-32.835101948],[-71.548108192,-32.808404446],[-71.539746426,-32.769387833],[-71.519321295,-32.783582566],[-71.492759808,-32.772212001],[-71.485446293,-32.749156915],[-71.508589301,-32.709688641],[-71.467644328,-32.707670074],[-71.425826416,-32.631164109],[-71.471116973,-32.551218312],[-71.461324754,-32.548479897],[-71.475094908,-32.513141583]]]}}, {"type" : "Feature", "id" : "cuenca:054", "properties" : {"code": "cuenca:054", "name": "Rio Aconcagua", "codigo": "054", "fuente": "dga_bna", "nombre": "Rio Aconcagua", "region": "Región de Valparaíso"}, "geometry" : {"type":"Polygon","coordinates":[[[-71.201101573,-32.603288612],[-71.162047984,-32.58889807],[-71.142394064,-32.608880554],[-71.088743339,-32.620209407],[-71.06370881,-32.590931032],[-71.047971878,-32.632307162],[-71.01744147,-32.614309589],[-70.980034995,-32.631264341],[-70.893294266,-32.607350586],[-70.821741128,-32.629787799],[-70.797525017,-32.605447989],[-70.813054363,-32.5848153],[-70.787773821,-32.574224212],[-70.785734574,-32.549086064],[-70.721150426,-32.522041464],[-70.717913169,-32.503574088],[-70.666002771,-32.483059104],[-70.635835159,-32.449569387],[-70.61501884,-32.418576955],[-70.61216765,-32.368975028],[-70.477290836,-32.357621072],[-70.468663265,-32.336142075],[-70.434190646,-32.334612952],[-70.415600852,-32.280631353],[-70.353039432,-32.253918787],[-70.334770787,-32.274908948],[-70.263250503,-32.291917012],[-70.219547579,-32.330132348],[-70.217565011,-32.382558524],[-70.237522519,-32.403263681],[-70.234942454,-32.426533626],[-70.155146783,-32.462865887],[-70.12280458,-32.536708152],[-70.125747394,-32.576180388],[-70.150942376,-32.581138636],[-70.170246325,-32.621694086],[-70.150779422,-32.63589084],[-70.135624111,-32.75542824],[-70.105209703,-32.800334198],[-70.054815367,-32.833230775],[-70.053026847,-32.859384863],[-70.000303655,-32.883512262],[-69.991032193,-32.904809386],[-70.030368013,-32.965211218],[-70.020619423,-32.992250629],[-70.032633254,-33.020806726],[-70.081046326,-33.031201988],[-70.137271764,-33.093593586],[-70.202476757,-33.114356998],[-70.259852884,-33.183497897],[-70.269847407,-33.135226093],[-70.298889977,-33.113389379],[-70.335814036,-33.096399691],[-70.373806549,-33.105334822],[-70.406268875,-33.065479185],[-70.394544518,-33.040425517],[-70.406901462,-33.029216044],[-70.435172038,-33.02085373],[-70.482939317,-33.082339913],[-70.504566043,-33.087329669],[-70.552532699,-33.035975547],[-70.546623518,-33.013538254],[-70.59163834,-32.970534912],[-70.594978341,-32.94380593],[-70.706087621,-32.95728168],[-70.737421297,-32.923643754],[-70.890925353,-32.928517046],[-70.938726795,-32.97282957],[-71.01700879,-32.977717136],[-71.027312419,-33.004143692],[-71.005479296,-33.050843378],[-71.037034371,-33.095835026],[-71.135447172,-33.119224256],[-71.134324032,-33.137530711],[-71.18137861,-33.142211381],[-71.196449114,-33.159741875],[-71.212870888,-33.138220181],[-71.237105105,-33.143878229],[-71.293324077,-33.098032086],[-71.333797603,-33.08636561],[-71.330962918,-33.047645795],[-71.384440996,-33.013028837],[-71.443021152,-33.001517217],[-71.554687319,-32.941282592],[-71.506772216,-32.904938197],[-71.457324353,-32.902264054],[-71.329762285,-32.835987265],[-71.292348542,-32.767019218],[-71.313553619,-32.73255263],[-71.277800355,-32.699842829],[-71.318424131,-32.68076125],[-71.235097589,-32.604487163],[-71.201101573,-32.603288612]]]}}, {"type" : "Feature", "id" : "cuenca:055", "properties" : {"code": "cuenca:055", "name": "Costeras entre Aconcagua y Maipo", "codigo": "055", "fuente": "dga_bna", "nombre": "Costeras entre Aconcagua y Maipo", "region": "Región de Valparaíso"}, "geometry" : {"type":"Polygon","coordinates":[[[-71.658970804,-33.045157846],[-71.642277541,-33.018171355],[-71.613312926,-33.042579848],[-71.557103071,-33.013905594],[-71.547838803,-32.947490602],[-71.443021152,-33.001517217],[-71.384440996,-33.013028837],[-71.330962918,-33.047645795],[-71.333797603,-33.08636561],[-71.200137213,-33.152949942],[-71.201779498,-33.165860532],[-71.260981618,-33.19051572],[-71.216375613,-33.234117723],[-71.227122563,-33.267613154],[-71.196649917,-33.309521007],[-71.224693588,-33.372644964],[-71.266883138,-33.387746334],[-71.283502847,-33.411561097],[-71.344352516,-33.415168393],[-71.336441165,-33.455508679],[-71.350901654,-33.527415821],[-71.329618864,-33.537718132],[-71.329607675,-33.580216899],[-71.364570667,-33.578417483],[-71.409779227,-33.609633379],[-71.477702116,-33.576735202],[-71.614675012,-33.55746235],[-71.603602062,-33.540827606],[-71.616235951,-33.505869036],[-71.637283193,-33.501487228],[-71.658630254,-33.461299182],[-71.709701544,-33.42481613],[-71.694847156,-33.3656824],[-71.655097822,-33.350897132],[-71.652816664,-33.302553876],[-71.695319889,-33.248567881],[-71.681897453,-33.220774106],[-71.708008703,-33.199138443],[-71.685153732,-33.172600008],[-71.742536731,-33.097374671],[-71.67017887,-33.099532677],[-71.658970804,-33.045157846]]]}}, {"type" : "Feature", "id" : "cuenca:056", "properties" : {"code": "cuenca:056", "name": "Islas del Pacifico", "codigo": "056", "fuente": "dga_bna", "nombre": "Islas del Pacifico", "region": "Región de Valparaíso"}, "geometry" : {"type":"MultiPolygon","coordinates":[[[[-109.3755117,-27.091190906],[-109.334283901,-27.09716999],[-109.251547268,-27.16327892],[-109.308801926,-27.17992341],[-109.404196239,-27.177158272],[-109.439042885,-27.194553073],[-109.450055622,-27.173441089],[-109.3755117,-27.091190906]]],[[[-78.950908396,-33.705105031],[-78.942757879,-33.697616799],[-78.924005379,-33.714483172],[-78.938588623,-33.715585358],[-78.950908396,-33.705105031]]],[[[-78.880244112,-33.607438848],[-78.851463901,-33.612366834],[-78.828921706,-33.640593738],[-78.789860303,-33.640535059],[-78.770141453,-33.672586302],[-78.860990834,-33.66716962],[-78.871670483,-33.644610938],[-78.946393553,-33.680339553],[-78.914517255,-33.645976978],[-78.88240637,-33.636449488],[-78.880244112,-33.607438848]]]]}}, {"type" : "Feature", "id" : "cuenca:057", "properties" : {"code": "cuenca:057", "name": "Rio Maipo", "codigo": "057", "fuente": "dga_bna", "nombre": "Rio Maipo", "region": "Región Metropolitana de Santiago"}, "geometry" : {"type":"Polygon","coordinates":[[[-71.198353576,-33.158756946],[-71.18137861,-33.142211381],[-71.134324032,-33.137530711],[-71.135447172,-33.119224256],[-71.037034371,-33.095835026],[-71.005479296,-33.050843378],[-71.027312419,-33.004143692],[-71.021387832,-32.980450851],[-70.938726795,-32.97282957],[-70.89320526,-32.929028121],[-70.842647658,-32.923353914],[-70.725473234,-32.925071891],[-70.706087621,-32.95728168],[-70.594978341,-32.94380593],[-70.59163834,-32.970534912],[-70.546623518,-33.013538254],[-70.552532699,-33.035975547],[-70.506352024,-33.086730904],[-70.482939317,-33.082339913],[-70.425324746,-33.0204931],[-70.394708449,-33.038448537],[-70.406268875,-33.065479185],[-70.372691001,-33.106492511],[-70.335814036,-33.096399691],[-70.273026257,-33.131310974],[-70.259852884,-33.183497897],[-70.202476757,-33.114356998],[-70.137271764,-33.093593586],[-70.102701791,-33.05333086],[-70.083830317,-33.057000276],[-70.067195681,-33.084337038],[-70.073921225,-33.122349721],[-70.052610271,-33.134184479],[-70.064886361,-33.204393914],[-70.027199007,-33.231461585],[-70.038543046,-33.270519422],[-70.009265566,-33.282512452],[-70.006013865,-33.320193513],[-69.919946397,-33.265843558],[-69.918652249,-33.244035562],[-69.904312245,-33.271784678],[-69.836301422,-33.271061186],[-69.799254575,-33.28683614],[-69.769690725,-33.343736081],[-69.7824074,-33.384216056],[-69.807047219,-33.395133824],[-69.795817258,-33.419025913],[-69.816283184,-33.430392296],[-69.834842264,-33.510078093],[-69.871381617,-33.541879683],[-69.884120607,-33.682707699],[-69.866702156,-33.715568838],[-69.902697912,-33.770116854],[-69.897915127,-33.843039096],[-69.856456802,-33.888471309],[-69.890772257,-33.922750231],[-69.904926243,-33.968798055],[-69.857200278,-33.961650023],[-69.819647047,-34.010541461],[-69.852184692,-34.053138743],[-69.827783578,-34.076824861],[-69.86821113,-34.128634328],[-69.800868791,-34.188872666],[-69.808647944,-34.246148849],[-69.895721278,-34.264165464],[-69.90546772,-34.28730566],[-69.94039472,-34.279332412],[-69.971434892,-34.248339757],[-70.012436903,-34.265403193],[-70.029665823,-34.290112371],[-70.051786908,-34.280023112],[-70.050661246,-34.225831973],[-70.071830626,-34.201675173],[-70.114069499,-34.200726228],[-70.165128054,-34.159731057],[-70.143542519,-34.120224431],[-70.16397444,-34.101460404],[-70.170463443,-34.044243894],[-70.184590693,-34.032529678],[-70.244466924,-34.033606532],[-70.26308098,-34.0708628],[-70.289737857,-34.057767312],[-70.308301525,-34.066426445],[-70.340718186,-34.051797698],[-70.321821538,-34.01457453],[-70.342667439,-34.008645039],[-70.374471011,-34.036424173],[-70.435437475,-34.035907829],[-70.468043719,-34.068684407],[-70.528817849,-34.073939861],[-70.550282084,-34.09761625],[-70.590288536,-34.064746603],[-70.624018627,-34.072042199],[-70.725518149,-34.040587071],[-70.754288772,-34.009526586],[-70.793599615,-33.999446648],[-70.797584917,-33.975268096],[-70.825522954,-33.952823844],[-70.895107442,-33.988380209],[-70.955787918,-33.972011868],[-70.9604166,-33.921773815],[-71.014797352,-33.888179027],[-71.085194809,-33.89351731],[-71.109488936,-33.942838153],[-71.176274958,-33.962971637],[-71.20755417,-33.960079209],[-71.286415645,-33.912973022],[-71.301796933,-33.862863935],[-71.347857502,-33.869396849],[-71.354537277,-33.891078801],[-71.381632798,-33.901363218],[-71.426528254,-33.889023194],[-71.446212947,-33.861906809],[-71.504890737,-33.850846676],[-71.511612738,-33.831457152],[-71.5452995,-33.814871769],[-71.534367793,-33.80369688],[-71.583671183,-33.726695967],[-71.596476256,-33.647343362],[-71.634598182,-33.626774576],[-71.61330967,-33.586165245],[-71.627727921,-33.551704359],[-71.477702116,-33.576735202],[-71.409779227,-33.609633379],[-71.364570667,-33.578417483],[-71.329607675,-33.580216899],[-71.329618864,-33.537718132],[-71.350901654,-33.527415821],[-71.336441165,-33.455508679],[-71.344352516,-33.415168393],[-71.283502847,-33.411561097],[-71.266883138,-33.387746334],[-71.224693588,-33.372644964],[-71.196649917,-33.309521007],[-71.227122563,-33.267613154],[-71.216375613,-33.234117723],[-71.260981618,-33.19051572],[-71.198353576,-33.158756946]]]}}, {"type" : "Feature", "id" : "cuenca:058", "properties" : {"code": "cuenca:058", "name": "Costeras entre  Maipo y Rapel", "codigo": "058", "fuente": "dga_bna", "nombre": "Costeras entre  Maipo y Rapel", "region": "Región Metropolitana de Santiago"}, "geometry" : {"type":"Polygon","coordinates":[[[-71.765706788,-33.764273923],[-71.678075895,-33.725576172],[-71.641732228,-33.671884166],[-71.635549505,-33.62733579],[-71.611128165,-33.635648033],[-71.596476256,-33.647343362],[-71.582673425,-33.729101444],[-71.534367793,-33.80369688],[-71.5452995,-33.814871769],[-71.511612738,-33.831457152],[-71.504890737,-33.850846676],[-71.446212947,-33.861906809],[-71.426528254,-33.889023194],[-71.381632798,-33.901363218],[-71.354537277,-33.891078801],[-71.347857502,-33.869396849],[-71.301796933,-33.862863935],[-71.286415645,-33.912973022],[-71.20556019,-33.960471106],[-71.2082802,-33.99052264],[-71.389790486,-34.075703493],[-71.41486066,-34.055924471],[-71.412386899,-34.035327467],[-71.488530739,-33.999771624],[-71.55858945,-33.983823678],[-71.589837317,-33.998896515],[-71.593925934,-33.95504173],[-71.635711579,-33.946810817],[-71.670142827,-33.918775485],[-71.664440817,-33.90768885],[-71.720580198,-33.93077407],[-71.766510725,-33.896900308],[-71.827607688,-33.898469003],[-71.812602214,-33.810180391],[-71.793975833,-33.772079218],[-71.765706788,-33.764273923]]]}}, {"type" : "Feature", "id" : "cuenca:060", "properties" : {"code": "cuenca:060", "name": "Rio Rapel", "codigo": "060", "fuente": "dga_bna", "nombre": "Rio Rapel", "region": "Región del Libertador General Bernardo O'Higgins"}, "geometry" : {"type":"Polygon","coordinates":[[[-71.862169394,-33.944383245],[-71.827903894,-33.898502765],[-71.766510725,-33.896900308],[-71.720580198,-33.93077407],[-71.664440817,-33.90768885],[-71.670142827,-33.918775485],[-71.635711579,-33.946810817],[-71.593925934,-33.95504173],[-71.589837317,-33.998896515],[-71.55858945,-33.983823678],[-71.488530739,-33.999771624],[-71.412386899,-34.035327467],[-71.41486066,-34.055924471],[-71.390194521,-34.075695631],[-71.278968213,-34.017818062],[-71.231789267,-34.011637584],[-71.208760888,-33.991582416],[-71.204797606,-33.960205273],[-71.109488936,-33.942838153],[-71.087153389,-33.894886199],[-71.070306248,-33.889855305],[-71.033395677,-33.899085563],[-71.014797352,-33.888179027],[-70.961512317,-33.920399346],[-70.955787918,-33.972011868],[-70.895107442,-33.988380209],[-70.825522954,-33.952823844],[-70.797584917,-33.975268096],[-70.793599615,-33.999446648],[-70.754288772,-34.009526586],[-70.725518149,-34.040587071],[-70.624018627,-34.072042199],[-70.590288536,-34.064746603],[-70.550282084,-34.09761625],[-70.528817849,-34.073939861],[-70.468043719,-34.068684407],[-70.435437475,-34.035907829],[-70.374471011,-34.036424173],[-70.342667439,-34.008645039],[-70.321821538,-34.01457453],[-70.340718186,-34.051797698],[-70.308301525,-34.066426445],[-70.289737857,-34.057767312],[-70.26308098,-34.0708628],[-70.244466924,-34.033606532],[-70.184590693,-34.032529678],[-70.170463443,-34.044243894],[-70.16397444,-34.101460404],[-70.143542519,-34.120224431],[-70.165128054,-34.159731057],[-70.114069499,-34.200726228],[-70.077273536,-34.197488358],[-70.050661246,-34.225831973],[-70.051786908,-34.280023112],[-70.031372925,-34.288583048],[-70.015420354,-34.333173246],[-70.025425493,-34.366080663],[-70.011204235,-34.412968394],[-70.046457957,-34.42863728],[-70.08299721,-34.472653054],[-70.129774147,-34.485818659],[-70.14982231,-34.537309273],[-70.21644485,-34.610666642],[-70.217723242,-34.681860617],[-70.257760892,-34.69693592],[-70.258693662,-34.729346156],[-70.307981608,-34.749714034],[-70.308515405,-34.769851521],[-70.249440916,-34.798969407],[-70.27980849,-34.85166697],[-70.277200627,-34.875795631],[-70.331517812,-34.936051214],[-70.334323553,-34.990524207],[-70.360372145,-35.003349256],[-70.412073028,-34.984185433],[-70.473901072,-34.994247369],[-70.526533342,-34.964520112],[-70.541648419,-34.933264266],[-70.585222547,-34.961451031],[-70.616669785,-34.961036443],[-70.6215914,-34.986851025],[-70.667328159,-34.962055451],[-70.68585577,-34.923869902],[-70.76142654,-34.864835104],[-70.79810483,-34.852415355],[-70.958996994,-34.956442586],[-71.109704338,-34.807736509],[-71.160927118,-34.810299211],[-71.212264513,-34.835339701],[-71.26200861,-34.823570562],[-71.280694066,-34.791241186],[-71.341506043,-34.830237819],[-71.398811767,-34.802293297],[-71.493692344,-34.81959041],[-71.502286835,-34.775473113],[-71.475914777,-34.74319072],[-71.429176748,-34.751294506],[-71.404486251,-34.703109717],[-71.433826902,-34.647694878],[-71.454332494,-34.645584413],[-71.451517199,-34.625831198],[-71.481642983,-34.611032598],[-71.522744616,-34.557390557],[-71.546022636,-34.602137669],[-71.584538979,-34.610003848],[-71.614661456,-34.605219546],[-71.637084598,-34.566903547],[-71.674263521,-34.582698478],[-71.686050301,-34.558200249],[-71.747140458,-34.527251314],[-71.767514432,-34.474590524],[-71.809288156,-34.468021129],[-71.821567772,-34.438550817],[-71.804499793,-34.386567443],[-71.7680426,-34.360806182],[-71.784542903,-34.33032424],[-71.750169385,-34.306325642],[-71.748775106,-34.267257106],[-71.725158067,-34.234291534],[-71.687240304,-34.240141029],[-71.701188783,-34.224748454],[-71.678436841,-34.211608633],[-71.703698057,-34.155145399],[-71.724621654,-34.199908554],[-71.748396006,-34.199170553],[-71.760107409,-34.122541219],[-71.792757118,-34.094511324],[-71.810538345,-34.046707601],[-71.827195774,-34.048087712],[-71.839282098,-33.970483183],[-71.862169394,-33.944383245]]]}}, {"type" : "Feature", "id" : "cuenca:061", "properties" : {"code": "cuenca:061", "name": "Costeras Rapel-E.Nilahue", "codigo": "061", "fuente": "dga_bna", "nombre": "Costeras Rapel-E.Nilahue", "region": "Región del Libertador General Bernardo O'Higgins"}, "geometry" : {"type":"Polygon","coordinates":[[[-71.882500733,-33.963176758],[-71.862169394,-33.944383245],[-71.843538962,-33.958007966],[-71.827195774,-34.048087712],[-71.810538345,-34.046707601],[-71.792757118,-34.094511324],[-71.760107409,-34.122541219],[-71.748396006,-34.199170553],[-71.724621654,-34.199908554],[-71.703698057,-34.155145399],[-71.678578471,-34.210212774],[-71.701188783,-34.224748454],[-71.687240304,-34.240141029],[-71.725158067,-34.234291534],[-71.748775106,-34.267257106],[-71.750169385,-34.306325642],[-71.784542903,-34.33032424],[-71.7680426,-34.360806182],[-71.804499793,-34.386567443],[-71.815358091,-34.459475832],[-71.767514432,-34.474590524],[-71.74774293,-34.526548174],[-71.686050301,-34.558200249],[-71.677638251,-34.580988358],[-71.635137078,-34.567572126],[-71.609857362,-34.607445346],[-71.546022636,-34.602137669],[-71.529727986,-34.558760438],[-71.514192572,-34.563331946],[-71.40363415,-34.696306865],[-71.429176748,-34.751294506],[-71.475914777,-34.74319072],[-71.502286835,-34.775473113],[-71.496529126,-34.817742847],[-71.398811767,-34.802293297],[-71.354020534,-34.820976967],[-71.379398544,-34.836421017],[-71.387080386,-34.868889836],[-71.366297525,-34.913346164],[-71.400521747,-34.909862109],[-71.428184064,-34.956417171],[-71.483828099,-34.996148494],[-71.536987003,-34.996157379],[-71.584213266,-35.016208317],[-71.643421484,-34.980468093],[-71.65919495,-34.950499531],[-71.710811211,-34.936927959],[-71.731407702,-34.891370806],[-71.755950202,-34.883033207],[-71.795180078,-34.826532076],[-71.817780865,-34.840945835],[-71.931048635,-34.802637882],[-72.009996905,-34.835031009],[-72.035005633,-34.801025089],[-72.024709168,-34.750240769],[-72.068066617,-34.750984896],[-72.055725417,-34.720358343],[-72.069064595,-34.706854788],[-72.042460778,-34.635404172],[-72.053961519,-34.555706122],[-72.024908552,-34.488136091],[-72.049588254,-34.425118502],[-72.03444581,-34.421588144],[-72.016692839,-34.380182619],[-71.980370681,-34.360269899],[-71.966593854,-34.298302125],[-72.009281668,-34.131737198],[-71.95025946,-34.079433711],[-71.936327898,-34.035950185],[-71.890570392,-33.997751054],[-71.882500733,-33.963176758]]]}}, {"type" : "Feature", "id" : "cuenca:070", "properties" : {"code": "cuenca:070", "name": "Costeras entre limite Region y R.  Mataquito", "codigo": "070", "fuente": "dga_bna", "nombre": "Costeras entre limite Region y R.  Mataquito", "region": "Región del Maule"}, "geometry" : {"type":"Polygon","coordinates":[[[-72.134260033,-34.810363455],[-72.0749054,-34.742822304],[-72.067372771,-34.70939853],[-72.055725417,-34.720358343],[-72.066694836,-34.752871639],[-72.021725476,-34.755272093],[-72.035005633,-34.801025089],[-72.016498643,-34.815658587],[-72.021251465,-34.831385431],[-71.931048635,-34.802637882],[-71.817780865,-34.840945835],[-71.795180078,-34.826532076],[-71.755950202,-34.883033207],[-71.731407702,-34.891370806],[-71.728473467,-34.92129468],[-71.773739409,-34.938165623],[-71.905669452,-34.937508765],[-71.965082308,-34.966446054],[-72.017308856,-34.955167923],[-72.050974644,-34.973280097],[-72.07158894,-34.950674344],[-72.125640061,-34.971221872],[-72.18686412,-34.963599911],[-72.180315847,-34.893470339],[-72.150146859,-34.866394298],[-72.134260033,-34.810363455]]]}}, {"type" : "Feature", "id" : "cuenca:071", "properties" : {"code": "cuenca:071", "name": "Rio Mataquito", "codigo": "071", "fuente": "dga_bna", "nombre": "Rio Mataquito", "region": "Región del Maule"}, "geometry" : {"type":"Polygon","coordinates":[[[-72.18686412,-34.963599911],[-72.125640061,-34.971221872],[-72.07158894,-34.950674344],[-72.050974644,-34.973280097],[-72.017308856,-34.955167923],[-71.965082308,-34.966446054],[-71.905669452,-34.937508765],[-71.773739409,-34.938165623],[-71.724649831,-34.912849051],[-71.710811211,-34.936927959],[-71.65919495,-34.950499531],[-71.643421484,-34.980468093],[-71.584213266,-35.016208317],[-71.475243643,-34.992362162],[-71.428184064,-34.956417171],[-71.400521747,-34.909862109],[-71.366297525,-34.913346164],[-71.387620862,-34.878736672],[-71.379398544,-34.836421017],[-71.341506043,-34.830237819],[-71.280694066,-34.791241186],[-71.26200861,-34.823570562],[-71.220051844,-34.834647862],[-71.109704338,-34.807736509],[-70.958996994,-34.956442586],[-70.9293657,-34.947653662],[-70.91088339,-34.915530683],[-70.819953455,-34.873417051],[-70.813371184,-34.852193149],[-70.76142654,-34.864835104],[-70.68585577,-34.923869902],[-70.667328159,-34.962055451],[-70.6215914,-34.986851025],[-70.616669785,-34.961036443],[-70.585222547,-34.961451031],[-70.56810966,-34.93862823],[-70.541118555,-34.933397214],[-70.526533342,-34.964520112],[-70.473901072,-34.994247369],[-70.412073028,-34.984185433],[-70.360372145,-35.003349256],[-70.376285101,-35.053471215],[-70.373815607,-35.087940855],[-70.358138534,-35.098197499],[-70.376540344,-35.167702025],[-70.546374874,-35.209334157],[-70.580748501,-35.273009252],[-70.569698696,-35.292311234],[-70.500837282,-35.320737189],[-70.437175022,-35.315343989],[-70.425548083,-35.353104142],[-70.447576121,-35.393097018],[-70.447769296,-35.4277956],[-70.431952023,-35.437847232],[-70.444706262,-35.459801317],[-70.369814707,-35.517887181],[-70.408472456,-35.529928359],[-70.389613125,-35.604948033],[-70.419504448,-35.631704105],[-70.428921513,-35.598362374],[-70.464898462,-35.597691472],[-70.488435187,-35.579277865],[-70.494971372,-35.513917127],[-70.528231444,-35.493630536],[-70.542602207,-35.463386],[-70.620459829,-35.514825251],[-70.738113221,-35.540029244],[-70.750133884,-35.572777855],[-70.787243181,-35.505176031],[-70.820561003,-35.507269525],[-70.823401384,-35.474407897],[-70.91665659,-35.408943972],[-70.919600575,-35.382799192],[-71.018951068,-35.362419812],[-71.016156061,-35.332866559],[-71.037804084,-35.32652221],[-71.032230612,-35.296001902],[-71.069302457,-35.271114478],[-71.118385733,-35.266397445],[-71.11932182,-35.234333859],[-71.16398451,-35.187622738],[-71.360104504,-35.121250242],[-71.384397857,-35.081837235],[-71.401006379,-35.081013598],[-71.424496216,-35.137006559],[-71.459882295,-35.165038998],[-71.451859734,-35.179015786],[-71.535400141,-35.243479077],[-71.541011409,-35.231855232],[-71.562565731,-35.247016879],[-71.557193156,-35.224925207],[-71.578445077,-35.205090136],[-71.629087636,-35.227341225],[-71.670339818,-35.203444252],[-71.679419577,-35.160546506],[-71.731383802,-35.145459623],[-71.770394258,-35.151108082],[-71.790767201,-35.187914531],[-71.818760298,-35.189099969],[-71.84358905,-35.214219917],[-71.872547461,-35.21277872],[-71.906910594,-35.177771955],[-71.939707919,-35.195636368],[-71.992421333,-35.145662097],[-72.007129142,-35.162412781],[-72.028381808,-35.149179657],[-72.065073154,-35.161324446],[-72.075910245,-35.06600788],[-72.101811534,-35.061787763],[-72.132539812,-35.081288855],[-72.177169871,-35.070853116],[-72.18686412,-34.963599911]]]}}, {"type" : "Feature", "id" : "cuenca:072", "properties" : {"code": "cuenca:072", "name": "Costeras Mataquito-Maule", "codigo": "072", "fuente": "dga_bna", "nombre": "Costeras Mataquito-Maule", "region": "Región del Maule"}, "geometry" : {"type":"Polygon","coordinates":[[[-72.225357165,-35.129168112],[-72.198289855,-35.097590971],[-72.187797631,-35.053311008],[-72.142326574,-35.081580678],[-72.099665092,-35.061716504],[-72.074016246,-35.068755207],[-72.081878961,-35.09951811],[-72.065073154,-35.161324446],[-72.028381808,-35.149179657],[-72.007129142,-35.162412781],[-71.992421333,-35.145662097],[-71.939707919,-35.195636368],[-71.904325503,-35.178978658],[-71.873263303,-35.227159951],[-71.897770091,-35.256011437],[-71.848099387,-35.311260389],[-71.871744743,-35.380937825],[-71.91888795,-35.422761595],[-71.943290231,-35.378831835],[-71.971244994,-35.399696054],[-71.996197598,-35.3750475],[-72.1035441,-35.379356279],[-72.149804067,-35.339149431],[-72.193675629,-35.349005394],[-72.20840214,-35.309264469],[-72.231816185,-35.298159594],[-72.331448092,-35.307204733],[-72.35760901,-35.286141508],[-72.409854744,-35.309968822],[-72.405671695,-35.259001381],[-72.379553772,-35.217515591],[-72.225357165,-35.129168112]]]}}, {"type" : "Feature", "id" : "cuenca:073", "properties" : {"code": "cuenca:073", "name": "Rio Maule", "codigo": "073", "fuente": "dga_bna", "nombre": "Rio Maule", "region": "Región del Maule"}, "geometry" : {"type":"Polygon","coordinates":[[[-71.562565731,-35.247016879],[-71.541011409,-35.231855232],[-71.535400141,-35.243479077],[-71.451859734,-35.179015786],[-71.459882295,-35.165038998],[-71.424496216,-35.137006559],[-71.401006379,-35.081013598],[-71.384397857,-35.081837235],[-71.360104504,-35.121250242],[-71.16398451,-35.187622738],[-71.11932182,-35.234333859],[-71.118385733,-35.266397445],[-71.069302457,-35.271114478],[-71.032230612,-35.296001902],[-71.037804084,-35.32652221],[-71.016156061,-35.332866559],[-71.018951068,-35.362419812],[-70.919600575,-35.382799192],[-70.91665659,-35.408943972],[-70.823401384,-35.474407897],[-70.820561003,-35.507269525],[-70.787243181,-35.505176031],[-70.750133884,-35.572777855],[-70.738113221,-35.540029244],[-70.620459829,-35.514825251],[-70.542602207,-35.463386],[-70.528231444,-35.493630536],[-70.494971372,-35.513917127],[-70.489552767,-35.578024458],[-70.464898462,-35.597691472],[-70.428921513,-35.598362374],[-70.422730011,-35.639144221],[-70.363309593,-35.736610439],[-70.376902061,-35.786327474],[-70.319788723,-35.812769345],[-70.376394082,-35.846337638],[-70.382720729,-35.867504364],[-70.421911342,-35.875881505],[-70.42038002,-35.915475077],[-70.366526178,-35.924484017],[-70.422996738,-35.969767515],[-70.38133746,-35.987364514],[-70.370959146,-36.039111337],[-70.414235334,-36.060487343],[-70.421488047,-36.152620995],[-70.486596178,-36.17488031],[-70.526910401,-36.144084489],[-70.576364706,-36.135952745],[-70.57338654,-36.173437512],[-70.628997511,-36.212617647],[-70.629007235,-36.235179999],[-70.664461719,-36.240488009],[-70.702482183,-36.270258082],[-70.683896131,-36.301926084],[-70.710817263,-36.343242236],[-70.677273651,-36.383243848],[-70.713643684,-36.425299753],[-70.734959909,-36.42798442],[-70.747034223,-36.405724646],[-70.785001953,-36.428697812],[-70.817038141,-36.396792876],[-70.846783046,-36.418784936],[-70.886621036,-36.396461873],[-70.888078225,-36.465392232],[-70.967758546,-36.503123413],[-71.059821815,-36.461735211],[-71.062455335,-36.384067652],[-71.11357863,-36.360694735],[-71.156429983,-36.404791643],[-71.1969169,-36.417609035],[-71.275796164,-36.566549933],[-71.330485724,-36.579025351],[-71.372767682,-36.572251623],[-71.397560784,-36.532150031],[-71.440864098,-36.548917503],[-71.462816924,-36.53647044],[-71.486048607,-36.46060424],[-71.652094355,-36.501178179],[-71.690289098,-36.471317501],[-71.824654466,-36.436908728],[-71.981623797,-36.304464383],[-72.169172557,-36.29959081],[-72.222539031,-36.264894779],[-72.195657501,-36.233717785],[-72.246990852,-36.202769647],[-72.302254576,-36.193187009],[-72.354584391,-36.217005177],[-72.484972571,-36.176612358],[-72.505480082,-36.18755503],[-72.497547914,-36.201757651],[-72.51098346,-36.218839029],[-72.494510937,-36.235504053],[-72.505776526,-36.258933836],[-72.477090963,-36.28860473],[-72.617955827,-36.267103929],[-72.638044901,-36.283305935],[-72.646884804,-36.202056947],[-72.687389103,-36.154279476],[-72.604087162,-36.116710989],[-72.524243854,-36.054481378],[-72.509603665,-36.024740298],[-72.56128063,-35.989579963],[-72.561720418,-35.965221263],[-72.514685617,-35.920305245],[-72.487354071,-35.918377463],[-72.460362708,-35.942406563],[-72.426692343,-35.905605305],[-72.464119812,-35.869447475],[-72.468097146,-35.846022114],[-72.405252964,-35.820707829],[-72.397302257,-35.788597493],[-72.356747831,-35.797617792],[-72.291788451,-35.759964581],[-72.214626027,-35.818748952],[-72.117857015,-35.76770328],[-72.158955302,-35.730723095],[-72.218519393,-35.719212477],[-72.136871122,-35.671283223],[-72.149403078,-35.636526401],[-72.186862616,-35.615268521],[-72.172453767,-35.581638801],[-72.185602646,-35.574830279],[-72.200270562,-35.593271307],[-72.228430472,-35.58262932],[-72.249424582,-35.512603401],[-72.292158158,-35.506712583],[-72.303561024,-35.462257822],[-72.331957938,-35.451424263],[-72.305697216,-35.42743736],[-72.35533576,-35.414789161],[-72.399361443,-35.369550133],[-72.432525142,-35.370751808],[-72.44490656,-35.351430568],[-72.435361153,-35.327597531],[-72.35760901,-35.286141508],[-72.331448092,-35.307204733],[-72.231816185,-35.298159594],[-72.20840214,-35.309264469],[-72.193675629,-35.349005394],[-72.149804067,-35.339149431],[-72.1035441,-35.379356279],[-71.996197598,-35.3750475],[-71.971244994,-35.399696054],[-71.943290231,-35.378831835],[-71.928420588,-35.395443211],[-71.935404905,-35.412244307],[-71.912546976,-35.423284326],[-71.871744743,-35.380937825],[-71.848099387,-35.311260389],[-71.897770091,-35.256011437],[-71.873325418,-35.228920512],[-71.881847151,-35.211246171],[-71.845451477,-35.214928718],[-71.818760298,-35.189099969],[-71.790767201,-35.187914531],[-71.770394258,-35.151108082],[-71.679419577,-35.160546506],[-71.670339818,-35.203444252],[-71.629087636,-35.227341225],[-71.577626523,-35.205359959],[-71.557193156,-35.224925207],[-71.562565731,-35.247016879]]]}}, {"type" : "Feature", "id" : "cuenca:074", "properties" : {"code": "cuenca:074", "name": "Costeras Maule y Limite Region", "codigo": "074", "fuente": "dga_bna", "nombre": "Costeras Maule y Limite Region", "region": "Región del Maule"}, "geometry" : {"type":"Polygon","coordinates":[[[-72.485360648,-35.382776824],[-72.44490656,-35.351430568],[-72.421991783,-35.375813319],[-72.399361443,-35.369550133],[-72.35533576,-35.414789161],[-72.305697216,-35.42743736],[-72.331957938,-35.451424263],[-72.303561024,-35.462257822],[-72.300854043,-35.497021699],[-72.249424582,-35.512603401],[-72.228430472,-35.58262932],[-72.200270562,-35.593271307],[-72.175414089,-35.578190381],[-72.186862616,-35.615268521],[-72.138112975,-35.657800767],[-72.143628364,-35.683299723],[-72.218519393,-35.719212477],[-72.158955302,-35.730723095],[-72.117857015,-35.76770328],[-72.214626027,-35.818748952],[-72.290369736,-35.760003438],[-72.356747831,-35.797617792],[-72.399408711,-35.789898541],[-72.405252964,-35.820707829],[-72.469294967,-35.847929289],[-72.425770065,-35.904135871],[-72.455490722,-35.939244694],[-72.511376689,-35.91914522],[-72.561720418,-35.965221263],[-72.56128063,-35.989579963],[-72.509603665,-36.024740298],[-72.524243854,-36.054481378],[-72.58180598,-36.091300464],[-72.673197038,-36.024997896],[-72.686855776,-36.044048369],[-72.789991016,-36.067780127],[-72.784442839,-35.973968675],[-72.692380068,-35.914686361],[-72.649437716,-35.846177581],[-72.569048915,-35.798772396],[-72.583084755,-35.701934452],[-72.638855209,-35.601222765],[-72.613187167,-35.553024363],[-72.48892601,-35.462393888],[-72.49812549,-35.391585182],[-72.485360648,-35.382776824]]]}}, {"type" : "Feature", "id" : "cuenca:080", "properties" : {"code": "cuenca:080", "name": "Costeras entre limite Region y R. Itata", "codigo": "080", "fuente": "dga_bna", "nombre": "Costeras entre limite Region y R. Itata", "region": "Región de Ñuble"}, "geometry" : {"type":"Polygon","coordinates":[[[-72.810153591,-36.171859897],[-72.810020403,-36.080257406],[-72.669551021,-36.026866579],[-72.58186599,-36.091334708],[-72.604087162,-36.116710989],[-72.687389103,-36.154279476],[-72.646884804,-36.202056947],[-72.643977149,-36.27489022],[-72.632969406,-36.286505719],[-72.617955827,-36.267103929],[-72.477576428,-36.288658173],[-72.463090801,-36.296935963],[-72.457095236,-36.354108201],[-72.484737262,-36.34382123],[-72.513730053,-36.357373819],[-72.527437238,-36.332714607],[-72.623287997,-36.301008202],[-72.666500001,-36.308532116],[-72.736465479,-36.37305036],[-72.846069637,-36.362220526],[-72.867782581,-36.379982416],[-72.811279166,-36.280979824],[-72.823997369,-36.194936506],[-72.810153591,-36.171859897]]]}}, {"type" : "Feature", "id" : "cuenca:081", "properties" : {"code": "cuenca:081", "name": "Rio Itata", "codigo": "081", "fuente": "dga_bna", "nombre": "Rio Itata", "region": "Región de Ñuble"}, "geometry" : {"type":"Polygon","coordinates":[[[-72.477576428,-36.288658173],[-72.505776526,-36.258933836],[-72.494510937,-36.235504053],[-72.51098346,-36.218839029],[-72.497547914,-36.201757651],[-72.505480082,-36.18755503],[-72.485616311,-36.176800832],[-72.354584391,-36.217005177],[-72.302254576,-36.193187009],[-72.240167341,-36.204328914],[-72.194541463,-36.235554325],[-72.222539031,-36.264894779],[-72.169172557,-36.29959081],[-71.981623797,-36.304464383],[-71.824654466,-36.436908728],[-71.690289098,-36.471317501],[-71.652094355,-36.501178179],[-71.486048607,-36.46060424],[-71.462816924,-36.53647044],[-71.440864098,-36.548917503],[-71.397560784,-36.532150031],[-71.372767682,-36.572251623],[-71.33219268,-36.578991953],[-71.275104326,-36.565842127],[-71.235980044,-36.509247749],[-71.232956379,-36.464501465],[-71.196972851,-36.437103136],[-71.192319882,-36.412015348],[-71.156429983,-36.404791643],[-71.115865582,-36.36135277],[-71.082408934,-36.36761914],[-71.062455335,-36.384067652],[-71.068267157,-36.449826898],[-71.035173377,-36.471946562],[-71.055272376,-36.61935365],[-71.006547493,-36.686650977],[-71.062358696,-36.713587447],[-71.08386815,-36.680608758],[-71.112601625,-36.67838084],[-71.132992071,-36.812130714],[-71.165387065,-36.81996727],[-71.174825809,-36.841384434],[-71.161256817,-36.858079819],[-71.122192301,-36.861447164],[-71.152191904,-36.902252348],[-71.14051972,-36.925756002],[-71.093512106,-36.924868193],[-71.086272719,-36.937387836],[-71.104103847,-36.967985959],[-71.152831092,-36.97969341],[-71.218436475,-36.974280942],[-71.276206958,-36.908335195],[-71.331264253,-36.917969031],[-71.375431488,-36.967412273],[-71.472177279,-36.993408984],[-71.493953244,-37.03936803],[-71.541902938,-37.049614394],[-71.544684343,-37.060841715],[-71.513950315,-37.06587703],[-71.485201766,-37.115848865],[-71.513973278,-37.147877202],[-71.508230411,-37.184928038],[-71.551351178,-37.185606353],[-71.565299327,-37.229712863],[-71.764133033,-37.242154349],[-71.81389389,-37.260507924],[-71.818048035,-37.292681048],[-71.881637417,-37.32953841],[-71.938291275,-37.314813035],[-71.96808759,-37.247765637],[-72.057042304,-37.159740462],[-72.275663513,-37.105330903],[-72.303985442,-37.07001858],[-72.3859785,-37.034327596],[-72.368309032,-36.978745225],[-72.407593655,-36.931056228],[-72.412633875,-36.881249601],[-72.467870761,-36.863395374],[-72.578565485,-36.893814284],[-72.646220065,-36.883935019],[-72.632850725,-36.851335316],[-72.610643053,-36.849066737],[-72.620952776,-36.82937386],[-72.592333153,-36.807949429],[-72.629912065,-36.792982242],[-72.679313436,-36.743263476],[-72.662891151,-36.69517938],[-72.682523453,-36.673473422],[-72.643629775,-36.661391514],[-72.654611263,-36.625355145],[-72.633824888,-36.605405182],[-72.647761503,-36.595577575],[-72.744415807,-36.617391942],[-72.825803972,-36.544574376],[-72.796491296,-36.460908633],[-72.776514768,-36.44596645],[-72.804766643,-36.439081578],[-72.82027452,-36.406923396],[-72.873741214,-36.399396918],[-72.846858954,-36.362708593],[-72.738094319,-36.373530887],[-72.666500001,-36.308532116],[-72.623287997,-36.301008202],[-72.527437238,-36.332714607],[-72.513730053,-36.357373819],[-72.484737262,-36.34382123],[-72.457095236,-36.354108201],[-72.463090801,-36.296935963],[-72.477576428,-36.288658173]]]}}, {"type" : "Feature", "id" : "cuenca:082", "properties" : {"code": "cuenca:082", "name": "Costeras e Islas entre Rio Itata y Rio Bio-Bio", "codigo": "082", "fuente": "dga_bna", "nombre": "Costeras e Islas entre Rio Itata y Rio Bio-Bio", "region": "Región del Biobío"}, "geometry" : {"type":"MultiPolygon","coordinates":[[[[-73.049476549,-36.607198553],[-73.055587689,-36.642176145],[-73.071792336,-36.647202985],[-73.06790925,-36.620667449],[-73.049476549,-36.607198553]]],[[[-72.901077027,-36.452459446],[-72.875457638,-36.428881229],[-72.873741214,-36.399396918],[-72.82027452,-36.406923396],[-72.804766643,-36.439081578],[-72.776514768,-36.44596645],[-72.796491296,-36.460908633],[-72.825803972,-36.544574376],[-72.744415807,-36.617391942],[-72.647761503,-36.595577575],[-72.633824888,-36.605405182],[-72.654611263,-36.625355145],[-72.643629775,-36.661391514],[-72.682523453,-36.673473422],[-72.662891151,-36.69517938],[-72.679313436,-36.743263476],[-72.629912065,-36.792982242],[-72.592333153,-36.807949429],[-72.620952776,-36.82937386],[-72.610643053,-36.849066737],[-72.632850725,-36.851335316],[-72.653459706,-36.890919675],[-72.647104866,-36.951620281],[-72.789631897,-36.923706646],[-72.852944306,-36.938116635],[-72.859262802,-36.95376611],[-72.927504788,-36.890228589],[-72.975687583,-36.935722986],[-73.016097967,-36.896617747],[-73.031809808,-36.81442259],[-73.074865405,-36.813439141],[-73.098517564,-36.765757108],[-73.133461597,-36.749534792],[-73.129043631,-36.725781717],[-73.162048166,-36.710834985],[-73.137451152,-36.692998155],[-73.133972068,-36.640716095],[-73.107755792,-36.614127668],[-73.090652406,-36.629291949],[-73.104125932,-36.685397726],[-73.10346981,-36.68997388],[-73.095924107,-36.691697902],[-73.09517652,-36.692354214],[-73.094001631,-36.695759152],[-73.113624505,-36.706039781],[-73.10440807,-36.725378586],[-72.994048969,-36.734025959],[-72.97367085,-36.697428227],[-72.984687647,-36.670439928],[-72.95674123,-36.627110245],[-73.002136235,-36.576820761],[-72.978477348,-36.558898932],[-72.967323177,-36.52126892],[-72.953185939,-36.523563237],[-72.955154268,-36.556563631],[-72.933219654,-36.543516191],[-72.901077027,-36.452459446]]]]}}, {"type" : "Feature", "id" : "cuenca:083", "properties" : {"code": "cuenca:083", "name": "Rio Bio-Bio", "codigo": "083", "fuente": "dga_bna", "nombre": "Rio Bio-Bio", "region": "Región del Biobío"}, "geometry" : {"type":"Polygon","coordinates":[[[-73.155769243,-36.82852854],[-73.192939761,-36.7809541],[-73.219131464,-36.780602927],[-73.191589178,-36.746160455],[-73.169387783,-36.766227111],[-73.119202824,-36.750295778],[-73.074865405,-36.813439141],[-73.031809808,-36.81442259],[-73.016097967,-36.896617747],[-72.975687583,-36.935722986],[-72.927504788,-36.890228589],[-72.859262802,-36.95376611],[-72.852944306,-36.938116635],[-72.789631897,-36.923706646],[-72.647104866,-36.951620281],[-72.658142927,-36.908811611],[-72.64328031,-36.881651387],[-72.578565485,-36.893814284],[-72.467870761,-36.863395374],[-72.412633875,-36.881249601],[-72.407593655,-36.931056228],[-72.368309032,-36.978745225],[-72.3859785,-37.034327596],[-72.303985442,-37.07001858],[-72.275663513,-37.105330903],[-72.057042304,-37.159740462],[-71.96808759,-37.247765637],[-71.938291275,-37.314813035],[-71.899549887,-37.331497264],[-71.840316031,-37.308480238],[-71.818048035,-37.292681048],[-71.81389389,-37.260507924],[-71.764133033,-37.242154349],[-71.565299327,-37.229712863],[-71.551351178,-37.185606353],[-71.508230411,-37.184928038],[-71.513973278,-37.147877202],[-71.485201766,-37.115848865],[-71.513950315,-37.06587703],[-71.544684343,-37.060841715],[-71.541902938,-37.049614394],[-71.493953244,-37.03936803],[-71.472177279,-36.993408984],[-71.375431488,-36.967412273],[-71.331264253,-36.917969031],[-71.260622289,-36.914004199],[-71.261420074,-36.939736988],[-71.218857201,-36.983267301],[-71.171508876,-36.994998501],[-71.152312386,-37.015477285],[-71.141387335,-37.061083462],[-71.093272185,-37.116052485],[-71.13464823,-37.14270704],[-71.115062328,-37.208540633],[-71.153043406,-37.225573811],[-71.186925969,-37.272729626],[-71.216902212,-37.27271256],[-71.20725178,-37.333457062],[-71.187934273,-37.355597584],[-71.202999744,-37.365095635],[-71.196209376,-37.38072221],[-71.155909822,-37.397617702],[-71.119063137,-37.481188117],[-71.149767952,-37.539010782],[-71.13189442,-37.550175944],[-71.126057098,-37.581069451],[-71.191696738,-37.627336462],[-71.211546532,-37.685756148],[-71.156694217,-37.756966522],[-71.16825694,-37.784346852],[-71.127414407,-37.821668541],[-71.166738625,-37.859870831],[-71.138520733,-37.861319558],[-71.111967248,-37.89186498],[-71.110208381,-37.949869932],[-71.0594259,-37.969824266],[-71.068466816,-37.987791528],[-71.054527928,-37.992744252],[-71.055260536,-38.044076818],[-70.988382069,-38.087467129],[-70.989488277,-38.110746601],[-71.043297713,-38.12281672],[-70.995714181,-38.171812394],[-71.021554677,-38.244264029],[-70.997400016,-38.296300934],[-70.997072134,-38.353660151],[-70.982652619,-38.363600499],[-70.983751582,-38.42968892],[-70.910250789,-38.503041095],[-70.864558867,-38.514977934],[-70.835064017,-38.553167209],[-70.827221275,-38.595522795],[-70.904551949,-38.667166291],[-70.883365359,-38.700924612],[-70.91816288,-38.754920863],[-71.005495501,-38.76911434],[-71.051103248,-38.756983352],[-71.07274794,-38.768310016],[-71.096093414,-38.754081084],[-71.117104606,-38.780326923],[-71.186020029,-38.813844909],[-71.237151605,-38.800217845],[-71.261626585,-38.814891944],[-71.268554076,-38.851431755],[-71.397237717,-38.913008083],[-71.417185425,-38.884041109],[-71.394134626,-38.816115703],[-71.502044897,-38.753021425],[-71.49460843,-38.73251707],[-71.536986142,-38.710544902],[-71.492630055,-38.666392791],[-71.588895914,-38.600495005],[-71.560282143,-38.557549722],[-71.503212929,-38.547698113],[-71.460721382,-38.518218165],[-71.464276704,-38.489059436],[-71.449850093,-38.472040612],[-71.483214933,-38.435834132],[-71.46497268,-38.414964935],[-71.478156013,-38.387107164],[-71.521597065,-38.363317488],[-71.544332084,-38.382760528],[-71.590691366,-38.374883607],[-71.614967487,-38.328344587],[-71.708114984,-38.265125306],[-71.688806052,-38.240121354],[-71.740168005,-38.229715677],[-71.785209527,-38.250660962],[-71.901259321,-38.241162344],[-71.973996007,-38.195640479],[-72.087303439,-38.166663276],[-72.121457835,-38.140101625],[-72.348830165,-38.119757466],[-72.388505095,-38.151454939],[-72.42685656,-38.142575722],[-72.507264096,-38.162909638],[-72.523125125,-38.236364776],[-72.702278719,-38.194245021],[-72.812806239,-38.197909092],[-72.809721532,-38.183331574],[-72.790451573,-38.185181097],[-72.787459869,-38.157354161],[-72.818823862,-38.095576537],[-72.799488378,-38.059529472],[-72.808663945,-38.032078489],[-72.831525085,-38.007198701],[-72.875014741,-38.018449771],[-72.898216478,-37.995798105],[-72.868529237,-37.966613418],[-72.877478002,-37.944042647],[-72.857259544,-37.913370551],[-72.866631702,-37.884922682],[-72.904759281,-37.845866582],[-72.96368669,-37.855456051],[-72.96221279,-37.823903114],[-73.03274815,-37.820010365],[-73.023749217,-37.803542506],[-73.04190623,-37.778307619],[-73.016136072,-37.747871572],[-73.026867594,-37.718091339],[-73.058120493,-37.708253951],[-73.100580669,-37.725499425],[-73.124335637,-37.688672532],[-73.086844952,-37.680382699],[-73.067051684,-37.658644394],[-73.058489621,-37.63918669],[-73.074007315,-37.627761189],[-73.053551532,-37.570918682],[-73.030667693,-37.571559337],[-72.987669791,-37.534748552],[-73.021548798,-37.498211807],[-72.972842986,-37.446388129],[-73.023678603,-37.359282522],[-72.981264573,-37.343866367],[-72.996091756,-37.321747078],[-72.983768703,-37.298828514],[-73.002396163,-37.161829726],[-73.011997597,-37.143840172],[-73.041708188,-37.140721409],[-73.043216711,-37.097918945],[-73.074882576,-37.073611429],[-73.060480541,-36.990937139],[-73.087991786,-36.940691911],[-73.077002569,-36.912335297],[-73.153027519,-36.857421948],[-73.155769243,-36.82852854]]]}}, {"type" : "Feature", "id" : "cuenca:084", "properties" : {"code": "cuenca:084", "name": "Costeras e Islas entre Rios Bio-Bio y Carampangue", "codigo": "084", "fuente": "dga_bna", "nombre": "Costeras e Islas entre Rios Bio-Bio y Carampangue", "region": "Región del Biobío"}, "geometry" : {"type":"MultiPolygon","coordinates":[[[[-73.553428582,-37.023460464],[-73.524959101,-36.970725424],[-73.521247829,-37.005604503],[-73.471511838,-37.029652854],[-73.472892667,-37.048433227],[-73.457099738,-37.054540734],[-73.505760051,-37.040571924],[-73.52102665,-37.075979165],[-73.553428582,-37.023460464]]],[[[-73.146873433,-36.85964587],[-73.077002569,-36.912335297],[-73.087991786,-36.940691911],[-73.060480541,-36.990937139],[-73.075263364,-37.071972432],[-73.042556374,-37.100193444],[-73.100157097,-37.160648808],[-73.08175493,-37.204404541],[-73.167832881,-37.254946426],[-73.277803593,-37.226077315],[-73.195716779,-37.172007525],[-73.153717041,-37.115846688],[-73.174667345,-37.088605377],[-73.144531262,-37.063871174],[-73.147270095,-37.031884179],[-73.179206667,-37.027771323],[-73.18866718,-37.00064465],[-73.146873433,-36.85964587]]]]}}, {"type" : "Feature", "id" : "cuenca:085", "properties" : {"code": "cuenca:085", "name": "Rio Carampangue", "codigo": "085", "fuente": "dga_bna", "nombre": "Rio Carampangue", "region": "Región del Biobío"}, "geometry" : {"type":"Polygon","coordinates":[[[-73.41471703,-37.240259292],[-73.277803593,-37.226077315],[-73.167832881,-37.254946426],[-73.08175493,-37.204404541],[-73.100157097,-37.160648808],[-73.042805378,-37.101936958],[-73.041708188,-37.140721409],[-73.011997597,-37.143840172],[-73.002396163,-37.161829726],[-72.989424942,-37.222462967],[-72.998411532,-37.256776524],[-72.985262495,-37.267642596],[-72.996091756,-37.321747078],[-72.981470159,-37.344697162],[-73.023678603,-37.359282522],[-72.972842986,-37.446388129],[-73.021548798,-37.498211807],[-72.987669791,-37.534748552],[-73.030667693,-37.571559337],[-73.053551532,-37.570918682],[-73.074007315,-37.627761189],[-73.058489621,-37.63918669],[-73.082807363,-37.677595419],[-73.118862123,-37.685031614],[-73.107295818,-37.637774184],[-73.193020044,-37.583796797],[-73.186374702,-37.51633622],[-73.215390569,-37.452316558],[-73.300256085,-37.445434855],[-73.33578048,-37.405842807],[-73.365446912,-37.427463761],[-73.445685496,-37.427255184],[-73.39640181,-37.328706424],[-73.4537197,-37.288997666],[-73.41471703,-37.240259292]]]}}, {"type" : "Feature", "id" : "cuenca:086", "properties" : {"code": "cuenca:086", "name": "Costeras Carampangue-Lebu", "codigo": "086", "fuente": "dga_bna", "nombre": "Costeras Carampangue-Lebu", "region": "Región del Biobío"}, "geometry" : {"type":"Polygon","coordinates":[[[-73.613456602,-37.173945688],[-73.581825145,-37.146995697],[-73.558822467,-37.167238609],[-73.566566413,-37.190841937],[-73.542526147,-37.203894757],[-73.452964806,-37.206113174],[-73.439071573,-37.235465322],[-73.411190604,-37.244907736],[-73.4537197,-37.288997666],[-73.39640181,-37.328706424],[-73.440386084,-37.424379088],[-73.483882679,-37.401619022],[-73.540946091,-37.484912908],[-73.538457439,-37.525679694],[-73.6111062,-37.601790356],[-73.639632619,-37.602894407],[-73.652745367,-37.593294993],[-73.648017927,-37.56027809],[-73.600120413,-37.531367315],[-73.590965075,-37.459448216],[-73.632598857,-37.374963014],[-73.668426408,-37.356539614],[-73.684928727,-37.365701845],[-73.669502089,-37.339773618],[-73.684577766,-37.334849173],[-73.655090207,-37.298331239],[-73.672538546,-37.291189666],[-73.656913609,-37.274943595],[-73.644584684,-37.196461896],[-73.613456602,-37.173945688]]]}}, {"type" : "Feature", "id" : "cuenca:087", "properties" : {"code": "cuenca:087", "name": "Rio Lebu", "codigo": "087", "fuente": "dga_bna", "nombre": "Rio Lebu", "region": "Región del Biobío"}, "geometry" : {"type":"Polygon","coordinates":[[[-73.674059873,-37.599804026],[-73.6111062,-37.601790356],[-73.540973171,-37.528860964],[-73.540946091,-37.484912908],[-73.483882679,-37.401619022],[-73.450678839,-37.426495024],[-73.384726164,-37.430900885],[-73.33578048,-37.405842807],[-73.300256085,-37.445434855],[-73.215390569,-37.452316558],[-73.186374702,-37.51633622],[-73.193020044,-37.583796797],[-73.152889555,-37.59735497],[-73.104701344,-37.645462199],[-73.124335637,-37.688672532],[-73.241903848,-37.648233832],[-73.31767439,-37.670761551],[-73.410308062,-37.602338371],[-73.526532106,-37.671305282],[-73.563741796,-37.644724281],[-73.640788801,-37.637867038],[-73.674059873,-37.599804026]]]}}, {"type" : "Feature", "id" : "cuenca:088", "properties" : {"code": "cuenca:088", "name": "Costeras Lebu-Paicavi", "codigo": "088", "fuente": "dga_bna", "nombre": "Costeras Lebu-Paicavi", "region": "Región del Biobío"}, "geometry" : {"type":"Polygon","coordinates":[[[-73.674059873,-37.599804026],[-73.640788801,-37.637867038],[-73.563741796,-37.644724281],[-73.526532106,-37.671305282],[-73.405026347,-37.602031646],[-73.329351378,-37.668544939],[-73.241903848,-37.648233832],[-73.19528767,-37.659748285],[-73.126533178,-37.685506091],[-73.100580669,-37.725499425],[-73.058120493,-37.708253951],[-73.026867594,-37.718091339],[-73.016483507,-37.750832146],[-73.04190623,-37.778307619],[-73.023749217,-37.803542506],[-73.044047116,-37.841802669],[-73.127383705,-37.876844196],[-73.110633316,-37.907397477],[-73.12070589,-37.958740004],[-73.185390614,-37.986373127],[-73.20850125,-38.051988985],[-73.259371168,-38.048482906],[-73.26909535,-38.0195746],[-73.309956566,-38.000613501],[-73.308273575,-37.973741728],[-73.360641788,-37.940003026],[-73.385361771,-37.972972815],[-73.473121443,-38.017289711],[-73.55467973,-37.853297841],[-73.664436336,-37.725240134],[-73.651374668,-37.699416247],[-73.667518469,-37.636107937],[-73.68121322,-37.629805226],[-73.674059873,-37.599804026]]]}}, {"type" : "Feature", "id" : "cuenca:089", "properties" : {"code": "cuenca:089", "name": "Costeras e Islas entre R.Paicavi y Limite Region", "codigo": "089", "fuente": "dga_bna", "nombre": "Costeras e Islas entre R.Paicavi y Limite Region", "region": "Región del Biobío"}, "geometry" : {"type":"MultiPolygon","coordinates":[[[[-73.931744257,-38.408005829],[-73.950390462,-38.376869105],[-73.959223378,-38.312686464],[-73.933251712,-38.317480573],[-73.864875728,-38.375468927],[-73.884058348,-38.414986843],[-73.931744257,-38.408005829]]],[[[-73.455070361,-38.010731073],[-73.385361771,-37.972972815],[-73.360641788,-37.940003026],[-73.308273575,-37.973741728],[-73.309956566,-38.000613501],[-73.26909535,-38.0195746],[-73.259371168,-38.048482906],[-73.167325108,-38.055529971],[-73.153564141,-38.075445391],[-73.077999284,-38.101054664],[-73.073648983,-38.126285596],[-73.089383989,-38.147192402],[-73.076773188,-38.169887499],[-73.092555637,-38.190440662],[-73.128539493,-38.184738548],[-73.137629895,-38.213018799],[-73.196955767,-38.230741638],[-73.225012615,-38.271887886],[-73.265138861,-38.28374043],[-73.313910141,-38.33003789],[-73.291996321,-38.370294868],[-73.308660283,-38.376819888],[-73.298686709,-38.42150127],[-73.271592702,-38.435552675],[-73.287693531,-38.449508473],[-73.271247429,-38.493573861],[-73.283566257,-38.518659931],[-73.358531161,-38.517352199],[-73.378260919,-38.484346935],[-73.398100918,-38.517864769],[-73.452315671,-38.505117966],[-73.482481908,-38.437350845],[-73.524545377,-38.44720849],[-73.530975108,-38.386411297],[-73.50726312,-38.366943162],[-73.496261458,-38.328570287],[-73.513755702,-38.260521687],[-73.476569997,-38.240650445],[-73.460113454,-38.20232819],[-73.451187177,-38.1166933],[-73.473121443,-38.017289711],[-73.455070361,-38.010731073]]]]}}, {"type" : "Feature", "id" : "cuenca:090", "properties" : {"code": "cuenca:090", "name": "Costeras Limite Region y R.  Imperial", "codigo": "090", "fuente": "dga_bna", "nombre": "Costeras Limite Region y R.  Imperial", "region": "Región de La Araucanía"}, "geometry" : {"type":"Polygon","coordinates":[[[-73.461090714,-38.484853974],[-73.479186202,-38.551847748],[-73.499414875,-38.561764515],[-73.492917582,-38.583519634],[-73.499623563,-38.593482695],[-73.465657621,-38.633226314],[-73.457332603,-38.715143323],[-73.488449061,-38.656761721],[-73.481826725,-38.64593492],[-73.503631548,-38.592544751],[-73.524605859,-38.447197144],[-73.482481908,-38.437350845],[-73.461090714,-38.484853974]]]}}, {"type" : "Feature", "id" : "cuenca:091", "properties" : {"code": "cuenca:091", "name": "Rio Imperial", "codigo": "091", "fuente": "dga_bna", "nombre": "Rio Imperial", "region": "Región de La Araucanía"}, "geometry" : {"type":"Polygon","coordinates":[[[-72.523125125,-38.236364776],[-72.507264096,-38.162909638],[-72.42685656,-38.142575722],[-72.388505095,-38.151454939],[-72.348830165,-38.119757466],[-72.121457835,-38.140101625],[-72.087303439,-38.166663276],[-71.973996007,-38.195640479],[-71.901259321,-38.241162344],[-71.785209527,-38.250660962],[-71.740168005,-38.229715677],[-71.688806052,-38.240121354],[-71.710417156,-38.258657151],[-71.702306785,-38.273079796],[-71.614967487,-38.328344587],[-71.585643967,-38.378427857],[-71.543236126,-38.382568085],[-71.521597065,-38.363317488],[-71.478156013,-38.387107164],[-71.464717097,-38.415763193],[-71.483214933,-38.435834132],[-71.44991609,-38.473989885],[-71.468731409,-38.528699138],[-71.585118001,-38.578270814],[-71.618510912,-38.658275788],[-71.696970838,-38.671533081],[-71.727108231,-38.705050929],[-71.79362761,-38.735187083],[-71.829087538,-38.776626451],[-71.890703331,-38.786288519],[-71.8779386,-38.817814996],[-71.917612766,-38.857856046],[-72.056520293,-38.90800453],[-72.155787607,-38.890326466],[-72.204169183,-38.948659567],[-72.226641184,-38.937748177],[-72.244527479,-38.956533604],[-72.276068011,-38.942486498],[-72.27350033,-38.956948856],[-72.330729117,-38.977509867],[-72.473487788,-38.967119132],[-72.485300819,-38.978030465],[-72.594096317,-38.947132473],[-72.806718039,-38.937581825],[-72.866155652,-38.925011083],[-72.887025607,-38.881345841],[-72.95165955,-38.890616259],[-72.972166962,-38.879602371],[-73.014321085,-38.919210138],[-73.065510719,-38.891659799],[-73.108676941,-38.899017606],[-73.127395948,-38.843431925],[-73.097789485,-38.811247201],[-73.167289223,-38.828188719],[-73.161955541,-38.813825212],[-73.195571268,-38.801637939],[-73.177064427,-38.736160821],[-73.23981821,-38.745425602],[-73.269385496,-38.716523641],[-73.330295258,-38.738082011],[-73.399624681,-38.821937802],[-73.406753437,-38.781589355],[-73.457332603,-38.715143323],[-73.453073542,-38.677942071],[-73.470661958,-38.659173265],[-73.465657621,-38.633226314],[-73.499623563,-38.593482695],[-73.499414875,-38.561764515],[-73.479186202,-38.551847748],[-73.461090714,-38.484853974],[-73.453350975,-38.50473181],[-73.407148868,-38.51776261],[-73.378260919,-38.484346935],[-73.358531161,-38.517352199],[-73.283566257,-38.518659931],[-73.271247429,-38.493573861],[-73.287693531,-38.449508473],[-73.271592702,-38.435552675],[-73.298686709,-38.42150127],[-73.308660283,-38.376819888],[-73.291996321,-38.370294868],[-73.313910141,-38.33003789],[-73.265138861,-38.28374043],[-73.225012615,-38.271887886],[-73.196955767,-38.230741638],[-73.137629895,-38.213018799],[-73.128539493,-38.184738548],[-73.092555637,-38.190440662],[-73.077863218,-38.174294484],[-73.089383989,-38.147192402],[-73.073648983,-38.126285596],[-73.080881162,-38.094703648],[-73.206012052,-38.050749751],[-73.185390614,-37.986373127],[-73.12070589,-37.958740004],[-73.110633316,-37.907397477],[-73.127383705,-37.876844196],[-73.082889549,-37.86642778],[-73.017001083,-37.814446832],[-72.96221279,-37.823903114],[-72.96368669,-37.855456051],[-72.904759281,-37.845866582],[-72.857368846,-37.911614973],[-72.877198802,-37.942813319],[-72.872031427,-37.975136294],[-72.898216478,-37.995798105],[-72.892073602,-38.009058213],[-72.829876858,-38.008090178],[-72.799488378,-38.059529472],[-72.818823862,-38.095576537],[-72.788172324,-38.176085011],[-72.812806239,-38.197909092],[-72.702278719,-38.194245021],[-72.523125125,-38.236364776]]]}}, {"type" : "Feature", "id" : "cuenca:092", "properties" : {"code": "cuenca:092", "name": "Rio Budi", "codigo": "092", "fuente": "dga_bna", "nombre": "Rio Budi", "region": "Región de La Araucanía"}, "geometry" : {"type":"Polygon","coordinates":[[[-73.399624681,-38.821937802],[-73.330295258,-38.738082011],[-73.270593634,-38.716479441],[-73.23981821,-38.745425602],[-73.177064427,-38.736160821],[-73.195571268,-38.801637939],[-73.161955541,-38.813825212],[-73.167289223,-38.828188719],[-73.097789485,-38.811247201],[-73.127395948,-38.843431925],[-73.11313593,-38.860147026],[-73.11435431,-38.905738643],[-73.170004546,-38.94848969],[-73.198067165,-38.950327906],[-73.221004078,-38.977989461],[-73.245683591,-38.983882999],[-73.269132438,-38.963348287],[-73.277701395,-38.987705275],[-73.317313714,-38.999004758],[-73.399624681,-38.821937802]]]}}, {"type" : "Feature", "id" : "cuenca:111", "properties" : {"code": "cuenca:111", "name": "Costeras e Islas entre R.Palena y R.Aisen", "codigo": "111", "fuente": "dga_bna", "nombre": "Costeras e Islas entre R.Palena y R.Aisen", "region": "Región Aysén del General Carlos Ibáñez del Cam"}, "geometry" : {"type":"Polygon","coordinates":[[[-73.448638857,-43.681946342],[-73.208419528,-43.73588739],[-73.051084627,-43.739011358],[-73.006491144,-43.755025754],[-72.985365288,-43.83141812],[-72.950515475,-43.886617801],[-72.914985484,-43.90605886],[-72.910980262,-43.935895259],[-72.859573135,-43.933657637],[-72.832472761,-43.948565388],[-72.822357154,-43.976884267],[-72.851501361,-43.982989118],[-72.830596812,-44.000266281],[-72.854354667,-44.07847988],[-72.823112406,-44.090005299],[-72.780479479,-44.068483464],[-72.683425677,-44.150874079],[-72.564101018,-44.159277513],[-72.537643236,-44.200057689],[-72.580261049,-44.226770477],[-72.584252567,-44.257068266],[-72.467803845,-44.32299393],[-72.378562718,-44.322934646],[-72.355765521,-44.349848825],[-72.365503122,-44.383720786],[-72.388175934,-44.397790782],[-72.377616925,-44.414208665],[-72.244364861,-44.44788142],[-72.252967615,-44.494397828],[-72.307863151,-44.491460237],[-72.331504697,-44.519601398],[-72.201585033,-44.535523145],[-72.197264327,-44.566921772],[-72.169146815,-44.574057092],[-72.133796454,-44.559342957],[-72.0967413,-44.582391496],[-72.045314206,-44.572162971],[-72.03944394,-44.553289219],[-72.095428385,-44.518458748],[-72.107673501,-44.483598459],[-72.081107968,-44.457537541],[-72.008071882,-44.474686185],[-71.985145462,-44.428148422],[-71.993400454,-44.39874258],[-71.970634566,-44.366105679],[-71.911445471,-44.418016411],[-71.87059001,-44.432914691],[-71.767608757,-44.409581403],[-71.715843067,-44.380388178],[-71.654182241,-44.408296263],[-71.385276757,-44.384276579],[-71.361335449,-44.389707552],[-71.350745768,-44.422734989],[-71.238242974,-44.416767928],[-71.224540605,-44.435283382],[-71.166480792,-44.441751725],[-71.127327019,-44.470449002],[-71.15904212,-44.497684038],[-71.085311751,-44.535022746],[-71.102981432,-44.57528476],[-71.094024475,-44.586062868],[-71.199477992,-44.590507429],[-71.206420798,-44.624941332],[-71.232116646,-44.648724728],[-71.191802964,-44.682691615],[-71.213966052,-44.711349177],[-71.199508444,-44.737018489],[-71.266960033,-44.806372271],[-71.391685442,-44.789914891],[-71.473075518,-44.735501814],[-71.581908972,-44.752009205],[-71.601493815,-44.765841378],[-71.59322354,-44.77838006],[-71.662910243,-44.786947453],[-71.686202757,-44.761435126],[-71.73763277,-44.765807669],[-71.786414946,-44.748617334],[-71.825614797,-44.77315561],[-71.814208901,-44.790837885],[-71.851135349,-44.800507373],[-71.915671978,-44.774130855],[-71.931953339,-44.8023033],[-71.956138535,-44.784913561],[-72.004745422,-44.78319841],[-72.018081404,-44.755021957],[-72.064315595,-44.754878927],[-72.073882865,-44.779457501],[-72.031509283,-44.801110637],[-72.067863283,-44.845435636],[-72.040809477,-44.863317015],[-72.0641021,-44.875341239],[-72.038131502,-44.901564343],[-71.987479794,-44.897928318],[-71.974960213,-44.919503731],[-71.946929793,-44.919065357],[-71.934646529,-44.939838041],[-71.898139638,-44.95009218],[-71.935929645,-44.942514512],[-71.949345967,-44.919867089],[-71.976193316,-44.926074252],[-72.002935165,-44.901483349],[-72.042679852,-44.904413685],[-72.090899515,-44.891172503],[-72.131145168,-44.910247815],[-72.125068656,-44.982931084],[-72.182636108,-44.97050646],[-72.205184709,-44.996515276],[-72.294280909,-45.003793618],[-72.311630129,-45.034684041],[-72.342529089,-45.005743278],[-72.3607941,-45.033925927],[-72.428161446,-45.00389523],[-72.505081218,-45.104043809],[-72.567901497,-45.084583928],[-72.599113676,-45.04933934],[-72.632041708,-45.066442513],[-72.652745552,-45.04560008],[-72.687103076,-45.074919511],[-72.730259267,-45.055544805],[-72.765124032,-45.097912134],[-72.752646299,-45.117968965],[-72.767554932,-45.184794243],[-72.756164517,-45.205571465],[-72.825232354,-45.204347031],[-72.863907912,-45.157028318],[-72.922141775,-45.15470282],[-72.944511307,-45.179409645],[-72.929206653,-45.234774158],[-72.955329849,-45.268773649],[-72.884203903,-45.331855264],[-72.789564231,-45.373046587],[-72.785964919,-45.392005561],[-72.804045571,-45.408884231],[-72.902686817,-45.438612909],[-72.976577663,-45.435286427],[-73.043617113,-45.401951589],[-73.159301636,-45.291845977],[-73.202209352,-45.27071283],[-73.297340187,-45.302262961],[-73.556258958,-45.448083818],[-73.701576101,-45.379515295],[-73.646835297,-45.213047807],[-73.638748094,-45.105895626],[-73.582702305,-45.023004495],[-73.556625355,-44.947568551],[-73.508171017,-44.60979091],[-73.422676001,-44.38475434],[-73.407104356,-44.087322902],[-73.41381054,-44.016333701],[-73.445938107,-43.98210177],[-73.448638857,-43.681946342]]]}}, {"type" : "Feature", "id" : "cuenca:121", "properties" : {"code": "cuenca:121", "name": "Islas entre limite Region y Canal Ancho y Estrecho de la Concepcion", "codigo": "121", "fuente": "dga_bna", "nombre": "Islas entre limite Region y Canal Ancho y Estrecho de la Concepcion", "region": "Región de Magallanes y La Antártica Chilena"}, "geometry" : {"type":"Polygon","coordinates":[[[-75.188690153,-48.70230159],[-74.993988059,-48.593446137],[-74.958274966,-48.594320405],[-74.915839774,-48.619416748],[-74.686202868,-48.64329548],[-74.557052661,-48.703481563],[-74.49285137,-48.682500855],[-74.395428006,-48.685768204],[-74.430228912,-48.848120068],[-74.427459657,-48.895199372],[-74.395141726,-48.933114991],[-74.440734567,-49.009580748],[-74.432098246,-49.065654594],[-74.391639686,-49.10051795],[-74.372080075,-49.276108843],[-74.408149533,-49.392947619],[-74.305305466,-49.453160038],[-74.217544462,-49.567601104],[-74.308532619,-49.61563652],[-74.348983826,-49.671876722],[-74.357597389,-49.743886807],[-74.334358093,-49.893510429],[-74.400337339,-49.990957411],[-74.543060035,-50.03838337],[-74.646720861,-50.107968453],[-74.744597982,-50.219667459],[-74.775047359,-50.327027672],[-74.822738639,-50.396115277],[-75.110908574,-50.6429536],[-75.184242061,-50.755469763],[-75.302078273,-50.875405529],[-75.400840524,-50.91891394],[-75.558052218,-50.939264224],[-75.681098734,-50.148009563],[-75.813636645,-48.971465669],[-75.844177032,-48.825991582],[-75.666099552,-48.819817275],[-75.495613041,-48.77465859],[-75.468948428,-48.797299656],[-75.382011478,-48.789422298],[-75.310378912,-48.749363016],[-75.210083069,-48.723557921],[-75.188690153,-48.70230159]]]}}, {"type" : "Feature", "id" : "cuenca:122", "properties" : {"code": "cuenca:122", "name": "Costeras entre Seno Andrew y R. Hollemberg e islas al oriente", "codigo": "122", "fuente": "dga_bna", "nombre": "Costeras entre Seno Andrew y R. Hollemberg e islas al oriente", "region": "Región de Magallanes y La Antártica Chilena"}, "geometry" : {"type":"Polygon","coordinates":[[[-73.473441924,-50.376875682],[-73.439536892,-50.423248481],[-73.442947255,-50.483809771],[-73.389953416,-50.533598456],[-73.147048752,-50.668102003],[-73.162506079,-50.754400094],[-73.054603274,-50.808581277],[-72.960166623,-50.759505228],[-72.93482962,-50.714705947],[-72.882453862,-50.675538854],[-72.806365651,-50.636938112],[-72.767112763,-50.634248046],[-72.734970107,-50.608636924],[-72.647437846,-50.662773011],[-72.609291043,-50.656819206],[-72.589462143,-50.681244871],[-72.4830169,-50.617458929],[-72.442817592,-50.608912632],[-72.390563894,-50.628708056],[-72.334838857,-50.603475073],[-72.324584671,-50.629545329],[-72.256446531,-50.64662433],[-72.284515234,-50.735205521],[-72.315177943,-50.755422226],[-72.317611375,-50.777931467],[-72.299644075,-50.842704378],[-72.249130082,-50.884484589],[-72.233299232,-50.978185721],[-72.253517089,-51.051545085],[-72.320709219,-51.056705642],[-72.33482327,-51.096961391],[-72.369148155,-51.130040972],[-72.338767754,-51.193122938],[-72.271987593,-51.263462176],[-72.30960837,-51.391097054],[-72.307380703,-51.465865605],[-72.336234851,-51.548446152],[-72.376395792,-51.543932169],[-72.394935754,-51.568757369],[-72.425788844,-51.569721754],[-72.466440831,-51.621209739],[-72.322952242,-51.718937045],[-72.305282463,-51.768109002],[-72.559028537,-51.84503275],[-72.709503035,-51.853852763],[-72.884628336,-51.841810047],[-72.924842916,-51.903222772],[-73.093681254,-51.93703163],[-73.13791632,-51.994835097],[-73.143439918,-52.029051019],[-73.124237117,-52.093251802],[-73.157989284,-52.113452599],[-73.252578654,-52.111809582],[-73.263374077,-52.1748619],[-73.289642227,-52.189926261],[-73.336681558,-52.182270378],[-73.436085926,-52.124064325],[-73.570037694,-52.089481523],[-73.645767008,-52.04970143],[-73.684227023,-52.003006842],[-73.670944109,-51.970063759],[-73.681724364,-51.955787135],[-73.747096816,-51.946824893],[-73.829624198,-51.829681804],[-73.976852224,-51.672313006],[-74.0037077,-51.572756458],[-74.067413424,-51.433309076],[-74.072181399,-51.384749276],[-74.126968466,-51.310228244],[-74.15322864,-51.218640499],[-74.146094855,-51.187731225],[-74.176701247,-51.157929544],[-74.275466987,-50.910959127],[-74.244910996,-50.87738368],[-74.198875536,-50.865098421],[-73.905738772,-50.848680005],[-73.835227632,-50.785024795],[-73.789813597,-50.771019938],[-73.788294997,-50.66284108],[-73.736900016,-50.617487114],[-73.747304941,-50.592266795],[-73.732830968,-50.527832634],[-73.682319692,-50.494906303],[-73.601490928,-50.493767451],[-73.539042775,-50.382562598],[-73.473441924,-50.376875682]]]}}, {"type" : "Feature", "id" : "cuenca:123", "properties" : {"code": "cuenca:123", "name": "Islas entre Canales Concepcion, Sarmiento y E. de Magallanes", "codigo": "123", "fuente": "dga_bna", "nombre": "Islas entre Canales Concepcion, Sarmiento y E. de Magallanes", "region": "Región de Magallanes y La Antártica Chilena"}, "geometry" : {"type":"Polygon","coordinates":[[[-74.775047359,-50.327027672],[-74.561096186,-50.342053461],[-74.405761627,-50.394199918],[-74.298080317,-50.513110752],[-74.195258868,-50.662344822],[-74.166931245,-50.735497758],[-74.051002498,-50.855512644],[-74.226028526,-50.870816966],[-74.275466987,-50.910959127],[-74.176701247,-51.157929544],[-74.146094855,-51.187731225],[-74.15322864,-51.218640499],[-74.126968466,-51.310228244],[-74.072181399,-51.384749276],[-74.053977999,-51.470445274],[-74.000693911,-51.581159791],[-73.993362425,-51.644780282],[-73.898956202,-51.769383393],[-73.829624198,-51.829681804],[-73.747096816,-51.946824893],[-73.681724364,-51.955787135],[-73.670944109,-51.970063759],[-73.684227023,-52.003006842],[-73.758483756,-52.035809164],[-73.596946439,-52.230826519],[-73.650199821,-52.27513655],[-73.646247761,-52.373284222],[-73.687530244,-52.403544919],[-73.615241674,-52.508768808],[-73.623336462,-52.574294475],[-73.661834458,-52.59685452],[-73.726691965,-52.688384361],[-73.832145501,-52.758963529],[-74.078071524,-52.864323001],[-74.690803134,-52.589686515],[-74.877769544,-52.546482946],[-75.05307748,-52.546534749],[-75.24426256,-52.518203991],[-75.350326239,-52.28432386],[-75.452858073,-51.936212277],[-75.573440405,-51.376968064],[-75.588485849,-51.104398593],[-75.559288065,-51.061799176],[-75.558052218,-50.939264224],[-75.400840524,-50.91891394],[-75.302078273,-50.875405529],[-75.184242061,-50.755469763],[-75.110908574,-50.6429536],[-74.902328439,-50.473648792],[-74.775047359,-50.327027672]]]}}, {"type" : "Feature", "id" : "cuenca:124", "properties" : {"code": "cuenca:124", "name": "Costeras e Islas entre R Hollemberg, Golfo Alte. Laguna Blanca", "codigo": "124", "fuente": "dga_bna", "nombre": "Costeras e Islas entre R Hollemberg, Golfo Alte. Laguna Blanca", "region": "Región de Magallanes y La Antártica Chilena"}, "geometry" : {"type":"Polygon","coordinates":[[[-72.394935754,-51.568757369],[-72.382354518,-51.599716533],[-72.301986535,-51.60598261],[-72.260879531,-51.705441352],[-72.126090591,-51.740947204],[-72.078315722,-51.790965234],[-71.99803146,-51.834664229],[-71.961829983,-51.872590645],[-71.955184493,-51.911978573],[-72.017829921,-51.940399362],[-72.024085763,-51.956521585],[-71.917782613,-52.003241759],[-72.057052728,-52.023400385],[-72.229218629,-52.089522019],[-72.319099521,-52.081487314],[-72.357012721,-52.105560171],[-72.365181183,-52.136190407],[-72.2604099,-52.179397369],[-72.235831073,-52.221171659],[-72.246696681,-52.246842404],[-72.018766542,-52.234927685],[-72.002212671,-52.271215086],[-71.919662341,-52.311349525],[-71.928718374,-52.413729906],[-71.862808084,-52.453917313],[-71.787696656,-52.449656226],[-71.702239879,-52.474510648],[-71.600972873,-52.446581591],[-71.466971451,-52.482787181],[-71.352463569,-52.477371928],[-71.252023875,-52.498398378],[-71.225054602,-52.525132387],[-71.334804304,-52.586192262],[-71.355087128,-52.649219031],[-71.332954374,-52.689891455],[-71.378021166,-52.7382193],[-71.356147449,-52.831194799],[-71.360206278,-52.884807577],[-71.32397424,-52.889923516],[-71.51934783,-53.010143438],[-71.876609556,-53.153709792],[-72.395698192,-53.269130457],[-72.468093596,-53.329077466],[-72.495696772,-53.393993538],[-72.467780813,-53.445853289],[-72.363983195,-53.542580355],[-72.480857698,-53.560932052],[-72.5547026,-53.548613429],[-73.11627927,-53.306449096],[-73.211417942,-53.283172945],[-73.421676562,-53.110989516],[-73.517112496,-53.061748359],[-73.746940417,-53.009967779],[-74.078071524,-52.864323001],[-73.832145501,-52.758963529],[-73.726691965,-52.688384361],[-73.661834458,-52.59685452],[-73.623336462,-52.574294475],[-73.615241674,-52.508768808],[-73.687530244,-52.403544919],[-73.646247761,-52.373284222],[-73.650199821,-52.27513655],[-73.596946439,-52.230826519],[-73.758483756,-52.035809164],[-73.684227023,-52.003006842],[-73.645767008,-52.04970143],[-73.581092795,-52.084912744],[-73.436085926,-52.124064325],[-73.336681558,-52.182270378],[-73.281587632,-52.187394445],[-73.263374077,-52.1748619],[-73.252578654,-52.111809582],[-73.157989284,-52.113452599],[-73.124237117,-52.093251802],[-73.143439918,-52.029051019],[-73.13791632,-51.994835097],[-73.093681254,-51.93703163],[-72.924842916,-51.903222772],[-72.884628336,-51.841810047],[-72.709503035,-51.853852763],[-72.559028537,-51.84503275],[-72.313125679,-51.779000531],[-72.302680675,-51.755320269],[-72.312484876,-51.729207695],[-72.466440831,-51.621209739],[-72.425788844,-51.569721754],[-72.394935754,-51.568757369]]]}}, {"type" : "Feature", "id" : "cuenca:125", "properties" : {"code": "cuenca:125", "name": "Costeras entre Lag.  Blanca(inc), Seno Otway, canal Jeronimo y Magallanes", "codigo": "125", "fuente": "dga_bna", "nombre": "Costeras entre Lag.  Blanca(inc), Seno Otway, canal Jeronimo y Magallanes", "region": "Región de Magallanes y La Antártica Chilena"}, "geometry" : {"type":"Polygon","coordinates":[[[-69.498634004,-52.151636172],[-69.155113719,-52.156089779],[-68.977044831,-52.186886678],[-68.825621776,-52.248981048],[-68.7080304,-52.247921719],[-68.518496778,-52.275507545],[-68.423308,-52.314902967],[-68.424400301,-52.411917707],[-68.489094366,-52.497886329],[-69.038795321,-52.409687158],[-69.287971131,-52.418285547],[-69.423652661,-52.44001042],[-69.536887841,-52.479378074],[-69.844360289,-52.646395368],[-69.96379088,-52.669131907],[-70.341194021,-52.69423699],[-70.496284177,-52.749068505],[-70.524512985,-52.804108582],[-70.495971631,-52.87499189],[-70.536193492,-52.938194865],[-70.62988239,-53.021353659],[-70.643249469,-53.057819364],[-70.67797084,-53.420432635],[-70.723884366,-53.551345311],[-70.897834429,-53.822406254],[-70.978988287,-53.886401708],[-71.096847235,-53.92743261],[-71.240615903,-53.948395103],[-71.401923867,-53.92997806],[-71.910713234,-53.798995572],[-72.076362609,-53.73197613],[-72.304824759,-53.592608902],[-72.48934135,-53.417609096],[-72.49532307,-53.372216205],[-72.455764474,-53.313971858],[-72.395698192,-53.269130457],[-71.876609556,-53.153709792],[-71.51934783,-53.010143438],[-71.32397424,-52.889923516],[-71.360206278,-52.884807577],[-71.356147449,-52.831194799],[-71.378936669,-52.746756269],[-71.332954374,-52.689891455],[-71.355087128,-52.649219031],[-71.343450096,-52.601518353],[-71.225054602,-52.525132387],[-71.290304154,-52.483359949],[-71.466971451,-52.482787181],[-71.600972873,-52.446581591],[-71.54102333,-52.390675449],[-71.313674986,-52.312385422],[-71.184539554,-52.245370768],[-71.089065392,-52.260411586],[-70.990844333,-52.305002748],[-70.960083126,-52.346890942],[-70.960479746,-52.431121016],[-70.948283981,-52.444269893],[-70.732864082,-52.33763924],[-70.697898684,-52.341343273],[-70.647681997,-52.377033385],[-70.533019702,-52.327072816],[-70.452186261,-52.327784023],[-70.341865531,-52.35774171],[-70.320785397,-52.380693799],[-70.308845336,-52.434459262],[-70.32532502,-52.484599513],[-70.31882446,-52.549629448],[-70.306418982,-52.548991594],[-70.221877968,-52.525798405],[-70.150508848,-52.454111032],[-69.944829102,-52.34246087],[-69.896514443,-52.344419612],[-69.83081856,-52.313703699],[-69.775525597,-52.320395266],[-69.771392015,-52.30502208],[-69.61117522,-52.299949787],[-69.598327408,-52.272766332],[-69.609428041,-52.227785342],[-69.5278853,-52.197193224],[-69.498634004,-52.151636172]]]}}, {"type" : "Feature", "id" : "cuenca:126", "properties" : {"code": "cuenca:126", "name": "Vertiente del Atlantico", "codigo": "126", "fuente": "dga_bna", "nombre": "Vertiente del Atlantico", "region": "Región de Magallanes y La Antártica Chilena"}, "geometry" : {"type":"MultiPolygon","coordinates":[[[[-73.483054791,-50.357397224],[-73.549819974,-50.297628203],[-73.574310146,-50.20911021],[-73.571731607,-50.180772196],[-73.536827078,-50.158414573],[-73.534774486,-50.117655496],[-73.50681294,-50.071369724],[-73.57305894,-50.042664305],[-73.58406826,-49.945291379],[-73.546401914,-49.937085411],[-73.517799008,-49.937741876],[-73.467368918,-49.984367091],[-73.458289956,-50.038716062],[-73.488715923,-50.086609156],[-73.488837836,-50.119394433],[-73.361419545,-50.256863144],[-73.331504785,-50.388947827],[-73.135917591,-50.580991317],[-73.12245161,-50.62500691],[-73.147048752,-50.668102003],[-73.389953416,-50.533598456],[-73.449210856,-50.476862033],[-73.439536892,-50.423248481],[-73.483054791,-50.357397224]]],[[[-73.368064647,-49.278163419],[-73.244216722,-49.204275823],[-73.184509189,-49.149466868],[-73.085273834,-49.125307241],[-73.086235061,-49.083413144],[-73.05744904,-49.072534535],[-72.996810631,-49.114411894],[-72.918983359,-49.123184758],[-72.953788594,-49.180559989],[-72.94845558,-49.230978457],[-73.135612453,-49.278530169],[-73.1206739,-49.297866504],[-73.136428728,-49.324184849],[-73.073013316,-49.365083001],[-73.071441552,-49.393518293],[-73.041778394,-49.419818028],[-73.054161071,-49.465264491],[-73.130210803,-49.524620086],[-73.216812007,-49.66903351],[-73.456611323,-49.845193927],[-73.442962375,-49.77281802],[-73.52298724,-49.693794144],[-73.467315789,-49.646291533],[-73.489929168,-49.6048132],[-73.549682541,-49.55346343],[-73.549796937,-49.532280203],[-73.511954865,-49.474058169],[-73.501510265,-49.420675703],[-73.466285422,-49.386580232],[-73.453811528,-49.332165528],[-73.368064647,-49.278163419]]],[[[-71.904716324,-52.004122515],[-69.983756697,-52.014747797],[-69.498634004,-52.151636172],[-69.5278853,-52.197193224],[-69.609428041,-52.227785342],[-69.598327408,-52.272766332],[-69.61117522,-52.299949787],[-69.771392015,-52.30502208],[-69.775525597,-52.320395266],[-69.83081856,-52.313703699],[-69.896514443,-52.344419612],[-69.944829102,-52.34246087],[-70.150508848,-52.454111032],[-70.221877968,-52.525798405],[-70.31882446,-52.549629448],[-70.312576233,-52.399402323],[-70.354843261,-52.352540913],[-70.514739978,-52.323523515],[-70.647681997,-52.377033385],[-70.697898684,-52.341343273],[-70.732864082,-52.33763924],[-70.948283981,-52.444269893],[-70.960479746,-52.431121016],[-70.960083126,-52.346890942],[-70.990844333,-52.305002748],[-71.144164986,-52.245706644],[-71.216033588,-52.25464304],[-71.313674986,-52.312385422],[-71.54102333,-52.390675449],[-71.600972873,-52.446581591],[-71.702239879,-52.474510648],[-71.787696656,-52.449656226],[-71.862808084,-52.453917313],[-71.928718374,-52.413729906],[-71.919662341,-52.311349525],[-72.002212671,-52.271215086],[-72.018766542,-52.234927685],[-72.246696681,-52.246842404],[-72.235831073,-52.221171659],[-72.2604099,-52.179397369],[-72.365181183,-52.136190407],[-72.357012721,-52.105560171],[-72.319099521,-52.081487314],[-72.229218629,-52.089522019],[-72.057052728,-52.023400385],[-71.904716324,-52.004122515]]]]}}, {"type" : "Feature", "id" : "cuenca:011", "properties" : {"code": "cuenca:011", "name": "Quebrada de la Concordia", "codigo": "011", "fuente": "dga_bna", "nombre": "Quebrada de la Concordia", "region": "Región de Arica y Parinacota"}, "geometry" : {"type":"Polygon","coordinates":[[[-69.775520517,-18.033161327],[-69.748731071,-18.080367387],[-69.751210749,-18.124471072],[-69.71494338,-18.159644051],[-69.742015235,-18.174150982],[-69.748165126,-18.212437878],[-69.79611795,-18.267265526],[-69.908298685,-18.350107711],[-69.94531062,-18.365345134],[-70.081766472,-18.367063481],[-70.135177371,-18.392751193],[-70.33361856,-18.401836921],[-70.37533115,-18.353644275],[-70.317682275,-18.310650558],[-70.148699274,-18.319594855],[-70.049277782,-18.269072192],[-69.964310405,-18.264476549],[-69.816323624,-18.117635813],[-69.775520517,-18.033161327]]]}}, {"type" : "Feature", "id" : "cuenca:012", "properties" : {"code": "cuenca:012", "name": "Rio Lluta", "codigo": "012", "fuente": "dga_bna", "nombre": "Rio Lluta", "region": "Región de Arica y Parinacota"}, "geometry" : {"type":"Polygon","coordinates":[[[-69.775520517,-18.033161327],[-69.750857272,-17.947945664],[-69.798950676,-17.873842252],[-69.798033851,-17.768391319],[-69.822449582,-17.743436],[-69.826425792,-17.706354553],[-69.7965243,-17.646682084],[-69.666418558,-17.660387844],[-69.603571537,-17.614291106],[-69.586413596,-17.762554364],[-69.498092172,-17.795359558],[-69.496134336,-17.856924909],[-69.445375517,-17.868480925],[-69.387516579,-17.90541798],[-69.35402396,-17.984680753],[-69.372559496,-18.00458461],[-69.362740069,-18.023692193],[-69.37577713,-18.026889482],[-69.385245612,-18.077015219],[-69.4300923,-18.090274482],[-69.384180266,-18.11966424],[-69.400400249,-18.144038843],[-69.400719442,-18.196942988],[-69.430834907,-18.207922319],[-69.46189302,-18.253948568],[-69.489501361,-18.261494478],[-69.488130953,-18.306018949],[-69.574423929,-18.285922794],[-69.676852968,-18.323306418],[-69.700810612,-18.395443956],[-69.654402043,-18.408903641],[-69.653587166,-18.429182341],[-69.743363498,-18.472914234],[-69.789693596,-18.516408781],[-69.849779403,-18.493089929],[-70.015366182,-18.508857028],[-70.096405278,-18.485654908],[-70.164742204,-18.488482064],[-70.32840294,-18.410317711],[-70.29498719,-18.396252998],[-70.135177371,-18.392751193],[-70.051101997,-18.363091765],[-69.94531062,-18.365345134],[-69.881179723,-18.333949794],[-69.772427102,-18.243263909],[-69.745399084,-18.20668713],[-69.742015235,-18.174150982],[-69.71494338,-18.159644051],[-69.751210749,-18.124471072],[-69.748731071,-18.080367387],[-69.775520517,-18.033161327]]]}}, {"type" : "Feature", "id" : "cuenca:013", "properties" : {"code": "cuenca:013", "name": "Rio San Jose", "codigo": "013", "fuente": "dga_bna", "nombre": "Rio San Jose", "region": "Región de Arica y Parinacota"}, "geometry" : {"type":"Polygon","coordinates":[[[-70.318688155,-18.50825565],[-70.335558645,-18.479339431],[-70.303361995,-18.454922061],[-70.319582371,-18.414368627],[-70.164742204,-18.488482064],[-70.096405278,-18.485654908],[-70.015366182,-18.508857028],[-69.849779403,-18.493089929],[-69.782362084,-18.514568524],[-69.743363498,-18.472914234],[-69.652490307,-18.42722947],[-69.656639853,-18.407707477],[-69.699089679,-18.4026939],[-69.681000655,-18.326626562],[-69.622964744,-18.294284384],[-69.511715062,-18.29357528],[-69.467209968,-18.32675009],[-69.482264841,-18.378386813],[-69.441579277,-18.477920147],[-69.395856983,-18.543681017],[-69.387749949,-18.591394729],[-69.298198577,-18.650244616],[-69.404316987,-18.733070694],[-69.530473604,-18.692435048],[-69.845275179,-18.771836775],[-70.130942518,-18.760504324],[-70.190027431,-18.725885911],[-70.208660427,-18.666208912],[-70.231755319,-18.64743529],[-70.28782422,-18.662709962],[-70.342150975,-18.652372136],[-70.308271514,-18.555297567],[-70.318688155,-18.50825565]]]}}, {"type" : "Feature", "id" : "cuenca:014", "properties" : {"code": "cuenca:014", "name": "Costeras R. San Jose-Q.Camarones", "codigo": "014", "fuente": "dga_bna", "nombre": "Costeras R. San Jose-Q.Camarones", "region": "Región de Arica y Parinacota"}, "geometry" : {"type":"Polygon","coordinates":[[[-70.318688155,-18.50825565],[-70.315261608,-18.507994865],[-70.306728155,-18.519434979],[-70.308271514,-18.555297567],[-70.342150975,-18.652372136],[-70.28782422,-18.662709962],[-70.231755319,-18.64743529],[-70.208660427,-18.666208912],[-70.190027431,-18.725885911],[-70.146121285,-18.757768799],[-69.845275179,-18.771836775],[-69.530473604,-18.692435048],[-69.404316987,-18.733070694],[-69.298198577,-18.650244616],[-69.254630607,-18.722158887],[-69.23264578,-18.730682945],[-69.234427983,-18.771743558],[-69.269388101,-18.794530099],[-69.305718513,-18.783592854],[-69.373621894,-18.824789166],[-69.400233862,-18.788362374],[-69.432928599,-18.780869652],[-69.53884616,-18.839255986],[-69.61000177,-18.858701776],[-69.676423804,-18.854590883],[-69.717904465,-18.881587553],[-69.767402164,-18.889907309],[-69.952903237,-19.015954449],[-70.026417838,-19.030606491],[-70.176398601,-19.1073584],[-70.193751302,-19.065627419],[-70.26276833,-19.123208702],[-70.254757492,-19.148021266],[-70.273745571,-19.18285843],[-70.268130921,-19.143357453],[-70.317555859,-19.018517997],[-70.312880646,-18.955952234],[-70.36215389,-18.793479688],[-70.338225086,-18.757898127],[-70.336544806,-18.679759194],[-70.350566288,-18.648620704],[-70.318688155,-18.50825565]]]}}, {"type" : "Feature", "id" : "cuenca:015", "properties" : {"code": "cuenca:015", "name": "Q. Rio Camarones", "codigo": "015", "fuente": "dga_bna", "nombre": "Q. Rio Camarones", "region": "Región de Tarapacá"}, "geometry" : {"type":"Polygon","coordinates":[[[-69.249560306,-18.790264757],[-69.16004271,-18.808948923],[-69.163026498,-18.84371425],[-69.138572859,-18.881280917],[-69.150353284,-18.931204476],[-69.123726751,-18.959556897],[-69.124932428,-18.979393488],[-69.06598213,-19.026455119],[-69.1228555,-19.081170462],[-69.257221147,-19.108320284],[-69.295362656,-19.180258624],[-69.37232021,-19.223140148],[-69.39703922,-19.288015314],[-69.490062474,-19.327764479],[-69.548276609,-19.340489865],[-69.788277995,-19.314596874],[-69.957185068,-19.256910392],[-70.139735152,-19.300053953],[-70.175473432,-19.238095044],[-70.247465461,-19.30316722],[-70.261232844,-19.250535545],[-70.286823753,-19.228161671],[-70.254757492,-19.148021266],[-70.26276833,-19.123208702],[-70.193751302,-19.065627419],[-70.181224442,-19.105515808],[-70.166946677,-19.104079763],[-70.026417838,-19.030606491],[-69.922172553,-18.999857964],[-69.887968762,-18.961266932],[-69.781367489,-18.895488215],[-69.717904465,-18.881587553],[-69.676423804,-18.854590883],[-69.61000177,-18.858701776],[-69.53884616,-18.839255986],[-69.432928599,-18.780869652],[-69.400233862,-18.788362374],[-69.373621894,-18.824789166],[-69.301042697,-18.782118273],[-69.249560306,-18.790264757]]]}}, {"type" : "Feature", "id" : "cuenca:016", "properties" : {"code": "cuenca:016", "name": "Costeras R.Camarones-Pampa del Tamarugal", "codigo": "016", "fuente": "dga_bna", "nombre": "Costeras R.Camarones-Pampa del Tamarugal", "region": "Región de Tarapacá"}, "geometry" : {"type":"Polygon","coordinates":[[[-69.06598213,-19.026455119],[-69.017445812,-19.074197507],[-69.017536716,-19.226201675],[-68.982676285,-19.261153395],[-69.005691225,-19.286024653],[-69.059857046,-19.279151152],[-69.133631082,-19.293499363],[-69.242011071,-19.391571749],[-69.30709322,-19.394988914],[-69.389704053,-19.506219657],[-69.470565712,-19.505349718],[-69.695454633,-19.565391059],[-69.79500127,-19.621307605],[-69.970066198,-19.643667379],[-70.023604694,-19.63672041],[-70.099051267,-19.566958629],[-70.206514058,-19.590825938],[-70.202857305,-19.494361022],[-70.226668889,-19.404569529],[-70.261659411,-19.349150626],[-70.256819263,-19.327589277],[-70.286251689,-19.306168888],[-70.281394483,-19.234614953],[-70.261232844,-19.250535545],[-70.247465461,-19.30316722],[-70.175473432,-19.238095044],[-70.139735152,-19.300053953],[-69.957185068,-19.256910392],[-69.788277995,-19.314596874],[-69.515229826,-19.336899212],[-69.39703922,-19.288015314],[-69.37232021,-19.223140148],[-69.295362656,-19.180258624],[-69.257221147,-19.108320284],[-69.1228555,-19.081170462],[-69.06598213,-19.026455119]]]}}, {"type" : "Feature", "id" : "cuenca:017", "properties" : {"code": "cuenca:017", "name": "Pampa del Tamarugal", "codigo": "017", "fuente": "dga_bna", "nombre": "Pampa del Tamarugal", "region": "Región de Tarapacá"}, "geometry" : {"type":"Polygon","coordinates":[[[-70.058596289,-19.612297781],[-69.997392101,-19.644588706],[-69.815305122,-19.62585691],[-69.695454633,-19.565391059],[-69.4628236,-19.50379728],[-69.405626613,-19.513368961],[-69.361037999,-19.475345813],[-69.316798162,-19.402875143],[-69.275888023,-19.385540985],[-69.242011071,-19.391571749],[-69.145891027,-19.299323501],[-69.062421674,-19.2793943],[-69.005691225,-19.286024653],[-68.985566432,-19.332778227],[-68.946003114,-19.345802427],[-68.926596396,-19.412083098],[-68.936276734,-19.442740583],[-68.97342988,-19.460521237],[-68.943046832,-19.489550282],[-68.92136985,-19.586906628],[-68.878161025,-19.637624804],[-68.841700081,-19.64630344],[-68.812748068,-19.739594108],[-68.771429219,-19.774911341],[-68.895492647,-19.905394362],[-68.9389086,-19.906507993],[-68.995763913,-19.959531576],[-68.980085013,-20.019930676],[-69.012448965,-20.097283448],[-68.950794929,-20.184663263],[-68.999632907,-20.281082723],[-68.959335549,-20.407629444],[-68.864809765,-20.402259512],[-68.822540236,-20.461507063],[-68.808661882,-20.515658496],[-68.826782112,-20.594280918],[-68.811148035,-20.692465766],[-68.761143203,-20.746179744],[-68.763648074,-20.777713161],[-68.719091266,-20.871340473],[-68.72310891,-20.913393749],[-68.819693218,-20.887306348],[-68.885721997,-20.900166616],[-68.901072433,-20.867950779],[-68.950040382,-20.844416212],[-69.107624942,-20.923279361],[-69.262453666,-20.913118364],[-69.511500374,-21.044084561],[-69.650763549,-21.056713704],[-69.680856945,-21.091172393],[-69.721798844,-21.00935043],[-69.772309075,-20.986229891],[-69.807010118,-20.931028781],[-69.744442327,-20.7899914],[-69.783575268,-20.663140289],[-69.759866786,-20.589139085],[-69.852281868,-20.499892619],[-69.801690105,-20.437518503],[-69.802622697,-20.412120203],[-69.858516301,-20.377736384],[-69.872206568,-20.325620328],[-69.933548769,-20.304938114],[-69.958795093,-20.278283174],[-69.886407276,-20.132980807],[-69.927482672,-20.08068432],[-69.904709351,-20.055267871],[-69.909962369,-20.017833516],[-69.930810869,-19.995985531],[-69.907866155,-19.919368958],[-69.986384785,-19.819030391],[-70.020420102,-19.827025394],[-70.043820005,-19.806203223],[-70.058596289,-19.612297781]]]}}, {"type" : "Feature", "id" : "cuenca:018", "properties" : {"code": "cuenca:018", "name": "Costeras Tilviche-Loa", "codigo": "018", "fuente": "dga_bna", "nombre": "Costeras Tilviche-Loa", "region": "Región de Tarapacá"}, "geometry" : {"type":"Polygon","coordinates":[[[-70.206514058,-19.590825938],[-70.102971302,-19.566627504],[-70.079912541,-19.575414107],[-70.049242185,-19.640105719],[-70.043820005,-19.806203223],[-70.020420102,-19.827025394],[-69.986384785,-19.819030391],[-69.907866155,-19.919368958],[-69.930810869,-19.995985531],[-69.909962369,-20.017833516],[-69.904709351,-20.055267871],[-69.927482672,-20.08068432],[-69.886407276,-20.132980807],[-69.958795093,-20.278283174],[-69.933548769,-20.304938114],[-69.872206568,-20.325620328],[-69.858516301,-20.377736384],[-69.800300043,-20.417796092],[-69.852281868,-20.499892619],[-69.803090559,-20.560469292],[-69.761358248,-20.582857509],[-69.783575268,-20.663140289],[-69.744442327,-20.7899914],[-69.807010118,-20.931028781],[-69.772309075,-20.986229891],[-69.721798844,-21.00935043],[-69.680756328,-21.087906681],[-69.867945513,-21.291634151],[-69.932587987,-21.312473861],[-69.97909491,-21.29787242],[-70.014705464,-21.31186312],[-70.028463484,-21.330028355],[-70.017950977,-21.390277024],[-70.061087941,-21.421461186],[-70.096911011,-21.348336499],[-70.065723243,-21.311615442],[-70.081799856,-21.232176397],[-70.134979442,-21.129526568],[-70.125109308,-21.089074673],[-70.178343774,-21.025077956],[-70.163394621,-20.978673446],[-70.127255587,-20.94422502],[-70.138158736,-20.884915232],[-70.210397658,-20.812326973],[-70.18549719,-20.799329006],[-70.199820896,-20.755765843],[-70.183803123,-20.739967531],[-70.197595809,-20.719933415],[-70.181350435,-20.658169413],[-70.198458794,-20.615490563],[-70.199509738,-20.536585691],[-70.16725914,-20.501137375],[-70.159487449,-20.461066729],[-70.160547661,-20.408450848],[-70.183150434,-20.362140839],[-70.143546084,-20.330249899],[-70.13002212,-20.29535488],[-70.130625872,-20.265282888],[-70.162745502,-20.208505591],[-70.139912985,-20.19975579],[-70.152421197,-20.15819485],[-70.121249395,-20.085320519],[-70.136431372,-20.061461224],[-70.123931242,-19.989485795],[-70.148060738,-19.902756159],[-70.131380372,-19.881865036],[-70.166143851,-19.825369457],[-70.146230382,-19.786727887],[-70.159128304,-19.765628605],[-70.151722896,-19.72049056],[-70.174714919,-19.696741101],[-70.168458151,-19.656800353],[-70.23992883,-19.599255044],[-70.206514058,-19.590825938]]]}}, {"type" : "Feature", "id" : "cuenca:020", "properties" : {"code": "cuenca:020", "name": "Fronterizas Salar Michincha-R.Loa", "codigo": "020", "fuente": "dga_bna", "nombre": "Fronterizas Salar Michincha-R.Loa", "region": "Región de Antofagasta"}, "geometry" : {"type":"Polygon","coordinates":[[[-68.545962823,-21.070612465],[-68.483668102,-20.939216405],[-68.413233198,-20.938934584],[-68.294866541,-21.097519617],[-68.17913242,-21.301243506],[-68.181303093,-21.603632152],[-68.059882628,-21.769204089],[-68.072989985,-21.978407287],[-68.097638474,-21.892264356],[-68.255053832,-21.786771253],[-68.389668297,-21.785475588],[-68.401958691,-21.745552852],[-68.397369112,-21.648940954],[-68.521784123,-21.545380061],[-68.499168048,-21.489867993],[-68.512388083,-21.435170176],[-68.504029472,-21.369946096],[-68.464572727,-21.295409601],[-68.4724088,-21.243307505],[-68.435699174,-21.141599861],[-68.545962823,-21.070612465]]]}}, {"type" : "Feature", "id" : "cuenca:021", "properties" : {"code": "cuenca:021", "name": "Rio Loa", "codigo": "021", "fuente": "dga_bna", "nombre": "Rio Loa", "region": "Región de Antofagasta"}, "geometry" : {"type":"Polygon","coordinates":[[[-70.057560514,-21.443449338],[-70.067180939,-21.415740189],[-70.017950977,-21.390277024],[-70.021181654,-21.318003239],[-69.989325555,-21.298354652],[-69.932587987,-21.312473861],[-69.867945513,-21.291634151],[-69.650763549,-21.056713704],[-69.511500374,-21.044084561],[-69.262453666,-20.913118364],[-69.101052749,-20.921534998],[-68.950040382,-20.844416212],[-68.901072433,-20.867950779],[-68.885721997,-20.900166616],[-68.819693218,-20.887306348],[-68.72310891,-20.913393749],[-68.740563813,-20.9515915],[-68.704788584,-20.945791326],[-68.687557452,-20.959453825],[-68.708255263,-21.00749557],[-68.566928544,-21.02793965],[-68.545962823,-21.070612465],[-68.439069111,-21.129481566],[-68.474908737,-21.258186781],[-68.464572727,-21.295409601],[-68.504029472,-21.369946096],[-68.512388083,-21.435170176],[-68.499168048,-21.489867993],[-68.521784123,-21.545380061],[-68.397369112,-21.648940954],[-68.401958691,-21.745552852],[-68.389668297,-21.785475588],[-68.255053832,-21.786771253],[-68.097638474,-21.892264356],[-68.0785684,-21.977526306],[-68.008995511,-22.039550809],[-67.963491168,-22.055194793],[-67.964575553,-22.080187594],[-67.939428618,-22.109339046],[-67.955486622,-22.171075627],[-67.92343419,-22.219401489],[-67.938860403,-22.29342873],[-67.933964389,-22.373310604],[-68.000413671,-22.416401801],[-68.117704598,-22.413421768],[-68.242430968,-22.477983284],[-68.301770032,-22.538096948],[-68.380926413,-22.682262998],[-68.418468486,-22.706522565],[-68.443594468,-22.765490644],[-68.450622033,-22.840160687],[-68.488601575,-22.86581037],[-68.705366257,-22.790980445],[-68.731811604,-22.770625087],[-68.753966527,-22.684630203],[-68.815237318,-22.630980724],[-68.858472842,-22.621503218],[-68.926588533,-22.649435746],[-69.003064899,-22.754242179],[-69.103167741,-22.743951324],[-69.151332733,-22.778687432],[-69.292620406,-22.798594791],[-69.32301576,-22.821101482],[-69.361888675,-22.887268109],[-69.497524153,-22.950734025],[-69.741008611,-22.752320313],[-69.785325731,-22.680906173],[-69.884327337,-22.645604464],[-69.936637852,-22.573071782],[-69.917777644,-22.529452127],[-69.919188455,-22.463367712],[-69.875943773,-22.343119284],[-69.892843951,-22.26995255],[-69.853412729,-22.249008332],[-69.876629735,-22.120370945],[-69.909058219,-22.052009079],[-69.886969112,-21.96118459],[-69.857337596,-21.950347921],[-69.867387215,-21.859244182],[-69.90963734,-21.837186495],[-69.910891397,-21.804432246],[-69.841077619,-21.736871876],[-69.791917883,-21.722077084],[-69.794286436,-21.680621929],[-69.758650123,-21.609445666],[-69.816728811,-21.561791047],[-69.859108579,-21.484191401],[-69.937189445,-21.537018441],[-69.992449912,-21.545601752],[-70.061274329,-21.493301568],[-70.057560514,-21.443449338]]]}}, {"type" : "Feature", "id" : "cuenca:022", "properties" : {"code": "cuenca:022", "name": "Costeras R.Loa-Q.Caracoles", "codigo": "022", "fuente": "dga_bna", "nombre": "Costeras R.Loa-Q.Caracoles", "region": "Región de Antofagasta"}, "geometry" : {"type":"Polygon","coordinates":[[[-70.10066,-21.602150716],[-70.091920399,-21.552089649],[-70.072597516,-21.531021968],[-70.08134372,-21.4864563],[-70.057560514,-21.443449338],[-70.061274329,-21.493301568],[-69.992449912,-21.545601752],[-69.937189445,-21.537018441],[-69.859108579,-21.484191401],[-69.816728811,-21.561791047],[-69.758650123,-21.609445666],[-69.794286436,-21.680621929],[-69.791917883,-21.722077084],[-69.841077619,-21.736871876],[-69.910891397,-21.804432246],[-69.90963734,-21.837186495],[-69.867387215,-21.859244182],[-69.857337596,-21.950347921],[-69.886969112,-21.96118459],[-69.909058219,-22.052009079],[-69.876629735,-22.120370945],[-69.853412729,-22.249008332],[-69.892843951,-22.26995255],[-69.875943773,-22.343119284],[-69.937412284,-22.567222992],[-69.884327337,-22.645604464],[-69.785325731,-22.680906173],[-69.755298363,-22.73497328],[-69.83437844,-22.73330189],[-69.855789009,-22.766736608],[-69.870164502,-22.869618423],[-69.975883002,-22.913733831],[-69.996358512,-23.068727527],[-70.074987819,-23.15021392],[-70.200446204,-23.366531272],[-70.29210686,-23.440873095],[-70.29137475,-23.493241652],[-70.316133523,-23.557086918],[-70.386072573,-23.638862255],[-70.405894703,-23.648798161],[-70.392975046,-23.609698983],[-70.402890303,-23.534555286],[-70.464454927,-23.475939156],[-70.51196124,-23.467791673],[-70.527715975,-23.52186611],[-70.546878868,-23.537904463],[-70.596619285,-23.506374104],[-70.626964891,-23.516155785],[-70.621014242,-23.477198395],[-70.613155834,-23.462678005],[-70.601538892,-23.470238677],[-70.587302825,-23.426623187],[-70.604778993,-23.398667266],[-70.603375538,-23.36001362],[-70.579704798,-23.326101068],[-70.597507498,-23.303136705],[-70.6002954,-23.251824122],[-70.59356567,-23.221125453],[-70.556814084,-23.189696597],[-70.577632876,-23.084245396],[-70.516110802,-23.023699215],[-70.499923817,-23.033110291],[-70.48534555,-23.096049806],[-70.398263194,-23.077752984],[-70.345133189,-23.023113416],[-70.29047769,-22.91379745],[-70.312148582,-22.764957031],[-70.27902622,-22.715080378],[-70.289933677,-22.655652601],[-70.263090876,-22.634848715],[-70.283703163,-22.571848772],[-70.253401928,-22.540592579],[-70.238052715,-22.495206695],[-70.264322014,-22.458078787],[-70.242637963,-22.384606142],[-70.254468788,-22.356396922],[-70.234559274,-22.310294466],[-70.244910714,-22.282630033],[-70.231860977,-22.269803955],[-70.216372415,-22.10001543],[-70.187852228,-22.058475208],[-70.196563974,-22.012136122],[-70.171203571,-21.932611699],[-70.192720975,-21.89989286],[-70.157050567,-21.882207601],[-70.145066115,-21.847287635],[-70.159921423,-21.761494447],[-70.14548981,-21.719183431],[-70.147145056,-21.636046541],[-70.10066,-21.602150716]]]}}, {"type" : "Feature", "id" : "cuenca:023", "properties" : {"code": "cuenca:023", "name": "Fronterizas Salares Atacama-Socompa", "codigo": "023", "fuente": "dga_bna", "nombre": "Fronterizas Salares Atacama-Socompa", "region": "Región de Antofagasta"}, "geometry" : {"type":"Polygon","coordinates":[[[-67.763325,-22.958725333],[-67.767255306,-22.923274298],[-67.798099673,-22.898645758],[-67.798774213,-22.877041836],[-67.570023551,-22.897520545],[-67.181613808,-22.814365336],[-67.00191933,-22.992740585],[-67.001919373,-23.035567],[-67.322185617,-24.033623836],[-68.095781013,-24.336627146],[-68.071695409,-24.308625885],[-68.11048136,-24.234622912],[-67.930392662,-24.114930045],[-67.932345754,-24.08473531],[-67.911578158,-24.058024521],[-67.846146475,-24.063343004],[-67.848719693,-24.109649514],[-67.805263042,-24.151683039],[-67.664219415,-24.0550091],[-67.659865167,-23.991677032],[-67.633860269,-23.980696945],[-67.552101345,-23.984078428],[-67.504140899,-24.065280873],[-67.448745781,-24.065469727],[-67.438109834,-24.016772305],[-67.334474766,-23.9317559],[-67.322267135,-23.900100874],[-67.36705323,-23.85454929],[-67.379302351,-23.773116555],[-67.410368509,-23.754882842],[-67.413218734,-23.578617282],[-67.350819294,-23.520197806],[-67.354169958,-23.462363739],[-67.320233995,-23.419926347],[-67.289288257,-23.328793415],[-67.235329696,-23.336118603],[-67.225220076,-23.327254416],[-67.258325922,-23.299867759],[-67.190303186,-23.286257052],[-67.168054225,-23.18686089],[-67.194741622,-23.16250402],[-67.262560805,-23.150001385],[-67.351048634,-23.166042112],[-67.363314939,-23.144659389],[-67.335724811,-23.105250548],[-67.342897155,-23.069669034],[-67.420494265,-23.021236902],[-67.56348291,-22.98319596],[-67.595223233,-22.906338706],[-67.644521744,-22.931526968],[-67.66747035,-22.967070915],[-67.763325,-22.958725333]]]}}, {"type" : "Feature", "id" : "cuenca:024", "properties" : {"code": "cuenca:024", "name": "Endorreica entre Fronterizas y Salar Atacama", "codigo": "024", "fuente": "dga_bna", "nombre": "Endorreica entre Fronterizas y Salar Atacama", "region": "Región de Antofagasta"}, "geometry" : {"type":"Polygon","coordinates":[[[-67.763325,-22.958725333],[-67.66747035,-22.967070915],[-67.644521744,-22.931526968],[-67.595223233,-22.906338706],[-67.56348291,-22.98319596],[-67.420494265,-23.021236902],[-67.342897155,-23.069669034],[-67.335724811,-23.105250548],[-67.363314939,-23.144659389],[-67.351048634,-23.166042112],[-67.262560805,-23.150001385],[-67.194741622,-23.16250402],[-67.168054225,-23.18686089],[-67.190303186,-23.286257052],[-67.258325922,-23.299867759],[-67.225220076,-23.327254416],[-67.235329696,-23.336118603],[-67.289288257,-23.328793415],[-67.320233995,-23.419926347],[-67.354169958,-23.462363739],[-67.350819294,-23.520197806],[-67.413218734,-23.578617282],[-67.410368509,-23.754882842],[-67.379302351,-23.773116555],[-67.36705323,-23.85454929],[-67.322267135,-23.900100874],[-67.334474766,-23.9317559],[-67.438109834,-24.016772305],[-67.448745781,-24.065469727],[-67.504140899,-24.065280873],[-67.552101345,-23.984078428],[-67.633860269,-23.980696945],[-67.659865167,-23.991677032],[-67.664219415,-24.0550091],[-67.805263042,-24.151683039],[-67.848719693,-24.109649514],[-67.846146475,-24.063343004],[-67.89217623,-24.052417124],[-67.923402963,-24.068520818],[-67.938844733,-24.122285948],[-68.065199015,-24.19811461],[-68.014819746,-24.132169051],[-68.01728233,-24.049613742],[-67.984170106,-23.953979296],[-67.949463908,-23.936505379],[-67.930663484,-23.95860569],[-67.902641909,-23.955251633],[-67.772502856,-23.812085275],[-67.817035296,-23.796001326],[-67.825282601,-23.751148353],[-67.7933416,-23.649555595],[-67.775742702,-23.637180502],[-67.78646438,-23.612650386],[-67.753216467,-23.511319503],[-67.722854091,-23.483578195],[-67.74190016,-23.423869596],[-67.737432947,-23.366922934],[-67.713674301,-23.353706347],[-67.655941197,-23.371911193],[-67.632514803,-23.402923925],[-67.581706159,-23.398709737],[-67.604185226,-23.327766036],[-67.594974281,-23.310727993],[-67.612473597,-23.304241517],[-67.629069326,-23.262004396],[-67.709112743,-23.249235181],[-67.683572076,-23.190057581],[-67.693301187,-23.123175078],[-67.71594639,-23.102638176],[-67.763325,-22.958725333]]]}}, {"type" : "Feature", "id" : "cuenca:025", "properties" : {"code": "cuenca:025", "name": "Salar de Atacama", "codigo": "025", "fuente": "dga_bna", "nombre": "Salar de Atacama", "region": "Región de Antofagasta"}, "geometry" : {"type":"Polygon","coordinates":[[[-68.488601575,-22.86581037],[-68.450622033,-22.840160687],[-68.443594468,-22.765490644],[-68.418468486,-22.706522565],[-68.380926413,-22.682262998],[-68.301770032,-22.538096948],[-68.242430968,-22.477983284],[-68.117704598,-22.413421768],[-68.017463039,-22.418624586],[-67.941920776,-22.382508581],[-67.91667635,-22.390376196],[-67.886300409,-22.439813606],[-67.888795791,-22.511920269],[-67.864576188,-22.53427849],[-67.842252521,-22.531843267],[-67.83480158,-22.581639471],[-67.861247602,-22.596479716],[-67.857195136,-22.622211395],[-67.883970897,-22.628496783],[-67.869060237,-22.684059016],[-67.8894411,-22.720123498],[-67.867612216,-22.743770549],[-67.884072488,-22.834173067],[-67.825311154,-22.846314216],[-67.767255306,-22.923274298],[-67.745545803,-23.02611155],[-67.729421604,-23.03794535],[-67.71594639,-23.102638176],[-67.693301187,-23.123175078],[-67.683572076,-23.190057581],[-67.709112743,-23.249235181],[-67.629069326,-23.262004396],[-67.612473597,-23.304241517],[-67.594974281,-23.310727993],[-67.604185226,-23.327766036],[-67.581191976,-23.392844028],[-67.591420303,-23.407851058],[-67.619213851,-23.407177969],[-67.666449535,-23.367593926],[-67.713674301,-23.353706347],[-67.737432947,-23.366922934],[-67.74190016,-23.423869596],[-67.722854091,-23.483578195],[-67.753216467,-23.511319503],[-67.78646438,-23.612650386],[-67.775742702,-23.637180502],[-67.7933416,-23.649555595],[-67.825282601,-23.751148353],[-67.817035296,-23.796001326],[-67.772502856,-23.812085275],[-67.902641909,-23.955251633],[-67.930663484,-23.95860569],[-67.958043987,-23.936753458],[-67.989248794,-23.960682338],[-68.01728233,-24.049613742],[-68.014819746,-24.132169051],[-68.042825808,-24.182352083],[-68.133145868,-24.243414491],[-68.209263106,-24.242135659],[-68.297745923,-24.293271422],[-68.350677142,-24.294640248],[-68.383483357,-24.242277291],[-68.394294983,-24.121880775],[-68.44578832,-24.072740697],[-68.476889256,-24.067264056],[-68.502246105,-24.085308292],[-68.511721188,-24.1493331],[-68.491370953,-24.232325904],[-68.533085158,-24.265804156],[-68.556289604,-24.313460889],[-68.577533278,-24.315381967],[-68.658707295,-24.212101332],[-68.654499084,-24.161902418],[-68.679068765,-24.118693659],[-68.693320362,-23.837560664],[-68.663566667,-23.691221238],[-68.703774909,-23.563891792],[-68.686297877,-23.54161043],[-68.715480293,-23.387985275],[-68.676434706,-23.359207904],[-68.692904791,-23.305225079],[-68.616729351,-23.191659342],[-68.619919194,-23.145106903],[-68.665293833,-23.103793467],[-68.642490741,-23.071942704],[-68.592618355,-23.089287315],[-68.532361064,-23.083678053],[-68.529911277,-23.048306736],[-68.559895869,-22.963008045],[-68.488601575,-22.86581037]]]}}, {"type" : "Feature", "id" : "cuenca:026", "properties" : {"code": "cuenca:026", "name": "Endorreicas Salar Atacama-Vertiente Pacifico", "codigo": "026", "fuente": "dga_bna", "nombre": "Endorreicas Salar Atacama-Vertiente Pacifico", "region": "Región de Antofagasta"}, "geometry" : {"type":"Polygon","coordinates":[[[-69.124085004,-24.231047634],[-69.081104895,-24.217352762],[-69.135474621,-24.131615336],[-69.135403034,-24.039191322],[-69.117992232,-24.002454339],[-69.069641102,-23.979149521],[-69.059085855,-23.953498217],[-69.08744164,-23.858280935],[-69.139574695,-23.837260618],[-69.145408733,-23.801076444],[-69.16742266,-23.783219853],[-69.133467791,-23.656130995],[-69.14396099,-23.56798228],[-69.127356141,-23.51459148],[-69.133229515,-23.478618524],[-69.113825547,-23.45453466],[-69.059537774,-23.460539958],[-69.024497707,-23.344613618],[-69.00207091,-23.320353244],[-68.905620457,-23.300940277],[-68.822865524,-23.24510401],[-68.802324893,-23.20019927],[-68.817910697,-23.09990611],[-68.759854321,-23.08792739],[-68.66573478,-23.104905463],[-68.619919194,-23.145106903],[-68.616729351,-23.191659342],[-68.692904791,-23.305225079],[-68.676434706,-23.359207904],[-68.715480293,-23.387985275],[-68.686297877,-23.54161043],[-68.703774909,-23.563891792],[-68.663566667,-23.691221238],[-68.687940892,-23.77866884],[-68.696532029,-23.930941209],[-68.675703319,-24.016946674],[-68.679068765,-24.118693659],[-68.654499084,-24.161902418],[-68.658707295,-24.212101332],[-68.615147909,-24.251718801],[-68.580882896,-24.312767584],[-68.556289604,-24.313460889],[-68.533085158,-24.265804156],[-68.491370953,-24.232325904],[-68.511721188,-24.1493331],[-68.502246105,-24.085308292],[-68.460589993,-24.067207472],[-68.394294983,-24.121880775],[-68.383483357,-24.242277291],[-68.352216423,-24.293861091],[-68.297745923,-24.293271422],[-68.209263106,-24.242135659],[-68.11048136,-24.234622912],[-68.071695409,-24.308625885],[-68.095781013,-24.336627146],[-68.261103788,-24.401480712],[-68.310131475,-24.490298167],[-68.388479806,-24.484051963],[-68.435273824,-24.605052713],[-68.448559473,-24.600170997],[-68.465418361,-24.620876878],[-68.494009438,-24.599409434],[-68.492468615,-24.664220389],[-68.536422086,-24.71594783],[-68.567775063,-24.794918235],[-68.540873051,-24.809946878],[-68.516499532,-24.872128849],[-68.431600821,-24.902714929],[-68.438858127,-24.917742399],[-68.409200038,-24.97163104],[-68.407124753,-25.026700202],[-68.364392293,-25.049208183],[-68.36618284,-25.080768189],[-68.344309682,-25.108631228],[-68.410601975,-25.144308717],[-68.460924163,-25.126331093],[-68.507362947,-25.168060002],[-68.50728524,-25.218991335],[-68.549087655,-25.260827141],[-68.530497932,-25.290641579],[-68.559369144,-25.302497165],[-68.581993225,-25.287753231],[-68.605350188,-25.309553658],[-68.665525056,-25.31986162],[-68.68570875,-25.367956613],[-68.724820094,-25.388488648],[-68.753779708,-25.379834705],[-68.771028388,-25.398266409],[-68.818185609,-25.368252078],[-68.962520421,-25.390195109],[-68.975963239,-25.378729308],[-69.040377585,-25.382428198],[-69.064574442,-25.347733713],[-69.178333554,-25.283812622],[-69.196058796,-25.237842842],[-69.223084882,-25.23511341],[-69.219219392,-25.200035443],[-69.246158216,-25.174662255],[-69.242769844,-25.153947088],[-69.214822135,-25.139757945],[-69.210890126,-25.085940631],[-69.169913063,-25.009976514],[-69.160633719,-24.952667856],[-69.117555909,-24.917153249],[-69.113419717,-24.876002227],[-69.187825263,-24.636371633],[-69.192064286,-24.535919651],[-69.179768188,-24.405091104],[-69.135781184,-24.308091969],[-69.124085004,-24.231047634]]]}}, {"type" : "Feature", "id" : "cuenca:027", "properties" : {"code": "cuenca:027", "name": "Quebrada Caracoles", "codigo": "027", "fuente": "dga_bna", "nombre": "Quebrada Caracoles", "region": "Región de Antofagasta"}, "geometry" : {"type":"Polygon","coordinates":[[[-69.755298363,-22.73497328],[-69.670674067,-22.814864363],[-69.626850482,-22.835398739],[-69.563948589,-22.909149638],[-69.484602503,-22.952467716],[-69.361888675,-22.887268109],[-69.32301576,-22.821101482],[-69.292620406,-22.798594791],[-69.151332733,-22.778687432],[-69.103167741,-22.743951324],[-69.003064899,-22.754242179],[-68.926588533,-22.649435746],[-68.858472842,-22.621503218],[-68.815237318,-22.630980724],[-68.753966527,-22.684630203],[-68.731811604,-22.770625087],[-68.705366257,-22.790980445],[-68.488601575,-22.86581037],[-68.559895869,-22.963008045],[-68.529911277,-23.048306736],[-68.532361064,-23.083678053],[-68.592618355,-23.089287315],[-68.642490741,-23.071942704],[-68.66573478,-23.104905463],[-68.805426876,-23.090031586],[-68.824510745,-23.112157948],[-68.802324893,-23.20019927],[-68.835726096,-23.260419768],[-68.940219101,-23.314222082],[-68.991025794,-23.31219179],[-69.024497707,-23.344613618],[-69.059537774,-23.460539958],[-69.113825547,-23.45453466],[-69.133229515,-23.478618524],[-69.127356141,-23.51459148],[-69.14396099,-23.56798228],[-69.133467791,-23.656130995],[-69.167877433,-23.778125134],[-69.145408733,-23.801076444],[-69.139574695,-23.837260618],[-69.08744164,-23.858280935],[-69.059882984,-23.94847604],[-69.069641102,-23.979149521],[-69.122780912,-24.0079782],[-69.138800353,-24.063597268],[-69.135474621,-24.131615336],[-69.081104895,-24.217352762],[-69.120344165,-24.231055152],[-69.181048366,-24.217971238],[-69.26135238,-24.284720953],[-69.278517023,-24.331948542],[-69.383386749,-24.28549175],[-69.397975275,-24.247873691],[-69.493256777,-24.219867732],[-69.513775251,-24.177545549],[-69.603832593,-24.119806401],[-69.661310353,-24.060930948],[-69.804017789,-24.054363862],[-69.821392141,-23.992054109],[-69.853337833,-24.010579233],[-69.996744679,-23.999675728],[-70.019130261,-23.899923741],[-70.144065992,-23.919288188],[-70.192260656,-23.858943302],[-70.215433151,-23.780008073],[-70.265404403,-23.715916333],[-70.303388284,-23.703454538],[-70.350785069,-23.715840155],[-70.414105941,-23.674031753],[-70.409911287,-23.64600283],[-70.386072573,-23.638862255],[-70.316133523,-23.557086918],[-70.29137475,-23.493241652],[-70.29210686,-23.440873095],[-70.200446204,-23.366531272],[-70.074987819,-23.15021392],[-69.996358512,-23.068727527],[-69.975883002,-22.913733831],[-69.870164502,-22.869618423],[-69.855789009,-22.766736608],[-69.83437844,-22.73330189],[-69.755298363,-22.73497328]]]}}, {"type" : "Feature", "id" : "cuenca:028", "properties" : {"code": "cuenca:028", "name": "Quebrada la Negra", "codigo": "028", "fuente": "dga_bna", "nombre": "Quebrada la Negra", "region": "Región de Antofagasta"}, "geometry" : {"type":"Polygon","coordinates":[[[-70.42507298,-23.70268451],[-70.414105941,-23.674031753],[-70.350785069,-23.715840155],[-70.27996801,-23.706350226],[-70.215433151,-23.780008073],[-70.192260656,-23.858943302],[-70.144065992,-23.919288188],[-70.019130261,-23.899923741],[-69.996744679,-23.999675728],[-69.853337833,-24.010579233],[-69.821392141,-23.992054109],[-69.804017789,-24.054363862],[-69.661310353,-24.060930948],[-69.603832593,-24.119806401],[-69.513775251,-24.177545549],[-69.493256777,-24.219867732],[-69.397975275,-24.247873691],[-69.383386749,-24.28549175],[-69.308929803,-24.32644815],[-69.267748429,-24.327885626],[-69.26135238,-24.284720953],[-69.181048366,-24.217971238],[-69.124085004,-24.231047634],[-69.135781184,-24.308091969],[-69.179768188,-24.405091104],[-69.192064286,-24.535919651],[-69.184963442,-24.650337537],[-69.11300174,-24.879036964],[-69.125767005,-24.933311958],[-69.160633719,-24.952667856],[-69.219441907,-25.146740905],[-69.28531498,-25.145612743],[-69.412659106,-25.073501517],[-69.539438798,-25.056004704],[-69.60430081,-25.015239611],[-69.714234624,-25.004602074],[-69.804349354,-24.924634454],[-69.909543974,-24.901287197],[-69.961075537,-24.841613129],[-70.12080639,-24.777900338],[-70.142024581,-24.7428436],[-70.216491238,-24.71327186],[-70.225310484,-24.6865258],[-70.200464871,-24.622040135],[-70.122134385,-24.62939488],[-70.085752363,-24.61071189],[-70.048810353,-24.556592899],[-70.034435096,-24.452552447],[-70.075682262,-24.433512825],[-70.191898526,-24.437093859],[-70.208030102,-24.400745568],[-70.221100223,-24.403295639],[-70.220929352,-24.42320867],[-70.246585586,-24.415369028],[-70.356606864,-24.35379599],[-70.379326139,-24.307389339],[-70.397024148,-24.317946088],[-70.398019704,-24.277166764],[-70.377358964,-24.252531832],[-70.412627674,-24.20445791],[-70.399249481,-24.160925532],[-70.423053589,-24.114846236],[-70.414027416,-24.003687481],[-70.439028035,-23.976314664],[-70.348089046,-23.903989324],[-70.375823363,-23.759688945],[-70.394938513,-23.716699094],[-70.42507298,-23.70268451]]]}}, {"type" : "Feature", "id" : "cuenca:032", "properties" : {"code": "cuenca:032", "name": "Rio Salado", "codigo": "032", "fuente": "dga_bna", "nombre": "Rio Salado", "region": "Región de Atacama"}, "geometry" : {"type":"Polygon","coordinates":[[[-70.630532291,-26.319306233],[-70.544164323,-26.30235692],[-70.476510881,-26.310485276],[-70.454751147,-26.285241134],[-70.247441301,-26.26581009],[-70.207080589,-26.239359677],[-70.198919788,-26.174885686],[-70.075948944,-26.118255744],[-69.941310544,-26.106905059],[-69.781861332,-26.12667401],[-69.670459005,-26.111204048],[-69.614209148,-26.119942016],[-69.566123422,-26.1872617],[-69.539479346,-26.290968311],[-69.505539317,-26.267363489],[-69.457535369,-26.283691075],[-69.389829071,-26.214289383],[-69.376442385,-26.166677563],[-69.291327681,-26.106016821],[-69.286374101,-26.064667309],[-69.313880889,-26.01781927],[-69.307911171,-25.998215423],[-69.185126483,-26.078561994],[-69.235650001,-26.106294609],[-69.243369989,-26.16445379],[-69.292549089,-26.24373439],[-69.28673794,-26.343767009],[-69.309245721,-26.429311243],[-69.295026461,-26.467366898],[-69.22586868,-26.545629529],[-69.256494785,-26.592297547],[-69.262610783,-26.662182716],[-69.380298439,-26.667401457],[-69.405040101,-26.703474694],[-69.503885189,-26.717026103],[-69.528765833,-26.748151535],[-69.541904926,-26.810050322],[-69.56695316,-26.832784873],[-69.578442738,-26.895371935],[-69.617815744,-26.877351983],[-69.655220151,-26.883449078],[-69.655989651,-26.835216924],[-69.733925495,-26.798175309],[-69.76522497,-26.864528668],[-69.868405507,-26.882994983],[-69.876320796,-26.921418338],[-69.936633681,-26.913705054],[-69.952259392,-26.896334985],[-69.951236058,-26.860465497],[-69.996121896,-26.839370026],[-70.075557563,-26.708180143],[-70.064147531,-26.696168879],[-70.076040978,-26.657530459],[-70.1740232,-26.64443662],[-70.245695991,-26.594504614],[-70.270107224,-26.593629899],[-70.34300801,-26.524812771],[-70.453502531,-26.510928814],[-70.464055222,-26.480958862],[-70.556136963,-26.45021378],[-70.608871666,-26.404499575],[-70.630532291,-26.319306233]]]}}, {"type" : "Feature", "id" : "cuenca:033", "properties" : {"code": "cuenca:033", "name": "Costeras e Islas R.Salado-R.Copiapo", "codigo": "033", "fuente": "dga_bna", "nombre": "Costeras e Islas R.Salado-R.Copiapo", "region": "Región de Atacama"}, "geometry" : {"type":"MultiPolygon","coordinates":[[[[-72.206054207,-26.746322774],[-72.232883279,-26.72007798],[-72.20317479,-26.696009755],[-72.176857301,-26.72266605],[-72.206054207,-26.746322774]]],[[[-70.624598081,-26.362445872],[-70.608871666,-26.404499575],[-70.556136963,-26.45021378],[-70.464055222,-26.480958862],[-70.453502531,-26.510928814],[-70.34300801,-26.524812771],[-70.270107224,-26.593629899],[-70.245695991,-26.594504614],[-70.180381456,-26.641472551],[-70.076040978,-26.657530459],[-70.064147531,-26.696168879],[-70.075557563,-26.708180143],[-69.996121896,-26.839370026],[-69.949069762,-26.864425202],[-69.931644184,-27.000097115],[-69.987020131,-27.059387523],[-70.026348395,-27.07014212],[-70.077499577,-27.037446143],[-70.187708687,-27.038400877],[-70.187875231,-27.059604249],[-70.230751205,-27.087300719],[-70.221470003,-27.136899319],[-70.263212447,-27.194328925],[-70.346299088,-27.188618095],[-70.370173594,-27.207414878],[-70.383731869,-27.188253679],[-70.416471514,-27.190747538],[-70.436937186,-27.225814557],[-70.467589378,-27.238228409],[-70.530088008,-27.229020711],[-70.531824926,-27.242495845],[-70.581409638,-27.251864207],[-70.760226744,-27.233325931],[-70.783244495,-27.24064321],[-70.804686114,-27.299854852],[-70.906804164,-27.316129799],[-70.929962511,-27.307779665],[-70.953770537,-27.267870097],[-70.962449909,-27.247677178],[-70.946667392,-27.21692372],[-70.971518872,-27.167913501],[-70.933161255,-27.109061882],[-70.895398325,-27.141878035],[-70.875751503,-27.137584188],[-70.854139584,-27.114387194],[-70.8638491,-27.080584838],[-70.847141634,-27.091338113],[-70.842959913,-27.079686945],[-70.851736695,-27.050518542],[-70.82585075,-27.064305012],[-70.808794699,-27.053983489],[-70.825124292,-27.033979428],[-70.788886438,-26.990841355],[-70.810567694,-26.958577246],[-70.797953346,-26.940759286],[-70.817178899,-26.913282235],[-70.809259939,-26.904872619],[-70.832133916,-26.879468023],[-70.810782703,-26.865690046],[-70.820991753,-26.854448095],[-70.799310588,-26.83844296],[-70.780384405,-26.774345097],[-70.7389051,-26.756176113],[-70.755543264,-26.701308542],[-70.725910779,-26.685018436],[-70.704123172,-26.577316464],[-70.683274931,-26.570370267],[-70.709078782,-26.529443675],[-70.684986978,-26.46386304],[-70.697353952,-26.38898467],[-70.670006465,-26.388295417],[-70.651942018,-26.355683354],[-70.628100352,-26.347741799],[-70.624598081,-26.362445872]]]]}}, {"type" : "Feature", "id" : "cuenca:034", "properties" : {"code": "cuenca:034", "name": "Rio Copiapo", "codigo": "034", "fuente": "dga_bna", "nombre": "Rio Copiapo", "region": "Región de Atacama"}, "geometry" : {"type":"Polygon","coordinates":[[[-69.936633681,-26.913705054],[-69.876320796,-26.921418338],[-69.868405507,-26.882994983],[-69.76522497,-26.864528668],[-69.733925495,-26.798175309],[-69.655989651,-26.835216924],[-69.655220151,-26.883449078],[-69.617815744,-26.877351983],[-69.578442738,-26.895371935],[-69.56695316,-26.832784873],[-69.541904926,-26.810050322],[-69.528765833,-26.748151535],[-69.503885189,-26.717026103],[-69.405040101,-26.703474694],[-69.380298439,-26.667401457],[-69.262610783,-26.662182716],[-69.249871987,-26.727189761],[-69.176062154,-26.779892442],[-69.210973956,-26.799820528],[-69.207090911,-26.837655919],[-69.180659286,-26.864994398],[-69.216619509,-27.001588832],[-69.192189724,-27.015852903],[-69.222523425,-27.065138701],[-69.252598041,-27.170356216],[-69.174078002,-27.230507803],[-69.14325736,-27.290010188],[-69.242519035,-27.341481331],[-69.274076852,-27.378094046],[-69.31729972,-27.498323817],[-69.248731813,-27.534934918],[-69.218933765,-27.69683945],[-69.140245957,-27.704817912],[-69.118526512,-27.683226501],[-69.106164619,-27.717716828],[-69.083075275,-27.731138315],[-69.129081259,-27.873246933],[-69.126629163,-27.905638752],[-69.174326995,-27.972044259],[-69.236261633,-27.967880659],[-69.265859535,-28.017637692],[-69.260599459,-28.04169559],[-69.298855048,-28.06918588],[-69.30846842,-28.128759872],[-69.337784252,-28.166034526],[-69.38290788,-28.184953151],[-69.387803506,-28.222914562],[-69.457092455,-28.184021517],[-69.523967378,-28.327339458],[-69.583495448,-28.353265292],[-69.59926059,-28.390231788],[-69.62490046,-28.375078898],[-69.630497073,-28.393006321],[-69.651305485,-28.396654329],[-69.655302816,-28.41227755],[-69.633648668,-28.430495569],[-69.677249486,-28.470659445],[-69.649598384,-28.531566819],[-69.668594304,-28.555556],[-69.662822677,-28.582499727],[-69.69050493,-28.589988572],[-69.69730755,-28.612306386],[-69.701374421,-28.584264546],[-69.722891199,-28.577522096],[-69.729183271,-28.610112413],[-69.760264246,-28.635741933],[-69.795618322,-28.64041288],[-69.932919748,-28.608990116],[-69.962769792,-28.580409595],[-70.023672944,-28.574047562],[-70.009845266,-28.516396612],[-70.032607085,-28.368096437],[-70.052112251,-28.352089095],[-70.045000499,-28.263438091],[-70.080182115,-28.228342871],[-70.075438992,-28.2024173],[-70.089363081,-28.189012045],[-70.075690613,-28.13100657],[-70.042924002,-28.095196135],[-70.110792388,-28.082825848],[-70.100986316,-28.055858385],[-70.145423897,-27.98743428],[-70.186225492,-27.956449675],[-70.213086112,-27.861013517],[-70.280064563,-27.889431167],[-70.333119231,-27.831203464],[-70.327836643,-27.79180207],[-70.350712112,-27.754176912],[-70.336235537,-27.69958382],[-70.372207372,-27.676987495],[-70.335419333,-27.670866244],[-70.37668675,-27.591678577],[-70.454561572,-27.586263242],[-70.491288734,-27.546480252],[-70.492888708,-27.485872071],[-70.522588802,-27.469795638],[-70.641834889,-27.514137108],[-70.683391957,-27.462650913],[-70.675446584,-27.438143113],[-70.731318795,-27.403190551],[-70.853927813,-27.433472995],[-70.877230293,-27.421058498],[-70.897154178,-27.369355417],[-70.943166967,-27.33599813],[-70.929962511,-27.307779665],[-70.879101577,-27.319605179],[-70.804686114,-27.299854852],[-70.783244495,-27.24064321],[-70.760226744,-27.233325931],[-70.581409638,-27.251864207],[-70.531824926,-27.242495845],[-70.530088008,-27.229020711],[-70.467589378,-27.238228409],[-70.436937186,-27.225814557],[-70.416471514,-27.190747538],[-70.383731869,-27.188253679],[-70.370173594,-27.207414878],[-70.346299088,-27.188618095],[-70.263212447,-27.194328925],[-70.221470003,-27.136899319],[-70.230751205,-27.087300719],[-70.187875231,-27.059604249],[-70.187708687,-27.038400877],[-70.114542655,-27.03037368],[-70.026348395,-27.07014212],[-69.987020131,-27.059387523],[-69.931644184,-27.000097115],[-69.936633681,-26.913705054]]]}}, {"type" : "Feature", "id" : "cuenca:035", "properties" : {"code": "cuenca:035", "name": "Costeras entre R.Copiapo y Q.Totoral", "codigo": "035", "fuente": "dga_bna", "nombre": "Costeras entre R.Copiapo y Q.Totoral", "region": "Región de Atacama"}, "geometry" : {"type":"Polygon","coordinates":[[[-70.943166967,-27.33599813],[-70.897154178,-27.369355417],[-70.877230293,-27.421058498],[-70.853927813,-27.433472995],[-70.731318795,-27.403190551],[-70.682471936,-27.430779363],[-70.683391957,-27.462650913],[-70.641834889,-27.514137108],[-70.559407439,-27.491077156],[-70.542330565,-27.468838238],[-70.505418895,-27.478787141],[-70.492888708,-27.485872071],[-70.481631317,-27.559770385],[-70.454561572,-27.586263242],[-70.37668675,-27.591678577],[-70.335419333,-27.670866244],[-70.458787972,-27.699547413],[-70.51640312,-27.744579995],[-70.541511019,-27.78818894],[-70.565376511,-27.795529045],[-70.654648159,-27.787286542],[-70.684471405,-27.817029378],[-70.746440196,-27.825473876],[-70.808532452,-27.805235046],[-70.859126148,-27.837724077],[-70.942555907,-27.831512198],[-71.017552601,-27.79946544],[-71.085201214,-27.827810881],[-71.082346353,-27.783194613],[-71.033759636,-27.729719433],[-71.035951048,-27.66088674],[-70.995732805,-27.687831932],[-70.971792599,-27.661083567],[-70.935775728,-27.660021113],[-70.9350567,-27.640014676],[-70.912190102,-27.640349989],[-70.89842155,-27.620621699],[-70.906599308,-27.554376377],[-70.898401196,-27.51124175],[-70.882128577,-27.504522777],[-70.945187538,-27.37970001],[-70.963827479,-27.370811195],[-70.943166967,-27.33599813]]]}}, {"type" : "Feature", "id" : "cuenca:036", "properties" : {"code": "cuenca:036", "name": "Q.Totoral y Costeras hasta Q.Carrizal", "codigo": "036", "fuente": "dga_bna", "nombre": "Q.Totoral y Costeras hasta Q.Carrizal", "region": "Región de Atacama"}, "geometry" : {"type":"Polygon","coordinates":[[[-71.085201214,-27.827810881],[-71.017552601,-27.79946544],[-70.927219252,-27.834046481],[-70.859126148,-27.837724077],[-70.790435337,-27.802934881],[-70.761620952,-27.82359333],[-70.69692744,-27.820098792],[-70.654648159,-27.787286542],[-70.541511019,-27.78818894],[-70.501898771,-27.729074269],[-70.431658818,-27.688534721],[-70.372207372,-27.676987495],[-70.336235537,-27.69958382],[-70.350712112,-27.754176912],[-70.310832024,-27.864108761],[-70.280064563,-27.889431167],[-70.213086112,-27.861013517],[-70.186225492,-27.956449675],[-70.145423897,-27.98743428],[-70.100986316,-28.055858385],[-70.110792388,-28.082825848],[-70.042924002,-28.095196135],[-70.075690613,-28.13100657],[-70.089363081,-28.189012045],[-70.075438992,-28.2024173],[-70.080182115,-28.228342871],[-70.045000499,-28.263438091],[-70.053001045,-28.345321952],[-70.023856458,-28.4057005],[-70.016213783,-28.594952529],[-70.047599089,-28.605778932],[-70.068071263,-28.638435473],[-70.124759654,-28.576839439],[-70.155809994,-28.574394385],[-70.228866789,-28.654048787],[-70.311340758,-28.711030032],[-70.324605128,-28.673145464],[-70.352001752,-28.667243184],[-70.383430631,-28.62991069],[-70.424581472,-28.669265101],[-70.45372501,-28.631534809],[-70.435592344,-28.517989329],[-70.525065404,-28.452357294],[-70.542408362,-28.428562286],[-70.559079928,-28.334515477],[-70.580737957,-28.326987808],[-70.57996787,-28.274874281],[-70.548436655,-28.229032424],[-70.561495395,-28.208316198],[-70.756823299,-28.073738607],[-70.860828585,-28.087483425],[-70.891457518,-28.069539568],[-70.981386866,-28.061223002],[-71.063146015,-28.085325352],[-71.112534235,-28.058951412],[-71.14728428,-28.060559768],[-71.140984567,-27.95163629],[-71.103586306,-27.890734493],[-71.110518424,-27.856762374],[-71.085201214,-27.827810881]]]}}, {"type" : "Feature", "id" : "cuenca:037", "properties" : {"code": "cuenca:037", "name": "Quebrada Carrizal y Costeras hasta R. Huasco", "codigo": "037", "fuente": "dga_bna", "nombre": "Quebrada Carrizal y Costeras hasta R. Huasco", "region": "Región de Atacama"}, "geometry" : {"type":"Polygon","coordinates":[[[-71.161284189,-28.361407995],[-71.162967801,-28.338083821],[-71.197522388,-28.301493732],[-71.180846334,-28.29755647],[-71.15417443,-28.231343965],[-71.167045487,-28.127229226],[-71.184563926,-28.118469261],[-71.178774815,-28.10013592],[-71.143204486,-28.083290351],[-71.14728428,-28.060559768],[-71.112534235,-28.058951412],[-71.063146015,-28.085325352],[-70.981386866,-28.061223002],[-70.891457518,-28.069539568],[-70.860828585,-28.087483425],[-70.783887148,-28.068015386],[-70.722731014,-28.088903559],[-70.552392156,-28.216591861],[-70.55210655,-28.240822463],[-70.57996787,-28.274874281],[-70.580737957,-28.326987808],[-70.559079928,-28.334515477],[-70.542408362,-28.428562286],[-70.496815551,-28.472457769],[-70.501328113,-28.487998218],[-70.584182097,-28.50469636],[-70.589133709,-28.521581982],[-70.683322055,-28.431964401],[-70.73126338,-28.445422766],[-70.77373297,-28.483494233],[-70.822893284,-28.433361215],[-70.897624325,-28.462645985],[-71.028479435,-28.427808518],[-71.107873693,-28.440993967],[-71.14275311,-28.411706343],[-71.198490165,-28.415712625],[-71.192243025,-28.381404619],[-71.161284189,-28.361407995]]]}}, {"type" : "Feature", "id" : "cuenca:038", "properties" : {"code": "cuenca:038", "name": "Rio Huasco", "codigo": "038", "fuente": "dga_bna", "nombre": "Rio Huasco", "region": "Región de Atacama"}, "geometry" : {"type":"Polygon","coordinates":[[[-71.226062279,-28.458708968],[-71.207881006,-28.451385623],[-71.198889033,-28.415954311],[-71.148149952,-28.410777648],[-71.107873693,-28.440993967],[-71.028479435,-28.427808518],[-70.897624325,-28.462645985],[-70.822893284,-28.433361215],[-70.77373297,-28.483494233],[-70.73126338,-28.445422766],[-70.683322055,-28.431964401],[-70.589133709,-28.521581982],[-70.579051511,-28.501985551],[-70.501328113,-28.487998218],[-70.496418409,-28.466108725],[-70.435592344,-28.517989329],[-70.453058175,-28.583088559],[-70.441585546,-28.654487809],[-70.424581472,-28.669265101],[-70.377419251,-28.632331906],[-70.352001752,-28.667243184],[-70.324605128,-28.673145464],[-70.311340758,-28.711030032],[-70.140418823,-28.570603109],[-70.068071263,-28.638435473],[-70.047599089,-28.605778932],[-70.016213783,-28.594952529],[-70.014625029,-28.577491056],[-69.962769792,-28.580409595],[-69.932919748,-28.608990116],[-69.806829114,-28.641158906],[-69.760264246,-28.635741933],[-69.721278481,-28.600785852],[-69.722891199,-28.577522096],[-69.701374421,-28.584264546],[-69.69859908,-28.626826863],[-69.731312144,-28.699862328],[-69.694196595,-28.771126273],[-69.767386242,-28.909064175],[-69.754540797,-28.955653585],[-69.78677092,-29.027752406],[-69.786639273,-29.126488408],[-69.881343289,-29.140086545],[-69.922983198,-29.185427004],[-69.951013581,-29.187144108],[-69.936959383,-29.24927955],[-69.987001601,-29.275930322],[-70.022830645,-29.32480861],[-70.009622089,-29.353859818],[-70.024883377,-29.36333647],[-70.017833357,-29.38441745],[-69.9740149,-29.409309431],[-69.981098963,-29.451185016],[-69.956255569,-29.464478271],[-69.948469224,-29.491011637],[-69.95645038,-29.535616075],[-69.932651405,-29.583930032],[-69.942955946,-29.652134676],[-69.910666499,-29.698077024],[-69.895087509,-29.691839195],[-69.881655138,-29.706268743],[-69.885950714,-29.724320036],[-70.105972887,-29.738596493],[-70.183004941,-29.701871466],[-70.233093723,-29.711268465],[-70.277764258,-29.680620359],[-70.309004036,-29.628555981],[-70.330729105,-29.626936635],[-70.421289602,-29.540287613],[-70.447102445,-29.481062821],[-70.449107152,-29.392785508],[-70.477690879,-29.369754704],[-70.45011181,-29.327618858],[-70.48541637,-29.284566538],[-70.467303208,-29.241226864],[-70.498649054,-29.214953917],[-70.495519992,-29.165042011],[-70.543275618,-29.101126116],[-70.536799884,-29.061973671],[-70.551077164,-29.045688289],[-70.499864745,-28.992328888],[-70.523126233,-28.946586138],[-70.516432166,-28.900431153],[-70.585295781,-28.863289579],[-70.61110404,-28.880999977],[-70.604090258,-28.90126574],[-70.67188429,-28.917536885],[-70.701641673,-28.8863346],[-70.704013483,-28.856029967],[-70.748570976,-28.816774988],[-70.795181845,-28.84462777],[-70.850618677,-28.847108791],[-70.870860961,-28.833853909],[-70.892393648,-28.751973547],[-70.917657264,-28.736746948],[-70.958038482,-28.778843222],[-70.992679894,-28.784079685],[-71.010247163,-28.742232145],[-71.073104929,-28.736901975],[-71.09606371,-28.714811936],[-71.063731226,-28.656574277],[-71.070601765,-28.616190736],[-71.143305824,-28.612525052],[-71.217567597,-28.576967886],[-71.236699802,-28.54623423],[-71.226062279,-28.458708968]]]}}, {"type" : "Feature", "id" : "cuenca:039", "properties" : {"code": "cuenca:039", "name": "Costeras e Islas entre R.Huasco y Cuarta Region", "codigo": "039", "fuente": "dga_bna", "nombre": "Costeras e Islas entre R.Huasco y Cuarta Region", "region": "Región de Atacama"}, "geometry" : {"type":"MultiPolygon","coordinates":[[[[-71.662826504,-28.965636204],[-71.651783452,-28.956351264],[-71.622083016,-28.956933658],[-71.649748974,-28.982524038],[-71.662826504,-28.965636204]]],[[[-71.333998539,-28.720117034],[-71.279276438,-28.63620524],[-71.315452644,-28.567347521],[-71.259240519,-28.541345155],[-71.257252286,-28.508509201],[-71.274125066,-28.503599255],[-71.251309629,-28.483200257],[-71.266051818,-28.478344764],[-71.257493868,-28.460631471],[-71.239298553,-28.470288782],[-71.226062279,-28.458708968],[-71.236699802,-28.54623423],[-71.217567597,-28.576967886],[-71.143305824,-28.612525052],[-71.070601765,-28.616190736],[-71.063731226,-28.656574277],[-71.09606371,-28.714811936],[-71.073104929,-28.736901975],[-71.010247163,-28.742232145],[-70.992679894,-28.784079685],[-70.958038482,-28.778843222],[-70.917657264,-28.736746948],[-70.892393648,-28.751973547],[-70.870860961,-28.833853909],[-70.850618677,-28.847108791],[-70.795181845,-28.84462777],[-70.748570976,-28.816774988],[-70.704013483,-28.856029967],[-70.701641673,-28.8863346],[-70.67188429,-28.917536885],[-70.604090258,-28.90126574],[-70.61110404,-28.880999977],[-70.585295781,-28.863289579],[-70.532825222,-28.886402606],[-70.516432166,-28.900431153],[-70.523126233,-28.946586138],[-70.499864745,-28.992328888],[-70.532338429,-29.037087047],[-70.571907187,-29.052398932],[-70.609053867,-29.037845719],[-70.71787303,-29.058361772],[-70.728831747,-29.101578628],[-70.818818293,-29.146234956],[-70.952535843,-29.128342028],[-70.973712303,-29.150665254],[-71.029962802,-29.154178001],[-71.063339241,-29.176323241],[-71.108864211,-29.16385335],[-71.205763673,-29.186019984],[-71.27769066,-29.184553626],[-71.36061287,-29.140373157],[-71.402817099,-29.182040953],[-71.500302634,-29.183935821],[-71.489287262,-29.17265747],[-71.504555717,-29.143812368],[-71.463206118,-29.105815396],[-71.471152427,-29.087022477],[-71.502717192,-29.077407079],[-71.479979621,-29.055980222],[-71.502850371,-29.020472647],[-71.493038734,-28.983045954],[-71.526564318,-28.986289964],[-71.506385233,-28.956681539],[-71.517044117,-28.904403408],[-71.484772817,-28.848989468],[-71.380094162,-28.794681775],[-71.365976784,-28.741303999],[-71.333998539,-28.720117034]]]]}}, {"type" : "Feature", "id" : "cuenca:040", "properties" : {"code": "cuenca:040", "name": "Costeras e Islas entre Tercera Region y Q. Los Choros", "codigo": "040", "fuente": "dga_bna", "nombre": "Costeras e Islas entre Tercera Region y Q. Los Choros", "region": "Región de Coquimbo"}, "geometry" : {"type":"MultiPolygon","coordinates":[[[[-71.55088257,-29.283065803],[-71.5466551,-29.254830624],[-71.535561372,-29.248510591],[-71.54100358,-29.281359804],[-71.55088257,-29.283065803]]],[[[-71.529137459,-29.227677087],[-71.521497226,-29.2358048],[-71.521734084,-29.239886751],[-71.533485154,-29.234134821],[-71.529137459,-29.227677087]]],[[[-71.470579381,-29.254887681],[-71.475428235,-29.264567614],[-71.488387656,-29.265319159],[-71.483606068,-29.25524158],[-71.470579381,-29.254887681]]],[[[-71.439720513,-29.181454527],[-71.402817099,-29.182040953],[-71.353250142,-29.141359739],[-71.277372621,-29.184554527],[-71.269408293,-29.215968067],[-71.289254192,-29.251829043],[-71.373660612,-29.300514849],[-71.471923875,-29.24894507],[-71.466021584,-29.226555761],[-71.500361655,-29.184024927],[-71.439720513,-29.181454527]]]]}}, {"type" : "Feature", "id" : "cuenca:041", "properties" : {"code": "cuenca:041", "name": "Rio los Choros", "codigo": "041", "fuente": "dga_bna", "nombre": "Rio los Choros", "region": "Región de Coquimbo"}, "geometry" : {"type":"Polygon","coordinates":[[[-70.7179666,-29.082020093],[-70.729685475,-29.068938954],[-70.689577852,-29.04869573],[-70.652024682,-29.055028417],[-70.607555525,-29.03783659],[-70.593461685,-29.054103002],[-70.547759988,-29.048510438],[-70.543275618,-29.101126116],[-70.495519992,-29.165042011],[-70.498649054,-29.214953917],[-70.467303208,-29.241226864],[-70.48541637,-29.284566538],[-70.45011181,-29.327618858],[-70.475354997,-29.37357501],[-70.501757382,-29.35681672],[-70.53965029,-29.381840049],[-70.548505537,-29.407833329],[-70.524847648,-29.451743645],[-70.541250953,-29.469087194],[-70.527174194,-29.496635482],[-70.559977013,-29.563996906],[-70.552675038,-29.594639588],[-70.581795401,-29.629255771],[-70.575097641,-29.695930171],[-70.597686433,-29.716019911],[-70.616738342,-29.694742685],[-70.675309412,-29.687495824],[-70.726954137,-29.62139536],[-70.820801793,-29.623920761],[-70.850783974,-29.596226376],[-70.848476032,-29.550500894],[-70.873375999,-29.555091864],[-70.890532498,-29.539596355],[-70.988270441,-29.600467489],[-71.014962962,-29.580410339],[-71.012749011,-29.547775015],[-71.054950091,-29.510675516],[-71.139770315,-29.513180533],[-71.150200807,-29.534127527],[-71.180135247,-29.532548095],[-71.21308792,-29.554931425],[-71.269210691,-29.551435786],[-71.271167195,-29.408494664],[-71.31857767,-29.368349387],[-71.287081659,-29.340674269],[-71.287912622,-29.322026119],[-71.315875414,-29.304497797],[-71.358178953,-29.314167781],[-71.373660612,-29.300514849],[-71.289254192,-29.251829043],[-71.269408293,-29.215968067],[-71.277372621,-29.184554527],[-71.202176443,-29.185970792],[-71.108864211,-29.16385335],[-71.063339241,-29.176323241],[-71.029962802,-29.154178001],[-70.973712303,-29.150665254],[-70.952535843,-29.128342028],[-70.818818293,-29.146234956],[-70.731755207,-29.10388699],[-70.7179666,-29.082020093]]]}}, {"type" : "Feature", "id" : "cuenca:042", "properties" : {"code": "cuenca:042", "name": "Costeras entrre R. Los Choros y R. Elqui", "codigo": "042", "fuente": "dga_bna", "nombre": "Costeras entrre R. Los Choros y R. Elqui", "region": "Región de Coquimbo"}, "geometry" : {"type":"Polygon","coordinates":[[[-71.33100934,-29.5069874],[-71.337802516,-29.490206057],[-71.31130837,-29.478373253],[-71.319279787,-29.450142352],[-71.304920452,-29.449543812],[-71.311493387,-29.417611686],[-71.325967827,-29.421933458],[-71.326521524,-29.403457236],[-71.34232945,-29.400708407],[-71.330296074,-29.347071254],[-71.358178953,-29.314167781],[-71.323024582,-29.303561656],[-71.287912622,-29.322026119],[-71.287081659,-29.340674269],[-71.31857767,-29.368349387],[-71.271167195,-29.408494664],[-71.269210691,-29.551435786],[-71.21308792,-29.554931425],[-71.180135247,-29.532548095],[-71.150200807,-29.534127527],[-71.139770315,-29.513180533],[-71.054950091,-29.510675516],[-71.012156448,-29.554825731],[-71.099591654,-29.594512472],[-71.102272905,-29.612576695],[-71.150786499,-29.621199473],[-71.18680873,-29.654264971],[-71.287039857,-29.693168189],[-71.321032616,-29.646059944],[-71.288028702,-29.613634398],[-71.335946349,-29.555181707],[-71.33100934,-29.5069874]]]}}, {"type" : "Feature", "id" : "cuenca:043", "properties" : {"code": "cuenca:043", "name": "Rio Elqui", "codigo": "043", "fuente": "dga_bna", "nombre": "Rio Elqui", "region": "Región de Coquimbo"}, "geometry" : {"type":"Polygon","coordinates":[[[-71.314923752,-29.653094936],[-71.281730862,-29.692073501],[-71.18680873,-29.654264971],[-71.150786499,-29.621199473],[-71.102272905,-29.612576695],[-71.099591654,-29.594512472],[-71.071063172,-29.579546917],[-71.027199044,-29.562955895],[-70.978399036,-29.598467772],[-70.890532498,-29.539596355],[-70.873375999,-29.555091864],[-70.848476032,-29.550500894],[-70.850783974,-29.596226376],[-70.820801793,-29.623920761],[-70.726954137,-29.62139536],[-70.675309412,-29.687495824],[-70.616738342,-29.694742685],[-70.597686433,-29.716019911],[-70.575097641,-29.695930171],[-70.581795401,-29.629255771],[-70.552675038,-29.594639588],[-70.559977013,-29.563996906],[-70.527174194,-29.496635482],[-70.541250953,-29.469087194],[-70.524847648,-29.451743645],[-70.548505537,-29.407833329],[-70.532143806,-29.371937494],[-70.493676128,-29.357548134],[-70.449107152,-29.392785508],[-70.447102445,-29.481062821],[-70.421289602,-29.540287613],[-70.330729105,-29.626936635],[-70.309004036,-29.628555981],[-70.257505755,-29.697318445],[-70.225042197,-29.712042531],[-70.183004941,-29.701871466],[-70.105972887,-29.738596493],[-69.993724057,-29.74034417],[-69.933478606,-29.721877306],[-69.8796812,-29.730033538],[-69.914022018,-29.803112532],[-69.89201362,-29.819397888],[-69.896861885,-29.851941752],[-69.877290869,-29.861692817],[-69.910923397,-29.930091907],[-69.895597299,-29.940583393],[-69.92479102,-29.992746918],[-69.918903216,-30.029036534],[-69.965106383,-30.085401196],[-69.943322767,-30.095160472],[-69.938132718,-30.118424359],[-69.867683372,-30.110561756],[-69.849735974,-30.130540203],[-69.819198788,-30.12964239],[-69.810217616,-30.153195827],[-69.829171885,-30.161794312],[-69.819513245,-30.177971225],[-69.835318232,-30.217042978],[-69.886295268,-30.222970551],[-69.880867138,-30.261068194],[-69.908312088,-30.312070427],[-69.892843515,-30.350652447],[-69.925029169,-30.34969781],[-69.953647676,-30.383951895],[-69.991444896,-30.378491268],[-70.024053769,-30.395834837],[-70.063586305,-30.393723357],[-70.105610125,-30.351164835],[-70.144402837,-30.338731208],[-70.15497835,-30.361520453],[-70.123608314,-30.437595596],[-70.206314118,-30.501347273],[-70.291167127,-30.467773532],[-70.318888384,-30.420470603],[-70.350656898,-30.412224021],[-70.366813236,-30.434621176],[-70.410298034,-30.445693688],[-70.455601167,-30.399403351],[-70.491763079,-30.397010413],[-70.485998479,-30.353746373],[-70.532306678,-30.321484872],[-70.542697998,-30.259225964],[-70.571579585,-30.207428156],[-70.5896446,-30.23797643],[-70.658982773,-30.203152828],[-70.709871943,-30.245258939],[-70.776073872,-30.236506455],[-70.828824939,-30.259106353],[-70.845244333,-30.240444714],[-70.907749125,-30.229909813],[-70.905003718,-30.214261265],[-70.933091774,-30.223899921],[-70.93488464,-30.239259579],[-71.040585039,-30.269261256],[-71.133799497,-30.26418926],[-71.138261205,-30.227699134],[-71.042849629,-30.210024516],[-71.014374291,-30.189842582],[-71.075519834,-30.135064109],[-71.124797313,-30.114100005],[-71.113426523,-30.071103804],[-71.149358854,-30.089185608],[-71.145584168,-30.023046012],[-71.209340262,-29.969411903],[-71.219277956,-29.923720313],[-71.275615379,-29.89967978],[-71.282569982,-29.834329481],[-71.311412284,-29.8214421],[-71.321010718,-29.775980073],[-71.344896151,-29.756948607],[-71.327099776,-29.733068938],[-71.314923752,-29.653094936]]]}}, {"type" : "Feature", "id" : "cuenca:044", "properties" : {"code": "cuenca:044", "name": "Costeras entre Elqui y Limari", "codigo": "044", "fuente": "dga_bna", "nombre": "Costeras entre Elqui y Limari", "region": "Región de Coquimbo"}, "geometry" : {"type":"Polygon","coordinates":[[[-71.330501823,-29.960296246],[-71.290208716,-29.942564635],[-71.275615379,-29.89967978],[-71.219277956,-29.923720313],[-71.209340262,-29.969411903],[-71.145584168,-30.023046012],[-71.149358854,-30.089185608],[-71.113426523,-30.071103804],[-71.124797313,-30.114100005],[-71.075519834,-30.135064109],[-71.014374291,-30.189842582],[-71.042849629,-30.210024516],[-71.138261205,-30.227699134],[-71.139762281,-30.252599349],[-71.214352193,-30.257917264],[-71.219794863,-30.315155519],[-71.294873227,-30.330371346],[-71.283264158,-30.411464198],[-71.32261114,-30.409268162],[-71.338972155,-30.45315629],[-71.365017719,-30.473509136],[-71.343402888,-30.561144892],[-71.364642849,-30.558086353],[-71.425948651,-30.609605606],[-71.485925614,-30.590659465],[-71.555715272,-30.599439938],[-71.602050316,-30.584460437],[-71.667206098,-30.604839929],[-71.685173246,-30.642244865],[-71.677717342,-30.701822649],[-71.711034268,-30.724777447],[-71.699798203,-30.694195445],[-71.71801432,-30.602078729],[-71.692735893,-30.528362605],[-71.690513335,-30.404561939],[-71.670656222,-30.365782225],[-71.682591883,-30.347716143],[-71.654460037,-30.273404798],[-71.62801273,-30.237338329],[-71.604186058,-30.299425554],[-71.531999224,-30.294249563],[-71.496615478,-30.268610113],[-71.508141577,-30.251126034],[-71.480631929,-30.244984498],[-71.480195793,-30.200308475],[-71.457683155,-30.192082444],[-71.448965234,-30.166574706],[-71.429880511,-30.19566758],[-71.392811141,-30.181114462],[-71.373676247,-30.146247176],[-71.386632941,-30.099711119],[-71.372333336,-30.078898672],[-71.394099698,-30.042593984],[-71.388006638,-30.024104805],[-71.418467414,-30.000077445],[-71.389324748,-29.994169268],[-71.372961068,-29.968179683],[-71.354412942,-29.981655564],[-71.365584382,-29.952688875],[-71.346880556,-29.936182002],[-71.330501823,-29.960296246]]]}}, {"type" : "Feature", "id" : "cuenca:045", "properties" : {"code": "cuenca:045", "name": "Rio Limari", "codigo": "045", "fuente": "dga_bna", "nombre": "Rio Limari", "region": "Región de Coquimbo"}, "geometry" : {"type":"Polygon","coordinates":[[[-71.139762281,-30.252599349],[-71.133799497,-30.26418926],[-71.040585039,-30.269261256],[-70.93488464,-30.239259579],[-70.933091774,-30.223899921],[-70.905003718,-30.214261265],[-70.907749125,-30.229909813],[-70.845244333,-30.240444714],[-70.828824939,-30.259106353],[-70.776073872,-30.236506455],[-70.709871943,-30.245258939],[-70.658982773,-30.203152828],[-70.5896446,-30.23797643],[-70.571579585,-30.207428156],[-70.542697998,-30.259225964],[-70.532306678,-30.321484872],[-70.485998479,-30.353746373],[-70.491763079,-30.397010413],[-70.455601167,-30.399403351],[-70.410298034,-30.445693688],[-70.366813236,-30.434621176],[-70.350656898,-30.412224021],[-70.318888384,-30.420470603],[-70.291167127,-30.467773532],[-70.184301992,-30.506353705],[-70.250125803,-30.642890117],[-70.248061761,-30.727124669],[-70.291984337,-30.789272805],[-70.28437947,-30.838212221],[-70.324679158,-30.928540256],[-70.298229047,-30.964941345],[-70.298462546,-31.020062603],[-70.280478693,-31.018401788],[-70.270344578,-31.039604054],[-70.319142152,-31.040368463],[-70.369765391,-31.106465791],[-70.372261442,-31.151249312],[-70.401918577,-31.164895087],[-70.43280335,-31.102496567],[-70.458138975,-31.085856542],[-70.515422154,-31.16484496],[-70.516948174,-31.229788632],[-70.544453481,-31.304786986],[-70.595135213,-31.281109941],[-70.689982549,-31.341012398],[-70.745123399,-31.35241597],[-70.759311876,-31.329422857],[-70.809631614,-31.381253352],[-70.80479242,-31.408337453],[-70.842232899,-31.434567704],[-70.894052183,-31.403486435],[-70.890517481,-31.353548936],[-70.908386412,-31.351940352],[-70.920749463,-31.321367014],[-70.982795097,-31.330277876],[-71.027005869,-31.382344225],[-71.047124126,-31.382687524],[-71.084347155,-31.344529804],[-71.137096578,-31.205976986],[-71.221585435,-31.18508118],[-71.284281942,-31.188975466],[-71.295302182,-31.141193305],[-71.273701261,-31.133229096],[-71.274293387,-30.991914381],[-71.320399135,-30.960892233],[-71.315826965,-30.946254421],[-71.358965135,-30.893057654],[-71.376332814,-30.880752922],[-71.387228622,-30.898306965],[-71.4182884,-30.894031992],[-71.468807228,-30.917167528],[-71.549586883,-30.852697554],[-71.563265422,-30.785006679],[-71.586177824,-30.758685342],[-71.661513576,-30.776735579],[-71.710952645,-30.726330331],[-71.677717342,-30.701822649],[-71.685173246,-30.642244865],[-71.667206098,-30.604839929],[-71.602050316,-30.584460437],[-71.555715272,-30.599439938],[-71.485925614,-30.590659465],[-71.425948651,-30.609605606],[-71.364642849,-30.558086353],[-71.343402888,-30.561144892],[-71.365017719,-30.473509136],[-71.338972155,-30.45315629],[-71.32261114,-30.409268162],[-71.283264158,-30.411464198],[-71.294873227,-30.330371346],[-71.219794863,-30.315155519],[-71.214352193,-30.257917264],[-71.139762281,-30.252599349]]]}}, {"type" : "Feature", "id" : "cuenca:046", "properties" : {"code": "cuenca:046", "name": "Costeras entre R.Limari y R.Choapa", "codigo": "046", "fuente": "dga_bna", "nombre": "Costeras entre R.Limari y R.Choapa", "region": "Región de Coquimbo"}, "geometry" : {"type":"Polygon","coordinates":[[[-71.703043445,-30.801763474],[-71.705309715,-30.745319318],[-71.682749789,-30.745449813],[-71.661513576,-30.776735579],[-71.586177824,-30.758685342],[-71.563265422,-30.785006679],[-71.549586883,-30.852697554],[-71.520491964,-30.88426565],[-71.468807228,-30.917167528],[-71.4182884,-30.894031992],[-71.387228622,-30.898306965],[-71.376332814,-30.880752922],[-71.319621978,-30.940066603],[-71.320399135,-30.960892233],[-71.276886431,-30.985640646],[-71.269492272,-31.020563933],[-71.282687418,-31.13981663],[-71.426097925,-31.15750945],[-71.438934781,-31.175367758],[-71.463022161,-31.159712196],[-71.484573506,-31.165426186],[-71.491953288,-31.235015985],[-71.524648053,-31.29392711],[-71.502095426,-31.332160761],[-71.518912211,-31.363820069],[-71.50169983,-31.375556386],[-71.530647712,-31.40605641],[-71.550127978,-31.465190498],[-71.50139155,-31.569244894],[-71.569758799,-31.612364745],[-71.582360303,-31.592343126],[-71.570778861,-31.49955572],[-71.59882985,-31.439253386],[-71.592869171,-31.422753871],[-71.617953602,-31.393494087],[-71.632497935,-31.255498949],[-71.66692902,-31.166844276],[-71.651903717,-31.108112477],[-71.663797856,-31.031978352],[-71.646204794,-31.01036269],[-71.652375294,-30.969535999],[-71.684386697,-30.922078417],[-71.682219167,-30.868536125],[-71.703043445,-30.801763474]]]}}, {"type" : "Feature", "id" : "cuenca:047", "properties" : {"code": "cuenca:047", "name": "Rio Choapa", "codigo": "047", "fuente": "dga_bna", "nombre": "Rio Choapa", "region": "Región de Coquimbo"}, "geometry" : {"type":"Polygon","coordinates":[[[-71.295302182,-31.141193305],[-71.284281942,-31.188975466],[-71.221585435,-31.18508118],[-71.137096578,-31.205976986],[-71.121590457,-31.227935263],[-71.124670231,-31.263710726],[-71.098738097,-31.283597079],[-71.084347155,-31.344529804],[-71.051040747,-31.381217845],[-71.030218882,-31.384760302],[-70.982795097,-31.330277876],[-70.924047176,-31.320514831],[-70.908386412,-31.351940352],[-70.890517481,-31.353548936],[-70.894052183,-31.403486435],[-70.845326616,-31.434004514],[-70.80479242,-31.408337453],[-70.809631614,-31.381253352],[-70.759311876,-31.329422857],[-70.745123399,-31.35241597],[-70.689982549,-31.341012398],[-70.595135213,-31.281109941],[-70.544453481,-31.304786986],[-70.527142289,-31.364153731],[-70.533795316,-31.408484323],[-70.560148695,-31.422067344],[-70.549056532,-31.44513285],[-70.568140546,-31.470393285],[-70.555331423,-31.512667348],[-70.56755998,-31.59567026],[-70.512692495,-31.651601223],[-70.511610902,-31.674291809],[-70.468631562,-31.696416307],[-70.450276806,-31.809293483],[-70.458229696,-31.843083514],[-70.391326445,-31.878778463],[-70.280012352,-31.882960885],[-70.21062964,-31.957046929],[-70.209400783,-31.977237921],[-70.250043833,-31.991633419],[-70.248641802,-32.024608401],[-70.285758839,-32.049648206],[-70.340631943,-32.044353076],[-70.349132839,-32.022983814],[-70.383004668,-32.027904869],[-70.3856365,-32.045871671],[-70.335508087,-32.071188638],[-70.347732674,-32.086817712],[-70.336894542,-32.11452568],[-70.304988451,-32.135596257],[-70.318451188,-32.269411245],[-70.334770787,-32.274908948],[-70.362592661,-32.253360593],[-70.418710353,-32.280876073],[-70.437563937,-32.269396974],[-70.434062765,-32.227881875],[-70.457300861,-32.2130308],[-70.457056838,-32.173174305],[-70.5340199,-32.148352653],[-70.533150961,-32.169135998],[-70.55014827,-32.17267209],[-70.648664579,-32.137395176],[-70.656458223,-32.093511719],[-70.644764395,-32.076914389],[-70.658501831,-32.056991013],[-70.691250631,-32.062908096],[-70.701294729,-32.03354076],[-70.735881127,-32.020083603],[-70.935238497,-32.07816766],[-70.955872282,-32.047456286],[-70.98147496,-32.044884995],[-70.967410929,-31.998362315],[-70.972843801,-31.944230341],[-71.035972541,-31.907274498],[-71.07467501,-31.902219989],[-71.092584148,-31.879216402],[-71.178485811,-31.893961756],[-71.325264768,-31.76284733],[-71.335581533,-31.700313339],[-71.400084418,-31.653617274],[-71.408142125,-31.629300531],[-71.441771587,-31.630054896],[-71.48217835,-31.601792326],[-71.568558027,-31.614643405],[-71.548071023,-31.588482314],[-71.50139155,-31.569244894],[-71.550127978,-31.465190498],[-71.530647712,-31.40605641],[-71.50169983,-31.375556386],[-71.518912211,-31.363820069],[-71.502095426,-31.332160761],[-71.524648053,-31.29392711],[-71.491953288,-31.235015985],[-71.484573506,-31.165426186],[-71.463022161,-31.159712196],[-71.438934781,-31.175367758],[-71.426097925,-31.15750945],[-71.295302182,-31.141193305]]]}}, {"type" : "Feature", "id" : "cuenca:093", "properties" : {"code": "cuenca:093", "name": "Costeras Entre Rio Budi y Rio Tolten", "codigo": "093", "fuente": "dga_bna", "nombre": "Costeras Entre Rio Budi y Rio Tolten", "region": "Región de La Araucanía"}, "geometry" : {"type":"Polygon","coordinates":[[[-73.317313714,-38.999004758],[-73.277701395,-38.987705275],[-73.269132438,-38.963348287],[-73.239988583,-38.983676166],[-73.198067165,-38.950327906],[-73.14455142,-38.947488509],[-73.139884735,-38.975303176],[-73.163302626,-39.018350566],[-73.206354278,-39.024030824],[-73.237289399,-39.075197102],[-73.223853871,-39.111001709],[-73.239082216,-39.189396862],[-73.229525795,-39.24868267],[-73.317313714,-38.999004758]]]}}, {"type" : "Feature", "id" : "cuenca:094", "properties" : {"code": "cuenca:094", "name": "Rio Tolten", "codigo": "094", "fuente": "dga_bna", "nombre": "Rio Tolten", "region": "Región de La Araucanía"}, "geometry" : {"type":"Polygon","coordinates":[[[-73.160764549,-38.940858625],[-73.111356362,-38.896450925],[-73.048865973,-38.895499369],[-73.014321085,-38.919210138],[-72.972166962,-38.879602371],[-72.95165955,-38.890616259],[-72.887025607,-38.881345841],[-72.866155652,-38.925011083],[-72.806718039,-38.937581825],[-72.594096317,-38.947132473],[-72.485300819,-38.978030465],[-72.473487788,-38.967119132],[-72.330729117,-38.977509867],[-72.27350033,-38.956948856],[-72.276068011,-38.942486498],[-72.244527479,-38.956533604],[-72.226641184,-38.937748177],[-72.204169183,-38.948659567],[-72.155787607,-38.890326466],[-72.056520293,-38.90800453],[-71.917612766,-38.857856046],[-71.8779386,-38.817814996],[-71.890703331,-38.786288519],[-71.829087538,-38.776626451],[-71.79362761,-38.735187083],[-71.727108231,-38.705050929],[-71.696970838,-38.671533081],[-71.618510912,-38.658275788],[-71.586464035,-38.589003026],[-71.581926311,-38.610726287],[-71.492630055,-38.666392791],[-71.536750452,-38.713879035],[-71.49460843,-38.73251707],[-71.502044897,-38.753021425],[-71.411893986,-38.796631916],[-71.389159091,-38.826195732],[-71.417185425,-38.884041109],[-71.397237717,-38.913008083],[-71.434573998,-38.92662311],[-71.442290348,-38.980022438],[-71.394290258,-39.045632685],[-71.417618958,-39.068124818],[-71.41796412,-39.153695888],[-71.381788018,-39.206784309],[-71.390535238,-39.258272041],[-71.374652439,-39.280002612],[-71.392819048,-39.29825211],[-71.400866505,-39.350554375],[-71.457690976,-39.371385219],[-71.443537548,-39.402556574],[-71.470630385,-39.409141535],[-71.443515477,-39.43201567],[-71.471694067,-39.49048981],[-71.511790913,-39.499854802],[-71.533463494,-39.525716208],[-71.497445565,-39.554422466],[-71.46965708,-39.551836566],[-71.459693916,-39.583028333],[-71.50303825,-39.636711404],[-71.610795794,-39.627077484],[-71.62655214,-39.589671072],[-71.654664393,-39.586023067],[-71.67883221,-39.558866734],[-71.688745432,-39.507371564],[-71.705423982,-39.493498979],[-71.762630975,-39.508124474],[-71.840748272,-39.469370458],[-71.871024533,-39.43594497],[-71.91607875,-39.422342658],[-72.036961763,-39.433808328],[-72.100369132,-39.418226098],[-72.164112836,-39.374532357],[-72.258659156,-39.375411068],[-72.290476649,-39.361354841],[-72.288819988,-39.32605164],[-72.311698968,-39.312688204],[-72.44528695,-39.319206124],[-72.557731928,-39.292523179],[-72.616482975,-39.315047741],[-72.654285195,-39.304070775],[-72.701114937,-39.327060981],[-72.736072814,-39.308965103],[-72.762020817,-39.335387009],[-72.835219791,-39.3445592],[-72.845108264,-39.335991559],[-72.834387689,-39.314392368],[-72.865960641,-39.286957743],[-72.850368805,-39.258442629],[-72.864786966,-39.216264198],[-72.885895128,-39.206059139],[-72.876345211,-39.18843675],[-72.921251412,-39.145849],[-72.979694745,-39.135097435],[-73.066373,-39.079158306],[-73.096796408,-39.097292736],[-73.162968699,-39.101289644],[-73.131931002,-39.125095281],[-73.139409067,-39.162884303],[-73.186999744,-39.200455795],[-73.200059449,-39.247530945],[-73.226606041,-39.258942774],[-73.239082216,-39.189396862],[-73.223853871,-39.111001709],[-73.237289399,-39.075197102],[-73.206354278,-39.024030824],[-73.163302626,-39.018350566],[-73.139884735,-38.975303176],[-73.14455142,-38.947488509],[-73.160764549,-38.940858625]]]}}, {"type" : "Feature", "id" : "cuenca:095", "properties" : {"code": "cuenca:095", "name": "Rio Queule", "codigo": "095", "fuente": "dga_bna", "nombre": "Rio Queule", "region": "Región de La Araucanía"}, "geometry" : {"type":"Polygon","coordinates":[[[-73.226606041,-39.258942774],[-73.200059449,-39.247530945],[-73.186999744,-39.200455795],[-73.139409067,-39.162884303],[-73.131931002,-39.125095281],[-73.162968699,-39.101289644],[-73.096796408,-39.097292736],[-73.068040868,-39.078960443],[-72.979694745,-39.135097435],[-72.921251412,-39.145849],[-72.876345211,-39.18843675],[-72.885895128,-39.206059139],[-72.864786966,-39.216264198],[-72.850368805,-39.258442629],[-72.865960641,-39.286957743],[-72.907758413,-39.289086426],[-72.945349714,-39.316600937],[-73.003313877,-39.292292749],[-73.02419151,-39.297799647],[-73.032932953,-39.333656146],[-73.089313147,-39.390854867],[-73.129234006,-39.392072364],[-73.172125499,-39.415787239],[-73.243266099,-39.387170156],[-73.223602252,-39.393573887],[-73.205604418,-39.371420138],[-73.233207581,-39.306612707],[-73.226606041,-39.258942774]]]}}, {"type" : "Feature", "id" : "cuenca:100", "properties" : {"code": "cuenca:100", "name": "Costeras entre limite Region y R.Valdivia", "codigo": "100", "fuente": "dga_bna", "nombre": "Costeras entre limite Region y R.Valdivia", "region": "Región de Los Ríos"}, "geometry" : {"type":"Polygon","coordinates":[[[-72.865960641,-39.286957743],[-72.834672564,-39.316143743],[-72.898628138,-39.384324465],[-72.895209993,-39.457700809],[-72.908775194,-39.486825955],[-72.948417661,-39.486250112],[-72.969467072,-39.517715557],[-73.038856341,-39.53190175],[-73.093604952,-39.515133003],[-73.187103231,-39.530551774],[-73.208129713,-39.571013993],[-73.249038619,-39.596660684],[-73.247797904,-39.656672986],[-73.282435519,-39.66628618],[-73.346061729,-39.718156266],[-73.339691178,-39.739957745],[-73.369575428,-39.77164898],[-73.376212794,-39.837481515],[-73.406875476,-39.843756683],[-73.390624797,-39.760668476],[-73.41175847,-39.715844909],[-73.405639513,-39.692466629],[-73.352386404,-39.669372356],[-73.364433055,-39.656343806],[-73.322105313,-39.635267939],[-73.280181679,-39.577964214],[-73.289398042,-39.55278256],[-73.254447806,-39.535090511],[-73.262451097,-39.505560672],[-73.247131205,-39.494635828],[-73.266700629,-39.454100491],[-73.21888722,-39.438151857],[-73.223747155,-39.402141949],[-73.243161437,-39.387205498],[-73.204203288,-39.411203783],[-73.156663075,-39.414423461],[-73.133676611,-39.393539902],[-73.089313147,-39.390854867],[-73.032932953,-39.333656146],[-73.02419151,-39.297799647],[-73.003313877,-39.292292749],[-72.950462128,-39.317372956],[-72.907758413,-39.289086426],[-72.865960641,-39.286957743]]]}}, {"type" : "Feature", "id" : "cuenca:101", "properties" : {"code": "cuenca:101", "name": "Rio Valdivia", "codigo": "101", "fuente": "dga_bna", "nombre": "Rio Valdivia", "region": "Región de Los Ríos"}, "geometry" : {"type":"Polygon","coordinates":[[[-72.656566925,-39.305264509],[-72.616482975,-39.315047741],[-72.557731928,-39.292523179],[-72.44528695,-39.319206124],[-72.311698968,-39.312688204],[-72.288819988,-39.32605164],[-72.290476649,-39.361354841],[-72.258659156,-39.375411068],[-72.164112836,-39.374532357],[-72.100369132,-39.418226098],[-72.036961763,-39.433808328],[-71.924538473,-39.420157353],[-71.871024533,-39.43594497],[-71.840748272,-39.469370458],[-71.762630975,-39.508124474],[-71.694253579,-39.499442772],[-71.672858146,-39.564256186],[-71.714340217,-39.641349807],[-71.669349402,-39.688235532],[-71.697807216,-39.698031325],[-71.710052437,-39.723761185],[-71.68381505,-39.759614988],[-71.688850169,-39.797304862],[-71.664428468,-39.806926056],[-71.692375052,-39.824363982],[-71.689567472,-39.844287075],[-71.675620865,-39.857666744],[-71.632385,-39.854593993],[-71.633003215,-39.87183918],[-71.580016965,-39.885272474],[-71.596893168,-39.929349783],[-71.625503438,-39.938361515],[-71.619789021,-39.972252276],[-71.648239146,-39.970033542],[-71.678207515,-39.994886042],[-71.675392257,-40.108109832],[-71.707114967,-40.115861864],[-71.793846079,-40.083161918],[-71.789876832,-40.037089701],[-71.825469735,-39.997629487],[-71.789718559,-39.983376925],[-71.797004587,-39.959362605],[-71.834678534,-39.912616243],[-71.876106029,-39.921224456],[-71.914939789,-39.901806615],[-72.034217787,-39.934337117],[-72.058769079,-39.969499791],[-72.101773817,-39.953151937],[-72.140334926,-39.977161656],[-72.177430619,-39.957072852],[-72.189183441,-39.982266749],[-72.233482307,-39.981916439],[-72.330885693,-40.040739338],[-72.448905906,-40.040862926],[-72.563522144,-40.066255969],[-72.632514824,-40.052271958],[-72.760002108,-40.055512431],[-72.810996925,-40.080830165],[-72.857154712,-40.128305286],[-73.107475308,-40.14593954],[-73.151572994,-40.202420757],[-73.205688206,-40.188856507],[-73.271247633,-40.221872981],[-73.321571367,-40.191663464],[-73.428794712,-40.186424032],[-73.452247465,-40.146492337],[-73.335212621,-40.108564622],[-73.305023172,-40.076802182],[-73.315376134,-40.05138256],[-73.36228915,-40.039861275],[-73.385024788,-40.0065211],[-73.355903499,-39.977608003],[-73.351524383,-39.929726942],[-73.382804675,-39.898371168],[-73.332832087,-39.897627521],[-73.403472622,-39.866754067],[-73.373344455,-39.830827146],[-73.369575428,-39.77164898],[-73.339691178,-39.739957745],[-73.346061729,-39.718156266],[-73.244768966,-39.651943528],[-73.245429748,-39.591821844],[-73.208129713,-39.571013993],[-73.198867708,-39.541527732],[-73.170066769,-39.520173853],[-73.078376726,-39.515664588],[-73.038856341,-39.53190175],[-72.969467072,-39.517715557],[-72.948417661,-39.486250112],[-72.908775194,-39.486825955],[-72.895209993,-39.457700809],[-72.898628138,-39.384324465],[-72.850601078,-39.331243442],[-72.819371086,-39.348120793],[-72.795092143,-39.331357802],[-72.762020817,-39.335387009],[-72.736072814,-39.308965103],[-72.701114937,-39.327060981],[-72.656566925,-39.305264509]]]}}, {"type" : "Feature", "id" : "cuenca:102", "properties" : {"code": "cuenca:102", "name": "Costeras entre R.Valdivia y R.Bueno", "codigo": "102", "fuente": "dga_bna", "nombre": "Costeras entre R.Valdivia y R.Bueno", "region": "Región de Los Ríos"}, "geometry" : {"type":"Polygon","coordinates":[[[-73.586143448,-39.940274062],[-73.597755277,-39.932105429],[-73.492248707,-39.895170367],[-73.469276322,-39.849761822],[-73.432701048,-39.859974623],[-73.391838119,-39.942472338],[-73.375335573,-39.937744052],[-73.385795458,-39.904151596],[-73.352012441,-39.926300215],[-73.355903499,-39.977608003],[-73.385024788,-40.0065211],[-73.36228915,-40.039861275],[-73.315376134,-40.05138256],[-73.305023172,-40.076802182],[-73.335212621,-40.108564622],[-73.406883151,-40.140793105],[-73.504516533,-40.140905631],[-73.541686854,-40.172834741],[-73.592254547,-40.173465264],[-73.718715499,-40.21822024],[-73.725509605,-40.198678414],[-73.695587035,-40.190768553],[-73.682784831,-40.157468819],[-73.660682371,-40.157354029],[-73.655738608,-40.142457841],[-73.667289493,-40.046236926],[-73.708816474,-40.005623751],[-73.685966502,-39.992559402],[-73.67976373,-39.96410062],[-73.594863713,-39.954897927],[-73.586143448,-39.940274062]]]}}, {"type" : "Feature", "id" : "cuenca:103", "properties" : {"code": "cuenca:103", "name": "Rio Bueno", "codigo": "103", "fuente": "dga_bna", "nombre": "Rio Bueno", "region": "Región de Los Lagos"}, "geometry" : {"type":"Polygon","coordinates":[[[-73.452247465,-40.146492337],[-73.423118618,-40.190022689],[-73.321571367,-40.191663464],[-73.271247633,-40.221872981],[-73.205688206,-40.188856507],[-73.146690117,-40.200655452],[-73.107475308,-40.14593954],[-72.857154712,-40.128305286],[-72.810996925,-40.080830165],[-72.760002108,-40.055512431],[-72.632514824,-40.052271958],[-72.563522144,-40.066255969],[-72.448905906,-40.040862926],[-72.330885693,-40.040739338],[-72.233482307,-39.981916439],[-72.189183441,-39.982266749],[-72.177430619,-39.957072852],[-72.140334926,-39.977161656],[-72.101773817,-39.953151937],[-72.058769079,-39.969499791],[-72.045265218,-39.940838731],[-71.96778094,-39.912436196],[-71.914939789,-39.901806615],[-71.863464205,-39.921136732],[-71.842239337,-39.910332262],[-71.789718559,-39.983376925],[-71.825469735,-39.997629487],[-71.789876832,-40.037089701],[-71.829910163,-40.1050431],[-71.811103759,-40.108617957],[-71.801635671,-40.132523516],[-71.821937387,-40.164564798],[-71.793800283,-40.180055732],[-71.829620239,-40.205337854],[-71.827102569,-40.225850412],[-71.774459727,-40.263113838],[-71.752784674,-40.301746149],[-71.715606433,-40.282268846],[-71.686500441,-40.28974029],[-71.655959978,-40.358662981],[-71.694404514,-40.3717119],[-71.693893369,-40.407950861],[-71.741111522,-40.436154066],[-71.80212393,-40.402080272],[-71.825431775,-40.41990955],[-71.848625033,-40.478250049],[-71.843658352,-40.526735013],[-71.859329117,-40.552076053],[-71.886489875,-40.550310338],[-71.861633314,-40.589262084],[-71.826049587,-40.578069636],[-71.847259349,-40.631670163],[-71.873008615,-40.666072526],[-71.925750498,-40.691019383],[-71.966112014,-40.743347689],[-72.037445046,-40.737447082],[-72.072769116,-40.757451018],[-72.127914315,-40.735740229],[-72.131480576,-40.773055418],[-72.101028338,-40.816977874],[-72.102127093,-40.857728376],[-72.074897721,-40.867387727],[-72.046994009,-40.925471314],[-72.063575604,-40.952135553],[-72.234954769,-40.953673327],[-72.294647037,-40.99227338],[-72.374397233,-41.004490265],[-72.402988541,-41.056939525],[-72.493560717,-41.074047378],[-72.504379348,-41.056058822],[-72.573005722,-41.045763157],[-72.585113445,-41.01020721],[-72.635078224,-40.974077922],[-72.779838524,-40.96178019],[-72.813430799,-40.919613591],[-72.838691494,-40.919337119],[-72.878692632,-40.953508053],[-72.920951911,-40.962049576],[-72.946845908,-41.023843214],[-72.97896555,-41.033178256],[-72.978248519,-41.06650725],[-72.9984359,-41.095685185],[-73.18333427,-41.143334453],[-73.187812708,-41.184893246],[-73.142555104,-41.266924028],[-73.219589158,-41.289630755],[-73.302452005,-41.276455626],[-73.334724264,-41.232063715],[-73.420203851,-41.187304197],[-73.530649654,-41.018066605],[-73.533887984,-40.9780201],[-73.513790418,-40.970040451],[-73.495483373,-40.915585001],[-73.50361622,-40.901607924],[-73.552425779,-40.865891329],[-73.627944902,-40.849599238],[-73.639739826,-40.813860925],[-73.620758071,-40.802221444],[-73.548965376,-40.821678962],[-73.47845436,-40.783708325],[-73.436996359,-40.719001174],[-73.460670267,-40.65213989],[-73.447296155,-40.60072439],[-73.55131513,-40.500027328],[-73.558753936,-40.398377692],[-73.67023441,-40.311834314],[-73.724266098,-40.2339574],[-73.718715499,-40.21822024],[-73.603515427,-40.177019537],[-73.528037886,-40.167702134],[-73.504516533,-40.140905631],[-73.452247465,-40.146492337]]]}}, {"type" : "Feature", "id" : "cuenca:104", "properties" : {"code": "cuenca:104", "name": "Cuencas e Islas entre R.Bueno y R. Puelo", "codigo": "104", "fuente": "dga_bna", "nombre": "Cuencas e Islas entre R.Bueno y R. Puelo", "region": "Región de Los Lagos"}, "geometry" : {"type":"Polygon","coordinates":[[[-73.71592715,-40.537023629],[-73.778671067,-40.452857105],[-73.748626532,-40.444815048],[-73.761077952,-40.421922805],[-73.747764326,-40.406980401],[-73.763908401,-40.39532574],[-73.758598233,-40.352821655],[-73.741081281,-40.340856143],[-73.753127928,-40.299987253],[-73.715598904,-40.245237984],[-73.67023441,-40.311834314],[-73.558753936,-40.398377692],[-73.55131513,-40.500027328],[-73.447296155,-40.60072439],[-73.460670267,-40.65213989],[-73.436996359,-40.719001174],[-73.471824617,-40.775529031],[-73.548965376,-40.821678962],[-73.629066637,-40.802774597],[-73.639739826,-40.813860925],[-73.630401546,-40.844696898],[-73.552425779,-40.865891329],[-73.50361622,-40.901607924],[-73.495483373,-40.915585001],[-73.513790418,-40.970040451],[-73.533887984,-40.9780201],[-73.522684443,-41.041664205],[-73.420203851,-41.187304197],[-73.334724264,-41.232063715],[-73.302452005,-41.276455626],[-73.211417815,-41.289777425],[-73.145858719,-41.271181034],[-73.194160148,-41.165536612],[-73.18333427,-41.143334453],[-72.9984359,-41.095685185],[-72.978248519,-41.06650725],[-72.97896555,-41.033178256],[-72.946845908,-41.023843214],[-72.920951911,-40.962049576],[-72.878692632,-40.953508053],[-72.838691494,-40.919337119],[-72.813430799,-40.919613591],[-72.779838524,-40.96178019],[-72.635078224,-40.974077922],[-72.585113445,-41.01020721],[-72.573005722,-41.045763157],[-72.504379348,-41.056058822],[-72.493560717,-41.074047378],[-72.402988541,-41.056939525],[-72.374397233,-41.004490265],[-72.294647037,-40.99227338],[-72.234954769,-40.953673327],[-72.063575604,-40.952135553],[-72.046994009,-40.925471314],[-72.074897721,-40.867387727],[-72.102127093,-40.857728376],[-72.101028338,-40.816977874],[-72.131480576,-40.773055418],[-72.121108869,-40.734348519],[-72.072769116,-40.757451018],[-72.037445046,-40.737447082],[-71.966112014,-40.743347689],[-71.929839989,-40.778080752],[-71.926292152,-40.832876005],[-71.862174936,-40.884507637],[-71.858772087,-40.955463379],[-71.906051427,-40.962552788],[-71.909103384,-40.976255363],[-71.823135316,-41.060198556],[-71.84726698,-41.089563607],[-71.842552108,-41.16032896],[-71.888122627,-41.161130816],[-71.835617007,-41.269743575],[-71.901168898,-41.257085881],[-71.876525676,-41.304868798],[-71.884796059,-41.322646448],[-71.915710239,-41.365792826],[-71.948074181,-41.387617123],[-71.983575788,-41.386476214],[-71.994293044,-41.409090057],[-72.024998856,-41.422294461],[-72.023818795,-41.463463101],[-72.068625003,-41.486815591],[-72.092037424,-41.446217106],[-72.116122082,-41.436642203],[-72.129158525,-41.448512993],[-72.123066269,-41.471138362],[-72.172702394,-41.48143176],[-72.168071472,-41.513411586],[-72.201291409,-41.57428522],[-72.227201673,-41.540718011],[-72.243789602,-41.559040295],[-72.283256503,-41.503419387],[-72.273071241,-41.505290411],[-72.265609607,-41.500919042],[-72.263000296,-41.494608425],[-72.315597515,-41.493179251],[-72.276351782,-41.391450653],[-72.31477337,-41.373473098],[-72.33219147,-41.394510278],[-72.325889427,-41.4267607],[-72.310829049,-41.40788813],[-72.300865099,-41.421286471],[-72.324905234,-41.450423535],[-72.325515678,-41.500137315],[-72.365867618,-41.631931599],[-72.389678701,-41.661677056],[-72.482498171,-41.690663781],[-72.512992859,-41.686353296],[-72.554382348,-41.711575677],[-72.647201497,-41.696102212],[-72.66609939,-41.617191045],[-72.703742955,-41.600553348],[-72.74047847,-41.530818941],[-72.752319288,-41.554150978],[-72.776481629,-41.516687476],[-72.842841958,-41.478481313],[-72.840019295,-41.492780485],[-72.847823956,-41.503005124],[-72.93889598,-41.472449551],[-72.9591215,-41.614505488],[-72.895347546,-41.655960089],[-72.877677867,-41.703908024],[-72.908195359,-41.755953152],[-72.947501959,-41.767839147],[-72.937492045,-41.796285365],[-72.961372275,-41.871926481],[-73.010848985,-41.922250007],[-73.17334724,-41.929586174],[-73.203513972,-41.89630879],[-73.179092291,-41.823797586],[-73.122962783,-41.795999197],[-73.102684033,-41.751057931],[-73.064353732,-41.727773653],[-73.026878114,-41.736784713],[-73.028678796,-41.636185117],[-73.014770531,-41.618092184],[-73.031257448,-41.56965212],[-73.067742645,-41.564772426],[-73.095497162,-41.590253463],[-73.064086611,-41.612489271],[-73.085349783,-41.618483037],[-73.054237252,-41.643695032],[-73.06478874,-41.665391036],[-73.036758392,-41.704274622],[-73.06114953,-41.720112059],[-73.097175499,-41.69809472],[-73.092666468,-41.72657353],[-73.130889793,-41.753741814],[-73.159835677,-41.738491953],[-73.149200328,-41.718982773],[-73.152824368,-41.711270261],[-73.170089796,-41.743688601],[-73.127677708,-41.762487792],[-73.185081526,-41.783250653],[-73.185470461,-41.748886445],[-73.250213703,-41.712583574],[-73.261314286,-41.731147405],[-73.249137796,-41.762077207],[-73.258125371,-41.752915608],[-73.26377096,-41.751494856],[-73.2389983,-41.774260977],[-73.255836348,-41.787125125],[-73.406440649,-41.7657886],[-73.357070927,-41.792718795],[-73.347457683,-41.812369591],[-73.386878823,-41.808302059],[-73.416106889,-41.782789253],[-73.479232561,-41.800085409],[-73.551055711,-41.769071583],[-73.758437968,-41.745886633],[-73.711044172,-41.713946733],[-73.688613696,-41.62879455],[-73.664413336,-41.651888911],[-73.682716119,-41.658746429],[-73.691116215,-41.686385401],[-73.682388067,-41.695173694],[-73.683357174,-41.673931346],[-73.668113692,-41.674386257],[-73.652671607,-41.643664055],[-73.671478033,-41.639230805],[-73.646522601,-41.599823714],[-73.662063543,-41.571125166],[-73.639060889,-41.561199384],[-73.623023876,-41.560986807],[-73.620101888,-41.558804111],[-73.645324607,-41.560176177],[-73.681159884,-41.516300341],[-73.670822105,-41.578588377],[-73.686401139,-41.580492022],[-73.659782436,-41.588841972],[-73.667228475,-41.598803146],[-73.749870134,-41.558416785],[-73.789039594,-41.584873945],[-73.782829211,-41.553878403],[-73.800163112,-41.503272241],[-73.853530828,-41.462971112],[-73.833335852,-41.446064611],[-73.855842515,-41.427662002],[-73.835044676,-41.409525204],[-73.834556477,-41.395820379],[-73.847915612,-41.396927102],[-73.830680801,-41.374321781],[-73.833793455,-41.320509002],[-73.873191665,-41.205335966],[-73.924155928,-41.141050206],[-73.907668995,-41.123370921],[-73.926696769,-41.116002534],[-73.919425753,-41.082925639],[-73.937080141,-41.059129634],[-73.932197459,-40.999202349],[-73.945411599,-40.98513455],[-73.937240479,-40.963202687],[-73.860504214,-40.937120042],[-73.849090426,-40.919405849],[-73.853385695,-40.890463371],[-73.878776391,-40.88570273],[-73.887367191,-40.858265086],[-73.830490119,-40.721017761],[-73.801635688,-40.712833641],[-73.834625033,-40.665720123],[-73.811515504,-40.661294489],[-73.802047729,-40.631734477],[-73.75866672,-40.619618977],[-73.71592715,-40.537023629]]]}}, {"type" : "Feature", "id" : "cuenca:105", "properties" : {"code": "cuenca:105", "name": "Rio Puelo", "codigo": "105", "fuente": "dga_bna", "nombre": "Rio Puelo", "region": "Región de Los Lagos"}, "geometry" : {"type":"Polygon","coordinates":[[[-72.243163926,-41.55971084],[-72.241448155,-41.542090962],[-72.227201673,-41.540718011],[-72.201291409,-41.57428522],[-72.168071472,-41.513411586],[-72.176368512,-41.486837284],[-72.123066269,-41.471138362],[-72.129158525,-41.448512993],[-72.116122082,-41.436642203],[-72.092037424,-41.446217106],[-72.068625003,-41.486815591],[-72.023818795,-41.463463101],[-72.027131949,-41.424958007],[-71.983575788,-41.386476214],[-71.948074181,-41.387617123],[-71.909436854,-41.36004391],[-71.888419932,-41.370038861],[-71.863380413,-41.421647041],[-71.83466345,-41.434403951],[-71.847503504,-41.530195816],[-71.818176136,-41.573808313],[-71.845756387,-41.56417241],[-71.882286136,-41.607240584],[-71.793891708,-41.6971432],[-71.809608485,-41.718566574],[-71.784332281,-41.734090832],[-71.764541335,-41.779754008],[-71.759712186,-41.825640271],[-71.796005172,-41.836234798],[-71.774413823,-41.922255236],[-71.778228663,-41.943586429],[-71.795928661,-41.946718037],[-71.756675426,-42.034932755],[-71.725677549,-42.048105186],[-71.739761375,-42.078076375],[-71.730331191,-42.119949801],[-71.832588242,-42.161107352],[-71.876358101,-42.156438093],[-71.913528435,-42.188493268],[-71.952216845,-42.163969284],[-71.958679132,-42.138688165],[-72.006599458,-42.137040724],[-72.056884647,-42.112937778],[-72.080200134,-42.128688928],[-72.066383298,-42.145466025],[-72.124534436,-42.153701885],[-72.16558829,-42.137506139],[-72.187071528,-42.165005367],[-72.263755687,-42.123164149],[-72.273154988,-42.067526635],[-72.325317313,-42.059884405],[-72.316680687,-42.027987978],[-72.267639054,-41.998266682],[-72.175353973,-42.012128585],[-72.151481528,-41.956119462],[-72.171760415,-41.934867264],[-72.215736368,-41.931252099],[-72.231285019,-41.897506143],[-72.308090204,-41.862129777],[-72.286816335,-41.838630615],[-72.372940043,-41.787090884],[-72.305442576,-41.763003536],[-72.336616519,-41.692632712],[-72.309066706,-41.629746294],[-72.243163926,-41.55971084]]]}}, {"type" : "Feature", "id" : "cuenca:106", "properties" : {"code": "cuenca:106", "name": "Costeras entre R.Puelo y R.Yelcho", "codigo": "106", "fuente": "dga_bna", "nombre": "Costeras entre R.Puelo y R.Yelcho", "region": "Región de Los Lagos"}, "geometry" : {"type":"MultiPolygon","coordinates":[[[[-73.106384102,-42.628629472],[-73.084129335,-42.598459105],[-73.041297641,-42.580469829],[-72.962356512,-42.588813412],[-72.923660182,-42.612138279],[-72.921439956,-42.711973252],[-72.900565914,-42.774855917],[-72.915099964,-42.806105225],[-72.9576645,-42.83131225],[-73.010963416,-42.831449008],[-73.107032772,-42.784246323],[-73.127700638,-42.74775463],[-73.106384102,-42.628629472]]],[[[-72.569656392,-42.135507232],[-72.609764038,-42.129532643],[-72.568885704,-42.075328191],[-72.555778302,-42.076388367],[-72.5602569,-42.096936889],[-72.556274276,-42.102535183],[-72.532875005,-42.071063608],[-72.478446806,-42.087954695],[-72.494743313,-42.09966],[-72.482734672,-42.138019639],[-72.495223893,-42.140858491],[-72.481017954,-42.148300785],[-72.490119777,-42.166608974],[-72.569656392,-42.135507232]]],[[[-72.243163926,-41.55971084],[-72.309066706,-41.629746294],[-72.323285916,-41.667566661],[-72.336616519,-41.692632712],[-72.305442576,-41.763003536],[-72.372940043,-41.787090884],[-72.286816335,-41.838630615],[-72.308090204,-41.862129777],[-72.231285019,-41.897506143],[-72.215736368,-41.931252099],[-72.171760415,-41.934867264],[-72.151481528,-41.956119462],[-72.175353973,-42.012128585],[-72.267639054,-41.998266682],[-72.311927777,-42.023010705],[-72.329063127,-42.054719603],[-72.273154988,-42.067526635],[-72.263755687,-42.123164149],[-72.195037775,-42.154909997],[-72.158874321,-42.19169231],[-72.165954608,-42.215984989],[-72.15047436,-42.244586981],[-72.168144,-42.255351019],[-72.122207551,-42.319121505],[-72.137580726,-42.328637982],[-72.13046262,-42.382760501],[-72.110763516,-42.397609757],[-72.074989308,-42.381746387],[-72.028411661,-42.406718654],[-72.046485848,-42.450194609],[-72.012275763,-42.492528909],[-72.05312332,-42.56486398],[-72.077575635,-42.566689946],[-72.120277309,-42.603959582],[-72.1167524,-42.630613474],[-72.098983544,-42.641653343],[-72.121642927,-42.669670767],[-72.172034975,-42.672422552],[-72.176177943,-42.695961349],[-72.138145404,-42.711056983],[-72.128959535,-42.730829337],[-72.144874374,-42.740558608],[-72.131492462,-42.775357003],[-72.14163184,-42.79497785],[-72.178634523,-42.797899495],[-72.210426196,-42.830879963],[-72.264236276,-42.831355956],[-72.378478868,-42.799361632],[-72.47550941,-42.819170989],[-72.553520193,-42.901349319],[-72.531555016,-42.932515937],[-72.494232435,-42.947118463],[-72.490802145,-42.995608335],[-72.546275335,-43.027817113],[-72.603335691,-43.01634047],[-72.650206152,-42.981828828],[-72.72943088,-42.968553043],[-72.725830086,-42.939508437],[-72.693679525,-42.944013554],[-72.68466179,-42.940014416],[-72.726470736,-42.93662897],[-72.713355988,-42.913345155],[-72.723869174,-42.900344355],[-72.794784514,-42.873829351],[-72.799682615,-42.854169746],[-72.835029526,-42.833141569],[-72.854408112,-42.767692172],[-72.835311687,-42.76272054],[-72.853103531,-42.761636282],[-72.830650251,-42.736969184],[-72.841811877,-42.739836056],[-72.843818431,-42.712843618],[-72.80445843,-42.709041077],[-72.80099474,-42.678431511],[-72.816550961,-42.662629948],[-72.836639493,-42.684282308],[-72.83151236,-42.706121218],[-72.849838074,-42.687624835],[-72.85502597,-42.672243112],[-72.828544483,-42.656462374],[-72.853340178,-42.616837859],[-72.797538665,-42.49881487],[-72.671096759,-42.520822022],[-72.509315255,-42.595767282],[-72.520698472,-42.57472665],[-72.489524794,-42.579327983],[-72.491409235,-42.551758913],[-72.509109377,-42.569576666],[-72.533615047,-42.556802431],[-72.521362174,-42.545056255],[-72.621749924,-42.518468484],[-72.685417148,-42.463668951],[-72.705261093,-42.425860274],[-72.696265995,-42.409246182],[-72.759200906,-42.385452586],[-72.78572834,-42.309584967],[-72.820945614,-42.32145745],[-72.840309042,-42.294131163],[-72.768562229,-42.241113095],[-72.731399398,-42.254593263],[-72.749709794,-42.236131293],[-72.738143905,-42.223984678],[-72.671066215,-42.22309253],[-72.579490715,-42.188001572],[-72.515655449,-42.2429232],[-72.525566025,-42.2712251],[-72.509101742,-42.346582552],[-72.447135688,-42.413870794],[-72.457023451,-42.444916063],[-72.436447027,-42.473605805],[-72.447540105,-42.497785894],[-72.425247019,-42.477966269],[-72.3924406,-42.488028232],[-72.378669673,-42.48248373],[-72.333869814,-42.482374373],[-72.326736289,-42.478552498],[-72.321998485,-42.489661655],[-72.320373357,-42.489281099],[-72.303932043,-42.484214652],[-72.295623504,-42.458193315],[-72.320823544,-42.487458202],[-72.326423584,-42.476999358],[-72.402259824,-42.481096313],[-72.42505629,-42.410539993],[-72.417404223,-42.371838965],[-72.457450666,-42.341972094],[-72.470771698,-42.301203257],[-72.445960897,-42.268073734],[-72.382865769,-42.256933928],[-72.36990356,-42.250877795],[-72.366493017,-42.246845044],[-72.449828985,-42.252474417],[-72.461654361,-42.199388374],[-72.449889993,-42.168817635],[-72.371566525,-42.176272257],[-72.366332804,-42.164454671],[-72.450462335,-42.161907536],[-72.465400711,-42.142259404],[-72.467788543,-42.080002533],[-72.426810976,-41.97710612],[-72.461356897,-41.968734338],[-72.459014818,-41.955568251],[-72.493873411,-41.969859807],[-72.53584282,-42.040699222],[-72.571708566,-42.046300171],[-72.595969963,-42.027708495],[-72.583244246,-42.004704483],[-72.607932845,-42.013632449],[-72.600174042,-42.035383347],[-72.611465327,-42.040993578],[-72.642837457,-42.034229133],[-72.629646102,-42.011911556],[-72.665862977,-42.003213549],[-72.684341435,-42.005493566],[-72.690834085,-42.028470804],[-72.752944785,-41.98597554],[-72.812614462,-41.975160003],[-72.8051833,-41.936333015],[-72.876624915,-41.913261669],[-72.819992007,-41.892196971],[-72.80953204,-41.867832629],[-72.789993367,-41.870843604],[-72.788284282,-41.833401466],[-72.699233834,-41.785058806],[-72.647910959,-41.729360803],[-72.586799665,-41.746594978],[-72.577140625,-41.733317389],[-72.566695932,-41.744569669],[-72.466567815,-41.724387339],[-72.317275843,-41.650743417],[-72.320693909,-41.581571014],[-72.283767688,-41.505795674],[-72.243163926,-41.55971084]]]]}}, {"type" : "Feature", "id" : "cuenca:107", "properties" : {"code": "cuenca:107", "name": "Rio Yelcho", "codigo": "107", "fuente": "dga_bna", "nombre": "Rio Yelcho", "region": "Región de Los Lagos"}, "geometry" : {"type":"Polygon","coordinates":[[[-72.747627269,-42.99969928],[-72.731719984,-42.969918879],[-72.707237236,-42.967640836],[-72.546275335,-43.027817113],[-72.490802145,-42.995608335],[-72.494232435,-42.947118463],[-72.531555016,-42.932515937],[-72.553520193,-42.901349319],[-72.485290332,-42.824293589],[-72.378478868,-42.799361632],[-72.264236276,-42.831355956],[-72.210426196,-42.830879963],[-72.178634523,-42.797899495],[-72.159589183,-42.797922846],[-72.157363828,-42.827157065],[-72.120567088,-42.875666934],[-72.141837818,-42.899233053],[-72.116714375,-42.935719727],[-72.070121489,-42.951872305],[-72.040389805,-43.009593262],[-72.001205481,-43.039273935],[-71.941779892,-43.049232199],[-71.932785014,-43.101739194],[-71.897522071,-43.104646079],[-71.889922937,-43.125740618],[-71.855430511,-43.128471006],[-71.859672299,-43.141397922],[-71.743110616,-43.177716342],[-71.730048928,-43.200245722],[-71.756355304,-43.235876923],[-71.732246297,-43.280326015],[-71.734413138,-43.308896698],[-71.753784112,-43.318272569],[-71.790786468,-43.296234691],[-71.84171274,-43.335027674],[-71.904281342,-43.321029986],[-71.891937372,-43.379563979],[-71.93089264,-43.384500266],[-71.913474927,-43.415084575],[-71.933334232,-43.447339732],[-71.884559549,-43.448459923],[-71.850059323,-43.480423258],[-71.875524001,-43.549218588],[-71.898891912,-43.552409384],[-71.906792136,-43.578335972],[-71.974553653,-43.629818208],[-72.070990262,-43.617088069],[-72.135490331,-43.647917626],[-72.193397393,-43.627141205],[-72.22499977,-43.593162537],[-72.196685628,-43.553656232],[-72.279342615,-43.49538569],[-72.241477721,-43.473765012],[-72.343279414,-43.440904383],[-72.37505546,-43.355605593],[-72.419685201,-43.353373594],[-72.446105997,-43.372494718],[-72.468292,-43.339060723],[-72.517791617,-43.323097123],[-72.53038771,-43.29887262],[-72.604988131,-43.275750128],[-72.612162734,-43.241910091],[-72.641097915,-43.219361426],[-72.576273839,-43.199233769],[-72.580687112,-43.168353843],[-72.607781919,-43.14061328],[-72.594279303,-43.111044162],[-72.673324514,-43.101611765],[-72.69853183,-43.067522541],[-72.680157166,-43.049429261],[-72.747627269,-42.99969928]]]}}, {"type" : "Feature", "id" : "cuenca:108", "properties" : {"code": "cuenca:108", "name": "Costeras entre R.Yelcho y limite Regional", "codigo": "108", "fuente": "dga_bna", "nombre": "Costeras entre R.Yelcho y limite Regional", "region": "Región de Los Lagos"}, "geometry" : {"type":"Polygon","coordinates":[[[-72.690032967,-43.106065811],[-72.726226806,-43.079533651],[-72.760650519,-43.000847124],[-72.680157166,-43.049429261],[-72.69853183,-43.067522541],[-72.673324514,-43.101611765],[-72.594279303,-43.111044162],[-72.607781919,-43.14061328],[-72.580687112,-43.168353843],[-72.576273839,-43.199233769],[-72.641097915,-43.219361426],[-72.612162734,-43.241910091],[-72.604988131,-43.275750128],[-72.53038771,-43.29887262],[-72.517791617,-43.323097123],[-72.468292,-43.339060723],[-72.448020902,-43.365545005],[-72.530410445,-43.434639178],[-72.498397426,-43.48646445],[-72.503468976,-43.502338869],[-72.589675804,-43.559810381],[-72.587272575,-43.572958128],[-72.541936196,-43.582755112],[-72.515899639,-43.631081571],[-72.478165577,-43.64340532],[-72.504756177,-43.692355467],[-72.485551533,-43.722243041],[-72.499099536,-43.751753858],[-72.482727045,-43.776012784],[-72.503921288,-43.796403609],[-72.613273557,-43.75737544],[-72.651527246,-43.758867975],[-72.658309775,-43.775809918],[-72.761894197,-43.769233516],[-72.803794812,-43.736709183],[-72.765968257,-43.68748545],[-72.791152983,-43.671518242],[-72.791618264,-43.643220733],[-72.821700958,-43.637959291],[-72.855453183,-43.738626454],[-72.889999254,-43.739317782],[-72.921150143,-43.699162459],[-72.953185981,-43.696990532],[-72.962791173,-43.71320871],[-73.04740903,-43.736125934],[-73.037750104,-43.714983525],[-72.966491472,-43.682039192],[-72.950073049,-43.637338811],[-72.896621535,-43.606829323],[-72.88917525,-43.630080679],[-72.874313338,-43.60917311],[-72.883430218,-43.575296628],[-72.911575046,-43.605116039],[-72.956710496,-43.603155338],[-72.966422758,-43.587873804],[-72.99971,-43.594639142],[-73.028556635,-43.53542686],[-73.053817634,-43.528874388],[-73.055412066,-43.498685698],[-73.090751569,-43.461625508],[-73.089874089,-43.431803864],[-73.056876949,-43.413715197],[-73.050231857,-43.392749528],[-73.06015008,-43.318817147],[-72.949111797,-43.253833785],[-72.871940443,-43.235431187],[-72.912353237,-43.12798903],[-72.855155978,-43.025838261],[-72.779853547,-43.028826217],[-72.772262511,-43.058373717],[-72.690032967,-43.106065811]]]}}, {"type" : "Feature", "id" : "cuenca:109", "properties" : {"code": "cuenca:109", "name": "Islas Chiloe y Circundantes", "codigo": "109", "fuente": "dga_bna", "nombre": "Islas Chiloe y Circundantes", "region": "Región de Los Lagos"}, "geometry" : {"type":"MultiPolygon","coordinates":[[[[-74.746063194,-43.562050447],[-74.743453823,-43.515414341],[-74.677589302,-43.549693704],[-74.649688529,-43.547533613],[-74.579711881,-43.592438195],[-74.555992203,-43.625890587],[-74.696609285,-43.644026515],[-74.772087005,-43.680919381],[-74.811172414,-43.630382689],[-74.836921762,-43.561307594],[-74.786117448,-43.573791479],[-74.746063194,-43.562050447]]],[[[-74.290389856,-43.367759354],[-74.28881069,-43.366455298],[-74.285827613,-43.366814139],[-74.287658509,-43.369605391],[-74.290389856,-43.367759354]]],[[[-74.290260216,-43.37881075],[-74.293296817,-43.375874751],[-74.285629369,-43.379182997],[-74.28728494,-43.37985792],[-74.290260216,-43.37881075]]],[[[-74.276634033,-43.365263924],[-74.250503325,-43.34857392],[-74.249541978,-43.390481852],[-74.234046721,-43.405619684],[-74.263770939,-43.426184917],[-74.286041159,-43.414154449],[-74.276634033,-43.365263924]]],[[[-74.274261438,-43.439122117],[-74.271819837,-43.430372604],[-74.2678145,-43.430454171],[-74.272384318,-43.440046099],[-74.274261438,-43.439122117]]],[[[-74.25823945,-43.43849371],[-74.253990124,-43.431469996],[-74.249854809,-43.435171201],[-74.258430439,-43.442612297],[-74.25823945,-43.43849371]]],[[[-74.251846177,-43.445598295],[-74.249511568,-43.439197373],[-74.246673599,-43.438756351],[-74.249336078,-43.446353003],[-74.251846177,-43.445598295]]],[[[-74.250442593,-43.429292869],[-74.250648581,-43.425741114],[-74.249854798,-43.425111513],[-74.246742097,-43.428680006],[-74.250442593,-43.429292869]]],[[[-74.248496949,-43.422603952],[-74.245689388,-43.415864627],[-74.240035937,-43.416462098],[-74.246078551,-43.424394091],[-74.248496949,-43.422603952]]],[[[-74.032752732,-41.80631039],[-74.003471314,-41.77184718],[-73.986801136,-41.789467511],[-73.94425205,-41.795362385],[-73.906257569,-41.782279972],[-73.900871199,-41.7655714],[-73.875663706,-41.784404785],[-73.908294658,-41.794873361],[-73.853248314,-41.828610993],[-73.877754237,-41.85457035],[-73.893455391,-41.857848662],[-73.898368741,-41.825313774],[-73.90550998,-41.850549526],[-73.936286994,-41.844690316],[-73.92566674,-41.833317581],[-73.940009999,-41.821415043],[-73.972167792,-41.834257634],[-73.982223382,-41.820240129],[-73.995277466,-41.846612581],[-73.977401736,-41.85524097],[-73.98548114,-41.863005689],[-73.984542889,-41.867872],[-73.960960344,-41.851929795],[-73.914245453,-41.869040741],[-73.922714091,-41.877108373],[-73.850700221,-41.882074992],[-73.828910702,-41.858291174],[-73.79949187,-41.872586043],[-73.757316428,-41.861105739],[-73.663719208,-41.795434373],[-73.625648469,-41.823788754],[-73.589813247,-41.792272419],[-73.538230691,-41.796729831],[-73.52220918,-41.827096826],[-73.475906223,-41.831133395],[-73.530593808,-41.875145645],[-73.483253315,-41.885817056],[-73.469665374,-41.904336699],[-73.524986231,-41.890618947],[-73.53936747,-41.900057499],[-73.512336599,-41.896006541],[-73.508392274,-41.923379097],[-73.544242728,-41.926433223],[-73.56278228,-41.951554064],[-73.523933464,-41.966604055],[-73.52878553,-41.951228206],[-73.515670803,-41.951147079],[-73.479972631,-42.018930456],[-73.413879107,-42.070821386],[-73.427772409,-42.109855148],[-73.46192151,-42.123988557],[-73.481055913,-42.111861238],[-73.470077516,-42.141740169],[-73.48688505,-42.147412154],[-73.479011581,-42.162895461],[-73.421142427,-42.176929853],[-73.397712572,-42.208637152],[-73.359443446,-42.207894815],[-73.362327418,-42.241160557],[-73.376136599,-42.236086838],[-73.417022718,-42.258672572],[-73.37636544,-42.242006809],[-73.337432622,-42.263854148],[-73.360351593,-42.287846272],[-73.357299665,-42.337593402],[-73.406158485,-42.321164517],[-73.434265015,-42.328708621],[-73.438468751,-42.313136615],[-73.469345017,-42.341519574],[-73.54437248,-42.331969925],[-73.582923717,-42.360979859],[-73.66445133,-42.385598865],[-73.669982744,-42.402987446],[-73.641158988,-42.435189177],[-73.683120612,-42.47695834],[-73.575622504,-42.533540239],[-73.62934095,-42.522037747],[-73.640083287,-42.546968034],[-73.719795162,-42.567734031],[-73.741195429,-42.536486736],[-73.783965991,-42.53027136],[-73.740470606,-42.517457886],[-73.749443091,-42.507871213],[-73.733009212,-42.491145663],[-73.72528069,-42.425537468],[-73.753707713,-42.427343982],[-73.746978394,-42.471395178],[-73.763954148,-42.465211082],[-73.758903512,-42.483778059],[-73.795928824,-42.518687844],[-73.79861434,-42.542288341],[-73.749008247,-42.55398349],[-73.752769191,-42.575712912],[-73.787025319,-42.594895375],[-73.785934353,-42.612010174],[-73.701980638,-42.664662782],[-73.659469604,-42.663572184],[-73.679328979,-42.692384575],[-73.631522832,-42.700795726],[-73.627952386,-42.728786026],[-73.603126508,-42.75068411],[-73.547256526,-42.754491639],[-73.486495973,-42.792130218],[-73.46098313,-42.879592674],[-73.486900156,-42.904357534],[-73.477226058,-42.875045647],[-73.491905073,-42.861140826],[-73.484481786,-42.883129261],[-73.510658211,-42.873361664],[-73.569770896,-42.886110412],[-73.61645509,-42.812459246],[-73.622024515,-42.841339994],[-73.65001682,-42.845151202],[-73.607650705,-42.848488041],[-73.585945175,-42.887285397],[-73.630347994,-42.884904759],[-73.655822753,-42.852468032],[-73.749244292,-42.845822933],[-73.662048275,-42.878821622],[-73.61732456,-42.914938235],[-73.618629451,-42.939872469],[-73.643302866,-42.940510688],[-73.59259791,-42.952575998],[-73.606818861,-42.969594619],[-73.545921215,-42.973362278],[-73.537086385,-43.027077176],[-73.507797067,-43.061560445],[-73.51666256,-43.072679632],[-73.47994977,-43.09798732],[-73.478172308,-43.135418244],[-73.532691923,-43.124318582],[-73.542678769,-43.099484032],[-73.541999704,-43.120892348],[-73.633140568,-43.117208238],[-73.619353983,-43.140615357],[-73.699889811,-43.150553312],[-73.716544945,-43.139266031],[-73.709495515,-43.107625131],[-73.718559202,-43.091190435],[-73.730590661,-43.092952229],[-73.727706729,-43.113214783],[-73.758689827,-43.143467775],[-73.738372648,-43.171473284],[-73.752174276,-43.204033079],[-73.674499497,-43.264928087],[-73.682800011,-43.27442754],[-73.661537097,-43.317303346],[-73.78840634,-43.312343459],[-73.842758181,-43.285469092],[-73.874504101,-43.284662154],[-73.810203346,-43.310877649],[-73.794425847,-43.354802318],[-73.792152438,-43.409928967],[-73.825279198,-43.401119451],[-73.823669195,-43.421213097],[-73.83718863,-43.426456182],[-73.87975298,-43.42162334],[-73.890838538,-43.398418015],[-73.915870617,-43.393097642],[-73.914550635,-43.375582166],[-73.946144151,-43.36565579],[-73.979575905,-43.365790413],[-73.998222276,-43.390919269],[-74.022178592,-43.360115041],[-74.045394807,-43.360080887],[-74.081474056,-43.370420801],[-74.085143726,-43.392213395],[-74.105155815,-43.391161973],[-74.1383207,-43.350954954],[-74.199798547,-43.346260647],[-74.236175372,-43.324778658],[-74.299552693,-43.325407415],[-74.329399187,-43.291227203],[-74.365219024,-43.291118749],[-74.405006213,-43.260344208],[-74.40460963,-43.233154836],[-74.375739882,-43.221610323],[-74.347480685,-43.148231466],[-74.306342841,-43.132391198],[-74.334808347,-43.117569899],[-74.318176233,-43.104046661],[-74.333495832,-43.096620668],[-74.324607655,-43.075381498],[-74.292076095,-43.080040968],[-74.256774755,-43.037589502],[-74.226417524,-43.029625983],[-74.225860379,-43.010103454],[-74.250747622,-43.003528562],[-74.252815279,-42.986505033],[-74.194099341,-42.97271795],[-74.225219486,-42.914777979],[-74.168365406,-42.899334437],[-74.146812312,-42.846515271],[-74.166465742,-42.825165801],[-74.1525115,-42.792366462],[-74.169364962,-42.767735523],[-74.146217367,-42.759877568],[-74.15666189,-42.711829659],[-74.129409546,-42.701151043],[-74.118598798,-42.657520124],[-74.147804193,-42.546402504],[-74.197112846,-42.511888783],[-74.177314438,-42.479226751],[-74.184143048,-42.4176116],[-74.162406716,-42.399294114],[-74.133941682,-42.321656297],[-74.171386485,-42.266256684],[-74.135223382,-42.197090769],[-74.09773258,-42.168748438],[-74.076423684,-42.17136119],[-74.082412596,-42.155674031],[-74.053398152,-42.14422029],[-74.057456879,-42.095962759],[-74.028289772,-42.068574371],[-74.054801856,-41.968094451],[-74.024093423,-41.947668322],[-74.052459676,-41.933906752],[-74.007766642,-41.924899799],[-73.992996076,-41.890708508],[-74.058273128,-41.834791973],[-74.052604687,-41.801736643],[-74.032752732,-41.80631039]]],[[[-73.748100227,-43.202892757],[-73.745986848,-43.202323465],[-73.744583018,-43.205303114],[-73.746147227,-43.205526167],[-73.748100227,-43.202892757]]],[[[-73.719215228,-42.61480649],[-73.736167799,-42.608528198],[-73.718604835,-42.594507928],[-73.670486426,-42.607750822],[-73.677345221,-42.594456843],[-73.594566278,-42.56670827],[-73.56554398,-42.615523276],[-73.581199356,-42.633348514],[-73.578399647,-42.669805342],[-73.520454487,-42.680722634],[-73.575912284,-42.706240532],[-73.597694336,-42.650692107],[-73.659378108,-42.636896085],[-73.708778275,-42.652283252],[-73.742965632,-42.627674275],[-73.739471261,-42.613635388],[-73.719215228,-42.61480649]]],[[[-73.671073666,-43.224462661],[-73.674354552,-43.247014611],[-73.74433873,-43.198030293],[-73.718582091,-43.174242035],[-73.665695241,-43.191098784],[-73.671073666,-43.224462661]]],[[[-73.604438746,-42.435646821],[-73.657752824,-42.387771408],[-73.523124564,-42.391566124],[-73.507407907,-42.4078788],[-73.523643523,-42.421219811],[-73.515769954,-42.45064685],[-73.465484431,-42.470892642],[-73.394119136,-42.539226246],[-73.3886031,-42.581707776],[-73.442405504,-42.569700069],[-73.436340108,-42.538244616],[-73.409721158,-42.549123434],[-73.450347885,-42.51667818],[-73.510566653,-42.505527758],[-73.537521322,-42.466927938],[-73.638351333,-42.466808858],[-73.604438746,-42.435646821]]],[[[-73.588134744,-43.198819934],[-73.560928025,-43.184434582],[-73.582763715,-43.139177448],[-73.556587115,-43.134868462],[-73.549400294,-43.165367828],[-73.52425382,-43.177030589],[-73.508850021,-43.175803357],[-73.50891082,-43.156229201],[-73.531059206,-43.150360517],[-73.508704929,-43.146730525],[-73.498771581,-43.170475199],[-73.510154724,-43.182449792],[-73.588134744,-43.198819934]]],[[[-73.578910624,-43.271669796],[-73.625648347,-43.238722309],[-73.619956937,-43.220691165],[-73.641830465,-43.185265689],[-73.617606991,-43.163966665],[-73.598487852,-43.228588951],[-73.573005502,-43.246775911],[-73.578910624,-43.271669796]]],[[[-73.401817146,-42.600020932],[-73.414100309,-42.638391246],[-73.461631819,-42.661862895],[-73.558440998,-42.661654058],[-73.560073661,-42.577555599],[-73.542633016,-42.54693291],[-73.485633751,-42.54692754],[-73.463561963,-42.602916811],[-73.401817146,-42.600020932]]],[[[-73.408485437,-42.428834725],[-73.448036177,-42.467129374],[-73.487800539,-42.45388576],[-73.500350765,-42.434175606],[-73.491836356,-42.368778348],[-73.462715147,-42.358204646],[-73.416694492,-42.370699459],[-73.401458733,-42.395280135],[-73.408485437,-42.428834725]]],[[[-73.343444718,-42.139500387],[-73.342162994,-42.188599835],[-73.376624797,-42.193770275],[-73.466087353,-42.136525373],[-73.391723514,-42.09457326],[-73.356857132,-42.106943079],[-73.343444718,-42.139500387]]],[[[-73.319793459,-42.990873907],[-73.330283875,-43.021478248],[-73.452026276,-43.0070485],[-73.573859899,-42.958787951],[-73.608604218,-42.922762608],[-73.583221183,-42.906759608],[-73.529273708,-42.905156885],[-73.319793459,-42.990873907]]],[[[-73.229804973,-42.255451857],[-73.192031695,-42.27142235],[-73.190772957,-42.238533388],[-73.140533362,-42.230114937],[-73.066635196,-42.254452977],[-73.041618337,-42.282300296],[-73.059677094,-42.314137688],[-73.120864542,-42.350495966],[-73.15040583,-42.342824571],[-73.166419827,-42.313818649],[-73.226440263,-42.349460022],[-73.307792672,-42.322424056],[-73.311050311,-42.282776485],[-73.269309818,-42.256051868],[-73.229804973,-42.255451857]]],[[[-73.252082711,-42.519034107],[-73.294250529,-42.526376705],[-73.373054546,-42.494950097],[-73.396407856,-42.461481422],[-73.380454945,-42.41325533],[-73.319915796,-42.379102451],[-73.251678218,-42.402140633],[-73.220321566,-42.468310358],[-73.252082711,-42.519034107]]],[[[-73.198249845,-42.576554916],[-73.204177636,-42.650362214],[-73.230491552,-42.688294729],[-73.29483776,-42.678549363],[-73.380111587,-42.639918851],[-73.374641156,-42.609369134],[-73.333907895,-42.571342119],[-73.244819521,-42.550608329],[-73.198249845,-42.576554916]]],[[[-73.110214215,-42.41230563],[-73.152045978,-42.41189858],[-73.168861501,-42.38879208],[-73.149703757,-42.366727397],[-73.102272036,-42.359433567],[-73.083335755,-42.379238758],[-73.110214215,-42.41230563]]]]}}, {"type" : "Feature", "id" : "cuenca:110", "properties" : {"code": "cuenca:110", "name": "Rio Palena y Costeras Limite Decima Region", "codigo": "110", "fuente": "dga_bna", "nombre": "Rio Palena y Costeras Limite Decima Region", "region": "Región Aysén del General Carlos Ibáñez del Cam"}, "geometry" : {"type":"Polygon","coordinates":[[[-72.472854551,-43.384734751],[-72.427267187,-43.355563749],[-72.37505546,-43.355605593],[-72.343279414,-43.440904383],[-72.241477721,-43.473765012],[-72.279342615,-43.49538569],[-72.196685628,-43.553656232],[-72.22499977,-43.593162537],[-72.193397393,-43.627141205],[-72.135490331,-43.647917626],[-72.070990262,-43.617088069],[-71.974553653,-43.629818208],[-71.906792136,-43.578335972],[-71.890640981,-43.546811363],[-71.776580934,-43.536707101],[-71.757133081,-43.544461739],[-71.744781286,-43.585251389],[-71.709617453,-43.583668908],[-71.701271196,-43.623624891],[-71.628036392,-43.623127241],[-71.581535433,-43.653146378],[-71.587234328,-43.673963434],[-71.609352153,-43.674347195],[-71.59742738,-43.69604652],[-71.657287422,-43.699594474],[-71.660873388,-43.718845223],[-71.69756298,-43.728063632],[-71.749923571,-43.786671771],[-71.761016674,-43.834898647],[-71.729782111,-43.855703552],[-71.704689002,-43.853212585],[-71.703353839,-43.893568243],[-71.659629598,-43.901266064],[-71.646804663,-43.945628554],[-71.767558816,-44.106894158],[-71.848586671,-44.110608789],[-71.848411405,-44.156580212],[-71.779152047,-44.221975519],[-71.80777719,-44.22654147],[-71.806266524,-44.256147116],[-71.831580932,-44.26537961],[-71.803687922,-44.270209225],[-71.810188335,-44.286748812],[-71.78974131,-44.31394688],[-71.795333582,-44.336901058],[-71.840255626,-44.349232528],[-71.817489517,-44.376992668],[-71.8237992,-44.389079815],[-71.806144567,-44.396280419],[-71.809257436,-44.418938984],[-71.8833846,-44.430242598],[-71.970634566,-44.366105679],[-71.993400454,-44.39874258],[-71.985145462,-44.428148422],[-72.008071882,-44.474686185],[-72.081107968,-44.457537541],[-72.107673501,-44.483598459],[-72.095428385,-44.518458748],[-72.03944394,-44.553289219],[-72.045314206,-44.572162971],[-72.0967413,-44.582391496],[-72.133796454,-44.559342957],[-72.169146815,-44.574057092],[-72.197264327,-44.566921772],[-72.201585033,-44.535523145],[-72.331504697,-44.519601398],[-72.307863151,-44.491460237],[-72.252967615,-44.494397828],[-72.244364861,-44.44788142],[-72.377616925,-44.414208665],[-72.388175934,-44.397790782],[-72.365503122,-44.383720786],[-72.355765521,-44.349848825],[-72.378562718,-44.322934646],[-72.467803845,-44.32299393],[-72.584252567,-44.257068266],[-72.580261049,-44.226770477],[-72.537643236,-44.200057689],[-72.564101018,-44.159277513],[-72.683425677,-44.150874079],[-72.780479479,-44.068483464],[-72.823112406,-44.090005299],[-72.854354667,-44.07847988],[-72.830596812,-44.000266281],[-72.851501361,-43.982989118],[-72.822357154,-43.976884267],[-72.832472761,-43.948565388],[-72.859573135,-43.933657637],[-72.910980262,-43.935895259],[-72.914985484,-43.90605886],[-72.950515475,-43.886617801],[-72.985365288,-43.83141812],[-73.006491144,-43.755025754],[-73.051084627,-43.739011358],[-73.022419215,-43.720026199],[-72.962791173,-43.71320871],[-72.955314497,-43.696975304],[-72.921150143,-43.699162459],[-72.889999254,-43.739317782],[-72.855453183,-43.738626454],[-72.826133595,-43.640043481],[-72.801414324,-43.639734981],[-72.790061952,-43.673062425],[-72.765983563,-43.689316995],[-72.803421032,-43.73859869],[-72.761894197,-43.769233516],[-72.658309775,-43.775809918],[-72.651527246,-43.758867975],[-72.613273557,-43.75737544],[-72.497672969,-43.795105275],[-72.482727045,-43.776012784],[-72.499099536,-43.751753858],[-72.483894234,-43.731390952],[-72.503768772,-43.672228431],[-72.478165577,-43.64340532],[-72.515899639,-43.631081571],[-72.541936196,-43.582755112],[-72.587272575,-43.572958128],[-72.589675804,-43.559810381],[-72.503468976,-43.502338869],[-72.498397426,-43.48646445],[-72.530410445,-43.434639178],[-72.472854551,-43.384734751]]]}}, {"type" : "Feature", "id" : "cuenca:112", "properties" : {"code": "cuenca:112", "name": "Archipielagos de Las Guaitecas y de los Chonos", "codigo": "112", "fuente": "dga_bna", "nombre": "Archipielagos de Las Guaitecas y de los Chonos", "region": "Región Aysén del General Carlos Ibáñez del Cam"}, "geometry" : {"type":"Polygon","coordinates":[[[-73.448638857,-43.681946342],[-73.445938107,-43.98210177],[-73.41381054,-44.016333701],[-73.407104356,-44.087322902],[-73.422676001,-44.38475434],[-73.508171017,-44.60979091],[-73.556625355,-44.947568551],[-73.582702305,-45.023004495],[-73.638748094,-45.105895626],[-73.646835297,-45.213047807],[-73.701576101,-45.379515295],[-73.538322169,-45.464659537],[-73.543327,-45.642953778],[-73.574371128,-45.748087597],[-73.599532817,-45.765253026],[-73.613326896,-45.800812553],[-73.644943041,-45.810424745],[-73.739250015,-45.788928429],[-73.857797874,-45.74161034],[-74.038851302,-45.7319225],[-74.113128647,-45.803437169],[-74.268531536,-45.830144756],[-74.329854353,-45.791161363],[-74.39799517,-45.810789808],[-74.436691222,-45.798607154],[-74.480361965,-45.828321212],[-74.54148107,-45.82946915],[-74.876327235,-45.802454207],[-75.066818381,-45.767744151],[-74.651862968,-45.053275846],[-74.900970371,-45.047115184],[-75.115577796,-44.982179428],[-75.225677559,-44.905896492],[-75.250488014,-44.816293749],[-75.209296893,-44.731302161],[-75.089820893,-44.646389982],[-74.785446167,-44.506214794],[-74.629280069,-44.413586163],[-74.388626188,-43.961420069],[-74.669593697,-43.814460287],[-74.242515552,-43.650326464],[-74.033157198,-43.601931758],[-73.863884035,-43.595174839],[-73.448638857,-43.681946342]]]}}, {"type" : "Feature", "id" : "cuenca:113", "properties" : {"code": "cuenca:113", "name": "Rio Aisen", "codigo": "113", "fuente": "dga_bna", "nombre": "Rio Aisen", "region": "Región Aysén del General Carlos Ibáñez del Cam"}, "geometry" : {"type":"Polygon","coordinates":[[[-71.898010116,-44.946112273],[-71.881622028,-44.943660275],[-71.878135425,-44.959028433],[-71.84859451,-44.928084089],[-71.811085062,-44.921025294],[-71.776534919,-44.939977832],[-71.756553512,-44.924070305],[-71.740661443,-44.959509733],[-71.701453966,-44.951704011],[-71.659034532,-44.975366133],[-71.56070706,-44.976367855],[-71.539741256,-44.999299626],[-71.553329199,-45.027297178],[-71.503860406,-45.071456036],[-71.524757318,-45.101947048],[-71.4890211,-45.104982263],[-71.485534441,-45.142715413],[-71.412292383,-45.158355816],[-71.42342379,-45.169745217],[-71.340736299,-45.234898006],[-71.330413697,-45.251320351],[-71.349426172,-45.265827588],[-71.318557755,-45.291729415],[-71.37345116,-45.344454903],[-71.44496141,-45.366442995],[-71.435638094,-45.393343822],[-71.457908494,-45.382731362],[-71.535819821,-45.396499999],[-71.518165369,-45.424321317],[-71.532684438,-45.43349164],[-71.469505331,-45.47865181],[-71.470260525,-45.495291608],[-71.554557715,-45.523499357],[-71.680099454,-45.51061659],[-71.684348971,-45.527865916],[-71.741767792,-45.538904443],[-71.763420111,-45.562122051],[-71.7580719,-45.574465504],[-71.724784889,-45.575039862],[-71.744369166,-45.60560545],[-71.776183926,-45.61871987],[-71.777603062,-45.655039327],[-71.792182712,-45.662131756],[-71.77096539,-45.694299628],[-71.800132511,-45.716359638],[-71.770088111,-45.740710202],[-71.739593222,-45.803918918],[-71.76819599,-45.844019351],[-71.668586779,-45.873864523],[-71.614875612,-45.957433312],[-71.616142443,-45.980238042],[-71.64456156,-45.982225122],[-71.649841105,-46.012195138],[-71.71487396,-46.085963638],[-71.755088798,-46.093132381],[-71.780418121,-46.116099052],[-71.827835073,-46.109156874],[-71.903877165,-46.135045955],[-71.967475898,-46.126431653],[-72.063641142,-46.053523916],[-72.086635331,-46.043872878],[-72.108788984,-46.054625823],[-72.155365139,-46.027413778],[-72.299961256,-46.051232003],[-72.313758704,-46.022175085],[-72.358024492,-46.017871045],[-72.392517058,-46.044914665],[-72.467628381,-46.064844063],[-72.489890721,-46.024847181],[-72.477157439,-45.977978605],[-72.535011252,-45.965328962],[-72.581375943,-45.921535835],[-72.665763867,-45.935602273],[-72.696082996,-45.911744752],[-72.720115481,-45.931800411],[-72.907615654,-45.905403831],[-72.91950562,-45.867224341],[-72.89919166,-45.853600124],[-72.912046322,-45.817755457],[-72.886817973,-45.755467854],[-72.919297089,-45.702354024],[-72.963714285,-45.683785063],[-72.890581583,-45.604803567],[-72.906013442,-45.563888639],[-72.851032769,-45.589894292],[-72.831651673,-45.552787711],[-72.742537986,-45.486501178],[-72.732204052,-45.451334982],[-72.778816153,-45.439260061],[-72.804045571,-45.408884231],[-72.785964919,-45.392005561],[-72.789564231,-45.373046587],[-72.884203903,-45.331855264],[-72.955329849,-45.268773649],[-72.929206653,-45.234774158],[-72.944511307,-45.179409645],[-72.935073935,-45.164739411],[-72.863907912,-45.157028318],[-72.825232354,-45.204347031],[-72.756164517,-45.205571465],[-72.767554932,-45.184794243],[-72.752646299,-45.117968965],[-72.765124032,-45.097912134],[-72.730259267,-45.055544805],[-72.687103076,-45.074919511],[-72.652745552,-45.04560008],[-72.632041708,-45.066442513],[-72.599113676,-45.04933934],[-72.567901497,-45.084583928],[-72.505081218,-45.104043809],[-72.428161446,-45.00389523],[-72.3607941,-45.033925927],[-72.342529089,-45.005743278],[-72.311630129,-45.034684041],[-72.294280909,-45.003793618],[-72.205184709,-44.996515276],[-72.182636108,-44.97050646],[-72.125068656,-44.982931084],[-72.131145168,-44.910247815],[-72.090899515,-44.891172503],[-72.002935165,-44.901483349],[-71.976193316,-44.926074252],[-71.949345967,-44.919867089],[-71.935929645,-44.942514512],[-71.898010116,-44.946112273]]]}}, {"type" : "Feature", "id" : "cuenca:114", "properties" : {"code": "cuenca:114", "name": "Costeras e Islas entre R Aisen y R Baker y Canal Gral. Martinez", "codigo": "114", "fuente": "dga_bna", "nombre": "Costeras e Islas entre R Aisen y R Baker y Canal Gral. Martinez", "region": "Región Aysén del General Carlos Ibáñez del Cam"}, "geometry" : {"type":"Polygon","coordinates":[[[-72.895698408,-45.435287371],[-72.814538381,-45.405351896],[-72.778816153,-45.439260061],[-72.732204052,-45.451334982],[-72.742537986,-45.486501178],[-72.831651673,-45.552787711],[-72.851032769,-45.589894292],[-72.906013442,-45.563888639],[-72.890581583,-45.604803567],[-72.963714285,-45.683785063],[-72.919297089,-45.702354024],[-72.883972067,-45.772954422],[-72.9104233,-45.807797686],[-72.89919166,-45.853600124],[-72.91950562,-45.867224341],[-72.895965387,-45.91393887],[-72.98177319,-45.95184911],[-72.954004322,-45.996436617],[-72.969566278,-46.007768228],[-72.955108443,-46.068255028],[-73.006605909,-46.104117281],[-73.040672706,-46.091557398],[-73.100954009,-46.104168105],[-73.125679042,-46.132443496],[-73.084902044,-46.177185276],[-73.101356384,-46.214303089],[-73.018858432,-46.312161261],[-73.026714931,-46.340780323],[-72.977050706,-46.362889045],[-72.964416411,-46.401917469],[-72.999716245,-46.48782308],[-72.945777822,-46.511138014],[-72.866612332,-46.516689578],[-72.854516591,-46.535346264],[-72.794525066,-46.558820173],[-72.790321292,-46.580712972],[-72.84169719,-46.664623605],[-72.879467679,-46.661371845],[-72.96773852,-46.570300717],[-73.062116011,-46.555449341],[-73.134389367,-46.595881783],[-73.138204808,-46.612569634],[-73.176658782,-46.602687102],[-73.225002127,-46.635092164],[-73.354606579,-46.612362618],[-73.381034495,-46.63054069],[-73.405036536,-46.776067311],[-73.404464554,-46.850441049],[-73.387008632,-46.853997249],[-73.385726808,-46.869675442],[-73.398953012,-46.908345166],[-73.370213291,-46.924019311],[-73.376464999,-46.954632801],[-73.41535189,-46.977131589],[-73.499923374,-46.96624549],[-73.557273617,-46.923884992],[-73.624855118,-46.917020068],[-73.658034991,-46.937426169],[-73.665283109,-46.998828512],[-73.606086582,-47.039360101],[-73.582794911,-47.121663792],[-73.516542064,-47.142800596],[-73.465577636,-47.183107266],[-73.475363104,-47.242364037],[-73.447227653,-47.257348739],[-73.429870348,-47.314502104],[-73.409664962,-47.328413793],[-73.459182497,-47.403034887],[-73.429969663,-47.465958774],[-73.445367054,-47.51113532],[-73.432760634,-47.548055776],[-73.403976227,-47.563967021],[-73.395019582,-47.628457295],[-73.535857829,-47.684186461],[-73.592916492,-47.786711897],[-73.69235951,-47.7923067],[-73.880395584,-47.836064615],[-74.001243486,-47.805946837],[-74.027221594,-47.776273219],[-74.061279311,-47.77125348],[-74.320037896,-47.781815092],[-74.387100075,-47.752768891],[-74.473453922,-47.793024133],[-74.568885761,-47.781655441],[-74.748809718,-47.710132662],[-74.871536048,-47.587550198],[-74.954994213,-47.54063138],[-74.619872787,-47.35478861],[-74.549590868,-47.276046271],[-74.498123145,-47.143525051],[-74.497398193,-46.985412241],[-74.82868951,-47.086590369],[-75.569358814,-47.268112667],[-75.620452713,-47.126345765],[-75.635917513,-46.94208454],[-75.683044565,-46.816278065],[-75.672691363,-46.671425496],[-75.629493466,-46.586641681],[-75.431861648,-46.469168286],[-75.258209268,-46.311471057],[-75.140960564,-46.168525395],[-75.116874359,-45.898934972],[-75.064561505,-45.767117266],[-74.876327235,-45.802454207],[-74.54148107,-45.82946915],[-74.480361965,-45.828321212],[-74.436691222,-45.798607154],[-74.39799517,-45.810789808],[-74.329854353,-45.791161363],[-74.268531536,-45.830144756],[-74.113128647,-45.803437169],[-74.038851302,-45.7319225],[-73.857797874,-45.74161034],[-73.739250015,-45.788928429],[-73.632987816,-45.809223455],[-73.574371128,-45.748087597],[-73.543327,-45.642953778],[-73.533935498,-45.495015226],[-73.556258958,-45.448083818],[-73.297340187,-45.302262961],[-73.202209352,-45.27071283],[-73.159301636,-45.291845977],[-73.018264411,-45.417123595],[-72.947975036,-45.441797836],[-72.895698408,-45.435287371]]]}}, {"type" : "Feature", "id" : "cuenca:115", "properties" : {"code": "cuenca:115", "name": "Rio Baker", "codigo": "115", "fuente": "dga_bna", "nombre": "Rio Baker", "region": "Región Aysén del General Carlos Ibáñez del Cam"}, "geometry" : {"type":"Polygon","coordinates":[[[-72.895965387,-45.91393887],[-72.720115481,-45.931800411],[-72.696082996,-45.911744752],[-72.665763867,-45.935602273],[-72.581375943,-45.921535835],[-72.535011252,-45.965328962],[-72.477157439,-45.977978605],[-72.489890721,-46.024847181],[-72.467628381,-46.064844063],[-72.350395049,-46.017249154],[-72.303222518,-46.028600689],[-72.299961256,-46.051232003],[-72.158092923,-46.02744637],[-72.108788984,-46.054625823],[-72.086635331,-46.043872878],[-71.997398319,-46.092794957],[-71.978956649,-46.120953166],[-71.903877165,-46.135045955],[-71.912788181,-46.154664406],[-71.898208261,-46.16375641],[-71.866287163,-46.155647245],[-71.876754565,-46.169797807],[-71.86222811,-46.190313948],[-71.783317509,-46.196340877],[-71.725883152,-46.286357575],[-71.761016785,-46.343567862],[-71.671485935,-46.523490092],[-71.668914907,-46.611466826],[-71.646095204,-46.636930289],[-71.646026284,-46.687670668],[-71.736969039,-46.728497797],[-71.780044433,-46.7685904],[-71.838905415,-46.796788315],[-71.919189238,-46.800117369],[-71.956412966,-46.816583974],[-71.933685278,-46.846507141],[-71.934760688,-46.867879954],[-71.974838131,-46.910464282],[-71.953620959,-46.957427709],[-71.961746209,-46.972138348],[-71.879028403,-47.007420582],[-71.902465584,-47.049799216],[-71.954635566,-47.075218409],[-71.860854895,-47.125741319],[-71.85247015,-47.162585273],[-71.889335729,-47.180558454],[-71.877990696,-47.202801551],[-71.895690634,-47.211669079],[-71.863960081,-47.230230979],[-72.01926423,-47.197610439],[-71.999290502,-47.22744959],[-72.014655675,-47.251833564],[-71.998489356,-47.290503346],[-72.044204728,-47.335947183],[-72.131560911,-47.328516208],[-72.160453562,-47.394053224],[-72.196822882,-47.414861568],[-72.233184673,-47.402605738],[-72.33510565,-47.453546145],[-72.339035105,-47.467294491],[-72.309730363,-47.478408237],[-72.289634774,-47.511846387],[-72.311035063,-47.553920264],[-72.335795207,-47.568342545],[-72.309646277,-47.591989214],[-72.352287051,-47.634920124],[-72.383262404,-47.635202182],[-72.397918641,-47.657494952],[-72.41618321,-47.657595386],[-72.414069939,-47.687772707],[-72.449493213,-47.705640978],[-72.437911859,-47.73261168],[-72.402953901,-47.732664894],[-72.399780118,-47.75463034],[-72.456962569,-47.774827639],[-72.523467854,-47.738769604],[-72.50669854,-47.760529918],[-72.569343627,-47.761350117],[-72.633987211,-47.809366136],[-72.633048961,-47.843141414],[-72.673766943,-47.841155596],[-72.639373532,-47.901198905],[-72.726325711,-47.93765487],[-72.758918775,-47.928780291],[-72.753463666,-47.89858333],[-72.808982684,-47.852774763],[-72.913076227,-47.868720555],[-73.041960477,-47.859789709],[-73.068966629,-47.835310217],[-73.250625549,-47.814340096],[-73.278211563,-47.84553623],[-73.312780099,-47.848294807],[-73.345115549,-47.826491293],[-73.422271463,-47.839869391],[-73.592916492,-47.786711897],[-73.535857829,-47.684186461],[-73.395019582,-47.628457295],[-73.403976227,-47.563967021],[-73.432760634,-47.548055776],[-73.445367054,-47.51113532],[-73.429969663,-47.465958774],[-73.459182497,-47.403034887],[-73.409664962,-47.328413793],[-73.429870348,-47.314502104],[-73.447227653,-47.257348739],[-73.475363104,-47.242364037],[-73.465577636,-47.183107266],[-73.516542064,-47.142800596],[-73.582794911,-47.121663792],[-73.606086582,-47.039360101],[-73.665283109,-46.998828512],[-73.658034991,-46.937426169],[-73.624855118,-46.917020068],[-73.557273617,-46.923884992],[-73.499923374,-46.96624549],[-73.41535189,-46.977131589],[-73.376464999,-46.954632801],[-73.370213291,-46.924019311],[-73.398953012,-46.908345166],[-73.385726808,-46.869675442],[-73.387008632,-46.853997249],[-73.404464554,-46.850441049],[-73.405036536,-46.776067311],[-73.390434019,-46.663751279],[-73.366310184,-46.617257473],[-73.225002127,-46.635092164],[-73.176658782,-46.602687102],[-73.138204808,-46.612569634],[-73.134389367,-46.595881783],[-73.062116011,-46.555449341],[-72.96773852,-46.570300717],[-72.873505957,-46.664413643],[-72.84169719,-46.664623605],[-72.816436578,-46.641174547],[-72.794525066,-46.558820173],[-72.854516591,-46.535346264],[-72.866612332,-46.516689578],[-72.945777822,-46.511138014],[-73.001609116,-46.485106182],[-72.964416411,-46.401917469],[-72.977050706,-46.362889045],[-73.026714931,-46.340780323],[-73.018858432,-46.312161261],[-73.101356384,-46.214303089],[-73.084902044,-46.177185276],[-73.125679042,-46.132443496],[-73.100954009,-46.104168105],[-73.040672706,-46.091557398],[-73.006605909,-46.104117281],[-72.955108443,-46.068255028],[-72.969566278,-46.007768228],[-72.954004322,-45.996436617],[-72.98177319,-45.95184911],[-72.895965387,-45.91393887]]]}}, {"type" : "Feature", "id" : "cuenca:116", "properties" : {"code": "cuenca:116", "name": "Costeras e Islas entre R. Baker y R. Pascua", "codigo": "116", "fuente": "dga_bna", "nombre": "Costeras e Islas entre R. Baker y R. Pascua", "region": "Región Aysén del General Carlos Ibáñez del Cam"}, "geometry" : {"type":"Polygon","coordinates":[[[-73.592916492,-47.786711897],[-73.422271463,-47.839869391],[-73.345115549,-47.826491293],[-73.312780099,-47.848294807],[-73.278211563,-47.84553623],[-73.250625549,-47.814340096],[-73.068966629,-47.835310217],[-73.041960477,-47.859789709],[-72.913076227,-47.868720555],[-72.808982684,-47.852774763],[-72.753463666,-47.89858333],[-72.758918775,-47.928780291],[-72.726325711,-47.93765487],[-72.639373532,-47.901198905],[-72.670944232,-47.837479992],[-72.633048961,-47.843141414],[-72.633987211,-47.809366136],[-72.569343627,-47.761350117],[-72.50669854,-47.760529918],[-72.46871155,-47.821378395],[-72.475624083,-47.865514385],[-72.524017056,-47.905534796],[-72.527236613,-47.931405839],[-72.502448925,-47.956839445],[-72.429160786,-47.96338176],[-72.419235121,-48.002326326],[-72.456086244,-48.101316136],[-72.516051259,-48.092849615],[-72.532877325,-48.046917643],[-72.587878239,-48.063865154],[-72.615669527,-48.111108114],[-72.605216912,-48.126153959],[-72.623458777,-48.135464423],[-72.601242138,-48.170740167],[-72.610885404,-48.176065804],[-72.813448092,-48.152697045],[-72.830881442,-48.191449858],[-72.924787092,-48.253568184],[-72.957908593,-48.256759607],[-73.023732065,-48.199047399],[-73.021737973,-48.16686063],[-73.000730364,-48.161570087],[-73.001230936,-48.126677268],[-73.077582905,-48.082517288],[-73.121947903,-48.034158743],[-73.203414654,-48.069925779],[-73.191375521,-48.14496517],[-73.138770348,-48.161903174],[-73.197072614,-48.197298501],[-73.245963979,-48.183216101],[-73.320071144,-48.202871793],[-73.345435859,-48.175411033],[-73.435249055,-48.135503871],[-73.615722615,-48.084369978],[-73.671035742,-48.014073056],[-73.719886676,-47.99995807],[-73.748634427,-47.972985632],[-73.832053993,-47.987471929],[-74.014648425,-47.958390384],[-74.298797653,-47.968519322],[-74.476623534,-47.901169507],[-74.567054876,-47.967359528],[-74.595946939,-47.971991037],[-74.69766213,-47.892523379],[-74.711455385,-47.812483242],[-74.680961583,-47.747597608],[-74.600181691,-47.775564366],[-74.473453922,-47.793024133],[-74.387100075,-47.752768891],[-74.320037896,-47.781815092],[-74.061279311,-47.77125348],[-74.027221594,-47.776273219],[-74.001243486,-47.805946837],[-73.880395584,-47.836064615],[-73.69235951,-47.7923067],[-73.592916492,-47.786711897]]]}}, {"type" : "Feature", "id" : "cuenca:117", "properties" : {"code": "cuenca:117", "name": "Rio Pascua", "codigo": "117", "fuente": "dga_bna", "nombre": "Rio Pascua", "region": "Región Aysén del General Carlos Ibáñez del Cam"}, "geometry" : {"type":"Polygon","coordinates":[[[-73.275939705,-49.22331437],[-73.379928516,-49.288403878],[-73.419021495,-49.274251431],[-73.462585224,-49.227507713],[-73.466674666,-49.158611447],[-73.543868876,-49.063159733],[-73.517585564,-48.978153458],[-73.583013326,-48.833730338],[-73.50825505,-48.808611056],[-73.452010784,-48.709165255],[-73.488143853,-48.401235199],[-73.469726397,-48.378730644],[-73.461860465,-48.306703883],[-73.413117743,-48.275978931],[-73.354386108,-48.264030108],[-73.333623913,-48.212498503],[-73.310252674,-48.194322708],[-73.245963979,-48.183216101],[-73.197072614,-48.197298501],[-73.138770348,-48.161903174],[-73.191375521,-48.14496517],[-73.203414654,-48.069925779],[-73.130164831,-48.032193805],[-73.001230936,-48.126677268],[-73.000730364,-48.161570087],[-73.021737973,-48.16686063],[-73.023732065,-48.199047399],[-72.957908593,-48.256759607],[-72.924787092,-48.253568184],[-72.830881442,-48.191449858],[-72.813448092,-48.152697045],[-72.610885404,-48.176065804],[-72.601242138,-48.170740167],[-72.623458777,-48.135464423],[-72.60377503,-48.118982442],[-72.615669527,-48.111108114],[-72.587878239,-48.063865154],[-72.555780754,-48.045805314],[-72.526980687,-48.049128183],[-72.516051259,-48.092849615],[-72.494987295,-48.101879454],[-72.456086244,-48.101316136],[-72.438003333,-48.068754195],[-72.364089832,-48.075686485],[-72.364341547,-48.095317865],[-72.306045339,-48.145259882],[-72.318122617,-48.235221222],[-72.232642823,-48.318968686],[-72.243797016,-48.345994465],[-72.281112451,-48.360969372],[-72.38044719,-48.350073001],[-72.378715481,-48.371044316],[-72.34501621,-48.388586388],[-72.405517354,-48.413160205],[-72.411972007,-48.432098498],[-72.376388383,-48.448540165],[-72.393684246,-48.483010293],[-72.442535154,-48.512681843],[-72.505638087,-48.517240297],[-72.538566645,-48.482259458],[-72.588195604,-48.487316738],[-72.537994355,-48.665898893],[-72.533065591,-48.796851674],[-72.64099864,-48.864130893],[-72.67650591,-48.86316019],[-72.694816453,-48.897274494],[-72.740669085,-48.905818012],[-72.792959066,-48.957227349],[-72.853446659,-48.974691531],[-72.918595497,-48.943285819],[-72.964862854,-48.954223369],[-72.978878472,-48.984338508],[-73.00944242,-48.99649267],[-73.004793952,-49.030735159],[-73.033663614,-49.034596121],[-73.030690888,-49.063211081],[-73.086235061,-49.083413144],[-73.085273834,-49.125307241],[-73.184509189,-49.149466868],[-73.275939705,-49.22331437]]]}}, {"type" : "Feature", "id" : "cuenca:118", "properties" : {"code": "cuenca:118", "name": "Costeras entre R. Pascua Limite Region. Archipielago Guayeco", "codigo": "118", "fuente": "dga_bna", "nombre": "Costeras entre R. Pascua Limite Region. Archipielago Guayeco", "region": "Región Aysén del General Carlos Ibáñez del Cam"}, "geometry" : {"type":"Polygon","coordinates":[[[-74.954994213,-47.54063138],[-74.905189305,-47.560382069],[-74.748809718,-47.710132662],[-74.680846975,-47.745776005],[-74.710896462,-47.800836203],[-74.703209038,-47.88259303],[-74.602058507,-47.97004495],[-74.567054876,-47.967359528],[-74.476623534,-47.901169507],[-74.298797653,-47.968519322],[-74.014648425,-47.958390384],[-73.832053993,-47.987471929],[-73.748634427,-47.972985632],[-73.719886676,-47.99995807],[-73.671035742,-48.014073056],[-73.604423524,-48.09021059],[-73.462005648,-48.12649712],[-73.345435859,-48.175411033],[-73.320071144,-48.202871793],[-73.354386108,-48.264030108],[-73.443621432,-48.291428443],[-73.4715499,-48.327659995],[-73.466529502,-48.366728369],[-73.488143853,-48.401235199],[-73.452010784,-48.709165255],[-73.50825505,-48.808611056],[-73.583013326,-48.833730338],[-73.667083835,-48.812738522],[-73.877212424,-48.813721587],[-74.00397768,-48.725884125],[-74.079664883,-48.704163023],[-74.164716588,-48.695426212],[-74.258917822,-48.725220387],[-74.309506009,-48.692831754],[-74.478790144,-48.681880796],[-74.557052661,-48.703481563],[-74.686202868,-48.64329548],[-74.915839774,-48.619416748],[-74.9645917,-48.593168553],[-75.013084556,-48.59627736],[-75.100669771,-48.660903877],[-75.185970804,-48.699346827],[-75.183311443,-48.709919525],[-75.310378912,-48.749363016],[-75.361984354,-48.784925145],[-75.468948428,-48.797299656],[-75.495613279,-48.774658577],[-75.666099552,-48.819817275],[-75.844177032,-48.825991582],[-75.652518857,-48.631749856],[-75.699325559,-47.827869942],[-75.688316305,-47.805187466],[-75.531044003,-47.723061168],[-75.314567624,-47.643136187],[-75.088805828,-47.56504649],[-74.954994213,-47.54063138]]]}}, {"type" : "Feature", "id" : "cuenca:119", "properties" : {"code": "cuenca:119", "name": "Cuenca del Pacifico", "codigo": "119", "fuente": "dga_bna", "nombre": "Cuenca del Pacifico", "region": "Argentina"}, "geometry" : {"type":"Polygon","coordinates":[[[-73.05744904,-49.072534535],[-73.030690888,-49.063211081],[-73.033663614,-49.034596121],[-73.004793952,-49.030735159],[-73.00944242,-48.99649267],[-72.978878472,-48.984338508],[-72.964862854,-48.954223369],[-72.918595497,-48.943285819],[-72.853446659,-48.974691531],[-72.764807695,-48.94202204],[-72.78749838,-49.037259034],[-72.850272976,-49.080595926],[-72.886382749,-49.130308026],[-72.980415336,-49.119950669],[-73.05744904,-49.072534535]]]}}, {"type" : "Feature", "id" : "cuenca:120", "properties" : {"code": "cuenca:120", "name": "Costeras entre Limite Region y Seno Andrew", "codigo": "120", "fuente": "dga_bna", "nombre": "Costeras entre Limite Region y Seno Andrew", "region": "Región de Magallanes y La Antártica Chilena"}, "geometry" : {"type":"Polygon","coordinates":[[[-74.395428006,-48.685768204],[-74.301151685,-48.694882666],[-74.258917822,-48.725220387],[-74.164716588,-48.695426212],[-74.079664883,-48.704163023],[-74.00397768,-48.725884125],[-73.877212424,-48.813721587],[-73.667083835,-48.812738522],[-73.583129654,-48.833586215],[-73.517585564,-48.978153458],[-73.54215236,-49.070453702],[-73.466674666,-49.158611447],[-73.462585224,-49.227507713],[-73.419021495,-49.274251431],[-73.379928516,-49.288403878],[-73.453811528,-49.332165528],[-73.466285422,-49.386580232],[-73.501510265,-49.420675703],[-73.511954865,-49.474058169],[-73.549796937,-49.532280203],[-73.549682541,-49.55346343],[-73.489929168,-49.6048132],[-73.465744038,-49.653348686],[-73.521034262,-49.68457492],[-73.521247619,-49.701425586],[-73.442962375,-49.77281802],[-73.456611323,-49.845193927],[-73.481208821,-49.872449565],[-73.470992801,-49.894701984],[-73.517799008,-49.937741876],[-73.58406826,-49.945291379],[-73.57305894,-50.042664305],[-73.50681294,-50.071369724],[-73.534774486,-50.117655496],[-73.536827078,-50.158414573],[-73.571731607,-50.180772196],[-73.574310146,-50.20911021],[-73.549819974,-50.297628203],[-73.473441924,-50.376875682],[-73.539042775,-50.382562598],[-73.601490928,-50.493767451],[-73.682319692,-50.494906303],[-73.732830968,-50.527832634],[-73.747304941,-50.592266795],[-73.736900016,-50.617487114],[-73.788294997,-50.66284108],[-73.789813597,-50.771019938],[-73.835227632,-50.785024795],[-73.924018487,-50.854738611],[-74.0479965,-50.860421706],[-74.166931245,-50.735497758],[-74.195258868,-50.662344822],[-74.326965155,-50.471908718],[-74.422424354,-50.383156993],[-74.561096186,-50.342053461],[-74.775047359,-50.327027672],[-74.744597982,-50.219667459],[-74.636855949,-50.098354429],[-74.543060035,-50.03838337],[-74.389648082,-49.979444616],[-74.334358093,-49.893510429],[-74.357597389,-49.743886807],[-74.348983826,-49.671876722],[-74.308532619,-49.61563652],[-74.217544462,-49.567601104],[-74.305305466,-49.453160038],[-74.408149533,-49.392947619],[-74.372080075,-49.276108843],[-74.391639686,-49.10051795],[-74.432098246,-49.065654594],[-74.440734567,-49.009580748],[-74.395141726,-48.933114991],[-74.427459657,-48.895199372],[-74.430228912,-48.848120068],[-74.395428006,-48.685768204]]]}}, {"type" : "Feature", "id" : "cuenca:127", "properties" : {"code": "cuenca:127", "name": "Islas al Sur Estrecho de Magallanes", "codigo": "127", "fuente": "dga_bna", "nombre": "Islas al Sur Estrecho de Magallanes", "region": "Región de Magallanes y La Antártica Chilena"}, "geometry" : {"type":"Polygon","coordinates":[[[-75.24426256,-52.518203991],[-75.05307748,-52.546534749],[-74.877769544,-52.546482946],[-74.615821728,-52.61717682],[-74.517654191,-52.673217364],[-73.813247295,-52.984919241],[-73.517112496,-53.061748359],[-73.421676562,-53.110989516],[-73.211417942,-53.283172945],[-73.11627927,-53.306449096],[-72.5547026,-53.548613429],[-72.480857698,-53.560932052],[-72.364097239,-53.542673815],[-72.076362609,-53.73197613],[-71.848144206,-53.820717638],[-71.540115112,-53.901012187],[-71.263656516,-53.948223672],[-71.172538438,-53.943220798],[-71.038040123,-53.910316079],[-71.03572824,-54.000378144],[-70.964673326,-54.112006397],[-70.929809515,-54.218472046],[-70.933601467,-54.273491682],[-70.996292084,-54.376044271],[-71.080093377,-54.416835733],[-71.148917956,-54.414374296],[-71.317229864,-54.350249149],[-71.392028476,-54.344130444],[-71.514980721,-54.338451687],[-71.816817898,-54.364819038],[-72.359992837,-54.591301145],[-72.545562809,-54.686062138],[-72.741126707,-54.815086184],[-72.982810767,-54.742080959],[-73.637458671,-54.342159491],[-73.978439142,-54.088909076],[-74.514884703,-53.524128009],[-74.746971092,-53.32679793],[-75.24426256,-52.518203991]]]}}, {"type" : "Feature", "id" : "cuenca:128", "properties" : {"code": "cuenca:128", "name": "Tierra del Fuego", "codigo": "128", "fuente": "dga_bna", "nombre": "Tierra del Fuego", "region": "Región de Magallanes y La Antártica Chilena"}, "geometry" : {"type":"Polygon","coordinates":[[[-71.038040123,-53.910316079],[-70.953590056,-53.871147391],[-70.871932949,-53.79288836],[-70.72035966,-53.543995619],[-70.67797084,-53.420432635],[-70.643249469,-53.057819364],[-70.62988239,-53.021353659],[-70.536193492,-52.938194865],[-70.495971631,-52.87499189],[-70.524512985,-52.804108582],[-70.496284177,-52.749068505],[-70.341194021,-52.69423699],[-69.96379088,-52.669131907],[-69.844360289,-52.646395368],[-69.493484152,-52.45988152],[-69.287971131,-52.418285547],[-69.004050842,-52.41254324],[-68.489094366,-52.497886329],[-68.620505794,-52.658443832],[-68.612292035,-54.908788639],[-68.806579553,-54.946747464],[-69.072921361,-54.961250304],[-69.124664392,-54.95452493],[-69.178165976,-54.925285136],[-69.697173707,-54.843325772],[-70.224603148,-54.878028996],[-70.330373319,-54.865986257],[-70.426062635,-54.821016323],[-70.571501334,-54.803836302],[-70.754729681,-54.861323972],[-70.865722514,-54.837368368],[-70.925730049,-54.788644683],[-71.377723614,-54.769610404],[-71.530845333,-54.785145596],[-71.682182157,-54.842601159],[-71.813316467,-54.864708735],[-72.023506033,-54.999343186],[-72.741126707,-54.815086184],[-72.545562809,-54.686062138],[-72.359992837,-54.591301145],[-71.816817898,-54.364819038],[-71.514980721,-54.338451687],[-71.317229864,-54.350249149],[-71.148917956,-54.414374296],[-71.080093377,-54.416835733],[-71.018844354,-54.394455427],[-70.965377634,-54.338231007],[-70.92833673,-54.233273063],[-70.964673326,-54.112006397],[-71.03572824,-54.000378144],[-71.038040123,-53.910316079]]]}}, {"type" : "Feature", "id" : "cuenca:129", "properties" : {"code": "cuenca:129", "name": "Islas al sur del Canal Beagle y Territorio Antartico", "codigo": "129", "fuente": "dga_bna", "nombre": "Islas al sur del Canal Beagle y Territorio Antartico", "region": "Región de Magallanes y La Antártica Chilena"}, "geometry" : {"type":"MultiPolygon","coordinates":[[[[-71.999641439,-54.992542226],[-71.813316467,-54.864708735],[-71.682182157,-54.842601159],[-71.530845333,-54.785145596],[-71.377723614,-54.769610404],[-70.925730049,-54.788644683],[-70.865722514,-54.837368368],[-70.754729681,-54.861323972],[-70.571501334,-54.803836302],[-70.426062635,-54.821016323],[-70.330373319,-54.865986257],[-70.224603148,-54.878028996],[-69.697173707,-54.843325772],[-69.178165976,-54.925285136],[-69.106310028,-54.959194865],[-69.001609794,-54.963810696],[-68.806579553,-54.946747464],[-68.612292035,-54.908788639],[-68.17990059,-54.880091966],[-67.866248672,-54.879699492],[-67.47185473,-54.918415381],[-67.267272309,-54.902110636],[-67.108352446,-54.930603898],[-67.026489262,-54.973250253],[-66.957313168,-54.967856482],[-66.835990596,-54.990978246],[-66.659545376,-55.114177486],[-66.421699485,-55.119021513],[-66.26725753,-55.335654619],[-66.240928223,-55.516746187],[-66.369086865,-55.911087904],[-66.369377392,-56.158382008],[-66.69449574,-56.164755611],[-67.223129238,-56.127917436],[-68.404182474,-55.995975029],[-69.751525755,-55.751282603],[-71.018531591,-55.360450669],[-72.023506033,-54.999343186],[-71.999641439,-54.992542226]]],[[[-68.508484162,-56.495198012],[-68.545906359,-56.533279049],[-68.656753195,-56.54378843],[-68.749869918,-56.5300747],[-68.7906186,-56.483223515],[-68.735595719,-56.443484264],[-68.634651203,-56.432483486],[-68.545028285,-56.454510066],[-68.51200117,-56.475928015],[-68.508484162,-56.495198012]]]]}}]}
