{"type" : "FeatureCollection", "features" : [{"type" : "Feature", "id" : "subcuenca:0914", "properties" : {"code": "subcuenca:0914", "name": "Rio Cautin entre Rio Quepe y Rio Chol-Chol", "codigo": "0914", "fuente": "dga_bna", "nombre": "Rio Cautin entre Rio Quepe y Rio Chol-Chol", "region": "Región de La Araucanía"}, "geometry" : {"type":"Polygon","coordinates":[[[-72.950431825,-38.761610317],[-72.89519503,-38.819435361],[-72.882093896,-38.882667503],[-72.9553113,-38.889623296],[-73.012053087,-38.828196623],[-72.950431825,-38.761610317]]]}}, {"type" : "Feature", "id" : "subcuenca:1129", "properties" : {"code": "subcuenca:1129", "name": "Islas entre Canales Darwin, Costa, Tres Cauces y Utarupa", "codigo": "1129", "fuente": "dga_bna", "nombre": "Islas entre Canales Darwin, Costa, Tres Cauces y Utarupa", "region": "Región Aysén del General Carlos Ibáñez del Cam"}, "geometry" : {"type":"Polygon","coordinates":[[[-73.697631585,-45.386716981],[-73.535552744,-45.478982714],[-73.568755992,-45.731971262],[-73.640037425,-45.810264445],[-73.857797874,-45.74161034],[-74.049545324,-45.736431365],[-74.30181121,-45.446519164],[-74.117240544,-45.492887076],[-74.079032838,-45.407670446],[-73.88689409,-45.458334506],[-73.697631585,-45.386716981]]]}}, {"type" : "Feature", "id" : "subcuenca:1052", "properties" : {"code": "subcuenca:1052", "name": "R. Puelo Bajo", "codigo": "1052", "fuente": "dga_bna", "nombre": "R. Puelo Bajo", "region": "Región de Los Lagos"}, "geometry" : {"type":"Polygon","coordinates":[[[-72.243163926,-41.55971084],[-72.227201673,-41.540718011],[-72.201291409,-41.57428522],[-72.176368512,-41.486837284],[-72.123066269,-41.471138362],[-72.116122082,-41.436642203],[-72.068625003,-41.486815591],[-72.027766657,-41.486192772],[-72.074340722,-41.599019163],[-72.048654992,-41.648679458],[-72.100997825,-41.705397986],[-72.108414111,-41.76916127],[-72.286816335,-41.838630615],[-72.372940043,-41.787090884],[-72.305442576,-41.763003536],[-72.336616519,-41.692632712],[-72.243163926,-41.55971084]]]}}, {"type" : "Feature", "id" : "subcuenca:1151", "properties" : {"code": "subcuenca:1151", "name": "Vertiente N.  Lago J. Miguel Carrera (Exc.  R. Iba¤ez)", "codigo": "1151", "fuente": "dga_bna", "nombre": "Vertiente N.  Lago J. Miguel Carrera (Exc.  R. Iba¤ez)", "region": "Región Aysén del General Carlos Ibáñez del Cam"}, "geometry" : {"type":"Polygon","coordinates":[[[-73.125679042,-46.132443496],[-72.955108443,-46.068255028],[-72.847162305,-46.083645541],[-72.770393014,-46.130822791],[-72.755309906,-46.183603633],[-72.652259491,-46.234765714],[-72.662483131,-46.286640089],[-72.464594748,-46.336542562],[-72.436425648,-46.318997247],[-72.215999957,-46.394441801],[-72.056924414,-46.361463503],[-72.05990164,-46.320595882],[-71.979636133,-46.327779959],[-71.931424341,-46.181399558],[-71.866287163,-46.155647245],[-71.86222811,-46.190313948],[-71.756767315,-46.224736252],[-71.725700431,-46.288013421],[-71.761016785,-46.343567862],[-71.706115421,-46.453423074],[-71.867355379,-46.443673141],[-72.130363366,-46.541727141],[-72.247032171,-46.536869817],[-72.43431089,-46.647817108],[-72.579090642,-46.684508513],[-72.657287345,-46.782354304],[-72.782308392,-46.827019831],[-72.816056546,-46.869187459],[-72.85713887,-46.816842168],[-73.024444649,-46.897527184],[-73.111060421,-46.879117468],[-73.034191424,-46.839012063],[-73.139189673,-46.805232816],[-73.264999912,-46.831692576],[-73.293848076,-46.865793927],[-73.404464554,-46.850441049],[-73.366310184,-46.617257473],[-73.225002127,-46.635092164],[-73.062116011,-46.555449341],[-72.96773852,-46.570300717],[-72.879467679,-46.661371845],[-72.84169719,-46.664623605],[-72.790321292,-46.580712972],[-72.866612332,-46.516689578],[-72.999716245,-46.48782308],[-72.977050706,-46.362889045],[-73.026714931,-46.340780323],[-73.125679042,-46.132443496]]]}}, {"type" : "Feature", "id" : "subcuenca:1111", "properties" : {"code": "subcuenca:1111", "name": "Isla Refugio", "codigo": "1111", "fuente": "dga_bna", "nombre": "Isla Refugio", "region": "Región Aysén del General Carlos Ibáñez del Cam"}, "geometry" : {"type":"Polygon","coordinates":[[[-73.448638857,-43.681946342],[-73.006491144,-43.755025754],[-73.000399256,-43.79090747],[-73.082214173,-43.865660466],[-73.158157228,-44.057183199],[-73.411254916,-44.043412048],[-73.445938107,-43.98210177],[-73.448638857,-43.681946342]]]}}, {"type" : "Feature", "id" : "subcuenca:1271", "properties" : {"code": "subcuenca:1271", "name": "Isla Jacques", "codigo": "1271", "fuente": "dga_bna", "nombre": "Isla Jacques", "region": "Región de Magallanes y La Antártica Chilena"}, "geometry" : {"type":"Polygon","coordinates":[[[-73.901092216,-52.947565871],[-73.517112496,-53.061748359],[-73.211417942,-53.283172945],[-73.032241606,-53.34091607],[-73.242988286,-53.418448912],[-73.6640317,-53.327182452],[-73.772552177,-53.252928664],[-73.742492481,-53.213215305],[-73.928542901,-53.055170874],[-73.901092216,-52.947565871]]]}}, {"type" : "Feature", "id" : "subcuenca:1244", "properties" : {"code": "subcuenca:1244", "name": "Isla Riesco", "codigo": "1244", "fuente": "dga_bna", "nombre": "Isla Riesco", "region": "Región de Magallanes y La Antártica Chilena"}, "geometry" : {"type":"Polygon","coordinates":[[[-72.663993774,-52.672859049],[-72.576682913,-52.783084474],[-72.492660097,-52.806399697],[-72.338989132,-52.740386469],[-72.18142697,-52.568199708],[-72.036620939,-52.607727172],[-71.510749744,-52.632342731],[-71.391067501,-52.722021763],[-71.360206278,-52.884807577],[-71.32397424,-52.889923516],[-71.51934783,-53.010143438],[-71.876609556,-53.153709792],[-72.395698192,-53.269130457],[-72.495696772,-53.393993538],[-72.366432,-53.529768719],[-72.384879658,-53.553927961],[-72.5547026,-53.548613429],[-73.211417942,-53.283172945],[-73.415458518,-53.116748949],[-73.10322541,-53.13622987],[-73.076415917,-53.09968957],[-72.949737455,-53.060704199],[-72.932906931,-52.997440037],[-72.967258474,-52.94009908],[-72.927291681,-52.913922289],[-73.008086775,-52.851168525],[-72.850051661,-52.812073008],[-72.663993774,-52.672859049]]]}}, {"type" : "Feature", "id" : "subcuenca:0943", "properties" : {"code": "subcuenca:0943", "name": "Tolten Bajo", "codigo": "0943", "fuente": "dga_bna", "nombre": "Tolten Bajo", "region": "Región de La Araucanía"}, "geometry" : {"type":"Polygon","coordinates":[[[-72.972166962,-38.879602371],[-72.882093896,-38.882667503],[-72.866155652,-38.925011083],[-72.806718039,-38.937581825],[-72.502607178,-38.973615943],[-72.556990037,-39.037686801],[-72.451070013,-39.123583858],[-72.355269624,-39.153041832],[-72.330389557,-39.204451169],[-72.360597019,-39.241126218],[-72.291985239,-39.321093495],[-72.557731928,-39.292523179],[-72.835219791,-39.3445592],[-72.876345211,-39.18843675],[-73.068040868,-39.078960443],[-73.162968699,-39.101289644],[-73.131931002,-39.125095281],[-73.139409067,-39.162884303],[-73.226606041,-39.258942774],[-73.237289399,-39.075197102],[-73.206354278,-39.024030824],[-73.163302626,-39.018350566],[-73.139884735,-38.975303176],[-73.158910601,-38.936205617],[-73.073827219,-38.891108298],[-73.011094284,-38.918654745],[-72.972166962,-38.879602371]]]}}, {"type" : "Feature", "id" : "subcuenca:1208", "properties" : {"code": "subcuenca:1208", "name": "Costeras entre fiordo Guilardi y Seno Andrew (exc.  Peninsula Wilcok)", "codigo": "1208", "fuente": "dga_bna", "nombre": "Costeras entre fiordo Guilardi y Seno Andrew (exc.  Peninsula Wilcok)", "region": "Región de Magallanes y La Antártica Chilena"}, "geometry" : {"type":"Polygon","coordinates":[[[-73.846380035,-50.296038043],[-73.558509906,-50.282579209],[-73.473441924,-50.376875682],[-73.539042775,-50.382562598],[-73.601490928,-50.493767451],[-73.682319692,-50.494906303],[-73.742409998,-50.559666389],[-73.833089554,-50.567970681],[-74.16236114,-50.459370725],[-74.162015701,-50.428921595],[-74.089950397,-50.411261338],[-74.063880635,-50.372515599],[-73.993537771,-50.369926245],[-73.981208643,-50.33377914],[-73.846380035,-50.296038043]]]}}, {"type" : "Feature", "id" : "subcuenca:1096", "properties" : {"code": "subcuenca:1096", "name": "Isla Guafo", "codigo": "1096", "fuente": "dga_bna", "nombre": "Isla Guafo", "region": "Región de Los Lagos"}, "geometry" : {"type":"Polygon","coordinates":[[[-74.747276266,-43.564266667],[-74.743453823,-43.515414341],[-74.555992203,-43.625890587],[-74.772087005,-43.680919381],[-74.836921762,-43.561307594],[-74.747276266,-43.564266667]]]}}, {"type" : "Feature", "id" : "subcuenca:1133", "properties" : {"code": "subcuenca:1133", "name": "Rio Riesco", "codigo": "1133", "fuente": "dga_bna", "nombre": "Rio Riesco", "region": "Región Aysén del General Carlos Ibáñez del Cam"}, "geometry" : {"type":"Polygon","coordinates":[[[-72.603492846,-45.411066471],[-72.55718926,-45.453861667],[-72.574721309,-45.497850857],[-72.470141137,-45.532767594],[-72.3811759,-45.618552967],[-72.370079846,-45.563134155],[-72.340718954,-45.558407928],[-72.21759799,-45.656193683],[-72.247589011,-45.711320025],[-72.165918915,-45.779688605],[-72.206713662,-45.843498356],[-72.109296944,-45.874319947],[-71.994134148,-45.853803378],[-72.054603426,-45.95009078],[-72.089112042,-45.955017143],[-72.090316066,-46.026330666],[-72.299961256,-46.051232003],[-72.358024492,-46.017871045],[-72.467628381,-46.064844063],[-72.477157439,-45.977978605],[-72.581375943,-45.921535835],[-72.907615654,-45.905403831],[-72.886817973,-45.755467854],[-72.964086164,-45.689042191],[-72.890581583,-45.604803567],[-72.906013442,-45.563888639],[-72.851032769,-45.589894292],[-72.732204052,-45.451334982],[-72.603492846,-45.411066471]]]}}, {"type" : "Feature", "id" : "subcuenca:0182", "properties" : {"code": "subcuenca:0182", "name": "Pampas El Carmen y De La Union", "codigo": "0182", "fuente": "dga_bna", "nombre": "Pampas El Carmen y De La Union", "region": "Región de Tarapacá"}, "geometry" : {"type":"Polygon","coordinates":[[[-70.143545409,-20.174655702],[-70.094875646,-20.142240193],[-70.068244672,-20.18050489],[-69.920057023,-20.210698455],[-69.958795093,-20.278283174],[-69.872206568,-20.325620328],[-69.858516301,-20.377736384],[-69.802622697,-20.412120203],[-69.817143375,-20.457369615],[-70.159897015,-20.458719511],[-70.183150434,-20.362140839],[-70.13002212,-20.29535488],[-70.162745502,-20.208505591],[-70.143545409,-20.174655702]]]}}, {"type" : "Feature", "id" : "subcuenca:0610", "properties" : {"code": "subcuenca:0610", "name": "Costeras entre Rio Rapel Y Estero Topocalma", "codigo": "0610", "fuente": "dga_bna", "nombre": "Costeras entre Rio Rapel Y Estero Topocalma", "region": "Región del Libertador General Bernardo O'Higgins"}, "geometry" : {"type":"Polygon","coordinates":[[[-71.882500733,-33.963176758],[-71.843538962,-33.958007966],[-71.802861495,-34.061216021],[-71.836753789,-34.083974452],[-71.905881093,-34.063730156],[-71.978401064,-34.105678892],[-71.882500733,-33.963176758]]]}}, {"type" : "Feature", "id" : "subcuenca:1280", "properties" : {"code": "subcuenca:1280", "name": "Costeras del Estrecho Magallanes, entre Frontera y Cabo Monmouth", "codigo": "1280", "fuente": "dga_bna", "nombre": "Costeras del Estrecho Magallanes, entre Frontera y Cabo Monmouth", "region": "Región de Magallanes y La Antártica Chilena"}, "geometry" : {"type":"Polygon","coordinates":[[[-69.493484152,-52.45988152],[-69.038795321,-52.409687158],[-68.489094366,-52.497886329],[-68.688877576,-52.737361475],[-68.883887982,-52.717864122],[-68.869749325,-52.791809255],[-68.938952281,-52.807326573],[-68.949874942,-52.870880897],[-69.110572688,-52.965236698],[-69.132593191,-53.05249243],[-69.272453065,-53.201160527],[-69.5993039,-53.208014455],[-70.079083737,-53.379464467],[-70.256461234,-53.34848125],[-70.684036232,-53.416515498],[-70.643249469,-53.057819364],[-70.495971631,-52.87499189],[-70.524512985,-52.804108582],[-70.496284177,-52.749068505],[-70.341194021,-52.69423699],[-69.844360289,-52.646395368],[-69.493484152,-52.45988152]]]}}, {"type" : "Feature", "id" : "subcuenca:1153", "properties" : {"code": "subcuenca:1153", "name": "R. Baker entre Desague L. J. M. Carrera y R. de La Colonia", "codigo": "1153", "fuente": "dga_bna", "nombre": "R. Baker entre Desague L. J. M. Carrera y R. de La Colonia", "region": "Región Aysén del General Carlos Ibáñez del Cam"}, "geometry" : {"type":"Polygon","coordinates":[[[-73.387008632,-46.853997249],[-73.293848076,-46.865793927],[-73.264999912,-46.831692576],[-73.139189673,-46.805232816],[-73.034191424,-46.839012063],[-73.111060421,-46.879117468],[-73.012675557,-46.899655452],[-72.847068441,-46.81875656],[-72.823306505,-46.920460232],[-72.654334806,-47.02946811],[-72.109069526,-47.018899826],[-71.879409492,-47.106297182],[-71.85247015,-47.162585273],[-71.895690634,-47.211669079],[-71.863960081,-47.230230979],[-72.01926423,-47.197610439],[-71.998489356,-47.290503346],[-72.044204728,-47.335947183],[-72.131560911,-47.328516208],[-72.160453562,-47.394053224],[-72.338081375,-47.457441482],[-72.290229685,-47.51604075],[-72.335795207,-47.568342545],[-72.309646277,-47.591989214],[-72.449493213,-47.705640978],[-72.399780118,-47.75463034],[-72.45055378,-47.775340157],[-72.523467854,-47.738769604],[-72.556162982,-47.75389031],[-72.589269004,-47.720507597],[-72.560034738,-47.67674899],[-72.57334886,-47.630305134],[-72.718849459,-47.486687561],[-72.71807093,-47.409103346],[-72.761842365,-47.343179607],[-72.875327978,-47.302297472],[-72.863389307,-47.205726545],[-72.989615317,-47.166920779],[-73.165520854,-47.215310182],[-73.241378827,-47.182422121],[-73.239632594,-47.099192237],[-73.310476816,-47.082057715],[-73.300678373,-47.056376041],[-73.606086582,-47.039360101],[-73.665283109,-46.998828512],[-73.658034991,-46.937426169],[-73.624855118,-46.917020068],[-73.397973652,-46.972667046],[-73.370213291,-46.924019311],[-73.398953012,-46.908345166],[-73.387008632,-46.853997249]]]}}, {"type" : "Feature", "id" : "subcuenca:1266", "properties" : {"code": "subcuenca:1266", "name": "Rio Cigike y Rio de Los Pozuelos", "codigo": "1266", "fuente": "dga_bna", "nombre": "Rio Cigike y Rio de Los Pozuelos", "region": "Región de Magallanes y La Antártica Chilena"}, "geometry" : {"type":"Polygon","coordinates":[[[-70.310287302,-52.012863108],[-69.895545876,-52.039488067],[-69.954661911,-52.138766395],[-70.114449715,-52.166606899],[-70.080886641,-52.252473484],[-70.091041317,-52.329199048],[-70.230819506,-52.529238913],[-70.31882446,-52.549629448],[-70.312576233,-52.399402323],[-70.341865531,-52.35774171],[-70.514739978,-52.323523515],[-70.647681997,-52.377033385],[-70.723930396,-52.337657566],[-70.740501329,-52.244262374],[-70.650817698,-52.194067855],[-70.644431864,-52.132127029],[-70.376602029,-52.132433592],[-70.362601879,-52.058456646],[-70.310287302,-52.012863108]]]}}, {"type" : "Feature", "id" : "subcuenca:0612", "properties" : {"code": "subcuenca:0612", "name": "Costeras entre E. Topocalma y E. Nilahue", "codigo": "0612", "fuente": "dga_bna", "nombre": "Costeras entre E. Topocalma y E. Nilahue", "region": "Región del Libertador General Bernardo O'Higgins"}, "geometry" : {"type":"Polygon","coordinates":[[[-71.979760346,-34.265699734],[-72.006114608,-34.140003864],[-71.88362615,-34.239201153],[-71.850128792,-34.307094955],[-71.875996613,-34.340783588],[-71.812299702,-34.473513461],[-71.933766018,-34.492599895],[-71.996569136,-34.449757029],[-72.031415666,-34.464301154],[-72.049588254,-34.425118502],[-71.978490463,-34.356647151],[-71.979760346,-34.265699734]]]}}, {"type" : "Feature", "id" : "subcuenca:1037", "properties" : {"code": "subcuenca:1037", "name": "R.  Bueno Bajo", "codigo": "1037", "fuente": "dga_bna", "nombre": "R.  Bueno Bajo", "region": "Región de Los Ríos"}, "geometry" : {"type":"Polygon","coordinates":[[[-73.504516533,-40.140905631],[-73.369537239,-40.201336196],[-73.334976022,-40.263978587],[-73.337150353,-40.367487295],[-73.458625571,-40.440274853],[-73.54587538,-40.446356131],[-73.558753936,-40.398377692],[-73.724266098,-40.2339574],[-73.504516533,-40.140905631]]]}}, {"type" : "Feature", "id" : "subcuenca:0941", "properties" : {"code": "subcuenca:0941", "name": "Rio Pucon", "codigo": "0941", "fuente": "dga_bna", "nombre": "Rio Pucon", "region": "Región de La Araucanía"}, "geometry" : {"type":"Polygon","coordinates":[[[-71.892527431,-39.185005296],[-71.816027702,-39.145693655],[-71.807708139,-39.082600061],[-71.69098875,-39.052075366],[-71.643562415,-38.997516801],[-71.437758579,-38.978585662],[-71.394290258,-39.045632685],[-71.41796412,-39.153695888],[-71.374652439,-39.280002612],[-71.400866505,-39.350554375],[-71.457690976,-39.371385219],[-71.443537548,-39.402556574],[-71.470630385,-39.409141535],[-71.443515477,-39.43201567],[-71.471694067,-39.49048981],[-71.533463494,-39.525716208],[-71.460201212,-39.578774573],[-71.50303825,-39.636711404],[-71.610795794,-39.627077484],[-71.696939836,-39.497344575],[-71.762630975,-39.508124474],[-71.939767434,-39.419593036],[-71.926912942,-39.380304392],[-71.975277467,-39.326555335],[-71.971997337,-39.256389267],[-71.892527431,-39.185005296]]]}}, {"type" : "Feature", "id" : "subcuenca:0393", "properties" : {"code": "subcuenca:0393", "name": "Quebrada Los Pozos", "codigo": "0393", "fuente": "dga_bna", "nombre": "Quebrada Los Pozos", "region": "Región de Atacama"}, "geometry" : {"type":"Polygon","coordinates":[[[-71.431396005,-28.820480303],[-71.29805588,-28.887410847],[-71.526564318,-28.986289964],[-71.494121304,-28.862619431],[-71.431396005,-28.820480303]]]}}, {"type" : "Feature", "id" : "subcuenca:1000", "properties" : {"code": "subcuenca:1000", "name": "Rio Lingue", "codigo": "1000", "fuente": "dga_bna", "nombre": "Rio Lingue", "region": "Región de Los Ríos"}, "geometry" : {"type":"Polygon","coordinates":[[[-72.865960641,-39.286957743],[-72.834672564,-39.316143743],[-72.898628138,-39.384324465],[-72.901580879,-39.478620089],[-72.976631062,-39.520653985],[-73.170066769,-39.520173853],[-73.244613517,-39.393550894],[-73.156663075,-39.414423461],[-73.089313147,-39.390854867],[-73.02419151,-39.297799647],[-72.950462128,-39.317372956],[-72.865960641,-39.286957743]]]}}, {"type" : "Feature", "id" : "subcuenca:1123", "properties" : {"code": "subcuenca:1123", "name": "Islas entre Canales Simpson, Baeza y King", "codigo": "1123", "fuente": "dga_bna", "nombre": "Islas entre Canales Simpson, Baeza y King", "region": "Región Aysén del General Carlos Ibáñez del Cam"}, "geometry" : {"type":"Polygon","coordinates":[[[-74.627769358,-44.410762328],[-74.271102897,-44.385449381],[-73.476509157,-44.518792886],[-73.501029767,-44.58427406],[-73.764060868,-44.525684255],[-74.233550691,-44.581041119],[-74.785446167,-44.506214794],[-74.627769358,-44.410762328]]]}}, {"type" : "Feature", "id" : "subcuenca:1117", "properties" : {"code": "subcuenca:1117", "name": "Costeras entre Punta San Andres y Rio Aisen", "codigo": "1117", "fuente": "dga_bna", "nombre": "Costeras entre Punta San Andres y Rio Aisen", "region": "Región Aysén del General Carlos Ibáñez del Cam"}, "geometry" : {"type":"Polygon","coordinates":[[[-72.797935312,-45.025069069],[-72.725921666,-45.024091406],[-72.765124032,-45.097912134],[-72.756164517,-45.205571465],[-72.922141775,-45.15470282],[-72.955924853,-45.265971611],[-72.789564231,-45.373046587],[-72.804045571,-45.408884231],[-72.959136842,-45.440110247],[-73.202209352,-45.27071283],[-73.313064641,-45.310999019],[-73.441917034,-45.270833506],[-73.446250491,-45.187122812],[-73.324462931,-45.153664561],[-73.404922307,-45.014090162],[-73.36584476,-44.953046419],[-73.339965687,-44.979905072],[-73.356033167,-45.01914194],[-73.247718655,-45.014398876],[-73.176391426,-45.083158979],[-73.097805335,-45.042254386],[-73.02800749,-45.067501698],[-72.935134717,-45.052858629],[-72.911410238,-45.016179165],[-72.862792807,-45.050804287],[-72.797935312,-45.025069069]]]}}, {"type" : "Feature", "id" : "subcuenca:0532", "properties" : {"code": "subcuenca:0532", "name": "Costeras entre Estero Catapilco y Rio Aconcagua", "codigo": "0532", "fuente": "dga_bna", "nombre": "Costeras entre Estero Catapilco y Rio Aconcagua", "region": "Región de Valparaíso"}, "geometry" : {"type":"Polygon","coordinates":[[[-71.43015046,-32.637563823],[-71.293001848,-32.76936982],[-71.359298498,-32.855992819],[-71.506772216,-32.904938197],[-71.539746426,-32.769387833],[-71.492759808,-32.772212001],[-71.508589301,-32.709688641],[-71.467644328,-32.707670074],[-71.43015046,-32.637563823]]]}}, {"type" : "Feature", "id" : "subcuenca:0841", "properties" : {"code": "subcuenca:0841", "name": "Costeras entre Rio Bio-Bio y Rio Manco", "codigo": "0841", "fuente": "dga_bna", "nombre": "Costeras entre Rio Bio-Bio y Rio Manco", "region": "Región del Biobío"}, "geometry" : {"type":"Polygon","coordinates":[[[-73.146490072,-37.034748856],[-73.188667061,-37.000829306],[-73.153027519,-36.857421948],[-73.07954364,-36.907374688],[-73.060480541,-36.990937139],[-73.076134336,-37.050337423],[-73.146490072,-37.034748856]]]}}, {"type" : "Feature", "id" : "subcuenca:1295", "properties" : {"code": "subcuenca:1295", "name": "Islas Wallaston, L'Hermite, Hornos y otras", "codigo": "1295", "fuente": "dga_bna", "nombre": "Islas Wallaston, L'Hermite, Hornos y otras", "region": "Región de Magallanes y La Antártica Chilena"}, "geometry" : {"type":"Polygon","coordinates":[[[-67.795547793,-55.345660855],[-67.388923929,-55.394123563],[-66.469634345,-55.853390486],[-66.369086865,-55.911087904],[-66.369377392,-56.158382008],[-66.936210392,-56.15266693],[-68.185584385,-56.026095485],[-67.965316959,-55.800587156],[-67.84254422,-55.622765165],[-67.796325023,-55.50069514],[-67.795547793,-55.345660855]]]}}, {"type" : "Feature", "id" : "subcuenca:0431", "properties" : {"code": "subcuenca:0431", "name": "Rio Claro", "codigo": "0431", "fuente": "dga_bna", "nombre": "Rio Claro", "region": "Región de Coquimbo"}, "geometry" : {"type":"Polygon","coordinates":[[[-70.571579585,-30.207428156],[-70.550861306,-30.084829122],[-70.57255033,-29.986879279],[-70.342149233,-29.965648956],[-70.340584837,-30.025578327],[-70.29495541,-30.044122205],[-70.322489358,-30.116424992],[-70.273433358,-30.198049278],[-70.229042119,-30.201179776],[-70.125614547,-30.441485219],[-70.206314118,-30.501347273],[-70.338849458,-30.413581712],[-70.41483925,-30.443443067],[-70.491763079,-30.397010413],[-70.485998479,-30.353746373],[-70.532306678,-30.321484872],[-70.571579585,-30.207428156]]]}}, {"type" : "Feature", "id" : "subcuenca:0104", "properties" : {"code": "subcuenca:0104", "name": "Entre Estero Sencata y Rio Sacaya", "codigo": "0104", "fuente": "dga_bna", "nombre": "Entre Estero Sencata y Rio Sacaya", "region": "Región de Tarapacá"}, "geometry" : {"type":"Polygon","coordinates":[[[-69.08147015,-19.019932906],[-69.013548752,-19.002101267],[-68.949358804,-18.935849559],[-68.886209433,-19.049531656],[-68.405955891,-19.416847229],[-68.620794314,-19.700112304],[-68.698697046,-19.751082399],[-68.528280444,-19.844160976],[-68.566666632,-20.04993526],[-68.695990062,-20.067414563],[-68.694225995,-19.978484338],[-68.758900386,-19.948551229],[-68.759423425,-19.793118064],[-68.810264638,-19.744069203],[-68.841700081,-19.64630344],[-68.92136985,-19.586906628],[-68.97342988,-19.460521237],[-68.927799868,-19.430094525],[-68.943983289,-19.350781303],[-69.007501849,-19.291180334],[-68.98223772,-19.2578186],[-69.017536716,-19.226201675],[-69.016005646,-19.079127567],[-69.08147015,-19.019932906]]]}}, {"type" : "Feature", "id" : "subcuenca:1255", "properties" : {"code": "subcuenca:1255", "name": "Costeras entre Ca¤adon Grande y Punta Dungeness", "codigo": "1255", "fuente": "dga_bna", "nombre": "Costeras entre Ca¤adon Grande y Punta Dungeness", "region": "Región de Magallanes y La Antártica Chilena"}, "geometry" : {"type":"Polygon","coordinates":[[[-69.183463815,-52.411670556],[-69.200408811,-52.158282578],[-68.423308,-52.314902967],[-68.424400301,-52.411917707],[-68.489094366,-52.497886329],[-68.959006915,-52.417064845],[-69.183463815,-52.411670556]]]}}, {"type" : "Feature", "id" : "subcuenca:1022", "properties" : {"code": "subcuenca:1022", "name": "Rio Colun", "codigo": "1022", "fuente": "dga_bna", "nombre": "Rio Colun", "region": "Región de Los Ríos"}, "geometry" : {"type":"Polygon","coordinates":[[[-73.600485972,-39.956182729],[-73.59308623,-39.996190683],[-73.501838678,-40.020515705],[-73.475074703,-40.082668707],[-73.65308148,-40.107453016],[-73.708816474,-40.005623751],[-73.67976373,-39.96410062],[-73.600485972,-39.956182729]]]}}, {"type" : "Feature", "id" : "subcuenca:1207", "properties" : {"code": "subcuenca:1207", "name": "Peninsula Wilcok", "codigo": "1207", "fuente": "dga_bna", "nombre": "Peninsula Wilcok", "region": "Región de Magallanes y La Antártica Chilena"}, "geometry" : {"type":"Polygon","coordinates":[[[-74.35006715,-50.446869123],[-74.16236114,-50.459370725],[-73.833089554,-50.567970681],[-73.742409998,-50.559666389],[-73.736900016,-50.617487114],[-73.788294997,-50.66284108],[-73.789813597,-50.771019938],[-73.914428569,-50.851944634],[-74.0479965,-50.860421706],[-74.166931245,-50.735497758],[-74.35006715,-50.446869123]]]}}, {"type" : "Feature", "id" : "subcuenca:0272", "properties" : {"code": "subcuenca:0272", "name": "Quebrada San Cristobal", "codigo": "0272", "fuente": "dga_bna", "nombre": "Quebrada San Cristobal", "region": "Región de Antofagasta"}, "geometry" : {"type":"Polygon","coordinates":[[[-69.60351724,-23.251596095],[-69.561579993,-23.252609716],[-69.449664426,-23.365119954],[-69.367635318,-23.240478657],[-69.256631592,-23.190060479],[-69.186333961,-23.263385038],[-69.027835525,-23.26577394],[-69.00207091,-23.320353244],[-69.059537774,-23.460539958],[-69.133229515,-23.478618524],[-69.16045585,-23.746284998],[-69.356094817,-23.630958513],[-69.424181073,-23.511947804],[-69.574255309,-23.44563428],[-69.834199147,-23.441860285],[-69.928680075,-23.574185272],[-70.02042642,-23.636578125],[-70.063912095,-23.603917197],[-70.067540574,-23.457129458],[-69.724570719,-23.382627511],[-69.60351724,-23.251596095]]]}}, {"type" : "Feature", "id" : "subcuenca:1296", "properties" : {"code": "subcuenca:1296", "name": "Islas Diego Ramirez", "codigo": "1296", "fuente": "dga_bna", "nombre": "Islas Diego Ramirez", "region": "Región de Magallanes y La Antártica Chilena"}, "geometry" : {"type":"Polygon","coordinates":[[[-68.508460826,-56.491665019],[-68.545906359,-56.533279049],[-68.656753195,-56.54378843],[-68.749869918,-56.5300747],[-68.7906186,-56.483223515],[-68.735595719,-56.443484264],[-68.634651203,-56.432483486],[-68.508460826,-56.491665019]]]}}, {"type" : "Feature", "id" : "subcuenca:1265", "properties" : {"code": "subcuenca:1265", "name": "Fronterizas entre Rio Gallegos Chico y Rio Cigike", "codigo": "1265", "fuente": "dga_bna", "nombre": "Fronterizas entre Rio Gallegos Chico y Rio Cigike", "region": "Región de Magallanes y La Antártica Chilena"}, "geometry" : {"type":"Polygon","coordinates":[[[-70.527602866,-52.011108432],[-70.310287302,-52.012863108],[-70.362601879,-52.058456646],[-70.376602029,-52.132433592],[-70.644431864,-52.132127029],[-70.527602866,-52.011108432]]]}}, {"type" : "Feature", "id" : "subcuenca:0940", "properties" : {"code": "subcuenca:0940", "name": "Rio Allipen", "codigo": "0940", "fuente": "dga_bna", "nombre": "Rio Allipen", "region": "Región de La Araucanía"}, "geometry" : {"type":"Polygon","coordinates":[[[-71.730150648,-38.695925616],[-71.618510912,-38.658275788],[-71.586464035,-38.589003026],[-71.492630055,-38.666392791],[-71.536750452,-38.713879035],[-71.389159091,-38.826195732],[-71.433992758,-38.976222782],[-71.643562415,-38.997516801],[-71.69098875,-39.052075366],[-71.807708139,-39.082600061],[-71.816027702,-39.145693655],[-71.892527431,-39.185005296],[-71.96349799,-39.118946206],[-72.076259892,-39.145236052],[-72.193216104,-39.113690082],[-72.185033678,-39.16048069],[-72.233043332,-39.150451353],[-72.320476404,-39.074735406],[-72.518649255,-39.01636856],[-72.473487788,-38.967119132],[-72.206604986,-38.949529453],[-72.155787607,-38.890326466],[-72.010422091,-38.89911374],[-71.899716836,-38.84264033],[-71.890703331,-38.786288519],[-71.829087538,-38.776626451],[-71.730150648,-38.695925616]]]}}, {"type" : "Feature", "id" : "subcuenca:0603", "properties" : {"code": "subcuenca:0603", "name": "Tinguiririca Bajo", "codigo": "0603", "fuente": "dga_bna", "nombre": "Tinguiririca Bajo", "region": "Región del Libertador General Bernardo O'Higgins"}, "geometry" : {"type":"Polygon","coordinates":[[[-71.526369216,-34.557680659],[-71.491584212,-34.52679019],[-71.425992989,-34.544897071],[-71.473396018,-34.395970878],[-71.43372803,-34.285718347],[-71.373295043,-34.353892545],[-71.247717712,-34.416203342],[-71.232633716,-34.466276704],[-71.292677978,-34.55405976],[-71.26252368,-34.583277487],[-71.158336499,-34.591872707],[-70.997802151,-34.538019618],[-70.996678148,-34.592461969],[-70.881139133,-34.657125915],[-70.890237351,-34.729675447],[-70.837188972,-34.778722137],[-70.81869705,-34.870884401],[-70.958996994,-34.956442586],[-71.109704338,-34.807736509],[-71.212264513,-34.835339701],[-71.280694066,-34.791241186],[-71.341506043,-34.830237819],[-71.398811767,-34.802293297],[-71.493692344,-34.81959041],[-71.502286835,-34.775473113],[-71.475914777,-34.74319072],[-71.429176748,-34.751294506],[-71.40363415,-34.696306865],[-71.526369216,-34.557680659]]]}}, {"type" : "Feature", "id" : "subcuenca:0420", "properties" : {"code": "subcuenca:0420", "name": "Costeras entre Rio Los Choros y Rio Elqui", "codigo": "0420", "fuente": "dga_bna", "nombre": "Costeras entre Rio Los Choros y Rio Elqui", "region": "Región de Coquimbo"}, "geometry" : {"type":"Polygon","coordinates":[[[-71.33100934,-29.5069874],[-71.304920452,-29.449543812],[-71.358178953,-29.314167781],[-71.323024582,-29.303561656],[-71.287912622,-29.322026119],[-71.31857767,-29.368349387],[-71.271167195,-29.408494664],[-71.269210691,-29.551435786],[-71.054950091,-29.510675516],[-71.012156448,-29.554825731],[-71.287039857,-29.693168189],[-71.321032616,-29.646059944],[-71.288028702,-29.613634398],[-71.335946349,-29.555181707],[-71.33100934,-29.5069874]]]}}, {"type" : "Feature", "id" : "subcuenca:0721", "properties" : {"code": "subcuenca:0721", "name": "Costeras entre Rio Huenchullami y Rio maule", "codigo": "0721", "fuente": "dga_bna", "nombre": "Costeras entre Rio Huenchullami y Rio maule", "region": "Región del Maule"}, "geometry" : {"type":"Polygon","coordinates":[[[-72.25260772,-35.140051095],[-72.225357165,-35.129168112],[-72.175183328,-35.190533465],[-72.143552324,-35.264191631],[-72.153566985,-35.338776369],[-72.193675629,-35.349005394],[-72.231816185,-35.298159594],[-72.35760901,-35.286141508],[-72.409854744,-35.309968822],[-72.381323863,-35.219286437],[-72.25260772,-35.140051095]]]}}, {"type" : "Feature", "id" : "subcuenca:0302", "properties" : {"code": "subcuenca:0302", "name": "Salar de Pedernales", "codigo": "0302", "fuente": "dga_bna", "nombre": "Salar de Pedernales", "region": "Región de Atacama"}, "geometry" : {"type":"Polygon","coordinates":[[[-69.125657941,-26.060855893],[-68.920438688,-26.008205525],[-68.84960345,-26.075789664],[-68.824522282,-26.150457615],[-68.685576797,-26.253670017],[-68.693199913,-26.306389951],[-68.585726255,-26.49509199],[-68.672189984,-26.517595556],[-68.626540154,-26.578585929],[-68.719211156,-26.695314927],[-68.734712559,-26.802997543],[-68.800715617,-26.770855641],[-68.854166893,-26.867386536],[-68.860032181,-26.825969514],[-69.028813823,-26.801080743],[-69.061488884,-26.748663544],[-69.149013128,-26.788184657],[-69.254257736,-26.714623095],[-69.256494785,-26.592297547],[-69.22586868,-26.545629529],[-69.309245721,-26.429311243],[-69.292549089,-26.24373439],[-69.235650001,-26.106294609],[-69.125657941,-26.060855893]]]}}, {"type" : "Feature", "id" : "subcuenca:0872", "properties" : {"code": "subcuenca:0872", "name": "R. Lebu entre junta rios Curanilahue y Pilpilco y desembocadura", "codigo": "0872", "fuente": "dga_bna", "nombre": "R. Lebu entre junta rios Curanilahue y Pilpilco y desembocadura", "region": "Región del Biobío"}, "geometry" : {"type":"Polygon","coordinates":[[[-73.538457439,-37.525679694],[-73.451563693,-37.575951914],[-73.485755906,-37.648639984],[-73.526532106,-37.671305282],[-73.670977433,-37.613641675],[-73.6111062,-37.601790356],[-73.538457439,-37.525679694]]]}}, {"type" : "Feature", "id" : "subcuenca:0331", "properties" : {"code": "subcuenca:0331", "name": "Quebrada Flamenco", "codigo": "0331", "fuente": "dga_bna", "nombre": "Quebrada Flamenco", "region": "Región de Atacama"}, "geometry" : {"type":"Polygon","coordinates":[[[-70.684937938,-26.554012525],[-70.625295568,-26.522750608],[-70.379523853,-26.513157408],[-70.180381456,-26.641472551],[-70.076040978,-26.657530459],[-69.996121896,-26.839370026],[-69.949069762,-26.864425202],[-69.931644184,-27.000097115],[-70.026348395,-27.07014212],[-70.077499577,-27.037446143],[-70.187708687,-27.038400877],[-70.24868024,-26.985872689],[-70.270360001,-26.893764798],[-70.352469046,-26.85717428],[-70.458725504,-26.749849191],[-70.603355377,-26.711003011],[-70.684937938,-26.554012525]]]}}, {"type" : "Feature", "id" : "subcuenca:0201", "properties" : {"code": "subcuenca:0201", "name": "Salar De Carcote", "codigo": "0201", "fuente": "dga_bna", "nombre": "Salar De Carcote", "region": "Región de Antofagasta"}, "geometry" : {"type":"Polygon","coordinates":[[[-68.464596343,-21.220532941],[-68.179211064,-21.312143957],[-68.180018059,-21.424418246],[-68.258020533,-21.390663179],[-68.386919826,-21.440056676],[-68.512388083,-21.435170176],[-68.464596343,-21.220532941]]]}}, {"type" : "Feature", "id" : "subcuenca:0611", "properties" : {"code": "subcuenca:0611", "name": "Estero Topocalma", "codigo": "0611", "fuente": "dga_bna", "nombre": "Estero Topocalma", "region": "Región del Libertador General Bernardo O'Higgins"}, "geometry" : {"type":"Polygon","coordinates":[[[-71.978401064,-34.105678892],[-71.905881093,-34.063730156],[-71.836753789,-34.083974452],[-71.802861495,-34.061216021],[-71.740825753,-34.207755058],[-71.696550222,-34.163830599],[-71.685208349,-34.23755331],[-71.723700561,-34.233399952],[-71.748775106,-34.267257106],[-71.816908408,-34.436436361],[-71.875996613,-34.340783588],[-71.850128792,-34.307094955],[-71.884812521,-34.237221685],[-72.009509052,-34.134165342],[-71.978401064,-34.105678892]]]}}, {"type" : "Feature", "id" : "subcuenca:0454", "properties" : {"code": "subcuenca:0454", "name": "Rio Grande Bajo (entre Embalse Paloma y Rio Hurtado)", "codigo": "0454", "fuente": "dga_bna", "nombre": "Rio Grande Bajo (entre Embalse Paloma y Rio Hurtado)", "region": "Región de Coquimbo"}, "geometry" : {"type":"Polygon","coordinates":[[[-71.168335332,-30.592548369],[-71.075658493,-30.584331359],[-70.916606744,-30.508810874],[-70.869426647,-30.54155788],[-70.90007207,-30.578123652],[-70.958992654,-30.579906711],[-71.000548563,-30.68338811],[-71.120712583,-30.77509025],[-71.156377881,-30.774930367],[-71.168335332,-30.592548369]]]}}, {"type" : "Feature", "id" : "subcuenca:1110", "properties" : {"code": "subcuenca:1110", "name": "Costeras entre R. Palena y R. Marchant (incl.)", "codigo": "1110", "fuente": "dga_bna", "nombre": "Costeras entre R. Palena y R. Marchant (incl.)", "region": "Región Aysén del General Carlos Ibáñez del Cam"}, "geometry" : {"type":"Polygon","coordinates":[[[-73.000399256,-43.79090747],[-72.910980262,-43.935895259],[-72.832472761,-43.948565388],[-72.854354667,-44.07847988],[-72.750518796,-44.083043311],[-72.667122512,-44.150084907],[-72.68070202,-44.195815894],[-72.759368663,-44.228827624],[-72.860557302,-44.16785637],[-73.005865254,-44.173333623],[-73.158157228,-44.057183199],[-73.082214173,-43.865660466],[-73.000399256,-43.79090747]]]}}, {"type" : "Feature", "id" : "subcuenca:1062", "properties" : {"code": "subcuenca:1062", "name": "Islas Pelada y Llancahue", "codigo": "1062", "fuente": "dga_bna", "nombre": "Islas Pelada y Llancahue", "region": "Región de Los Lagos"}, "geometry" : {"type":"Polygon","coordinates":[[[-72.568313377,-42.135756156],[-72.609764038,-42.129532643],[-72.568885704,-42.075328191],[-72.556274276,-42.102535183],[-72.532875005,-42.071063608],[-72.478446806,-42.087954695],[-72.490119777,-42.166608974],[-72.568313377,-42.135756156]]]}}, {"type" : "Feature", "id" : "subcuenca:0243", "properties" : {"code": "subcuenca:0243", "name": "Laguna Lejia", "codigo": "0243", "fuente": "dga_bna", "nombre": "Laguna Lejia", "region": "Región de Antofagasta"}, "geometry" : {"type":"Polygon","coordinates":[[[-67.762601519,-23.555832304],[-67.722854091,-23.483578195],[-67.737432947,-23.366922934],[-67.655941197,-23.371911193],[-67.632845128,-23.416906808],[-67.672899651,-23.548382708],[-67.725022055,-23.583330865],[-67.762601519,-23.555832304]]]}}, {"type" : "Feature", "id" : "subcuenca:0222", "properties" : {"code": "subcuenca:0222", "name": "Costeras entre Q. Tocopilla y Q. Gatico (inclusive)", "codigo": "0222", "fuente": "dga_bna", "nombre": "Costeras entre Q. Tocopilla y Q. Gatico (inclusive)", "region": "Región de Antofagasta"}, "geometry" : {"type":"Polygon","coordinates":[[[-70.219372959,-22.147202825],[-70.173785466,-22.286863216],[-70.027122649,-22.289853694],[-69.869837041,-22.183641488],[-69.853412729,-22.249008332],[-69.892843951,-22.26995255],[-69.875943773,-22.343119284],[-69.917016717,-22.476581842],[-69.962428256,-22.488909137],[-69.993487849,-22.454038948],[-70.071670108,-22.444569232],[-70.154825663,-22.514187674],[-70.248346596,-22.511909278],[-70.264322014,-22.458078787],[-70.219372959,-22.147202825]]]}}, {"type" : "Feature", "id" : "subcuenca:1213", "properties" : {"code": "subcuenca:1213", "name": "Islas al Poniente del Canal Picton", "codigo": "1213", "fuente": "dga_bna", "nombre": "Islas al Poniente del Canal Picton", "region": "Región de Magallanes y La Antártica Chilena"}, "geometry" : {"type":"Polygon","coordinates":[[[-75.781089932,-49.325055868],[-75.546981604,-49.323470197],[-75.463241605,-49.378987273],[-75.121650368,-49.900976358],[-75.012221893,-49.987257042],[-75.701042275,-49.958035919],[-75.781089932,-49.325055868]]]}}, {"type" : "Feature", "id" : "subcuenca:1101", "properties" : {"code": "subcuenca:1101", "name": "Lago Palena", "codigo": "1101", "fuente": "dga_bna", "nombre": "Lago Palena", "region": "Región de Los Lagos"}, "geometry" : {"type":"Polygon","coordinates":[[[-71.974250641,-43.92537461],[-71.985496529,-43.886319605],[-71.766227492,-43.837757024],[-71.70667997,-43.851571896],[-71.703353839,-43.893568243],[-71.645843492,-43.935657669],[-71.734634361,-44.065019514],[-71.787521186,-44.04854854],[-71.889861808,-43.936017794],[-71.974250641,-43.92537461]]]}}, {"type" : "Feature", "id" : "subcuenca:1223", "properties" : {"code": "subcuenca:1223", "name": "Costeras e Islas entre fiordo Peel y Peninsula Sta.  Ines", "codigo": "1223", "fuente": "dga_bna", "nombre": "Costeras e Islas entre fiordo Peel y Peninsula Sta.  Ines", "region": "Región de Magallanes y La Antártica Chilena"}, "geometry" : {"type":"Polygon","coordinates":[[[-73.824668669,-50.923279207],[-73.758883338,-50.974945993],[-73.680485594,-50.984869194],[-73.485534417,-50.965750847],[-73.428604033,-50.907872343],[-73.361785772,-50.916897639],[-73.374717594,-50.970506206],[-73.504478503,-51.070344512],[-73.512374697,-51.145872821],[-73.454322807,-51.268400043],[-73.449973959,-51.476834661],[-73.412498186,-51.545535073],[-73.450055453,-51.580643239],[-73.561191066,-51.588695263],[-73.552276266,-51.636445954],[-73.619590831,-51.624318957],[-73.700145949,-51.460413851],[-73.801647515,-51.386360725],[-73.917213179,-51.348509137],[-74.070335225,-51.421600377],[-74.126968466,-51.310228244],[-74.15322864,-51.218640499],[-73.953399253,-51.226480556],[-73.902505777,-51.273838615],[-73.727547297,-51.175751702],[-73.815079811,-51.051970155],[-73.938408019,-50.951665538],[-73.824668669,-50.923279207]]]}}, {"type" : "Feature", "id" : "subcuenca:1034", "properties" : {"code": "subcuenca:1034", "name": "Rio Rahue hasta antes junta Rio Negro", "codigo": "1034", "fuente": "dga_bna", "nombre": "Rio Rahue hasta antes junta Rio Negro", "region": "Región de Los Lagos"}, "geometry" : {"type":"Polygon","coordinates":[[[-73.186894323,-40.633086128],[-72.747398432,-40.756322146],[-72.480041452,-40.72618638],[-72.166295558,-40.763485641],[-72.111552436,-40.787045781],[-72.04879755,-40.933565171],[-72.079981061,-40.957705163],[-72.234954769,-40.953673327],[-72.374397233,-41.004490265],[-72.402988541,-41.056939525],[-72.493560717,-41.074047378],[-72.573005722,-41.045763157],[-72.635078224,-40.974077922],[-72.779838524,-40.96178019],[-72.820938172,-40.917126962],[-72.921386698,-40.962602078],[-72.943549958,-40.868697785],[-73.024139262,-40.767878231],[-73.197356924,-40.681074637],[-73.186894323,-40.633086128]]]}}, {"type" : "Feature", "id" : "subcuenca:0294", "properties" : {"code": "subcuenca:0294", "name": "Quebrada de Taltal", "codigo": "0294", "fuente": "dga_bna", "nombre": "Quebrada de Taltal", "region": "Región de Antofagasta"}, "geometry" : {"type":"Polygon","coordinates":[[[-69.539438798,-25.056004704],[-69.412659106,-25.073501517],[-69.242769844,-25.153947088],[-69.222658095,-25.235701039],[-69.010863037,-25.406941816],[-69.036395844,-25.437604799],[-68.995834503,-25.505499007],[-69.095087671,-25.614128366],[-69.210210308,-25.628284703],[-69.346948483,-25.586553666],[-69.430527914,-25.653378975],[-69.559863469,-25.615872984],[-69.741036677,-25.640313681],[-69.835248897,-25.509224386],[-69.839888176,-25.585768783],[-70.001691463,-25.624519799],[-70.414881677,-25.581960883],[-70.497137952,-25.405731131],[-70.476827274,-25.388403247],[-70.458124688,-25.420483068],[-70.341983765,-25.431521146],[-70.115438831,-25.379036861],[-70.010663197,-25.316148994],[-69.912247222,-25.323432247],[-69.798816444,-25.2343779],[-69.716400151,-25.067804289],[-69.539438798,-25.056004704]]]}}, {"type" : "Feature", "id" : "subcuenca:0161", "properties" : {"code": "subcuenca:0161", "name": "Quebrada de Camiña", "codigo": "0161", "fuente": "dga_bna", "nombre": "Quebrada de Camiña", "region": "Región de Tarapacá"}, "geometry" : {"type":"Polygon","coordinates":[[[-69.272698819,-19.137538278],[-69.050790018,-19.029577855],[-69.016005646,-19.079127567],[-69.017157549,-19.228153768],[-68.982676285,-19.261153395],[-69.133631082,-19.293499363],[-69.242011071,-19.391571749],[-69.30709322,-19.394988914],[-69.398434733,-19.510344043],[-69.695454633,-19.565391059],[-69.79500127,-19.621307605],[-69.997392101,-19.644588706],[-70.090293521,-19.569198379],[-70.206514058,-19.590825938],[-70.210621333,-19.542079605],[-70.174032576,-19.524304247],[-70.15779254,-19.458611773],[-70.075176915,-19.467722546],[-69.50282898,-19.332790407],[-69.39703922,-19.288015314],[-69.37232021,-19.223140148],[-69.272698819,-19.137538278]]]}}, {"type" : "Feature", "id" : "subcuenca:1222", "properties" : {"code": "subcuenca:1222", "name": "Peninsula entre Fiordo Peel y Paso Stewart", "codigo": "1222", "fuente": "dga_bna", "nombre": "Peninsula entre Fiordo Peel y Paso Stewart", "region": "Región de Magallanes y La Antártica Chilena"}, "geometry" : {"type":"Polygon","coordinates":[[[-74.0479965,-50.860421706],[-73.831535652,-50.87806826],[-73.824668669,-50.923279207],[-73.938408019,-50.951665538],[-73.815079811,-51.051970155],[-73.727547297,-51.175751702],[-73.902505777,-51.273838615],[-73.953399253,-51.226480556],[-74.15322864,-51.218640499],[-74.275466987,-50.910959127],[-74.211906283,-50.867503668],[-74.0479965,-50.860421706]]]}}, {"type" : "Feature", "id" : "subcuenca:1066", "properties" : {"code": "subcuenca:1066", "name": "R. Reñihue", "codigo": "1066", "fuente": "dga_bna", "nombre": "R. Reñihue", "region": "Región de Los Lagos"}, "geometry" : {"type":"Polygon","coordinates":[[[-72.541072572,-42.58242218],[-72.39258565,-42.662670577],[-72.292701538,-42.628770776],[-72.228866625,-42.663197762],[-72.172698848,-42.641267947],[-72.176177943,-42.695961349],[-72.128959535,-42.730829337],[-72.13983153,-42.793199466],[-72.210426196,-42.830879963],[-72.445670894,-42.808819112],[-72.547820756,-42.660402682],[-72.564414955,-42.609879648],[-72.541072572,-42.58242218]]]}}, {"type" : "Feature", "id" : "subcuenca:0234", "properties" : {"code": "subcuenca:0234", "name": "Salar de Pular", "codigo": "0234", "fuente": "dga_bna", "nombre": "Salar de Pular", "region": "Región de Antofagasta"}, "geometry" : {"type":"Polygon","coordinates":[[[-67.891163216,-24.052283357],[-67.846146475,-24.063343004],[-67.848719693,-24.109649514],[-67.766150085,-24.208164425],[-68.095781013,-24.336627146],[-68.071695409,-24.308625885],[-68.11048136,-24.234622912],[-67.938844733,-24.122285948],[-67.891163216,-24.052283357]]]}}, {"type" : "Feature", "id" : "subcuenca:0183", "properties" : {"code": "subcuenca:0183", "name": "Salar De Soronel y Pampa Blanca", "codigo": "0183", "fuente": "dga_bna", "nombre": "Salar De Soronel y Pampa Blanca", "region": "Región de Tarapacá"}, "geometry" : {"type":"Polygon","coordinates":[[[-70.159897015,-20.458719511],[-69.835687309,-20.474931985],[-69.844070074,-20.514343948],[-69.759866786,-20.589139085],[-69.783575268,-20.663140289],[-69.744442327,-20.7899914],[-69.800451655,-20.901551678],[-69.98387413,-20.781852023],[-70.054970406,-20.791666093],[-70.112981225,-20.865002154],[-70.206904046,-20.810802235],[-70.181350435,-20.658169413],[-70.199509738,-20.536585691],[-70.159897015,-20.458719511]]]}}, {"type" : "Feature", "id" : "subcuenca:0240", "properties" : {"code": "subcuenca:0240", "name": "Laguna Parico, Laguna Helada y Salar de Pujsa", "codigo": "0240", "fuente": "dga_bna", "nombre": "Laguna Parico, Laguna Helada y Salar de Pujsa", "region": "Región de Antofagasta"}, "geometry" : {"type":"Polygon","coordinates":[[[-67.763325,-22.958725333],[-67.66747035,-22.967070915],[-67.587479418,-22.911472154],[-67.509059742,-23.126214772],[-67.460352413,-23.15322307],[-67.480084134,-23.277073322],[-67.541421567,-23.251280627],[-67.59773969,-23.31066696],[-67.629069326,-23.262004396],[-67.707764423,-23.251974146],[-67.693301187,-23.123175078],[-67.763325,-22.958725333]]]}}, {"type" : "Feature", "id" : "subcuenca:0738", "properties" : {"code": "subcuenca:0738", "name": "Maule Bajo", "codigo": "0738", "fuente": "dga_bna", "nombre": "Maule Bajo", "region": "Región del Maule"}, "geometry" : {"type":"Polygon","coordinates":[[[-71.881847151,-35.211246171],[-71.731383802,-35.145459623],[-71.679419577,-35.160546506],[-71.629087636,-35.227341225],[-71.578445077,-35.205090136],[-71.556981695,-35.22641244],[-71.573389125,-35.292599079],[-71.650189532,-35.313202972],[-71.717610215,-35.435209024],[-71.751240504,-35.443428426],[-71.78131659,-35.40903932],[-71.880079936,-35.444869444],[-71.887328082,-35.511308683],[-71.849359111,-35.535712736],[-71.878077363,-35.553123106],[-71.959349192,-35.553001865],[-72.017023339,-35.506271346],[-72.147435238,-35.511633221],[-72.169181599,-35.444555696],[-72.27760467,-35.442203424],[-72.44490656,-35.351430568],[-72.365771402,-35.287649142],[-72.231816185,-35.298159594],[-72.193675629,-35.349005394],[-71.971244994,-35.399696054],[-71.943290231,-35.378831835],[-71.908090724,-35.42274289],[-71.848099387,-35.311260389],[-71.897770091,-35.256011437],[-71.881847151,-35.211246171]]]}}, {"type" : "Feature", "id" : "subcuenca:1147", "properties" : {"code": "subcuenca:1147", "name": "Islas frente Ventisquero", "codigo": "1147", "fuente": "dga_bna", "nombre": "Islas frente Ventisquero", "region": "Región Aysén del General Carlos Ibáñez del Cam"}, "geometry" : {"type":"Polygon","coordinates":[[[-74.141479203,-46.972276576],[-74.010543803,-46.987483735],[-73.939130026,-47.044337081],[-74.004266341,-47.131095625],[-74.070760159,-47.164288656],[-74.516652296,-47.215460808],[-74.497398193,-46.985412241],[-74.141479203,-46.972276576]]]}}, {"type" : "Feature", "id" : "subcuenca:1132", "properties" : {"code": "subcuenca:1132", "name": "Rio Aisen bajo Junta Maniguales-Simpson y Rio Riesco", "codigo": "1132", "fuente": "dga_bna", "nombre": "Rio Aisen bajo Junta Maniguales-Simpson y Rio Riesco", "region": "Región Aysén del General Carlos Ibáñez del Cam"}, "geometry" : {"type":"Polygon","coordinates":[[[-72.5197285,-45.37212788],[-72.4878843,-45.46034899],[-72.55718926,-45.453861667],[-72.628741779,-45.387862298],[-72.5197285,-45.37212788]]]}}, {"type" : "Feature", "id" : "subcuenca:1291", "properties" : {"code": "subcuenca:1291", "name": "Islas entre Brazos del Canal Beagle, al NE de Bahia Cook", "codigo": "1291", "fuente": "dga_bna", "nombre": "Islas entre Brazos del Canal Beagle, al NE de Bahia Cook", "region": "Región de Magallanes y La Antártica Chilena"}, "geometry" : {"type":"Polygon","coordinates":[[[-70.224603148,-54.878028996],[-69.697173707,-54.843325772],[-69.106310028,-54.959194865],[-69.932403169,-55.055332042],[-70.133865272,-55.124370277],[-70.238883651,-55.028153378],[-70.201309236,-54.910427457],[-70.224603148,-54.878028996]]]}}, {"type" : "Feature", "id" : "subcuenca:0471", "properties" : {"code": "subcuenca:0471", "name": "Rio Choapa Medio (entre Rios Cuncumen e Illapel)", "codigo": "0471", "fuente": "dga_bna", "nombre": "Rio Choapa Medio (entre Rios Cuncumen e Illapel)", "region": "Región de Coquimbo"}, "geometry" : {"type":"Polygon","coordinates":[[[-70.563107673,-31.581571506],[-70.501807513,-31.680122138],[-70.606519839,-31.683067889],[-70.587496153,-31.70447697],[-70.655677869,-31.846457643],[-70.671869681,-32.060648767],[-70.73914049,-32.019957767],[-70.935238497,-32.07816766],[-70.981894172,-32.045036275],[-70.972843801,-31.944230341],[-71.092584148,-31.879216402],[-71.173090401,-31.897427177],[-71.328581502,-31.75770929],[-71.284252817,-31.673555908],[-71.063998086,-31.695272546],[-70.771923905,-31.617678139],[-70.699888732,-31.64040529],[-70.610849409,-31.538897766],[-70.563107673,-31.581571506]]]}}, {"type" : "Feature", "id" : "subcuenca:0740", "properties" : {"code": "subcuenca:0740", "name": "Costeras entre Quebrada Honda y Rio Reloca", "codigo": "0740", "fuente": "dga_bna", "nombre": "Costeras entre Quebrada Honda y Rio Reloca", "region": "Región del Maule"}, "geometry" : {"type":"Polygon","coordinates":[[[-72.485360648,-35.382776824],[-72.44490656,-35.351430568],[-72.305697216,-35.42743736],[-72.331957938,-35.451424263],[-72.292158158,-35.506712583],[-72.249424582,-35.512603401],[-72.225136029,-35.580185336],[-72.560668313,-35.579885898],[-72.621772994,-35.627737438],[-72.613324624,-35.553173416],[-72.488834592,-35.462229831],[-72.485360648,-35.382776824]]]}}, {"type" : "Feature", "id" : "subcuenca:1103", "properties" : {"code": "subcuenca:1103", "name": "Rio Rosselot", "codigo": "1103", "fuente": "dga_bna", "nombre": "Rio Rosselot", "region": "Región Aysén del General Carlos Ibáñez del Cam"}, "geometry" : {"type":"Polygon","coordinates":[[[-72.415386772,-43.961121232],[-72.343818251,-43.920023179],[-72.119346424,-43.877753692],[-72.082305697,-43.901446664],[-72.097556895,-43.950296835],[-71.971275392,-43.964632025],[-71.958480697,-43.92412331],[-71.829208187,-43.976622315],[-71.787521186,-44.04854854],[-71.734634361,-44.065019514],[-71.768256744,-44.10723284],[-71.850295934,-44.116449312],[-71.848411405,-44.156580212],[-71.779152047,-44.221975519],[-71.831580932,-44.26537961],[-71.78974131,-44.31394688],[-71.840255626,-44.349232528],[-71.809257436,-44.418938984],[-71.8833846,-44.430242598],[-71.970634566,-44.366105679],[-72.008071882,-44.474686185],[-72.081107968,-44.457537541],[-72.107673501,-44.483598459],[-72.03944394,-44.553289219],[-72.085086193,-44.582284111],[-72.331504697,-44.519601398],[-72.252967615,-44.494397828],[-72.240158083,-44.462377318],[-72.387534839,-44.402261375],[-72.355765521,-44.349848825],[-72.407699498,-44.323112443],[-72.437260879,-44.244630864],[-72.420734687,-44.086964823],[-72.361823904,-44.016335231],[-72.415386772,-43.961121232]]]}}, {"type" : "Feature", "id" : "subcuenca:1035", "properties" : {"code": "subcuenca:1035", "name": "Rio Negro", "codigo": "1035", "fuente": "dga_bna", "nombre": "Rio Negro", "region": "Región de Los Lagos"}, "geometry" : {"type":"Polygon","coordinates":[[[-73.460502527,-40.635875656],[-73.297103833,-40.665760495],[-73.269340245,-40.60642072],[-73.186894323,-40.633086128],[-73.197356924,-40.681074637],[-73.051330565,-40.746079007],[-72.943549958,-40.868697785],[-72.921386698,-40.962602078],[-72.988975353,-41.086936833],[-73.191864036,-41.15860143],[-73.145858719,-41.271181034],[-73.302452005,-41.276455626],[-73.41156756,-41.195865625],[-73.530649654,-41.018066605],[-73.50361622,-40.901607924],[-73.630401546,-40.844696898],[-73.629066637,-40.802774597],[-73.548965376,-40.821678962],[-73.47845436,-40.783708325],[-73.436996359,-40.719001174],[-73.460502527,-40.635875656]]]}}, {"type" : "Feature", "id" : "subcuenca:0820", "properties" : {"code": "subcuenca:0820", "name": "Costeras entre R. Itata y R.  Pingueral (Incl.)", "codigo": "0820", "fuente": "dga_bna", "nombre": "Costeras entre R. Itata y R.  Pingueral (Incl.)", "region": "Región del Biobío"}, "geometry" : {"type":"Polygon","coordinates":[[[-72.900878744,-36.452528997],[-72.873741214,-36.399396918],[-72.776514768,-36.44596645],[-72.825803972,-36.544574376],[-72.744415807,-36.617391942],[-72.636414356,-36.602168294],[-72.643629775,-36.661391514],[-72.682523453,-36.673473422],[-72.664876859,-36.702717504],[-72.842613397,-36.702394231],[-72.864618365,-36.672934272],[-72.834598565,-36.628992705],[-72.933700088,-36.527419999],[-72.900878744,-36.452528997]]]}}, {"type" : "Feature", "id" : "subcuenca:1227", "properties" : {"code": "subcuenca:1227", "name": "Costeras entre Peninsula Roca y Rio Serrano", "codigo": "1227", "fuente": "dga_bna", "nombre": "Costeras entre Peninsula Roca y Rio Serrano", "region": "Región de Magallanes y La Antártica Chilena"}, "geometry" : {"type":"Polygon","coordinates":[[[-73.448691984,-51.343878704],[-73.206527514,-51.415481056],[-73.10145798,-51.410164826],[-73.091476328,-51.477596508],[-72.750030226,-51.589918218],[-72.681045603,-51.666559034],[-72.541564877,-51.701458097],[-72.518813848,-51.740217783],[-72.554916338,-51.83976034],[-72.862716659,-51.837522113],[-73.085060738,-51.697785863],[-73.18674664,-51.703871495],[-73.21975945,-51.640593601],[-73.353239778,-51.602531335],[-73.412498186,-51.545535073],[-73.449973959,-51.476834661],[-73.448691984,-51.343878704]]]}}, {"type" : "Feature", "id" : "subcuenca:1292", "properties" : {"code": "subcuenca:1292", "name": "Isla Hoste y adyacentes", "codigo": "1292", "fuente": "dga_bna", "nombre": "Isla Hoste y adyacentes", "region": "Región de Magallanes y La Antártica Chilena"}, "geometry" : {"type":"Polygon","coordinates":[[[-68.612292035,-54.908788639],[-68.446212845,-54.900981098],[-68.328359901,-55.000888759],[-68.204322361,-55.009205707],[-68.136023826,-55.243930896],[-68.055648226,-55.291576638],[-67.795547793,-55.345660855],[-67.796325023,-55.50069514],[-67.84254422,-55.622765165],[-67.965316959,-55.800587156],[-68.185584385,-56.026095485],[-69.751525755,-55.751282603],[-70.628287959,-55.48794227],[-70.235526873,-55.187124904],[-70.046455322,-55.081928143],[-68.612292035,-54.908788639]]]}}, {"type" : "Feature", "id" : "subcuenca:1143", "properties" : {"code": "subcuenca:1143", "name": "Islas entre Fiordo Barros Arana y Golfo Elefantes", "codigo": "1143", "fuente": "dga_bna", "nombre": "Islas entre Fiordo Barros Arana y Golfo Elefantes", "region": "Región Aysén del General Carlos Ibáñez del Cam"}, "geometry" : {"type":"Polygon","coordinates":[[[-74.093796778,-45.784108537],[-74.038851302,-45.7319225],[-73.874178576,-45.740515],[-73.649482323,-45.8099877],[-73.640510333,-46.097394879],[-73.70864847,-46.239111886],[-73.84860224,-46.131668315],[-73.962676744,-46.128187691],[-73.935501202,-46.031457937],[-73.98570925,-46.007927265],[-74.093796778,-45.784108537]]]}}, {"type" : "Feature", "id" : "subcuenca:1220", "properties" : {"code": "subcuenca:1220", "name": "Costeras entre Seno Andrew y Fiordo Calvo", "codigo": "1220", "fuente": "dga_bna", "nombre": "Costeras entre Seno Andrew y Fiordo Calvo", "region": "Región de Magallanes y La Antártica Chilena"}, "geometry" : {"type":"Polygon","coordinates":[[[-73.742409998,-50.559666389],[-73.682319692,-50.494906303],[-73.601490928,-50.493767451],[-73.539042775,-50.382562598],[-73.473441924,-50.376875682],[-73.439536892,-50.423248481],[-73.449210856,-50.476862033],[-73.389953416,-50.533598456],[-73.147048752,-50.668102003],[-73.159637471,-50.70326364],[-73.296745063,-50.746256952],[-73.41633547,-50.667881983],[-73.736900016,-50.617487114],[-73.742409998,-50.559666389]]]}}, {"type" : "Feature", "id" : "subcuenca:1275", "properties" : {"code": "subcuenca:1275", "name": "Islas Clarence y adyacentes", "codigo": "1275", "fuente": "dga_bna", "nombre": "Islas Clarence y adyacentes", "region": "Región de Magallanes y La Antártica Chilena"}, "geometry" : {"type":"Polygon","coordinates":[[[-72.002174261,-53.763870681],[-71.598525568,-53.885489229],[-71.667342973,-54.01825663],[-71.599332299,-54.094914448],[-71.716300843,-54.186126094],[-71.514980721,-54.338451687],[-71.770098415,-54.353784278],[-71.950866621,-54.423458892],[-72.088317733,-54.344776217],[-72.139259039,-54.163692384],[-72.307098121,-54.03570469],[-72.295440331,-53.920524326],[-72.172927537,-53.825687715],[-72.002174261,-53.763870681]]]}}, {"type" : "Feature", "id" : "subcuenca:1250", "properties" : {"code": "subcuenca:1250", "name": "Laguna Blanca", "codigo": "1250", "fuente": "dga_bna", "nombre": "Laguna Blanca", "region": "Región de Magallanes y La Antártica Chilena"}, "geometry" : {"type":"Polygon","coordinates":[[[-71.383186199,-52.335879084],[-71.144164986,-52.245706644],[-70.990844333,-52.305002748],[-70.948283981,-52.444269893],[-70.977111431,-52.477843138],[-71.032882502,-52.477515811],[-71.027221532,-52.530274293],[-71.344306712,-52.675346288],[-71.334804304,-52.586192262],[-71.231404855,-52.515477343],[-71.290304154,-52.483359949],[-71.466971451,-52.482787181],[-71.601646169,-52.442439359],[-71.551559245,-52.395434529],[-71.383186199,-52.335879084]]]}}, {"type" : "Feature", "id" : "subcuenca:1125", "properties" : {"code": "subcuenca:1125", "name": "Islas entre Canales King, Perez Sur y Moraleda", "codigo": "1125", "fuente": "dga_bna", "nombre": "Islas entre Canales King, Perez Sur y Moraleda", "region": "Región Aysén del General Carlos Ibáñez del Cam"}, "geometry" : {"type":"Polygon","coordinates":[[[-73.894363268,-44.559747179],[-73.682044847,-44.527827575],[-73.501029767,-44.58427406],[-73.567748924,-44.963920168],[-73.671318536,-44.949275672],[-73.758590518,-44.849608855],[-73.894363268,-44.559747179]]]}}, {"type" : "Feature", "id" : "subcuenca:0490", "properties" : {"code": "subcuenca:0490", "name": "Rio Quilimari hasta Muro Embalse Culimo", "codigo": "0490", "fuente": "dga_bna", "nombre": "Rio Quilimari hasta Muro Embalse Culimo", "region": "Región de Coquimbo"}, "geometry" : {"type":"Polygon","coordinates":[[[-71.364806219,-31.980772111],[-71.305346927,-31.912483722],[-71.23378837,-31.993378243],[-71.029290294,-32.032322597],[-71.02984302,-32.071235096],[-71.179279155,-32.170594011],[-71.217865243,-32.128276401],[-71.336718838,-32.202015297],[-71.478257527,-32.154483761],[-71.503101762,-32.179036231],[-71.538835811,-32.175893509],[-71.537627343,-32.13486585],[-71.447323028,-32.025901725],[-71.364806219,-31.980772111]]]}}, {"type" : "Feature", "id" : "subcuenca:1036", "properties" : {"code": "subcuenca:1036", "name": "R. Rahue Bajo", "codigo": "1036", "fuente": "dga_bna", "nombre": "R. Rahue Bajo", "region": "Región de Los Lagos"}, "geometry" : {"type":"Polygon","coordinates":[[[-73.55101761,-40.442187033],[-73.455589275,-40.438969447],[-73.340942214,-40.376475512],[-73.354116778,-40.334742463],[-73.31088237,-40.338480897],[-73.230697466,-40.370406539],[-73.200103792,-40.488042513],[-72.986900022,-40.467347923],[-72.904914705,-40.558052182],[-72.653785631,-40.675269777],[-72.617553479,-40.728235052],[-72.747398432,-40.756322146],[-73.264404107,-40.606760977],[-73.297103833,-40.665760495],[-73.460502527,-40.635875656],[-73.447296155,-40.60072439],[-73.55131513,-40.500027328],[-73.55101761,-40.442187033]]]}}, {"type" : "Feature", "id" : "subcuenca:0107", "properties" : {"code": "subcuenca:0107", "name": "Salar de Coposa", "codigo": "0107", "fuente": "dga_bna", "nombre": "Salar de Coposa", "region": "Región de Tarapacá"}, "geometry" : {"type":"Polygon","coordinates":[[[-68.815225574,-20.481356044],[-68.727634208,-20.524319596],[-68.633000503,-20.525012667],[-68.438857089,-20.637085802],[-68.554443274,-20.728826798],[-68.543720579,-20.90466922],[-68.722341089,-20.915859189],[-68.761143203,-20.746179744],[-68.811148035,-20.692465766],[-68.815225574,-20.481356044]]]}}, {"type" : "Feature", "id" : "subcuenca:0540", "properties" : {"code": "subcuenca:0540", "name": "Aconcagua Alto", "codigo": "0540", "fuente": "dga_bna", "nombre": "Aconcagua Alto", "region": "Región de Valparaíso"}, "geometry" : {"type":"Polygon","coordinates":[[[-70.425324746,-33.0204931],[-70.405047752,-32.763808843],[-70.374135114,-32.748516635],[-70.358604815,-32.667614653],[-70.388926017,-32.603708769],[-70.310694963,-32.486805688],[-70.217580922,-32.429431186],[-70.153678834,-32.46437668],[-70.12280458,-32.536708152],[-70.170246325,-32.621694086],[-70.135624111,-32.75542824],[-69.990989169,-32.895185734],[-70.023777601,-33.008802607],[-70.202476757,-33.114356998],[-70.259852884,-33.183497897],[-70.273026257,-33.131310974],[-70.372691001,-33.106492511],[-70.425324746,-33.0204931]]]}}, {"type" : "Feature", "id" : "subcuenca:0231", "properties" : {"code": "subcuenca:0231", "name": "Salar de Tara", "codigo": "0231", "fuente": "dga_bna", "nombre": "Salar de Tara", "region": "Región de Antofagasta"}, "geometry" : {"type":"Polygon","coordinates":[[[-67.603879111,-22.905913753],[-67.181613808,-22.814365336],[-67.00191933,-22.992740585],[-67.043650783,-23.166198745],[-67.168652498,-23.190312732],[-67.262560805,-23.150001385],[-67.351048634,-23.166042112],[-67.342897155,-23.069669034],[-67.56348291,-22.98319596],[-67.603879111,-22.905913753]]]}}, {"type" : "Feature", "id" : "subcuenca:0472", "properties" : {"code": "subcuenca:0472", "name": "Rio Illapel", "codigo": "0472", "fuente": "dga_bna", "nombre": "Rio Illapel", "region": "Región de Coquimbo"}, "geometry" : {"type":"Polygon","coordinates":[[[-70.599347956,-31.282167135],[-70.544453481,-31.304786986],[-70.527142289,-31.364153731],[-70.560148695,-31.422067344],[-70.563107673,-31.581571506],[-70.610849409,-31.538897766],[-70.699888732,-31.64040529],[-70.771923905,-31.617678139],[-71.063998086,-31.695272546],[-71.284252817,-31.673555908],[-71.268472587,-31.609826339],[-71.193651041,-31.535927725],[-71.232725922,-31.442814288],[-71.201094306,-31.461698034],[-71.145052818,-31.408307244],[-71.126094763,-31.336399061],[-71.086879963,-31.331234168],[-71.033949776,-31.385296471],[-70.982795097,-31.330277876],[-70.920749463,-31.321367014],[-70.894052183,-31.403486435],[-70.842232899,-31.434567704],[-70.759311876,-31.329422857],[-70.745123399,-31.35241597],[-70.689982549,-31.341012398],[-70.599347956,-31.282167135]]]}}, {"type" : "Feature", "id" : "subcuenca:0473", "properties" : {"code": "subcuenca:0473", "name": "Rio Choapa Bajo (entre Rio Illapel y Desembocadura)", "codigo": "0473", "fuente": "dga_bna", "nombre": "Rio Choapa Bajo (entre Rio Illapel y Desembocadura)", "region": "Región de Coquimbo"}, "geometry" : {"type":"Polygon","coordinates":[[[-71.468963817,-31.159918516],[-71.29767034,-31.140429517],[-71.274015101,-31.193076278],[-71.161731366,-31.192279292],[-71.085609251,-31.316214429],[-71.134517581,-31.341607826],[-71.145052818,-31.408307244],[-71.201094306,-31.461698034],[-71.232725922,-31.442814288],[-71.193651041,-31.535927725],[-71.268472587,-31.609826339],[-71.323668153,-31.739811527],[-71.408142125,-31.629300531],[-71.569758799,-31.612364745],[-71.50139155,-31.569244894],[-71.550127978,-31.465190498],[-71.50169983,-31.375556386],[-71.524648053,-31.29392711],[-71.468963817,-31.159918516]]]}}, {"type" : "Feature", "id" : "subcuenca:1020", "properties" : {"code": "subcuenca:1020", "name": "Costeras entre R. Valdivia y Rio Chaihuin", "codigo": "1020", "fuente": "dga_bna", "nombre": "Costeras entre R. Valdivia y Rio Chaihuin", "region": "Región de Los Ríos"}, "geometry" : {"type":"Polygon","coordinates":[[[-73.536819702,-39.92050861],[-73.449539235,-39.852426536],[-73.391838119,-39.942472338],[-73.385795458,-39.904151596],[-73.352012441,-39.926300215],[-73.355903499,-39.977608003],[-73.413978365,-39.996149486],[-73.536819702,-39.92050861]]]}}, {"type" : "Feature", "id" : "subcuenca:0150", "properties" : {"code": "subcuenca:0150", "name": "Rio Camarones Antes Junta Quebrada de Chiza", "codigo": "0150", "fuente": "dga_bna", "nombre": "Rio Camarones Antes Junta Quebrada de Chiza", "region": "Región de Arica y Parinacota"}, "geometry" : {"type":"Polygon","coordinates":[[[-69.249560306,-18.790264757],[-69.16004271,-18.808948923],[-69.150353284,-18.931204476],[-69.06598213,-19.026455119],[-69.111346965,-19.07600384],[-69.282510514,-19.137957259],[-69.397064546,-19.079405663],[-69.42097094,-19.024455663],[-69.720836274,-19.025291695],[-69.910028845,-19.083741423],[-70.023070037,-19.165039872],[-70.110728969,-19.189930923],[-70.172560923,-19.15264823],[-70.208961332,-19.163914918],[-70.181224442,-19.105515808],[-69.952903237,-19.015954449],[-69.767402164,-18.889907309],[-69.53884616,-18.839255986],[-69.432928599,-18.780869652],[-69.373621894,-18.824789166],[-69.301042697,-18.782118273],[-69.249560306,-18.790264757]]]}}, {"type" : "Feature", "id" : "subcuenca:1294", "properties" : {"code": "subcuenca:1294", "name": "Islas Nueva, Picton, Lennox, Evout y otras", "codigo": "1294", "fuente": "dga_bna", "nombre": "Islas Nueva, Picton, Lennox, Evout y otras", "region": "Región de Magallanes y La Antártica Chilena"}, "geometry" : {"type":"Polygon","coordinates":[[[-67.245010012,-55.457146427],[-67.085495247,-55.294668851],[-66.994033501,-55.115056031],[-67.112297154,-54.993452972],[-67.121070628,-54.927302741],[-67.026489262,-54.973250253],[-66.835990596,-54.990978246],[-66.659545376,-55.114177486],[-66.421699485,-55.119021513],[-66.26725753,-55.335654619],[-66.240928223,-55.516746187],[-66.369086865,-55.911087904],[-67.245010012,-55.457146427]]]}}, {"type" : "Feature", "id" : "subcuenca:1160", "properties" : {"code": "subcuenca:1160", "name": "Costeras entre Rio Baker y Rio Bravo", "codigo": "1160", "fuente": "dga_bna", "nombre": "Costeras entre Rio Baker y Rio Bravo", "region": "Región Aysén del General Carlos Ibáñez del Cam"}, "geometry" : {"type":"Polygon","coordinates":[[[-73.492586787,-47.821834385],[-73.312780099,-47.848294807],[-73.250625549,-47.814340096],[-73.178872531,-47.831355641],[-73.221710246,-47.85452505],[-73.169547797,-47.927286278],[-73.207552578,-47.965647848],[-73.45893112,-47.937643199],[-73.495719921,-47.911888928],[-73.492586787,-47.821834385]]]}}, {"type" : "Feature", "id" : "subcuenca:1186", "properties" : {"code": "subcuenca:1186", "name": "Isla Patricio Lynch", "codigo": "1186", "fuente": "dga_bna", "nombre": "Isla Patricio Lynch", "region": "Región Aysén del General Carlos Ibáñez del Cam"}, "geometry" : {"type":"Polygon","coordinates":[[[-75.671463023,-48.340222101],[-75.486076191,-48.426280464],[-75.279739424,-48.399133084],[-75.239799594,-48.430905943],[-75.264968621,-48.471975856],[-75.230514365,-48.588073463],[-75.471550162,-48.683645336],[-75.652518857,-48.631749856],[-75.671463023,-48.340222101]]]}}, {"type" : "Feature", "id" : "subcuenca:0131", "properties" : {"code": "subcuenca:0131", "name": "Rio San Jose", "codigo": "0131", "fuente": "dga_bna", "nombre": "Rio San Jose", "region": "Región de Arica y Parinacota"}, "geometry" : {"type":"Polygon","coordinates":[[[-70.318688155,-18.50825565],[-70.335558645,-18.479339431],[-70.303361995,-18.454922061],[-70.319582371,-18.414368627],[-70.164742204,-18.488482064],[-69.799988271,-18.516704418],[-69.639140434,-18.428992013],[-69.485517643,-18.700243215],[-69.845275179,-18.771836775],[-70.142082192,-18.758710693],[-70.231755319,-18.64743529],[-70.342150975,-18.652372136],[-70.318688155,-18.50825565]]]}}, {"type" : "Feature", "id" : "subcuenca:0452", "properties" : {"code": "subcuenca:0452", "name": "R. Grande Medio (arriba Junta R. Rapel y R. Guatulame o Muro Emb. Paloma)", "codigo": "0452", "fuente": "dga_bna", "nombre": "R. Grande Medio (arriba Junta R. Rapel y R. Guatulame o Muro Emb. Paloma)", "region": "Región de Coquimbo"}, "geometry" : {"type":"Polygon","coordinates":[[[-70.869426647,-30.54155788],[-70.574541896,-30.500297594],[-70.516595827,-30.561608475],[-70.478406615,-30.54149083],[-70.423686101,-30.637600178],[-70.255610686,-30.691706938],[-70.248061761,-30.727124669],[-70.277693437,-30.777965292],[-70.486210148,-30.752579479],[-70.711472322,-30.803710097],[-70.870314491,-30.718643697],[-71.040923981,-30.708446093],[-71.000548563,-30.68338811],[-70.958992654,-30.579906711],[-70.90007207,-30.578123652],[-70.869426647,-30.54155788]]]}}, {"type" : "Feature", "id" : "subcuenca:0839", "properties" : {"code": "subcuenca:0839", "name": "Rio Bio-Bio Bajo", "codigo": "0839", "fuente": "dga_bna", "nombre": "Rio Bio-Bio Bajo", "region": "Región del Biobío"}, "geometry" : {"type":"Polygon","coordinates":[[[-73.133461597,-36.749534792],[-73.074865405,-36.813439141],[-73.031809808,-36.81442259],[-73.016097967,-36.896617747],[-72.975687583,-36.935722986],[-72.927504788,-36.890228589],[-72.859262802,-36.95376611],[-72.789631897,-36.923706646],[-72.633536953,-36.952478168],[-72.671008016,-36.996963818],[-72.633068466,-37.021704796],[-72.660993467,-37.035291397],[-72.644426993,-37.151814827],[-72.709226922,-37.208408071],[-72.725802047,-37.268659218],[-72.854407827,-37.2273459],[-72.967765922,-37.272919785],[-72.998411532,-37.256776524],[-73.002396163,-37.161829726],[-73.075263364,-37.071972432],[-73.077002569,-36.912335297],[-73.219131464,-36.780602927],[-73.191589178,-36.746160455],[-73.133461597,-36.749534792]]]}}, {"type" : "Feature", "id" : "subcuenca:0247", "properties" : {"code": "subcuenca:0247", "name": "Salar de Talar y Purisunchi", "codigo": "0247", "fuente": "dga_bna", "nombre": "Salar de Talar y Purisunchi", "region": "Región de Antofagasta"}, "geometry" : {"type":"Polygon","coordinates":[[[-67.772502856,-23.812085275],[-67.677540202,-23.813002601],[-67.607056563,-23.859421849],[-67.598724016,-23.907008664],[-67.659865167,-23.991677032],[-67.664219415,-24.0550091],[-67.81187255,-24.151129589],[-67.846146475,-24.063343004],[-67.891163216,-24.052283357],[-67.842906906,-23.995068219],[-67.86488299,-23.907316229],[-67.772502856,-23.812085275]]]}}, {"type" : "Feature", "id" : "subcuenca:1240", "properties" : {"code": "subcuenca:1240", "name": "Costeras del Golfo Almirante Montt y Fiordo Obstruccion", "codigo": "1240", "fuente": "dga_bna", "nombre": "Costeras del Golfo Almirante Montt y Fiordo Obstruccion", "region": "Región de Magallanes y La Antártica Chilena"}, "geometry" : {"type":"Polygon","coordinates":[[[-72.554916338,-51.83976034],[-72.305282463,-51.768109002],[-72.322952242,-51.718937045],[-72.466440831,-51.621209739],[-72.394935754,-51.568757369],[-72.382354518,-51.599716533],[-72.301986535,-51.60598261],[-72.260879531,-51.705441352],[-72.126090591,-51.740947204],[-71.99803146,-51.834664229],[-71.955184493,-51.911978573],[-72.024085763,-51.956521585],[-71.917782613,-52.003241759],[-72.229218629,-52.089522019],[-72.339187391,-52.091460485],[-72.365181183,-52.136190407],[-72.2604099,-52.179397369],[-72.246696681,-52.246842404],[-72.135551464,-52.242119672],[-72.182962758,-52.334679301],[-72.291641102,-52.301911239],[-72.328422425,-52.315503415],[-72.320159695,-52.351302183],[-72.499908356,-52.353542991],[-72.54911781,-52.414451306],[-72.489675269,-52.481674977],[-72.526008362,-52.517479182],[-72.577285665,-52.542365863],[-72.613677729,-52.498039136],[-72.76956139,-52.52877302],[-72.8763183,-52.467949602],[-72.697593542,-52.394633827],[-72.549086108,-52.374719963],[-72.509521924,-52.211358884],[-72.684280238,-52.068040075],[-72.701591199,-51.958013987],[-72.693229661,-51.853146592],[-72.554916338,-51.83976034]]]}}, {"type" : "Feature", "id" : "subcuenca:0106", "properties" : {"code": "subcuenca:0106", "name": "Entre Salares Huasco y Coposa", "codigo": "0106", "fuente": "dga_bna", "nombre": "Entre Salares Huasco y Coposa", "region": "Región de Tarapacá"}, "geometry" : {"type":"Polygon","coordinates":[[[-68.824291534,-20.458057085],[-68.742404915,-20.377155039],[-68.741052549,-20.453489323],[-68.664917806,-20.51456854],[-68.727634208,-20.524319596],[-68.824291534,-20.458057085]]]}}, {"type" : "Feature", "id" : "subcuenca:0390", "properties" : {"code": "subcuenca:0390", "name": "Quebradas entre Rio Huasco y Quebrada San Juan", "codigo": "0390", "fuente": "dga_bna", "nombre": "Quebradas entre Rio Huasco y Quebrada San Juan", "region": "Región de Atacama"}, "geometry" : {"type":"Polygon","coordinates":[[[-71.226062279,-28.458708968],[-71.235006309,-28.556732809],[-71.143305824,-28.612525052],[-71.070601765,-28.616190736],[-71.063731226,-28.656574277],[-71.09606371,-28.714811936],[-71.155557309,-28.731317428],[-71.186263964,-28.672101],[-71.38864487,-28.802533018],[-71.279276438,-28.63620524],[-71.315452644,-28.567347521],[-71.259240519,-28.541345155],[-71.266051818,-28.478344764],[-71.226062279,-28.458708968]]]}}, {"type" : "Feature", "id" : "subcuenca:1162", "properties" : {"code": "subcuenca:1162", "name": "Costeras entre Rio Bravo y Rio Pascua", "codigo": "1162", "fuente": "dga_bna", "nombre": "Costeras entre Rio Bravo y Rio Pascua", "region": "Región Aysén del General Carlos Ibáñez del Cam"}, "geometry" : {"type":"Polygon","coordinates":[[[-73.476180825,-47.886550087],[-73.495719921,-47.911888928],[-73.45893112,-47.937643199],[-73.177446138,-47.960575153],[-73.084045474,-48.027784325],[-73.079561404,-48.066208101],[-73.130164831,-48.032193805],[-73.203414654,-48.069925779],[-73.191375521,-48.14496517],[-73.138770348,-48.161903174],[-73.197072614,-48.197298501],[-73.320071144,-48.202871793],[-73.496192756,-48.117872458],[-73.615401934,-47.997003841],[-73.629463171,-47.881760421],[-73.592368729,-47.855646045],[-73.476180825,-47.886550087]]]}}, {"type" : "Feature", "id" : "subcuenca:0441", "properties" : {"code": "subcuenca:0441", "name": "Q. Camarones (Incl. - R. Limari", "codigo": "0441", "fuente": "dga_bna", "nombre": "Q. Camarones (Incl. - R. Limari", "region": "Región de Coquimbo"}, "geometry" : {"type":"Polygon","coordinates":[[[-71.496357144,-30.260578455],[-71.301213053,-30.342135121],[-71.283264158,-30.411464198],[-71.32261114,-30.409268162],[-71.365017719,-30.473509136],[-71.341807671,-30.559035887],[-71.425948651,-30.609605606],[-71.602050316,-30.584460437],[-71.667206098,-30.604839929],[-71.677717342,-30.701822649],[-71.711034268,-30.724777447],[-71.71801432,-30.602078729],[-71.654460037,-30.273404798],[-71.627819996,-30.237396313],[-71.607303594,-30.296964309],[-71.571245994,-30.301493297],[-71.496357144,-30.260578455]]]}}, {"type" : "Feature", "id" : "subcuenca:0333", "properties" : {"code": "subcuenca:0333", "name": "Quebrada del Morado", "codigo": "0333", "fuente": "dga_bna", "nombre": "Quebrada del Morado", "region": "Región de Atacama"}, "geometry" : {"type":"Polygon","coordinates":[[[-70.739863109,-26.729284342],[-70.620005234,-26.691041201],[-70.408416175,-26.785355672],[-70.352469046,-26.85717428],[-70.25269382,-26.912775873],[-70.24868024,-26.985872689],[-70.187708687,-27.038400877],[-70.230751205,-27.087300719],[-70.222876562,-27.124551704],[-70.288514261,-27.087112608],[-70.458024548,-27.070743389],[-70.648786991,-26.971271324],[-70.752651072,-26.802581574],[-70.728490545,-26.780502739],[-70.739863109,-26.729284342]]]}}, {"type" : "Feature", "id" : "subcuenca:0915", "properties" : {"code": "subcuenca:0915", "name": "Rio Imperial", "codigo": "0915", "fuente": "dga_bna", "nombre": "Rio Imperial", "region": "Región de La Araucanía"}, "geometry" : {"type":"Polygon","coordinates":[[[-73.461090714,-38.484853974],[-73.401155373,-38.518461249],[-73.382947736,-38.484527059],[-73.349238781,-38.519296873],[-73.132207087,-38.495503691],[-73.100558955,-38.54264577],[-73.011224114,-38.547600859],[-73.018021155,-38.609189458],[-72.905666277,-38.660163996],[-73.001755268,-38.71608957],[-72.950431825,-38.761610317],[-73.012909473,-38.817489928],[-72.977289423,-38.886876178],[-73.014321085,-38.919210138],[-73.108676941,-38.899017606],[-73.127395948,-38.843431925],[-73.097789485,-38.811247201],[-73.167289223,-38.828188719],[-73.195571268,-38.801637939],[-73.177064427,-38.736160821],[-73.23981821,-38.745425602],[-73.269385496,-38.716523641],[-73.330295258,-38.738082011],[-73.399624681,-38.821937802],[-73.499623563,-38.593482695],[-73.461090714,-38.484853974]]]}}, {"type" : "Feature", "id" : "subcuenca:0813", "properties" : {"code": "subcuenca:0813", "name": "Itata Medio", "codigo": "0813", "fuente": "dga_bna", "nombre": "Itata Medio", "region": "Región de Ñuble"}, "geometry" : {"type":"Polygon","coordinates":[[[-72.643629775,-36.661391514],[-72.53043235,-36.707551148],[-72.527340147,-36.665901176],[-72.464268788,-36.644108229],[-72.370488458,-36.688130858],[-72.191421509,-36.651963854],[-71.611123349,-36.86283722],[-71.485252713,-36.872503486],[-71.404240032,-36.839059769],[-71.331264253,-36.917969031],[-71.527652508,-37.051833997],[-71.596040831,-36.996823555],[-71.8265055,-37.029853053],[-72.045203398,-37.007984807],[-72.375031858,-36.864719314],[-72.646220065,-36.883935019],[-72.592333153,-36.807949429],[-72.679313436,-36.743263476],[-72.682523453,-36.673473422],[-72.643629775,-36.661391514]]]}}, {"type" : "Feature", "id" : "subcuenca:1268", "properties" : {"code": "subcuenca:1268", "name": "Costeras Entre Cañadon Seco y Cañadon Grande", "codigo": "1268", "fuente": "dga_bna", "nombre": "Costeras Entre Cañadon Seco y Cañadon Grande", "region": "Región de Magallanes y La Antártica Chilena"}, "geometry" : {"type":"Polygon","coordinates":[[[-69.793998581,-52.069565949],[-69.498634004,-52.151636172],[-69.499374221,-52.16178763],[-69.609428041,-52.227785342],[-69.61117522,-52.299949787],[-69.745634215,-52.305583053],[-69.656776091,-52.195593286],[-69.790549972,-52.105119869],[-69.793998581,-52.069565949]]]}}, {"type" : "Feature", "id" : "subcuenca:0281", "properties" : {"code": "subcuenca:0281", "name": "Quebrada Grande", "codigo": "0281", "fuente": "dga_bna", "nombre": "Quebrada Grande", "region": "Región de Antofagasta"}, "geometry" : {"type":"Polygon","coordinates":[[[-70.208030102,-24.400745568],[-70.246997113,-24.14290274],[-70.179780327,-24.088571266],[-70.053925475,-24.196027885],[-69.94483508,-24.219952932],[-69.874845192,-24.358293025],[-69.703725029,-24.465534297],[-69.450304009,-24.84997607],[-69.284455384,-24.989084898],[-69.181085854,-25.035150286],[-69.219441907,-25.146740905],[-69.28531498,-25.145612743],[-69.60430081,-25.015239611],[-69.714234624,-25.004602074],[-69.804349354,-24.924634454],[-69.909543974,-24.901287197],[-69.961075537,-24.841613129],[-70.216491238,-24.71327186],[-70.200464871,-24.622040135],[-70.085752363,-24.61071189],[-70.033690267,-24.468117193],[-70.075682262,-24.433512825],[-70.191898526,-24.437093859],[-70.208030102,-24.400745568]]]}}, {"type" : "Feature", "id" : "subcuenca:1091", "properties" : {"code": "subcuenca:1091", "name": "Islas al Este de Quenchi", "codigo": "1091", "fuente": "dga_bna", "nombre": "Islas al Este de Quenchi", "region": "Región de Los Lagos"}, "geometry" : {"type":"MultiPolygon","coordinates":[[[[-73.37439702,-42.09666334],[-73.342162994,-42.188599835],[-73.465889021,-42.14471263],[-73.391723514,-42.09457326],[-73.37439702,-42.09666334]]],[[[-73.269309818,-42.256051868],[-73.192031695,-42.27142235],[-73.190772957,-42.238533388],[-73.140533362,-42.230114937],[-73.041618337,-42.282300296],[-73.120864542,-42.350495966],[-73.166419827,-42.313818649],[-73.240371749,-42.349138323],[-73.315429732,-42.310567027],[-73.269309818,-42.256051868]]],[[[-73.088096541,-42.367355161],[-73.096427853,-42.407186198],[-73.166297686,-42.401247225],[-73.149703757,-42.366727397],[-73.088096541,-42.367355161]]]]}}, {"type" : "Feature", "id" : "subcuenca:0461", "properties" : {"code": "subcuenca:0461", "name": "E.  El Teniente y E. El Almendro (Incl.)", "codigo": "0461", "fuente": "dga_bna", "nombre": "E.  El Teniente y E. El Almendro (Incl.)", "region": "Región de Coquimbo"}, "geometry" : {"type":"Polygon","coordinates":[[[-71.657273091,-30.965413101],[-71.548336399,-30.889893488],[-71.468807228,-30.917167528],[-71.376332814,-30.880752922],[-71.274293387,-30.991914381],[-71.273701261,-31.133229096],[-71.451742796,-31.171634039],[-71.502326563,-31.061177122],[-71.660501582,-31.029273251],[-71.657273091,-30.965413101]]]}}, {"type" : "Feature", "id" : "subcuenca:1127", "properties" : {"code": "subcuenca:1127", "name": "Islas entre Canales Ninualac, Moraleda, Darwin y Pichirupa", "codigo": "1127", "fuente": "dga_bna", "nombre": "Islas entre Canales Ninualac, Moraleda, Darwin y Pichirupa", "region": "Región Aysén del General Carlos Ibáñez del Cam"}, "geometry" : {"type":"Polygon","coordinates":[[[-73.671318536,-44.949275672],[-73.567619012,-44.96803908],[-73.638748094,-45.105895626],[-73.717200992,-45.409861196],[-73.908683425,-45.456632879],[-74.079032838,-45.407670446],[-74.178932134,-45.316273039],[-74.172859061,-45.251418983],[-74.24585695,-45.152849233],[-74.25812498,-45.056741458],[-74.163429294,-45.012208969],[-74.036331133,-45.021801455],[-73.671318536,-44.949275672]]]}}, {"type" : "Feature", "id" : "subcuenca:1229", "properties" : {"code": "subcuenca:1229", "name": "Costeras entre Rio Serrano y Rio Hollenberg", "codigo": "1229", "fuente": "dga_bna", "nombre": "Costeras entre Rio Serrano y Rio Hollenberg", "region": "Región de Magallanes y La Antártica Chilena"}, "geometry" : {"type":"Polygon","coordinates":[[[-73.083664077,-51.420980153],[-73.014564253,-51.380557342],[-72.909291407,-51.387594477],[-72.833958122,-51.464972981],[-72.683447124,-51.405108216],[-72.661178486,-51.423631394],[-72.712745915,-51.476695875],[-72.552271223,-51.48214949],[-72.336318633,-51.54850673],[-72.425788844,-51.569721754],[-72.466440831,-51.621209739],[-72.322952242,-51.718937045],[-72.305282463,-51.768109002],[-72.554916338,-51.83976034],[-72.518813848,-51.740217783],[-72.541564877,-51.701458097],[-72.681045603,-51.666559034],[-72.750030226,-51.589918218],[-73.091476328,-51.477596508],[-73.107376048,-51.445493554],[-73.083664077,-51.420980153]]]}}, {"type" : "Feature", "id" : "subcuenca:0541", "properties" : {"code": "subcuenca:0541", "name": "Aconcagua Medio", "codigo": "0541", "fuente": "dga_bna", "nombre": "Aconcagua Medio", "region": "Región de Valparaíso"}, "geometry" : {"type":"Polygon","coordinates":[[[-70.415600852,-32.280631353],[-70.35567465,-32.253412471],[-70.263250503,-32.291917012],[-70.219547579,-32.330132348],[-70.217565011,-32.382558524],[-70.233450495,-32.455037923],[-70.309090071,-32.485225882],[-70.388926017,-32.603708769],[-70.358604815,-32.667614653],[-70.431636529,-32.909798548],[-70.414601424,-33.013832878],[-70.504566043,-33.087329669],[-70.594978341,-32.94380593],[-70.719789021,-32.953265428],[-70.767819568,-32.742454174],[-70.847411619,-32.699536806],[-70.797525017,-32.605447989],[-70.813054363,-32.5848153],[-70.666002771,-32.483059104],[-70.61216765,-32.368975028],[-70.477290836,-32.357621072],[-70.415600852,-32.280631353]]]}}, {"type" : "Feature", "id" : "subcuenca:0480", "properties" : {"code": "subcuenca:0480", "name": "Costeras entre Estero Millahue y Estero Pupio", "codigo": "0480", "fuente": "dga_bna", "nombre": "Costeras entre Estero Millahue y Estero Pupio", "region": "Región de Coquimbo"}, "geometry" : {"type":"Polygon","coordinates":[[[-71.554852754,-31.622141869],[-71.520246046,-31.59932866],[-71.408142125,-31.629300531],[-71.328085118,-31.72062505],[-71.328581502,-31.75770929],[-71.401714943,-31.816557087],[-71.448991567,-31.817139229],[-71.499419671,-31.882020762],[-71.558807118,-31.851612299],[-71.505212233,-31.770138522],[-71.544444241,-31.738762773],[-71.554852754,-31.622141869]]]}}, {"type" : "Feature", "id" : "subcuenca:0482", "properties" : {"code": "subcuenca:0482", "name": "Costeras entre Estero Pupio y Rio Quilimari", "codigo": "0482", "fuente": "dga_bna", "nombre": "Costeras entre Estero Pupio y Rio Quilimari", "region": "Región de Coquimbo"}, "geometry" : {"type":"Polygon","coordinates":[[[-71.52154274,-31.9429857],[-71.501606616,-31.883677594],[-71.442093116,-31.881841368],[-71.364806219,-31.980772111],[-71.447323028,-32.025901725],[-71.514335982,-32.114473265],[-71.522805122,-32.003550548],[-71.490196649,-31.968692104],[-71.52154274,-31.9429857]]]}}, {"type" : "Feature", "id" : "subcuenca:0871", "properties" : {"code": "subcuenca:0871", "name": "Rio Pilpilco", "codigo": "0871", "fuente": "dga_bna", "nombre": "Rio Pilpilco", "region": "Región del Biobío"}, "geometry" : {"type":"Polygon","coordinates":[[[-73.459300213,-37.626999002],[-73.454210309,-37.570218511],[-73.404383227,-37.551827266],[-73.350745733,-37.601441558],[-73.251919087,-37.613029926],[-73.11617059,-37.685697696],[-73.241903848,-37.648233832],[-73.329351378,-37.668544939],[-73.398503991,-37.602108751],[-73.459300213,-37.626999002]]]}}, {"type" : "Feature", "id" : "subcuenca:0370", "properties" : {"code": "subcuenca:0370", "name": "Quebradas Carrizal y Carrizalillo", "codigo": "0370", "fuente": "dga_bna", "nombre": "Quebradas Carrizal y Carrizalillo", "region": "Región de Atacama"}, "geometry" : {"type":"Polygon","coordinates":[[[-71.14728428,-28.060559768],[-71.063146015,-28.085325352],[-70.783887148,-28.068015386],[-70.699150391,-28.104413289],[-70.552392156,-28.216591861],[-70.580737957,-28.326987808],[-70.501328113,-28.487998218],[-70.589133709,-28.521581982],[-70.683322055,-28.431964401],[-70.77373297,-28.483494233],[-70.822893284,-28.433361215],[-70.897624325,-28.462645985],[-71.198490165,-28.415712625],[-71.159646023,-28.356967559],[-71.197522388,-28.301493732],[-71.15417443,-28.231343965],[-71.184563926,-28.118469261],[-71.14728428,-28.060559768]]]}}, {"type" : "Feature", "id" : "subcuenca:0460", "properties" : {"code": "subcuenca:0460", "name": "Costeras entre Rio Limari y Estero El Teniente", "codigo": "0460", "fuente": "dga_bna", "nombre": "Costeras entre Rio Limari y Estero El Teniente", "region": "Región de Coquimbo"}, "geometry" : {"type":"Polygon","coordinates":[[[-71.703043445,-30.801763474],[-71.705309715,-30.745319318],[-71.661513576,-30.776735579],[-71.586177824,-30.758685342],[-71.520491964,-30.88426565],[-71.657273091,-30.965413101],[-71.703043445,-30.801763474]]]}}, {"type" : "Feature", "id" : "subcuenca:1212", "properties" : {"code": "subcuenca:1212", "name": "Isla Wellington e Isla entre esta y el Oriente", "codigo": "1212", "fuente": "dga_bna", "nombre": "Isla Wellington e Isla entre esta y el Oriente", "region": "Región de Magallanes y La Antártica Chilena"}, "geometry" : {"type":"Polygon","coordinates":[[[-74.730842308,-48.639784183],[-74.557052661,-48.703481563],[-74.395428006,-48.685768204],[-74.430228912,-48.848120068],[-74.395141726,-48.933114991],[-74.440734567,-49.009580748],[-74.391639686,-49.10051795],[-74.372080075,-49.276108843],[-74.408149533,-49.392947619],[-74.305305466,-49.453160038],[-74.217544462,-49.567601104],[-74.348983826,-49.671876722],[-74.334358093,-49.893510429],[-74.389648082,-49.979444616],[-74.613845786,-50.078045533],[-74.703887705,-50.168341677],[-75.100128016,-49.922721602],[-75.455047635,-49.388833044],[-75.546981604,-49.323470197],[-75.328208845,-49.188858192],[-75.155967557,-49.249423707],[-75.036712706,-49.23642118],[-75.06710786,-49.158361745],[-74.870147557,-49.292961307],[-74.816482651,-49.082582278],[-74.979026783,-48.943650343],[-75.025619336,-48.811549754],[-75.006034916,-48.754277832],[-74.876556162,-48.722178752],[-74.730842308,-48.639784183]]]}}, {"type" : "Feature", "id" : "subcuenca:1063", "properties" : {"code": "subcuenca:1063", "name": "Costeras entre Rio Negro y Rio Vodudahue", "codigo": "1063", "fuente": "dga_bna", "nombre": "Costeras entre Rio Negro y Rio Vodudahue", "region": "Región de Los Lagos"}, "geometry" : {"type":"Polygon","coordinates":[[[-72.453489475,-41.969385749],[-72.285545237,-41.870418232],[-72.151008577,-41.948617863],[-72.182960491,-42.016334574],[-72.256957766,-41.995783564],[-72.326759312,-42.044552706],[-72.158874321,-42.19169231],[-72.15047436,-42.244586981],[-72.160619027,-42.267985111],[-72.251052419,-42.266107667],[-72.297370686,-42.398314212],[-72.350674113,-42.418030583],[-72.318004676,-42.44831763],[-72.334251317,-42.480855064],[-72.402259824,-42.481096313],[-72.417404223,-42.371838965],[-72.466278086,-42.320657918],[-72.456626728,-42.274091424],[-72.382865769,-42.256933928],[-72.36990356,-42.250877795],[-72.366493017,-42.246845044],[-72.450034902,-42.25195497],[-72.444961527,-42.163270614],[-72.364608647,-42.171438748],[-72.465400711,-42.142259404],[-72.426810976,-41.97710612],[-72.453489475,-41.969385749]]]}}, {"type" : "Feature", "id" : "subcuenca:0823", "properties" : {"code": "subcuenca:0823", "name": "Costeras entre Rio Andalien Y Rio Bio-Bio", "codigo": "0823", "fuente": "dga_bna", "nombre": "Costeras entre Rio Andalien Y Rio Bio-Bio", "region": "Región del Biobío"}, "geometry" : {"type":"Polygon","coordinates":[[[-73.140243214,-36.691369612],[-73.101043562,-36.616985066],[-73.113830393,-36.710505065],[-73.059231473,-36.732893677],[-73.04325654,-36.815943036],[-73.133461597,-36.749534792],[-73.162208326,-36.710478075],[-73.140243214,-36.691369612]]]}}, {"type" : "Feature", "id" : "subcuenca:0710", "properties" : {"code": "subcuenca:0710", "name": "Rio Teno", "codigo": "0710", "fuente": "dga_bna", "nombre": "Rio Teno", "region": "Región del Maule"}, "geometry" : {"type":"Polygon","coordinates":[[[-70.6215914,-34.986851025],[-70.541648419,-34.933264266],[-70.473901072,-34.994247369],[-70.360372145,-35.003349256],[-70.376540344,-35.167702025],[-70.546374874,-35.209334157],[-70.580743795,-35.27327978],[-70.645125545,-35.243562719],[-70.726830035,-35.252084307],[-70.725785446,-35.192182745],[-70.845893778,-35.146669017],[-70.847198229,-35.045410851],[-70.879556024,-35.009190148],[-71.024865214,-34.953040619],[-71.202700155,-34.941484375],[-71.377765245,-34.975281876],[-71.359045524,-34.925454097],[-71.387080386,-34.868889836],[-71.303647774,-34.795672265],[-71.212264513,-34.835339701],[-71.116723606,-34.806041412],[-70.946029807,-34.957183004],[-70.79810483,-34.852415355],[-70.6215914,-34.986851025]]]}}, {"type" : "Feature", "id" : "subcuenca:1221", "properties" : {"code": "subcuenca:1221", "name": "Costeras entre Fiordo Calvo y Fiordo Peel", "codigo": "1221", "fuente": "dga_bna", "nombre": "Costeras entre Fiordo Calvo y Fiordo Peel", "region": "Región de Magallanes y La Antártica Chilena"}, "geometry" : {"type":"Polygon","coordinates":[[[-73.736900016,-50.617487114],[-73.41633547,-50.667881983],[-73.296745063,-50.746256952],[-73.45639018,-50.87153271],[-73.428779313,-50.918231037],[-73.458953625,-50.956675088],[-73.758883338,-50.974945993],[-73.823806715,-50.928295701],[-73.845379991,-50.867063448],[-73.914428569,-50.851944634],[-73.789813597,-50.771019938],[-73.788294997,-50.66284108],[-73.736900016,-50.617487114]]]}}, {"type" : "Feature", "id" : "subcuenca:0860", "properties" : {"code": "subcuenca:0860", "name": "Costeras entre Rio Carampangue y Punta Lavapie", "codigo": "0860", "fuente": "dga_bna", "nombre": "Costeras entre Rio Carampangue y Punta Lavapie", "region": "Región del Biobío"}, "geometry" : {"type":"Polygon","coordinates":[[[-73.596443134,-37.158555097],[-73.411895691,-37.242382104],[-73.453817473,-37.288246451],[-73.396241282,-37.325956399],[-73.440386084,-37.424379088],[-73.469724472,-37.36318152],[-73.553020629,-37.321420956],[-73.551503056,-37.278372012],[-73.608203992,-37.287674322],[-73.627602894,-37.219534388],[-73.596443134,-37.158555097]]]}}, {"type" : "Feature", "id" : "subcuenca:0831", "properties" : {"code": "subcuenca:0831", "name": "Rio Bio-Bio entre Rio Ranquil y Rio Duqueco", "codigo": "0831", "fuente": "dga_bna", "nombre": "Rio Bio-Bio entre Rio Ranquil y Rio Duqueco", "region": "Región del Biobío"}, "geometry" : {"type":"Polygon","coordinates":[[[-71.350692703,-37.554762043],[-71.283155847,-37.583982647],[-71.242676813,-37.657751113],[-71.200830956,-37.654813385],[-71.210588588,-37.692266782],[-71.127671305,-37.825619851],[-71.295079455,-37.893599224],[-71.393259652,-37.855212464],[-71.430699788,-37.921692218],[-71.407619076,-37.981641912],[-71.34409353,-38.011940209],[-71.401864565,-38.108232],[-71.355053942,-38.233718428],[-71.417691606,-38.267404202],[-71.40858573,-38.33129393],[-71.49162791,-38.336540984],[-71.544332084,-38.382760528],[-71.590691366,-38.374883607],[-71.710222695,-38.260265387],[-71.687506009,-38.244728153],[-71.708009568,-38.189909162],[-71.612652553,-38.106880657],[-71.649456709,-38.04318341],[-71.641411755,-37.958073775],[-71.746546268,-37.929476927],[-71.796799377,-37.864582325],[-71.915163002,-37.835328251],[-71.942883786,-37.769550874],[-72.050943021,-37.748222492],[-72.302277336,-37.60557854],[-72.487884609,-37.564296834],[-72.312427741,-37.541480709],[-72.248330414,-37.591450349],[-72.015851915,-37.621753868],[-71.957363611,-37.662402094],[-71.881685786,-37.614986392],[-71.621727553,-37.569254168],[-71.549708429,-37.582853066],[-71.515598465,-37.652365676],[-71.385442775,-37.633610893],[-71.391453654,-37.578322902],[-71.350692703,-37.554762043]]]}}, {"type" : "Feature", "id" : "subcuenca:0172", "properties" : {"code": "subcuenca:0172", "name": "Quebrada de Aroma", "codigo": "0172", "fuente": "dga_bna", "nombre": "Quebrada de Aroma", "region": "Región de Tarapacá"}, "geometry" : {"type":"Polygon","coordinates":[[[-69.266267326,-19.388840293],[-69.133631082,-19.293499363],[-69.005691225,-19.286024653],[-68.926596396,-19.412083098],[-68.97342988,-19.460521237],[-68.9241746,-19.592664354],[-68.992525651,-19.624594021],[-69.082058437,-19.597396974],[-69.171032267,-19.642753858],[-69.28871079,-19.635577407],[-69.410497524,-19.695118492],[-69.63224824,-19.719907423],[-69.553978767,-19.612130029],[-69.368922837,-19.520645387],[-69.266267326,-19.388840293]]]}}, {"type" : "Feature", "id" : "subcuenca:0832", "properties" : {"code": "subcuenca:0832", "name": "Rio Duqueco", "codigo": "0832", "fuente": "dga_bna", "nombre": "Rio Duqueco", "region": "Región del Biobío"}, "geometry" : {"type":"Polygon","coordinates":[[[-72.365273915,-37.47853271],[-72.138854915,-37.397942902],[-71.956619548,-37.426512471],[-71.82884354,-37.364378014],[-71.64148607,-37.432975167],[-71.626676728,-37.482234638],[-71.566144355,-37.500150384],[-71.402824147,-37.461824384],[-71.350692703,-37.554762043],[-71.391453654,-37.578322902],[-71.385442775,-37.633610893],[-71.515598465,-37.652365676],[-71.549708429,-37.582853066],[-71.621727553,-37.569254168],[-71.881685786,-37.614986392],[-71.957363611,-37.662402094],[-72.015851915,-37.621753868],[-72.248330414,-37.591450349],[-72.312427741,-37.541480709],[-72.476826537,-37.557335144],[-72.466483927,-37.507324338],[-72.365273915,-37.47853271]]]}}, {"type" : "Feature", "id" : "subcuenca:0573", "properties" : {"code": "subcuenca:0573", "name": "Mapocho Bajo", "codigo": "0573", "fuente": "dga_bna", "nombre": "Mapocho Bajo", "region": "Región Metropolitana de Santiago"}, "geometry" : {"type":"Polygon","coordinates":[[[-70.737421297,-32.923643754],[-70.706087621,-32.95728168],[-70.594978341,-32.94380593],[-70.504566043,-33.087329669],[-70.435172038,-33.02085373],[-70.394708449,-33.038448537],[-70.374736965,-33.106848752],[-70.429999962,-33.129396132],[-70.47648576,-33.224049904],[-70.558586054,-33.24136927],[-70.601884197,-33.315147668],[-70.582797251,-33.350477737],[-70.491235783,-33.361779376],[-70.454948377,-33.395965745],[-70.437187011,-33.497425829],[-70.486275859,-33.538542032],[-70.497042688,-33.596736567],[-70.743088047,-33.594280989],[-70.880690169,-33.677771806],[-71.023086631,-33.710435602],[-70.936729975,-33.590774227],[-70.92021219,-33.51163445],[-70.956413876,-33.446738366],[-70.949392299,-33.384723538],[-71.003919306,-33.334227833],[-70.96921298,-33.293469411],[-71.029434427,-32.988792515],[-70.93627161,-32.971826088],[-70.890925353,-32.928517046],[-70.737421297,-32.923643754]]]}}, {"type" : "Feature", "id" : "subcuenca:0282", "properties" : {"code": "subcuenca:0282", "name": "Q. La Negra (de Mateo) entre Q. Grande y desembocadura", "codigo": "0282", "fuente": "dga_bna", "nombre": "Q. La Negra (de Mateo) entre Q. Grande y desembocadura", "region": "Región de Antofagasta"}, "geometry" : {"type":"Polygon","coordinates":[[[-70.42507298,-23.70268451],[-70.414105941,-23.674031753],[-70.350785069,-23.715840155],[-70.265404403,-23.715916333],[-70.144065992,-23.919288188],[-70.008940104,-23.910787771],[-70.006653028,-23.994476796],[-70.15397799,-24.019497529],[-70.179780327,-24.088571266],[-70.240548202,-24.112734684],[-70.220929352,-24.42320867],[-70.399396131,-24.312723014],[-70.377358964,-24.252531832],[-70.412627674,-24.20445791],[-70.414027416,-24.003687481],[-70.439028035,-23.976314664],[-70.348089046,-23.903989324],[-70.375823363,-23.759688945],[-70.42507298,-23.70268451]]]}}, {"type" : "Feature", "id" : "subcuenca:1044", "properties" : {"code": "subcuenca:1044", "name": "Costeras entre Rio Chamiza y Rio Petrohue", "codigo": "1044", "fuente": "dga_bna", "nombre": "Costeras entre Rio Chamiza y Rio Petrohue", "region": "Región de Los Lagos"}, "geometry" : {"type":"Polygon","coordinates":[[[-72.378072755,-41.388564844],[-72.317649858,-41.378617728],[-72.325889427,-41.4267607],[-72.299941884,-41.413843059],[-72.36559286,-41.631430869],[-72.543151659,-41.709167457],[-72.64624013,-41.696911659],[-72.66609939,-41.617191045],[-72.790364441,-41.508351071],[-72.706962354,-41.4929826],[-72.670198274,-41.526593938],[-72.516954306,-41.545391163],[-72.474769338,-41.62096603],[-72.379688734,-41.516751432],[-72.432769651,-41.430885144],[-72.378072755,-41.388564844]]]}}, {"type" : "Feature", "id" : "subcuenca:1290", "properties" : {"code": "subcuenca:1290", "name": "Islas Londonberry y Adyacentes, al Sur de Canal Pomar y Oeste de Bahia Cook", "codigo": "1290", "fuente": "dga_bna", "nombre": "Islas Londonberry y Adyacentes, al Sur de Canal Pomar y Oeste de Bahia Cook", "region": "Región de Magallanes y La Antártica Chilena"}, "geometry" : {"type":"Polygon","coordinates":[[[-71.466064054,-54.775810204],[-70.925730049,-54.788644683],[-70.865722514,-54.837368368],[-70.754729681,-54.861323972],[-70.571501334,-54.803836302],[-70.426062635,-54.821016323],[-70.20960974,-54.889740722],[-70.240432451,-55.023770106],[-70.133865272,-55.124370277],[-70.628287959,-55.48794227],[-72.023506033,-54.999343186],[-71.813316467,-54.864708735],[-71.466064054,-54.775810204]]]}}, {"type" : "Feature", "id" : "subcuenca:0824", "properties" : {"code": "subcuenca:0824", "name": "Isla Quiriquina", "codigo": "0824", "fuente": "dga_bna", "nombre": "Isla Quiriquina", "region": "Región del Biobío"}, "geometry" : {"type":"Polygon","coordinates":[[[-73.049443607,-36.607019511],[-73.055587689,-36.642176145],[-73.071792336,-36.647202985],[-73.06790925,-36.620667449],[-73.049443607,-36.607019511]]]}}, {"type" : "Feature", "id" : "subcuenca:1233", "properties" : {"code": "subcuenca:1233", "name": "Islas Entre Paso Castro, Estrecho Sarmiento, Paso Victoria y Estrecho Smith", "codigo": "1233", "fuente": "dga_bna", "nombre": "Islas Entre Paso Castro, Estrecho Sarmiento, Paso Victoria y Estrecho Smith", "region": "Región de Magallanes y La Antártica Chilena"}, "geometry" : {"type":"Polygon","coordinates":[[[-74.397628691,-51.302852492],[-74.137710297,-51.250516952],[-73.976852224,-51.672313006],[-73.747096816,-51.946824893],[-73.681724364,-51.955787135],[-73.684227023,-52.003006842],[-73.758483756,-52.035809164],[-73.828117105,-52.004909054],[-74.174224866,-51.818238812],[-74.517432988,-51.552634789],[-74.690254195,-51.475045406],[-74.397628691,-51.302852492]]]}}, {"type" : "Feature", "id" : "subcuenca:0252", "properties" : {"code": "subcuenca:0252", "name": "Llano De La Paciencia", "codigo": "0252", "fuente": "dga_bna", "nombre": "Llano De La Paciencia", "region": "Región de Antofagasta"}, "geometry" : {"type":"Polygon","coordinates":[[[-68.488601575,-22.86581037],[-68.450622033,-22.840160687],[-68.401598763,-22.690891563],[-68.354585476,-22.672976737],[-68.25691402,-22.724005719],[-68.219829447,-22.851911124],[-68.289797521,-22.915861822],[-68.541579914,-23.314141334],[-68.56211293,-23.473020457],[-68.696150522,-23.509130853],[-68.71512238,-23.38575354],[-68.676434706,-23.359207904],[-68.692904791,-23.305225079],[-68.615205843,-23.18197688],[-68.66573478,-23.104905463],[-68.642490741,-23.071942704],[-68.532361064,-23.083678053],[-68.559895869,-22.963008045],[-68.488601575,-22.86581037]]]}}, {"type" : "Feature", "id" : "subcuenca:0101", "properties" : {"code": "subcuenca:0101", "name": "Lago Chungara", "codigo": "0101", "fuente": "dga_bna", "nombre": "Lago Chungara", "region": "Región de Arica y Parinacota"}, "geometry" : {"type":"Polygon","coordinates":[[[-69.138843855,-18.167769289],[-69.063990294,-18.235071766],[-69.047872386,-18.426197694],[-69.09922318,-18.422336629],[-69.225793548,-18.250454479],[-69.138843855,-18.167769289]]]}}, {"type" : "Feature", "id" : "subcuenca:0530", "properties" : {"code": "subcuenca:0530", "name": "Costeras entre Estero Ligua y Estero Catapilco", "codigo": "0530", "fuente": "dga_bna", "nombre": "Costeras entre Estero Ligua y Estero Catapilco", "region": "Región de Valparaíso"}, "geometry" : {"type":"Polygon","coordinates":[[[-71.412997537,-32.410882348],[-71.299020799,-32.491383309],[-71.413977496,-32.552392059],[-71.429144707,-32.620919497],[-71.476694763,-32.521766596],[-71.433967546,-32.493619322],[-71.412997537,-32.410882348]]]}}, {"type" : "Feature", "id" : "subcuenca:1281", "properties" : {"code": "subcuenca:1281", "name": "Costeras Bahia Inutil (entre Cabo Monmouth y Cabo Nose)", "codigo": "1281", "fuente": "dga_bna", "nombre": "Costeras Bahia Inutil (entre Cabo Monmouth y Cabo Nose)", "region": "Región de Magallanes y La Antártica Chilena"}, "geometry" : {"type":"Polygon","coordinates":[[[-70.67797084,-53.420432635],[-70.30656396,-53.351763567],[-70.09458908,-53.381599732],[-69.762992759,-53.275717476],[-69.280841168,-53.241927069],[-69.237949942,-53.251035963],[-69.223361197,-53.354353499],[-69.086254223,-53.318480896],[-69.026850069,-53.362417589],[-69.211028741,-53.453495106],[-69.145797386,-53.547386686],[-69.405814846,-53.650703192],[-69.491127021,-53.716182703],[-69.58904274,-53.723511505],[-69.93043439,-53.867606045],[-70.033847744,-53.780347732],[-70.283675838,-53.744132061],[-70.31359857,-53.615843464],[-70.415229856,-53.475868661],[-70.67797084,-53.420432635]]]}}, {"type" : "Feature", "id" : "subcuenca:0246", "properties" : {"code": "subcuenca:0246", "name": "Laguna de Tuyajto", "codigo": "0246", "fuente": "dga_bna", "nombre": "Laguna de Tuyajto", "region": "Región de Antofagasta"}, "geometry" : {"type":"Polygon","coordinates":[[[-67.599380196,-23.739775045],[-67.518209673,-23.8055355],[-67.507827683,-23.904762866],[-67.552101345,-23.984078428],[-67.651771698,-23.986233004],[-67.598724016,-23.907008664],[-67.622882211,-23.853274442],[-67.599380196,-23.739775045]]]}}, {"type" : "Feature", "id" : "subcuenca:1237", "properties" : {"code": "subcuenca:1237", "name": "Canales entre Canal Bertran, Canal Señoret y Canal O'Higginns", "codigo": "1237", "fuente": "dga_bna", "nombre": "Canales entre Canal Bertran, Canal Señoret y Canal O'Higginns", "region": "Región de Magallanes y La Antártica Chilena"}, "geometry" : {"type":"Polygon","coordinates":[[[-74.301978966,-52.060043439],[-74.032821581,-52.222210437],[-73.902580223,-52.328705419],[-73.900588557,-52.36198988],[-74.480766213,-52.509521774],[-74.684928882,-52.59183955],[-74.918494894,-52.54801853],[-74.584785517,-52.416023554],[-74.467613247,-52.208539421],[-74.465163993,-52.10814986],[-74.351867803,-52.045713127],[-74.301978966,-52.060043439]]]}}, {"type" : "Feature", "id" : "subcuenca:0810", "properties" : {"code": "subcuenca:0810", "name": "Ñuble Alto", "codigo": "0810", "fuente": "dga_bna", "nombre": "Ñuble Alto", "region": "Región de Ñuble"}, "geometry" : {"type":"Polygon","coordinates":[[[-71.628768404,-36.489285122],[-71.486048607,-36.46060424],[-71.462816924,-36.53647044],[-71.397560784,-36.532150031],[-71.328661339,-36.578718542],[-71.275104326,-36.565842127],[-71.188661501,-36.40909015],[-71.11357863,-36.360694735],[-71.067598045,-36.378097546],[-71.068267157,-36.449826898],[-71.035173377,-36.471946562],[-71.055272376,-36.61935365],[-71.006547493,-36.686650977],[-71.062358696,-36.713587447],[-71.112601625,-36.67838084],[-71.132992071,-36.812130714],[-71.174825809,-36.841384434],[-71.122192301,-36.861447164],[-71.152188807,-36.903852115],[-71.087648641,-36.929950849],[-71.102324467,-36.966039255],[-71.218436475,-36.974280942],[-71.260622289,-36.914004199],[-71.345343072,-36.910991276],[-71.441738078,-36.804635158],[-71.461045665,-36.757288639],[-71.438795617,-36.726371185],[-71.473288997,-36.719382121],[-71.497151806,-36.610728985],[-71.628748397,-36.606171339],[-71.628768404,-36.489285122]]]}}, {"type" : "Feature", "id" : "subcuenca:0332", "properties" : {"code": "subcuenca:0332", "name": "Costeras entre Q. Flamenco y Q. del Morado", "codigo": "0332", "fuente": "dga_bna", "nombre": "Costeras entre Q. Flamenco y Q. del Morado", "region": "Región de Atacama"}, "geometry" : {"type":"Polygon","coordinates":[[[-70.684401594,-26.572419515],[-70.612104808,-26.677943233],[-70.750104159,-26.72613458],[-70.704123172,-26.577316464],[-70.684401594,-26.572419515]]]}}, {"type" : "Feature", "id" : "subcuenca:0863", "properties" : {"code": "subcuenca:0863", "name": "Costeras entre Rio Quiapo y Rio Lebu", "codigo": "0863", "fuente": "dga_bna", "nombre": "Costeras entre Rio Quiapo y Rio Lebu", "region": "Región del Biobío"}, "geometry" : {"type":"Polygon","coordinates":[[[-73.591316058,-37.461550921],[-73.534917858,-37.518908353],[-73.643366193,-37.602094357],[-73.648017927,-37.56027809],[-73.602447432,-37.535468638],[-73.591316058,-37.461550921]]]}}, {"type" : "Feature", "id" : "subcuenca:1215", "properties" : {"code": "subcuenca:1215", "name": "Isla Duque de York", "codigo": "1215", "fuente": "dga_bna", "nombre": "Isla Duque de York", "region": "Región de Magallanes y La Antártica Chilena"}, "geometry" : {"type":"Polygon","coordinates":[[[-75.635139619,-50.45355024],[-75.430847256,-50.441247742],[-74.942397693,-50.506918238],[-75.110908574,-50.6429536],[-75.302078273,-50.875405529],[-75.558052218,-50.939264224],[-75.635139619,-50.45355024]]]}}, {"type" : "Feature", "id" : "subcuenca:0481", "properties" : {"code": "subcuenca:0481", "name": "Estero Pupio", "codigo": "0481", "fuente": "dga_bna", "nombre": "Estero Pupio", "region": "Región de Coquimbo"}, "geometry" : {"type":"Polygon","coordinates":[[[-71.499419671,-31.882020762],[-71.448991567,-31.817139229],[-71.401714943,-31.816557087],[-71.328581502,-31.75770929],[-71.173090401,-31.897427177],[-71.092584148,-31.879216402],[-70.972843801,-31.944230341],[-70.967410929,-31.998362315],[-70.98805091,-32.046315262],[-71.18792484,-32.012120197],[-71.305346927,-31.912483722],[-71.364806219,-31.980772111],[-71.422585426,-31.937252103],[-71.429817191,-31.885972513],[-71.499419671,-31.882020762]]]}}, {"type" : "Feature", "id" : "subcuenca:1289", "properties" : {"code": "subcuenca:1289", "name": "Islas al Sur de Tierra del Fuego y Canal Beagle", "codigo": "1289", "fuente": "dga_bna", "nombre": "Islas al Sur de Tierra del Fuego y Canal Beagle", "region": "Región de Magallanes y La Antártica Chilena"}, "geometry" : {"type":"Polygon","coordinates":[[[-72.091193876,-54.476394285],[-71.930104173,-54.587940235],[-71.997327736,-54.600495817],[-71.973473206,-54.638644584],[-71.528708157,-54.661059707],[-71.463678302,-54.710840618],[-71.463203303,-54.770861447],[-71.813316467,-54.864708735],[-72.023506033,-54.999343186],[-72.741126707,-54.815086184],[-72.437926891,-54.629470314],[-72.091193876,-54.476394285]]]}}, {"type" : "Feature", "id" : "subcuenca:1070", "properties" : {"code": "subcuenca:1070", "name": "Rio Futaleufu", "codigo": "1070", "fuente": "dga_bna", "nombre": "Rio Futaleufu", "region": "Región de Los Lagos"}, "geometry" : {"type":"Polygon","coordinates":[[[-72.137080746,-42.903302814],[-72.003837415,-43.037795735],[-71.937782045,-43.052697898],[-71.932785014,-43.101739194],[-71.730048928,-43.200245722],[-71.756400939,-43.231999738],[-71.737098436,-43.313311715],[-71.790786468,-43.296234691],[-71.83366395,-43.333723927],[-71.905975167,-43.324466784],[-71.891937372,-43.379563979],[-71.93089264,-43.384500266],[-71.933334232,-43.447339732],[-71.850059323,-43.480423258],[-71.875524001,-43.549218588],[-71.974553653,-43.629818208],[-72.070990262,-43.617088069],[-72.135490331,-43.647917626],[-72.200881704,-43.620481019],[-72.226287881,-43.58932687],[-72.196685628,-43.553656232],[-72.279342615,-43.49538569],[-72.171806105,-43.449134232],[-72.156738129,-43.33059992],[-72.110839745,-43.31027749],[-72.230834839,-43.222513949],[-72.180374106,-43.206597563],[-72.146794044,-43.118567318],[-72.249248762,-42.946036393],[-72.193979786,-42.927640998],[-72.202293132,-42.881178436],[-72.137080746,-42.903302814]]]}}, {"type" : "Feature", "id" : "subcuenca:1112", "properties" : {"code": "subcuenca:1112", "name": "Costeras entre Rio Marchant y Seno Ventisquero", "codigo": "1112", "fuente": "dga_bna", "nombre": "Costeras entre Rio Marchant y Seno Ventisquero", "region": "Región Aysén del General Carlos Ibáñez del Cam"}, "geometry" : {"type":"Polygon","coordinates":[[[-73.411254916,-44.043412048],[-73.160056882,-44.055353994],[-73.018082289,-44.169663118],[-72.860557302,-44.16785637],[-72.771362335,-44.227342486],[-72.68070202,-44.195815894],[-72.667122512,-44.150084907],[-72.588977288,-44.148941785],[-72.537643236,-44.200057689],[-72.585919294,-44.254742828],[-72.499003379,-44.309069214],[-72.603736626,-44.382570427],[-72.672416523,-44.524084052],[-72.992042415,-44.309998133],[-73.417129336,-44.267439784],[-73.411254916,-44.043412048]]]}}, {"type" : "Feature", "id" : "subcuenca:1065", "properties" : {"code": "subcuenca:1065", "name": "Peninsula Huequi", "codigo": "1065", "fuente": "dga_bna", "nombre": "Peninsula Huequi", "region": "Región de Los Lagos"}, "geometry" : {"type":"Polygon","coordinates":[[[-72.731399398,-42.254593263],[-72.738143905,-42.223984678],[-72.588882252,-42.185960966],[-72.539787197,-42.212506595],[-72.509101742,-42.346582552],[-72.447135688,-42.413870794],[-72.447829984,-42.49730445],[-72.402526915,-42.486121676],[-72.423690506,-42.516671861],[-72.401407363,-42.571409978],[-72.304794154,-42.646844474],[-72.424026303,-42.651095965],[-72.518760583,-42.581809309],[-72.489524794,-42.579327983],[-72.493316666,-42.549530755],[-72.527030729,-42.563429835],[-72.683975073,-42.465502643],[-72.695556553,-42.410034419],[-72.758010724,-42.38678822],[-72.78572834,-42.309584967],[-72.820945614,-42.32145745],[-72.840400593,-42.294654821],[-72.768562229,-42.241113095],[-72.731399398,-42.254593263]]]}}, {"type" : "Feature", "id" : "subcuenca:0910", "properties" : {"code": "subcuenca:0910", "name": "Rio Lumaco", "codigo": "0910", "fuente": "dga_bna", "nombre": "Rio Lumaco", "region": "Región de La Araucanía"}, "geometry" : {"type":"Polygon","coordinates":[[[-73.082344378,-38.159650997],[-73.080881162,-38.094703648],[-73.20360452,-38.033939582],[-73.185390614,-37.986373127],[-73.121555036,-37.960493579],[-73.127383705,-37.876844196],[-73.017001083,-37.814446832],[-72.866631702,-37.884922682],[-72.868529237,-37.966613418],[-72.898216478,-37.995798105],[-72.808663945,-38.032078489],[-72.818823862,-38.095576537],[-72.787459869,-38.157354161],[-72.812806239,-38.197909092],[-72.523125125,-38.236364776],[-72.484399454,-38.153839491],[-72.388505095,-38.151454939],[-72.348830165,-38.119757466],[-72.182506486,-38.127646646],[-71.901259321,-38.241162344],[-71.80629696,-38.247149032],[-72.147210777,-38.367629091],[-72.453051381,-38.376163581],[-72.69770231,-38.327177203],[-72.87754741,-38.365654426],[-72.929753121,-38.447571342],[-73.015806588,-38.373193343],[-73.009302432,-38.29011575],[-73.056042135,-38.256897076],[-73.020400297,-38.227267637],[-73.082344378,-38.159650997]]]}}, {"type" : "Feature", "id" : "subcuenca:1033", "properties" : {"code": "subcuenca:1033", "name": "Rio Bueno entre Rio Pilmaiquen y Rio Rahue", "codigo": "1033", "fuente": "dga_bna", "nombre": "Rio Bueno entre Rio Pilmaiquen y Rio Rahue", "region": "Región de Los Ríos"}, "geometry" : {"type":"Polygon","coordinates":[[[-73.374694702,-40.19450906],[-73.249938982,-40.210015768],[-73.19003298,-40.278917466],[-73.089286622,-40.301474811],[-73.14943696,-40.333256236],[-73.034087866,-40.459962824],[-73.200103792,-40.488042513],[-73.230697466,-40.370406539],[-73.354116778,-40.334742463],[-73.334976022,-40.263978587],[-73.374694702,-40.19450906]]]}}, {"type" : "Feature", "id" : "subcuenca:0561", "properties" : {"code": "subcuenca:0561", "name": "Isla de Pascua", "codigo": "0561", "fuente": "dga_bna", "nombre": "Isla de Pascua", "region": "Región de Valparaíso"}, "geometry" : {"type":"Polygon","coordinates":[[[-109.37599265,-27.091636677],[-109.334284229,-27.097170364],[-109.251547596,-27.163279295],[-109.439043213,-27.194553447],[-109.450055949,-27.173441463],[-109.37599265,-27.091636677]]]}}, {"type" : "Feature", "id" : "subcuenca:0170", "properties" : {"code": "subcuenca:0170", "name": "Pampa del Tamarugal", "codigo": "0170", "fuente": "dga_bna", "nombre": "Pampa del Tamarugal", "region": "Región de Tarapacá"}, "geometry" : {"type":"Polygon","coordinates":[[[-70.058596289,-19.612297781],[-69.997392101,-19.644588706],[-69.815305122,-19.62585691],[-69.4628236,-19.50379728],[-69.405626613,-19.513368961],[-69.582551392,-19.575979475],[-69.716172616,-19.662613609],[-69.678872453,-19.671487466],[-69.546482996,-19.606717409],[-69.631593391,-19.700458903],[-69.605365534,-19.725205156],[-69.410497524,-19.695118492],[-69.28871079,-19.635577407],[-69.171032267,-19.642753858],[-69.239889803,-19.734529543],[-69.436512008,-19.833899304],[-69.579282524,-19.990561168],[-69.463572807,-19.909267124],[-69.454167892,-20.046291079],[-69.341289899,-20.112496401],[-69.34079558,-20.156838274],[-69.426742981,-20.20189042],[-69.475965106,-20.274562841],[-69.492442577,-20.349005104],[-69.392468779,-20.278311858],[-69.291956865,-20.265518689],[-69.027451133,-20.30177803],[-69.013494686,-20.2479237],[-68.968932266,-20.229351929],[-69.019285137,-20.338904297],[-69.212390954,-20.501343663],[-69.200459949,-20.531180969],[-69.139158749,-20.518861727],[-68.984969513,-20.438835125],[-68.998302062,-20.580086366],[-69.188493507,-20.690925561],[-69.121060471,-20.722710695],[-69.258537459,-20.79848573],[-69.172830709,-20.812264375],[-69.3326874,-20.865885079],[-69.353651178,-20.90670593],[-69.287549168,-20.923554601],[-69.511500374,-21.044084561],[-69.650763549,-21.056713704],[-69.680856945,-21.091172393],[-69.721798844,-21.00935043],[-69.80070454,-20.952331074],[-69.744442327,-20.7899914],[-69.783575268,-20.663140289],[-69.759866786,-20.589139085],[-69.852281868,-20.499892619],[-69.802622697,-20.412120203],[-69.858516301,-20.377736384],[-69.872206568,-20.325620328],[-69.958795093,-20.278283174],[-69.886407276,-20.132980807],[-69.927482672,-20.08068432],[-69.907866155,-19.919368958],[-69.986384785,-19.819030391],[-70.043820005,-19.806203223],[-70.058596289,-19.612297781]]]}}, {"type" : "Feature", "id" : "subcuenca:1258", "properties" : {"code": "subcuenca:1258", "name": "Costeras e Islas Orientales de la Peninsula Brunswick", "codigo": "1258", "fuente": "dga_bna", "nombre": "Costeras e Islas Orientales de la Peninsula Brunswick", "region": "Región de Magallanes y La Antártica Chilena"}, "geometry" : {"type":"Polygon","coordinates":[[[-70.983947433,-52.898460673],[-70.842925023,-52.914148674],[-70.751022028,-52.842009714],[-70.637504222,-52.812508109],[-70.502357242,-52.839209677],[-70.495971631,-52.87499189],[-70.643249469,-53.057819364],[-70.67797084,-53.420432635],[-70.723884366,-53.551345311],[-70.871932949,-53.79288836],[-71.005813477,-53.897201949],[-71.261680366,-53.774203064],[-71.336830183,-53.779510523],[-71.322166057,-53.702177733],[-71.434867838,-53.619003242],[-71.523078533,-53.614615202],[-71.456904399,-53.531059213],[-71.51627343,-53.447938518],[-71.403555044,-53.447754494],[-71.394167934,-53.473867293],[-71.376166783,-53.450795257],[-71.47863742,-53.305729171],[-71.370994676,-53.318783572],[-71.292754789,-53.369224055],[-71.291419839,-53.312016168],[-71.146354468,-53.260966793],[-71.16186492,-53.241786417],[-71.086967256,-53.209787854],[-71.059745434,-53.155070086],[-71.135424322,-53.124839072],[-71.077788432,-53.072226621],[-71.119613763,-53.020712103],[-70.983947433,-52.898460673]]]}}, {"type" : "Feature", "id" : "subcuenca:0395", "properties" : {"code": "subcuenca:0395", "name": "Isla Chañaral", "codigo": "0395", "fuente": "dga_bna", "nombre": "Isla Chañaral", "region": "Región de Atacama"}, "geometry" : {"type":"Polygon","coordinates":[[[-71.649748974,-28.982524038],[-71.662826504,-28.965636204],[-71.622083016,-28.956933658],[-71.625022775,-28.966379614],[-71.649748974,-28.982524038]]]}}, {"type" : "Feature", "id" : "subcuenca:0733", "properties" : {"code": "subcuenca:0733", "name": "Perquilauquen Alto", "codigo": "0733", "fuente": "dga_bna", "nombre": "Perquilauquen Alto", "region": "Región del Maule"}, "geometry" : {"type":"Polygon","coordinates":[[[-72.299791597,-35.765944789],[-72.175397932,-35.867995019],[-72.018323918,-35.882785351],[-71.964285516,-36.014444617],[-71.74802832,-36.205359208],[-71.499448765,-36.253703362],[-71.457099855,-36.234126792],[-71.424332601,-36.366453603],[-71.356720203,-36.387234124],[-71.356011065,-36.438489986],[-71.315146673,-36.456918776],[-71.288177737,-36.420937127],[-71.232956379,-36.464501465],[-71.275104326,-36.565842127],[-71.372767682,-36.572251623],[-71.399777809,-36.531762946],[-71.440864098,-36.548917503],[-71.486048607,-36.46060424],[-71.652094355,-36.501178179],[-71.824654466,-36.436908728],[-71.981623797,-36.304464383],[-72.196922137,-36.285704376],[-72.223188455,-36.262583987],[-72.194541463,-36.235554325],[-72.246990852,-36.202769647],[-72.354584391,-36.217005177],[-72.484972571,-36.176612358],[-72.51098346,-36.218839029],[-72.477090963,-36.28860473],[-72.638044901,-36.283305935],[-72.686633514,-36.152406232],[-72.524243854,-36.054481378],[-72.509603665,-36.024740298],[-72.561720418,-35.965221263],[-72.514685617,-35.920305245],[-72.460362708,-35.942406563],[-72.426692343,-35.905605305],[-72.468097146,-35.846022114],[-72.397302257,-35.788597493],[-72.299791597,-35.765944789]]]}}, {"type" : "Feature", "id" : "subcuenca:1040", "properties" : {"code": "subcuenca:1040", "name": "Costeras entre Rio Bueno y Rio Maullin", "codigo": "1040", "fuente": "dga_bna", "nombre": "Costeras entre Rio Bueno y Rio Maullin", "region": "Región de Los Lagos"}, "geometry" : {"type":"Polygon","coordinates":[[[-73.715598904,-40.245237984],[-73.558753936,-40.398377692],[-73.55131513,-40.500027328],[-73.447296155,-40.60072439],[-73.436996359,-40.719001174],[-73.471824617,-40.775529031],[-73.548965376,-40.821678962],[-73.629066637,-40.802774597],[-73.630401546,-40.844696898],[-73.50361622,-40.901607924],[-73.522684443,-41.041664205],[-73.420203851,-41.187304197],[-73.299957065,-41.271632754],[-73.413780993,-41.269982453],[-73.480842514,-41.402277505],[-73.553657282,-41.378862291],[-73.521064684,-41.543224491],[-73.653778053,-41.581851458],[-73.620315569,-41.558255299],[-73.681159884,-41.516300341],[-73.673927238,-41.601924691],[-73.74703216,-41.558754821],[-73.788619712,-41.585490185],[-73.800163112,-41.503272241],[-73.853530828,-41.462971112],[-73.833793455,-41.320509002],[-73.924155928,-41.141050206],[-73.945411599,-40.98513455],[-73.849090426,-40.919405849],[-73.887367191,-40.858265086],[-73.830490119,-40.721017761],[-73.801635688,-40.712833641],[-73.834625033,-40.665720123],[-73.716575682,-40.5545861],[-73.778671067,-40.452857105],[-73.748626532,-40.444815048],[-73.753127928,-40.299987253],[-73.715598904,-40.245237984]]]}}, {"type" : "Feature", "id" : "subcuenca:1267", "properties" : {"code": "subcuenca:1267", "name": "Cañadon Seco", "codigo": "1267", "fuente": "dga_bna", "nombre": "Cañadon Seco", "region": "Región de Magallanes y La Antártica Chilena"}, "geometry" : {"type":"Polygon","coordinates":[[[-69.895545876,-52.039488067],[-69.793998581,-52.069565949],[-69.790549972,-52.105119869],[-69.669135965,-52.178505094],[-69.664289597,-52.217559555],[-69.743926823,-52.273709927],[-69.745634215,-52.305583053],[-69.944829102,-52.34246087],[-70.230819506,-52.529238913],[-70.091041317,-52.329199048],[-70.080886641,-52.252473484],[-70.114449715,-52.166606899],[-69.954661911,-52.138766395],[-69.895545876,-52.039488067]]]}}, {"type" : "Feature", "id" : "subcuenca:0930", "properties" : {"code": "subcuenca:0930", "name": "Costeras entre Rio Budi y Rio Tolten", "codigo": "0930", "fuente": "dga_bna", "nombre": "Costeras entre Rio Budi y Rio Tolten", "region": "Región de La Araucanía"}, "geometry" : {"type":"Polygon","coordinates":[[[-73.317313714,-38.999004758],[-73.269132438,-38.963348287],[-73.239988583,-38.983676166],[-73.14455142,-38.947488509],[-73.163302626,-39.018350566],[-73.206354278,-39.024030824],[-73.237289399,-39.075197102],[-73.229525795,-39.24868267],[-73.317313714,-38.999004758]]]}}, {"type" : "Feature", "id" : "subcuenca:0838", "properties" : {"code": "subcuenca:0838", "name": "Laja Bajo", "codigo": "0838", "fuente": "dga_bna", "nombre": "Laja Bajo", "region": "Región del Biobío"}, "geometry" : {"type":"Polygon","coordinates":[[[-72.646220065,-36.883935019],[-72.412633875,-36.881249601],[-72.368309032,-36.978745225],[-72.3859785,-37.034327596],[-72.275663513,-37.105330903],[-72.057042304,-37.159740462],[-71.938291275,-37.314813035],[-71.882308919,-37.340267118],[-72.375343347,-37.292287273],[-72.491817118,-37.323770167],[-72.530269315,-37.268023895],[-72.607243577,-37.309817218],[-72.671187824,-37.259516633],[-72.720029537,-37.272273257],[-72.709226922,-37.208408071],[-72.644426993,-37.151814827],[-72.660993467,-37.035291397],[-72.633068466,-37.021704796],[-72.671008016,-36.996963818],[-72.633728916,-36.953652481],[-72.646220065,-36.883935019]]]}}, {"type" : "Feature", "id" : "subcuenca:1284", "properties" : {"code": "subcuenca:1284", "name": "Peninsula Entre Senos Serrano y Ventisqueros", "codigo": "1284", "fuente": "dga_bna", "nombre": "Peninsula Entre Senos Serrano y Ventisqueros", "region": "Región de Magallanes y La Antártica Chilena"}, "geometry" : {"type":"Polygon","coordinates":[[[-71.514980721,-54.338451687],[-71.317229864,-54.350249149],[-71.104598807,-54.418509978],[-70.996292084,-54.376044271],[-70.937438627,-54.278236757],[-70.597167668,-54.31761519],[-70.489432908,-54.412806537],[-70.182540623,-54.586387109],[-70.218594395,-54.682281891],[-70.323227944,-54.80382044],[-70.330373319,-54.865986257],[-70.571501334,-54.803836302],[-70.774900722,-54.860302812],[-70.925730049,-54.788644683],[-71.466064054,-54.775810204],[-71.463678302,-54.710840618],[-71.528708157,-54.661059707],[-71.94125025,-54.652054492],[-71.997327736,-54.600495817],[-71.930104173,-54.587940235],[-72.091193876,-54.476394285],[-71.816817898,-54.364819038],[-71.514980721,-54.338451687]]]}}, {"type" : "Feature", "id" : "subcuenca:0450", "properties" : {"code": "subcuenca:0450", "name": "Rio Hurtado", "codigo": "0450", "fuente": "dga_bna", "nombre": "Rio Hurtado", "region": "Región de Coquimbo"}, "geometry" : {"type":"Polygon","coordinates":[[[-70.775190102,-30.236545499],[-70.709871943,-30.245258939],[-70.658982773,-30.203152828],[-70.5896446,-30.23797643],[-70.565625547,-30.209033206],[-70.544845336,-30.298966598],[-70.485998479,-30.353746373],[-70.491763079,-30.397010413],[-70.410298034,-30.445693688],[-70.338849458,-30.413581712],[-70.291167127,-30.467773532],[-70.192671074,-30.49471932],[-70.255610686,-30.691706938],[-70.423686101,-30.637600178],[-70.478406615,-30.54149083],[-70.516595827,-30.561608475],[-70.591205161,-30.49612558],[-70.852792398,-30.551258935],[-70.916606744,-30.508810874],[-71.075658493,-30.584331359],[-71.168335332,-30.592548369],[-71.116123737,-30.508998045],[-71.117183793,-30.43812792],[-71.20917473,-30.354092241],[-71.214352193,-30.257917264],[-71.040585039,-30.269261256],[-70.905003718,-30.214261265],[-70.828824939,-30.259106353],[-70.775190102,-30.236545499]]]}}, {"type" : "Feature", "id" : "subcuenca:0391", "properties" : {"code": "subcuenca:0391", "name": "Quebrada San Juan", "codigo": "0391", "fuente": "dga_bna", "nombre": "Quebrada San Juan", "region": "Región de Atacama"}, "geometry" : {"type":"Polygon","coordinates":[[[-71.38864487,-28.802533018],[-71.342684614,-28.751173853],[-71.164256209,-28.677466774],[-71.169197446,-28.75379097],[-71.271115697,-28.810814491],[-71.386166925,-28.828185076],[-71.38864487,-28.802533018]]]}}, {"type" : "Feature", "id" : "subcuenca:1092", "properties" : {"code": "subcuenca:1092", "name": "Islas entre Punta Chillidque y Punta Ahoni", "codigo": "1092", "fuente": "dga_bna", "nombre": "Islas entre Punta Chillidque y Punta Ahoni", "region": "Región de Los Lagos"}, "geometry" : {"type":"MultiPolygon","coordinates":[[[[-73.718162508,-42.61617335],[-73.718604835,-42.594507928],[-73.670486426,-42.607750822],[-73.594566278,-42.56670827],[-73.56554398,-42.615523276],[-73.578399647,-42.669805342],[-73.520454487,-42.680722634],[-73.575912284,-42.706240532],[-73.597694336,-42.650692107],[-73.708778275,-42.652283252],[-73.742965632,-42.627674275],[-73.718162508,-42.61617335]]],[[[-73.603843517,-42.436602588],[-73.657752824,-42.387771408],[-73.523124564,-42.391566124],[-73.515769954,-42.45064685],[-73.394119136,-42.539226246],[-73.3886031,-42.581707776],[-73.442405504,-42.569700069],[-73.436340108,-42.538244616],[-73.409721158,-42.549123434],[-73.537521322,-42.466927938],[-73.638351333,-42.466808858],[-73.603843517,-42.436602588]]],[[[-73.420371909,-42.600277546],[-73.399910031,-42.622525541],[-73.461631819,-42.661862895],[-73.558440998,-42.661654058],[-73.542633016,-42.54693291],[-73.485633751,-42.54692754],[-73.463561963,-42.602916811],[-73.420371909,-42.600277546]]],[[[-73.402579956,-42.404276246],[-73.448036177,-42.467129374],[-73.500350765,-42.434175606],[-73.471168413,-42.358950547],[-73.416694492,-42.370699459],[-73.402579956,-42.404276246]]],[[[-73.244605867,-42.513729713],[-73.373054546,-42.494950097],[-73.396407856,-42.461481422],[-73.380454945,-42.41325533],[-73.319915796,-42.379102451],[-73.251678218,-42.402140633],[-73.220321566,-42.468310358],[-73.244605867,-42.513729713]]],[[[-73.206008703,-42.564223442],[-73.194144954,-42.610999112],[-73.230491552,-42.688294729],[-73.377235255,-42.646947875],[-73.333907895,-42.571342119],[-73.206008703,-42.564223442]]]]}}, {"type" : "Feature", "id" : "subcuenca:0814", "properties" : {"code": "subcuenca:0814", "name": "Itata Bajo", "codigo": "0814", "fuente": "dga_bna", "nombre": "Itata Bajo", "region": "Región de Ñuble"}, "geometry" : {"type":"Polygon","coordinates":[[[-72.477576428,-36.288658173],[-72.51098346,-36.218839029],[-72.484972571,-36.176612358],[-72.354584391,-36.217005177],[-72.240167341,-36.204328914],[-72.194541463,-36.235554325],[-72.222539031,-36.264894779],[-72.170391088,-36.298828583],[-72.216027932,-36.349227341],[-72.182816446,-36.372716765],[-72.219661323,-36.405811844],[-72.212364099,-36.440425183],[-72.341031683,-36.522231848],[-72.368584072,-36.578414239],[-72.427009453,-36.555857329],[-72.464268788,-36.644108229],[-72.527340147,-36.665901176],[-72.53043235,-36.707551148],[-72.628110147,-36.681551383],[-72.64332186,-36.596380238],[-72.744415807,-36.617391942],[-72.825803972,-36.544574376],[-72.776514768,-36.44596645],[-72.873741214,-36.399396918],[-72.846858954,-36.362708593],[-72.738094319,-36.373530887],[-72.623287997,-36.301008202],[-72.513730053,-36.357373819],[-72.457095236,-36.354108201],[-72.477576428,-36.288658173]]]}}, {"type" : "Feature", "id" : "subcuenca:0202", "properties" : {"code": "subcuenca:0202", "name": "Salar De Ascotan", "codigo": "0202", "fuente": "dga_bna", "nombre": "Salar De Ascotan", "region": "Región de Antofagasta"}, "geometry" : {"type":"Polygon","coordinates":[[[-68.512388083,-21.435170176],[-68.386919826,-21.440056676],[-68.258020533,-21.390663179],[-68.180018059,-21.424418246],[-68.181303093,-21.603632152],[-68.059882628,-21.769204089],[-68.072989985,-21.978407287],[-68.097638474,-21.892264356],[-68.255053832,-21.786771253],[-68.389668297,-21.785475588],[-68.397369112,-21.648940954],[-68.521784123,-21.545380061],[-68.512388083,-21.435170176]]]}}, {"type" : "Feature", "id" : "subcuenca:1021", "properties" : {"code": "subcuenca:1021", "name": "Rio Chaihuin", "codigo": "1021", "fuente": "dga_bna", "nombre": "Rio Chaihuin", "region": "Región de Los Ríos"}, "geometry" : {"type":"Polygon","coordinates":[[[-73.600485972,-39.956182729],[-73.595199351,-39.930262008],[-73.536819702,-39.92050861],[-73.451034577,-39.951646536],[-73.305023172,-40.076802182],[-73.406883151,-40.140793105],[-73.4935454,-40.146415771],[-73.510627738,-40.127309117],[-73.472533992,-40.068323634],[-73.505737232,-40.016915138],[-73.59308623,-39.996190683],[-73.600485972,-39.956182729]]]}}, {"type" : "Feature", "id" : "subcuenca:0571", "properties" : {"code": "subcuenca:0571", "name": "Rio Maipo Medio", "codigo": "0571", "fuente": "dga_bna", "nombre": "Rio Maipo Medio", "region": "Región Metropolitana de Santiago"}, "geometry" : {"type":"Polygon","coordinates":[[[-70.433832609,-33.480952263],[-70.350953479,-33.48885918],[-70.386902338,-33.636933646],[-70.440666268,-33.683018681],[-70.400510941,-33.712184707],[-70.425128092,-33.856427927],[-70.375177163,-33.884125463],[-70.328312468,-34.009855978],[-70.545210211,-34.098018303],[-70.725518149,-34.040587071],[-70.825522954,-33.952823844],[-70.895107442,-33.988380209],[-70.966069126,-33.966708509],[-70.999904769,-33.81040889],[-70.984487686,-33.747530901],[-71.02071286,-33.708184183],[-70.880690169,-33.677771806],[-70.743088047,-33.594280989],[-70.497042688,-33.596736567],[-70.433832609,-33.480952263]]]}}, {"type" : "Feature", "id" : "subcuenca:0843", "properties" : {"code": "subcuenca:0843", "name": "Costeras entre R. Laraquete (incl.) y R. Carampangue", "codigo": "0843", "fuente": "dga_bna", "nombre": "Costeras entre R. Laraquete (incl.) y R. Carampangue", "region": "Región del Biobío"}, "geometry" : {"type":"Polygon","coordinates":[[[-73.175672514,-37.147649312],[-73.100157097,-37.160648808],[-73.08175493,-37.204404541],[-73.167832881,-37.254946426],[-73.277803593,-37.226077315],[-73.175672514,-37.147649312]]]}}, {"type" : "Feature", "id" : "subcuenca:0351", "properties" : {"code": "subcuenca:0351", "name": "Quebradas entre Q. Seca y Q. Totoral", "codigo": "0351", "fuente": "dga_bna", "nombre": "Quebradas entre Q. Seca y Q. Totoral", "region": "Región de Atacama"}, "geometry" : {"type":"Polygon","coordinates":[[[-70.894775126,-27.523407044],[-70.832311867,-27.593028092],[-70.749871057,-27.597467273],[-70.66138197,-27.653185234],[-70.585940005,-27.596377537],[-70.501898771,-27.729074269],[-70.541511019,-27.78818894],[-70.654648159,-27.787286542],[-70.69692744,-27.820098792],[-70.790435337,-27.802934881],[-70.927219252,-27.834046481],[-71.017552601,-27.79946544],[-71.085201214,-27.827810881],[-71.033759636,-27.729719433],[-71.035951048,-27.66088674],[-70.995732805,-27.687831932],[-70.89842155,-27.620621699],[-70.894775126,-27.523407044]]]}}, {"type" : "Feature", "id" : "subcuenca:1140", "properties" : {"code": "subcuenca:1140", "name": "Costeras entre R.  Aisen y R.  Huemules (incl.)", "codigo": "1140", "fuente": "dga_bna", "nombre": "Costeras entre R.  Aisen y R.  Huemules (incl.)", "region": "Región Aysén del General Carlos Ibáñez del Cam"}, "geometry" : {"type":"Polygon","coordinates":[[[-72.895698408,-45.435287371],[-72.814538381,-45.405351896],[-72.732204052,-45.451334982],[-72.851032769,-45.589894292],[-72.906013442,-45.563888639],[-72.890581583,-45.604803567],[-72.963714285,-45.683785063],[-72.886817973,-45.755467854],[-72.91950562,-45.867224341],[-72.895965387,-45.91393887],[-72.988471931,-45.947236298],[-73.04596716,-45.901342244],[-73.119651622,-45.892593755],[-73.43254615,-45.940315142],[-73.640739234,-45.870650971],[-73.649482323,-45.8099877],[-73.574371128,-45.748087597],[-73.543327,-45.642953778],[-73.556258958,-45.448083818],[-73.470191823,-45.395773559],[-73.202209352,-45.27071283],[-73.018264411,-45.417123595],[-72.895698408,-45.435287371]]]}}, {"type" : "Feature", "id" : "subcuenca:1102", "properties" : {"code": "subcuenca:1102", "name": "Rio Palena entre Frontera y Rio Rosselot", "codigo": "1102", "fuente": "dga_bna", "nombre": "Rio Palena entre Frontera y Rio Rosselot", "region": "Región de Los Lagos"}, "geometry" : {"type":"Polygon","coordinates":[[[-72.472854551,-43.384734751],[-72.37505546,-43.355605593],[-72.343279414,-43.440904383],[-72.241477721,-43.473765012],[-72.279342615,-43.49538569],[-72.196685628,-43.553656232],[-72.22499977,-43.593162537],[-72.135490331,-43.647917626],[-72.070990262,-43.617088069],[-71.974553653,-43.629818208],[-71.890640981,-43.546811363],[-71.776580934,-43.536707101],[-71.701271196,-43.623624891],[-71.607734463,-43.628467706],[-71.585441425,-43.671424607],[-71.69756298,-43.728063632],[-71.760848771,-43.838049234],[-71.985496529,-43.886319605],[-71.966453238,-43.963618574],[-72.097556895,-43.950296835],[-72.082305697,-43.901446664],[-72.119346424,-43.877753692],[-72.343818251,-43.920023179],[-72.415386772,-43.961121232],[-72.406116158,-43.880455622],[-72.466651972,-43.880136657],[-72.476074156,-43.794590148],[-72.483566048,-43.790216017],[-72.495391723,-43.798798744],[-72.503921288,-43.796403609],[-72.482711555,-43.773668041],[-72.503768772,-43.672228431],[-72.478165577,-43.64340532],[-72.5899962,-43.567551814],[-72.503468976,-43.502338869],[-72.530410445,-43.434639178],[-72.472854551,-43.384734751]]]}}, {"type" : "Feature", "id" : "subcuenca:0230", "properties" : {"code": "subcuenca:0230", "name": "Cajon", "codigo": "0230", "fuente": "dga_bna", "nombre": "Cajon", "region": "Región de Antofagasta"}, "geometry" : {"type":"Polygon","coordinates":[[[-67.798774213,-22.877041836],[-67.60657156,-22.894946066],[-67.603879111,-22.905913753],[-67.701053115,-22.969079139],[-67.763325,-22.958725333],[-67.798774213,-22.877041836]]]}}, {"type" : "Feature", "id" : "subcuenca:1241", "properties" : {"code": "subcuenca:1241", "name": "Peninsula Mu¤oz Gamero (Al N. Est. Excelsior)", "codigo": "1241", "fuente": "dga_bna", "nombre": "Peninsula Mu¤oz Gamero (Al N. Est. Excelsior)", "region": "Región de Magallanes y La Antártica Chilena"}, "geometry" : {"type":"Polygon","coordinates":[[[-72.862716659,-51.837522113],[-72.693229661,-51.853146592],[-72.684280238,-52.068040075],[-72.509521924,-52.211358884],[-72.549086108,-52.374719963],[-72.697593542,-52.394633827],[-72.8763183,-52.467949602],[-72.90510548,-52.541863448],[-73.394286978,-52.513457809],[-73.413699583,-52.545252384],[-73.362278358,-52.564525067],[-73.311375651,-52.706689229],[-73.27870928,-52.714561002],[-73.342468021,-52.780558871],[-73.492706167,-52.751072703],[-73.657577212,-52.809588907],[-73.802703621,-52.739448887],[-73.623336462,-52.574294475],[-73.612022358,-52.523800825],[-73.687530244,-52.403544919],[-73.646247761,-52.373284222],[-73.650199821,-52.27513655],[-73.596946439,-52.230826519],[-73.758483756,-52.035809164],[-73.684227023,-52.003006842],[-73.581092795,-52.084912744],[-73.289642227,-52.189926261],[-73.252578654,-52.111809582],[-73.124237117,-52.093251802],[-73.13791632,-51.994835097],[-73.093681254,-51.93703163],[-72.924842916,-51.903222772],[-72.862716659,-51.837522113]]]}}, {"type" : "Feature", "id" : "subcuenca:0743", "properties" : {"code": "subcuenca:0743", "name": "Rio Curanilahue", "codigo": "0743", "fuente": "dga_bna", "nombre": "Rio Curanilahue", "region": "Región del Maule"}, "geometry" : {"type":"Polygon","coordinates":[[[-72.448819256,-35.708190358],[-72.334570031,-35.696378308],[-72.275237651,-35.714693459],[-72.304082206,-35.774531691],[-72.397302257,-35.788597493],[-72.437448144,-35.835770993],[-72.564486757,-35.777710949],[-72.448819256,-35.708190358]]]}}, {"type" : "Feature", "id" : "subcuenca:1190", "properties" : {"code": "subcuenca:1190", "name": "Rio de Las Cuatro Vueltas  (Archipielago)", "codigo": "1190", "fuente": "dga_bna", "nombre": "Rio de Las Cuatro Vueltas  (Archipielago)", "region": null}, "geometry" : {"type":"Polygon","coordinates":[[[-73.057486441,-49.072465732],[-72.964862854,-48.954223369],[-72.853446659,-48.974691531],[-72.764852316,-48.94202508],[-72.78749838,-49.037259034],[-72.886382749,-49.130308026],[-72.996810631,-49.114411894],[-73.057486441,-49.072465732]]]}}, {"type" : "Feature", "id" : "subcuenca:1272", "properties" : {"code": "subcuenca:1272", "name": "Islas al S. del Seno Dyvenor y Canal Abra al O. I.  Sta Ines", "codigo": "1272", "fuente": "dga_bna", "nombre": "Islas al S. del Seno Dyvenor y Canal Abra al O. I.  Sta Ines", "region": "Región de Magallanes y La Antártica Chilena"}, "geometry" : {"type":"Polygon","coordinates":[[[-74.79409763,-53.242239823],[-74.169105298,-53.228098922],[-73.772552177,-53.252928664],[-73.6640317,-53.327182452],[-73.345885839,-53.400816744],[-73.435783005,-53.463846891],[-73.308770146,-53.599299376],[-73.406860358,-53.584911967],[-73.470657055,-53.614409512],[-73.623473918,-53.588927189],[-73.715575857,-53.640128516],[-73.891189328,-53.632769354],[-74.333610285,-53.723475462],[-74.746971092,-53.32679793],[-74.79409763,-53.242239823]]]}}, {"type" : "Feature", "id" : "subcuenca:1121", "properties" : {"code": "subcuenca:1121", "name": "Islas al Oeste Canal Alanta y Norte Canal Simpson", "codigo": "1121", "fuente": "dga_bna", "nombre": "Islas al Oeste Canal Alanta y Norte Canal Simpson", "region": "Región Aysén del General Carlos Ibáñez del Cam"}, "geometry" : {"type":"Polygon","coordinates":[[[-74.388626188,-43.961420069],[-74.093032865,-43.983147957],[-73.95762626,-44.077454068],[-74.119720237,-44.202875298],[-74.052932743,-44.436959319],[-74.271102897,-44.385449381],[-74.627769358,-44.410762328],[-74.388626188,-43.961420069]]]}}, {"type" : "Feature", "id" : "subcuenca:0345", "properties" : {"code": "subcuenca:0345", "name": "R.  Copiapo Bajo", "codigo": "0345", "fuente": "dga_bna", "nombre": "R.  Copiapo Bajo", "region": "Región de Atacama"}, "geometry" : {"type":"Polygon","coordinates":[[[-70.929962511,-27.307779665],[-70.804686114,-27.299854852],[-70.760226744,-27.233325931],[-70.581409638,-27.251864207],[-70.467589378,-27.238228409],[-70.416471514,-27.190747538],[-70.253901809,-27.188174958],[-70.277097479,-27.413289151],[-70.342468408,-27.475137441],[-70.375779686,-27.576302576],[-70.413202484,-27.591483173],[-70.481631317,-27.559770385],[-70.492888708,-27.485872071],[-70.522588802,-27.469795638],[-70.641834889,-27.514137108],[-70.675446584,-27.438143113],[-70.731318795,-27.403190551],[-70.877230293,-27.421058498],[-70.943166967,-27.33599813],[-70.929962511,-27.307779665]]]}}, {"type" : "Feature", "id" : "subcuenca:0741", "properties" : {"code": "subcuenca:0741", "name": "Rio Reloca", "codigo": "0741", "fuente": "dga_bna", "nombre": "Rio Reloca", "region": "Región del Maule"}, "geometry" : {"type":"Polygon","coordinates":[[[-72.621772994,-35.627737438],[-72.560668313,-35.579885898],[-72.179405122,-35.574710182],[-72.186862616,-35.615268521],[-72.136871122,-35.671283223],[-72.218519393,-35.719212477],[-72.117857015,-35.76770328],[-72.214626027,-35.818748952],[-72.301287191,-35.7641285],[-72.275906695,-35.713990371],[-72.429390465,-35.716112528],[-72.51315113,-35.688648781],[-72.535067607,-35.642786764],[-72.580134164,-35.712708713],[-72.621772994,-35.627737438]]]}}, {"type" : "Feature", "id" : "subcuenca:1128", "properties" : {"code": "subcuenca:1128", "name": "Islas entre Canales Darwin , Utarupa, Alejandro y Abandonados", "codigo": "1128", "fuente": "dga_bna", "nombre": "Islas entre Canales Darwin , Utarupa, Alejandro y Abandonados", "region": "Región Aysén del General Carlos Ibáñez del Cam"}, "geometry" : {"type":"Polygon","coordinates":[[[-74.839744379,-45.360602571],[-74.30181121,-45.446519164],[-74.053356429,-45.75317131],[-74.113128647,-45.803437169],[-74.268531536,-45.830144756],[-74.329854353,-45.791161363],[-74.54148107,-45.82946915],[-75.066818381,-45.767744151],[-74.839744379,-45.360602571]]]}}, {"type" : "Feature", "id" : "subcuenca:0890", "properties" : {"code": "subcuenca:0890", "name": "Costeras entre R. Paicavi y R. Lleullen", "codigo": "0890", "fuente": "dga_bna", "nombre": "Costeras entre R. Paicavi y R. Lleullen", "region": "Región del Biobío"}, "geometry" : {"type":"Polygon","coordinates":[[[-73.473121443,-38.017289711],[-73.360641788,-37.940003026],[-73.253692599,-38.050877457],[-73.454297329,-38.090251033],[-73.473121443,-38.017289711]]]}}, {"type" : "Feature", "id" : "subcuenca:1264", "properties" : {"code": "subcuenca:1264", "name": "Rio Gallegos Chico", "codigo": "1264", "fuente": "dga_bna", "nombre": "Rio Gallegos Chico", "region": "Región de Magallanes y La Antártica Chilena"}, "geometry" : {"type":"Polygon","coordinates":[[[-70.903350727,-52.007123603],[-70.527602866,-52.011108432],[-70.639938369,-52.101552028],[-70.650817698,-52.194067855],[-70.740501329,-52.244262374],[-70.723930396,-52.337657566],[-70.863853446,-52.406562571],[-70.899497701,-52.383076683],[-70.931060579,-52.237458931],[-71.023909057,-52.167746874],[-70.912495893,-52.063294693],[-70.903350727,-52.007123603]]]}}, {"type" : "Feature", "id" : "subcuenca:1251", "properties" : {"code": "subcuenca:1251", "name": "Costeras entre Laguna Blanca, Peninsula Brunswich y Santa Susana", "codigo": "1251", "fuente": "dga_bna", "nombre": "Costeras entre Laguna Blanca, Peninsula Brunswich y Santa Susana", "region": "Región de Magallanes y La Antártica Chilena"}, "geometry" : {"type":"Polygon","coordinates":[[[-71.029739274,-52.475360205],[-70.871231054,-52.498111812],[-70.736516939,-52.464739849],[-70.755975997,-52.51814127],[-70.427116341,-52.601654679],[-70.334846226,-52.693328721],[-70.496284177,-52.749068505],[-70.524512985,-52.804108582],[-70.502357242,-52.839209677],[-70.684280421,-52.817843202],[-70.842925023,-52.914148674],[-71.360206278,-52.884807577],[-71.378936669,-52.746756269],[-71.344306712,-52.675346288],[-71.027221532,-52.530274293],[-71.029739274,-52.475360205]]]}}, {"type" : "Feature", "id" : "subcuenca:1093", "properties" : {"code": "subcuenca:1093", "name": "Isla Tranqui", "codigo": "1093", "fuente": "dga_bna", "nombre": "Isla Tranqui", "region": "Región de Los Lagos"}, "geometry" : {"type":"Polygon","coordinates":[[[-73.372802457,-42.959336852],[-73.317870883,-43.015303947],[-73.452026276,-43.0070485],[-73.608604218,-42.922762608],[-73.529273708,-42.905156885],[-73.372802457,-42.959336852]]]}}, {"type" : "Feature", "id" : "subcuenca:0291", "properties" : {"code": "subcuenca:0291", "name": "Quebrada de Remedios y Quebrada de Izcuna", "codigo": "0291", "fuente": "dga_bna", "nombre": "Quebrada de Remedios y Quebrada de Izcuna", "region": "Región de Antofagasta"}, "geometry" : {"type":"Polygon","coordinates":[[[-70.54156891,-24.345974397],[-70.475347675,-24.296481962],[-70.398500459,-24.286323229],[-70.356606864,-24.35379599],[-70.246585586,-24.415369028],[-70.208030102,-24.400745568],[-70.191898526,-24.437093859],[-70.036159119,-24.450147544],[-70.048810353,-24.556592899],[-70.097690164,-24.622436859],[-70.200464871,-24.622040135],[-70.285306551,-24.742685785],[-70.384094646,-24.668382683],[-70.433512044,-24.689783957],[-70.555256554,-24.64767476],[-70.579883558,-24.552657481],[-70.54156891,-24.345974397]]]}}, {"type" : "Feature", "id" : "subcuenca:1148", "properties" : {"code": "subcuenca:1148", "name": "Costeras entre Fiordo julian y R. Baker", "codigo": "1148", "fuente": "dga_bna", "nombre": "Costeras entre Fiordo julian y R. Baker", "region": "Región Aysén del General Carlos Ibáñez del Cam"}, "geometry" : {"type":"Polygon","coordinates":[[[-74.516652296,-47.215460808],[-74.114438435,-47.175888209],[-74.040361961,-47.372969012],[-73.921733927,-47.362489094],[-73.890037388,-47.389473283],[-73.745643194,-47.397949831],[-73.63752434,-47.334900711],[-73.601203499,-47.233328703],[-73.475363104,-47.242364037],[-73.409664962,-47.328413793],[-73.459182497,-47.403034887],[-73.395019582,-47.628457295],[-73.535857829,-47.684186461],[-73.592916492,-47.786711897],[-73.880395584,-47.836064615],[-74.061279311,-47.77125348],[-74.320037896,-47.781815092],[-74.387100075,-47.752768891],[-74.473453922,-47.793024133],[-74.680961583,-47.747597608],[-74.954994213,-47.54063138],[-74.619872787,-47.35478861],[-74.516652296,-47.215460808]]]}}, {"type" : "Feature", "id" : "subcuenca:0812", "properties" : {"code": "subcuenca:0812", "name": "Rio Itata Alto (Hasta Rio Diguillin)", "codigo": "0812", "fuente": "dga_bna", "nombre": "Rio Itata Alto (Hasta Rio Diguillin)", "region": "Región del Biobío"}, "geometry" : {"type":"Polygon","coordinates":[[[-72.407459367,-36.885970714],[-72.375031858,-36.864719314],[-72.045203398,-37.007984807],[-71.8265055,-37.029853053],[-71.586305825,-36.998275279],[-71.485201766,-37.115848865],[-71.508230411,-37.184928038],[-71.551351178,-37.185606353],[-71.567533011,-37.231047666],[-71.764133033,-37.242154349],[-71.899549887,-37.331497264],[-72.057042304,-37.159740462],[-72.275663513,-37.105330903],[-72.3859785,-37.034327596],[-72.368309032,-36.978745225],[-72.407459367,-36.885970714]]]}}, {"type" : "Feature", "id" : "subcuenca:1082", "properties" : {"code": "subcuenca:1082", "name": "Costeras entre Rio Corcovado y Limite Region", "codigo": "1082", "fuente": "dga_bna", "nombre": "Costeras entre Rio Corcovado y Limite Region", "region": "Región de Los Lagos"}, "geometry" : {"type":"Polygon","coordinates":[[[-72.973313684,-43.269865998],[-72.929801992,-43.268868547],[-72.922111223,-43.329011607],[-72.85997759,-43.365078638],[-72.919349487,-43.397537545],[-72.83094006,-43.497008116],[-72.676307461,-43.463572258],[-72.587272575,-43.572958128],[-72.480048961,-43.640394988],[-72.503768772,-43.672228431],[-72.496093553,-43.793794245],[-72.613273557,-43.75737544],[-72.761894197,-43.769233516],[-72.803421032,-43.73859869],[-72.765983563,-43.689316995],[-72.801414324,-43.639734981],[-72.826133595,-43.640043481],[-72.855453183,-43.738626454],[-72.953185981,-43.696990532],[-73.04740903,-43.736125934],[-72.950073049,-43.637338811],[-72.874320914,-43.611103937],[-72.883430218,-43.575296628],[-72.911575046,-43.605116039],[-73.000251641,-43.594363586],[-73.090751569,-43.461625508],[-73.050231857,-43.392749528],[-73.059852365,-43.318328073],[-72.973313684,-43.269865998]]]}}, {"type" : "Feature", "id" : "subcuenca:0221", "properties" : {"code": "subcuenca:0221", "name": "Costeras entre Q. Iquine y Q.Tocopilla (inclusive)", "codigo": "0221", "fuente": "dga_bna", "nombre": "Costeras entre Q. Iquine y Q.Tocopilla (inclusive)", "region": "Región de Antofagasta"}, "geometry" : {"type":"Polygon","coordinates":[[[-70.145416409,-21.844990761],[-70.155354296,-21.752158865],[-70.097982617,-21.837079449],[-70.074104807,-21.954114518],[-70.017443997,-21.896846438],[-69.960067149,-21.97109888],[-69.886969112,-21.96118459],[-69.908449555,-22.064528364],[-69.869837041,-22.183641488],[-70.027122649,-22.289853694],[-70.173785466,-22.286863216],[-70.201348912,-22.254771801],[-70.216411942,-22.100421612],[-70.171203571,-21.932611699],[-70.192720975,-21.89989286],[-70.145416409,-21.844990761]]]}}, {"type" : "Feature", "id" : "subcuenca:1023", "properties" : {"code": "subcuenca:1023", "name": "Costeras entre Rio Colun y Rio Bueno", "codigo": "1023", "fuente": "dga_bna", "nombre": "Costeras entre Rio Colun y Rio Bueno", "region": "Región de Los Ríos"}, "geometry" : {"type":"Polygon","coordinates":[[[-73.66341393,-40.093921982],[-73.605502292,-40.120244891],[-73.478713989,-40.084256665],[-73.528037886,-40.167702134],[-73.718715499,-40.21822024],[-73.657211222,-40.151348647],[-73.66341393,-40.093921982]]]}}, {"type" : "Feature", "id" : "subcuenca:0911", "properties" : {"code": "subcuenca:0911", "name": "R.  Chol Chol", "codigo": "0911", "fuente": "dga_bna", "nombre": "R.  Chol Chol", "region": "Región de La Araucanía"}, "geometry" : {"type":"Polygon","coordinates":[[[-73.082210827,-38.177529766],[-73.044821303,-38.181108939],[-73.020400297,-38.227267637],[-73.056042135,-38.256897076],[-73.009302432,-38.29011575],[-73.015806588,-38.373193343],[-72.932494313,-38.447375654],[-72.87754741,-38.365654426],[-72.69770231,-38.327177203],[-72.530561215,-38.369879816],[-72.268807652,-38.377009974],[-72.050420952,-38.351797619],[-71.905046961,-38.281962404],[-72.053195521,-38.396545245],[-72.214787307,-38.382865431],[-72.403741948,-38.473022629],[-72.482975498,-38.567815241],[-72.588821677,-38.611769526],[-72.623865249,-38.683771059],[-72.689646791,-38.683967991],[-72.70014166,-38.730239971],[-72.811838871,-38.745876725],[-72.900966967,-38.72225696],[-72.950431825,-38.761610317],[-73.001755268,-38.71608957],[-72.906366484,-38.656650402],[-73.018021155,-38.609189458],[-73.011224114,-38.547600859],[-73.100558955,-38.54264577],[-73.132207087,-38.495503691],[-73.283049102,-38.518106994],[-73.271592702,-38.435552675],[-73.313910141,-38.33003789],[-73.082210827,-38.177529766]]]}}, {"type" : "Feature", "id" : "subcuenca:1182", "properties" : {"code": "subcuenca:1182", "name": "Islas Archipielago Guayeco al N. Estrecho Barbosa", "codigo": "1182", "fuente": "dga_bna", "nombre": "Islas Archipielago Guayeco al N. Estrecho Barbosa", "region": "Región Aysén del General Carlos Ibáñez del Cam"}, "geometry" : {"type":"Polygon","coordinates":[[[-74.954994213,-47.54063138],[-74.680846975,-47.745776005],[-74.708015592,-47.860227757],[-74.64373787,-47.941007481],[-74.644958455,-47.989361223],[-74.740737774,-48.219066585],[-74.827758477,-48.207868581],[-74.837242161,-48.156247077],[-74.958663906,-48.085392516],[-75.233062403,-48.056413436],[-75.409751778,-47.904018154],[-75.699325559,-47.827869942],[-75.531044003,-47.723061168],[-74.954994213,-47.54063138]]]}}, {"type" : "Feature", "id" : "subcuenca:0260", "properties" : {"code": "subcuenca:0260", "name": "Pampa Elvira", "codigo": "0260", "fuente": "dga_bna", "nombre": "Pampa Elvira", "region": "Región de Antofagasta"}, "geometry" : {"type":"Polygon","coordinates":[[[-69.00207091,-23.320353244],[-68.835726096,-23.260419768],[-68.802324893,-23.20019927],[-68.805426876,-23.090031586],[-68.66573478,-23.104905463],[-68.619919194,-23.145106903],[-68.618649027,-23.198474801],[-68.692904791,-23.305225079],[-68.676434706,-23.359207904],[-68.71512238,-23.38575354],[-68.696150522,-23.509130853],[-68.95588246,-23.578651437],[-69.042885144,-23.562668621],[-69.02375879,-23.474721826],[-69.059537774,-23.460539958],[-69.00207091,-23.320353244]]]}}, {"type" : "Feature", "id" : "subcuenca:1071", "properties" : {"code": "subcuenca:1071", "name": "Rio Yelcho", "codigo": "1071", "fuente": "dga_bna", "nombre": "Rio Yelcho", "region": "Región de Los Lagos"}, "geometry" : {"type":"Polygon","coordinates":[[[-72.445670894,-42.808819112],[-72.210426196,-42.830879963],[-72.178634523,-42.797899495],[-72.159589183,-42.797922846],[-72.120567088,-42.875666934],[-72.141357351,-42.906192724],[-72.209739598,-42.884499214],[-72.193979786,-42.927640998],[-72.249115298,-42.94350113],[-72.146794044,-43.118567318],[-72.180374106,-43.206597563],[-72.230834839,-43.222513949],[-72.111312758,-43.300437378],[-72.156738129,-43.33059992],[-72.197822515,-43.472339476],[-72.337695034,-43.445002067],[-72.37505546,-43.355605593],[-72.446105997,-43.372494718],[-72.601661435,-43.279177225],[-72.641097915,-43.219361426],[-72.576273839,-43.199233769],[-72.594279303,-43.111044162],[-72.68146043,-43.09569139],[-72.680157166,-43.049429261],[-72.753524616,-42.991258705],[-72.707237236,-42.967640836],[-72.552582814,-43.026900986],[-72.502197135,-43.007792723],[-72.494232435,-42.947118463],[-72.55269611,-42.897296304],[-72.445670894,-42.808819112]]]}}, {"type" : "Feature", "id" : "subcuenca:0893", "properties" : {"code": "subcuenca:0893", "name": "Rio Tirua", "codigo": "0893", "fuente": "dga_bna", "nombre": "Rio Tirua", "region": "Región del Biobío"}, "geometry" : {"type":"Polygon","coordinates":[[[-73.385081115,-38.269467331],[-73.278499084,-38.296023976],[-73.315306018,-38.334151773],[-73.271592702,-38.435552675],[-73.283566257,-38.518659931],[-73.358531161,-38.517352199],[-73.378260919,-38.484346935],[-73.398100918,-38.517864769],[-73.452315671,-38.505117966],[-73.482481908,-38.437350845],[-73.524545377,-38.44720849],[-73.50688934,-38.340908952],[-73.385081115,-38.269467331]]]}}, {"type" : "Feature", "id" : "subcuenca:0572", "properties" : {"code": "subcuenca:0572", "name": "R.  Mapocho Alto", "codigo": "0572", "fuente": "dga_bna", "nombre": "R.  Mapocho Alto", "region": "Región Metropolitana de Santiago"}, "geometry" : {"type":"Polygon","coordinates":[[[-70.373806549,-33.105334822],[-70.273026257,-33.131310974],[-70.176415242,-33.347381228],[-70.244294,-33.434390135],[-70.393398285,-33.491139753],[-70.433832609,-33.480952263],[-70.434795957,-33.42662386],[-70.485607581,-33.364561378],[-70.541765339,-33.369485969],[-70.601884197,-33.315147668],[-70.558586054,-33.24136927],[-70.47648576,-33.224049904],[-70.429999962,-33.129396132],[-70.373806549,-33.105334822]]]}}, {"type" : "Feature", "id" : "subcuenca:0305", "properties" : {"code": "subcuenca:0305", "name": "Laguna del Negro Francisco", "codigo": "0305", "fuente": "dga_bna", "nombre": "Laguna del Negro Francisco", "region": "Región de Atacama"}, "geometry" : {"type":"Polygon","coordinates":[[[-69.14325736,-27.290010188],[-69.074537127,-27.360237818],[-69.086445761,-27.437184235],[-69.035428594,-27.456070084],[-68.971031527,-27.543640365],[-69.050774231,-27.617804897],[-69.044397957,-27.699632354],[-69.09893858,-27.725079522],[-69.118526512,-27.683226501],[-69.218933765,-27.69683945],[-69.248731813,-27.534934918],[-69.31729972,-27.498323817],[-69.274076852,-27.378094046],[-69.14325736,-27.290010188]]]}}, {"type" : "Feature", "id" : "subcuenca:0553", "properties" : {"code": "subcuenca:0553", "name": "E. del Rosario (Incl.) a R. Maipo", "codigo": "0553", "fuente": "dga_bna", "nombre": "E. del Rosario (Incl.) a R. Maipo", "region": "Región de Valparaíso"}, "geometry" : {"type":"Polygon","coordinates":[[[-71.695983222,-33.379780612],[-71.471751548,-33.422413783],[-71.366696868,-33.402612331],[-71.329607675,-33.580216899],[-71.409779227,-33.609633379],[-71.616569191,-33.556529763],[-71.616235951,-33.505869036],[-71.709701544,-33.42481613],[-71.695983222,-33.379780612]]]}}, {"type" : "Feature", "id" : "subcuenca:0510", "properties" : {"code": "subcuenca:0510", "name": "Rio Petorca Alto (hasta despues Junta Rio Sobrante)", "codigo": "0510", "fuente": "dga_bna", "nombre": "Rio Petorca Alto (hasta despues Junta Rio Sobrante)", "region": "Región de Valparaíso"}, "geometry" : {"type":"Polygon","coordinates":[[[-70.884775589,-32.062161681],[-70.735881127,-32.020083603],[-70.646186802,-32.07369389],[-70.651806165,-32.135658511],[-70.459386713,-32.171307365],[-70.457300861,-32.2130308],[-70.522991224,-32.256854893],[-70.824996375,-32.27071955],[-70.831213966,-32.207576394],[-70.892647005,-32.133778818],[-70.884775589,-32.062161681]]]}}, {"type" : "Feature", "id" : "subcuenca:1042", "properties" : {"code": "subcuenca:1042", "name": "Costeras e Islas entre Rio Maullin y Rio Chamiza", "codigo": "1042", "fuente": "dga_bna", "nombre": "Costeras e Islas entre Rio Maullin y Rio Chamiza", "region": "Región de Los Lagos"}, "geometry" : {"type":"MultiPolygon","coordinates":[[[[-73.688071983,-41.695958842],[-73.652671607,-41.643664055],[-73.661653977,-41.627408423],[-73.569579993,-41.653981978],[-73.584037621,-41.723384379],[-73.547057906,-41.763949672],[-73.40003934,-41.75476632],[-73.293197467,-41.708209742],[-73.252971526,-41.713840948],[-73.2389983,-41.774260977],[-73.406440649,-41.7657886],[-73.357070927,-41.792718795],[-73.347457683,-41.812369591],[-73.762306198,-41.741296462],[-73.712157894,-41.715742132],[-73.688613696,-41.62879455],[-73.66437518,-41.652426162],[-73.688071983,-41.695958842]]],[[[-73.07061764,-41.566250763],[-73.095420834,-41.591507769],[-73.036453098,-41.703785632],[-73.097175499,-41.69809472],[-73.130889793,-41.753741814],[-73.152824368,-41.711270261],[-73.170089796,-41.743688601],[-73.127677708,-41.762487792],[-73.187355096,-41.782384325],[-73.185470461,-41.748886445],[-73.247513955,-41.71312476],[-73.115203634,-41.654864652],[-73.098968483,-41.579072413],[-73.07061764,-41.566250763]]],[[[-73.067649635,-41.564726199],[-73.030151296,-41.560353505],[-73.018704292,-41.491349311],[-72.938072015,-41.464823984],[-72.876846276,-41.461891259],[-72.879600361,-41.498577409],[-72.93889598,-41.472449551],[-72.9591215,-41.614505488],[-72.884124623,-41.671035619],[-72.881469447,-41.719262838],[-72.947501959,-41.767839147],[-72.961372275,-41.871926481],[-73.000366054,-41.918713015],[-73.17334724,-41.929586174],[-73.203513972,-41.89630879],[-73.179092291,-41.823797586],[-73.079124419,-41.734191581],[-73.026878114,-41.736784713],[-73.014770531,-41.618092184],[-73.031257448,-41.56965212],[-73.067649635,-41.564726199]]]]}}, {"type" : "Feature", "id" : "subcuenca:0130", "properties" : {"code": "subcuenca:0130", "name": "Azapa Alto", "codigo": "0130", "fuente": "dga_bna", "nombre": "Azapa Alto", "region": "Región de Arica y Parinacota"}, "geometry" : {"type":"Polygon","coordinates":[[[-69.643919366,-18.309249216],[-69.57266183,-18.28592808],[-69.467209968,-18.32675009],[-69.482264841,-18.378386813],[-69.387749949,-18.591394729],[-69.298198577,-18.650244616],[-69.389146954,-18.725506707],[-69.485517643,-18.700243215],[-69.626525362,-18.433146178],[-69.699089679,-18.4026939],[-69.686486242,-18.333737614],[-69.643919366,-18.309249216]]]}}, {"type" : "Feature", "id" : "subcuenca:1126", "properties" : {"code": "subcuenca:1126", "name": "Islas entre Canales Ninualac, Pichirupa y Darwin", "codigo": "1126", "fuente": "dga_bna", "nombre": "Islas entre Canales Ninualac, Pichirupa y Darwin", "region": "Región Aysén del General Carlos Ibáñez del Cam"}, "geometry" : {"type":"Polygon","coordinates":[[[-74.651862968,-45.053275846],[-74.377281012,-45.031230193],[-74.25812498,-45.056741458],[-74.24585695,-45.152849233],[-74.172859061,-45.251418983],[-74.178932134,-45.316273039],[-74.079032838,-45.407670446],[-74.096778938,-45.479330063],[-74.839744379,-45.360602571],[-74.651862968,-45.053275846]]]}}, {"type" : "Feature", "id" : "subcuenca:0320", "properties" : {"code": "subcuenca:0320", "name": "Rio Salado Alto (hasta Quebrada Del Chanaral)", "codigo": "0320", "fuente": "dga_bna", "nombre": "Rio Salado Alto (hasta Quebrada Del Chanaral)", "region": "Región de Atacama"}, "geometry" : {"type":"Polygon","coordinates":[[[-69.642863875,-26.114665972],[-69.590279974,-26.142307917],[-69.532245699,-26.291415169],[-69.445246717,-26.275738952],[-69.376442385,-26.166677563],[-69.304749768,-26.124436173],[-69.301981897,-25.993776348],[-69.185126483,-26.078561994],[-69.235650001,-26.106294609],[-69.292549089,-26.24373439],[-69.309245721,-26.429311243],[-69.22586868,-26.545629529],[-69.262610783,-26.662182716],[-69.380298439,-26.667401457],[-69.43844628,-26.541120937],[-69.506521833,-26.60209185],[-69.576192386,-26.585665682],[-69.558434498,-26.535063039],[-69.658428059,-26.376516826],[-69.765132465,-26.401393038],[-69.85470339,-26.527040421],[-70.001944977,-26.443013687],[-70.206516127,-26.417211447],[-70.202723199,-26.365161275],[-70.137892321,-26.290933592],[-70.046648134,-26.260809778],[-69.946378405,-26.27062433],[-69.809527927,-26.146037272],[-69.642863875,-26.114665972]]]}}, {"type" : "Feature", "id" : "subcuenca:0334", "properties" : {"code": "subcuenca:0334", "name": "Costeras entre Quebrada del Morado y Rio Copiapo", "codigo": "0334", "fuente": "dga_bna", "nombre": "Costeras entre Quebrada del Morado y Rio Copiapo", "region": "Región de Atacama"}, "geometry" : {"type":"Polygon","coordinates":[[[-70.746739915,-26.761612812],[-70.713017771,-26.893562864],[-70.648786991,-26.971271324],[-70.458024548,-27.070743389],[-70.288514261,-27.087112608],[-70.220290488,-27.131181956],[-70.253901809,-27.188174958],[-70.416471514,-27.190747538],[-70.467589378,-27.238228409],[-70.581409638,-27.251864207],[-70.760226744,-27.233325931],[-70.804686114,-27.299854852],[-70.929962511,-27.307779665],[-70.971518872,-27.167913501],[-70.933161255,-27.109061882],[-70.875751503,-27.137584188],[-70.851736695,-27.050518542],[-70.808794699,-27.053983489],[-70.825124292,-27.033979428],[-70.788886438,-26.990841355],[-70.832133916,-26.879468023],[-70.746739915,-26.761612812]]]}}, {"type" : "Feature", "id" : "subcuenca:1263", "properties" : {"code": "subcuenca:1263", "name": "Fronterizas entre R. Penitente y R. Gallegos Chico", "codigo": "1263", "fuente": "dga_bna", "nombre": "Fronterizas entre R. Penitente y R. Gallegos Chico", "region": "Región de Magallanes y La Antártica Chilena"}, "geometry" : {"type":"Polygon","coordinates":[[[-71.400138872,-52.006610651],[-70.903350727,-52.007123603],[-70.912495893,-52.063294693],[-71.023909057,-52.167746874],[-70.931060579,-52.237458931],[-70.899497701,-52.383076683],[-70.863853446,-52.406562571],[-70.948283981,-52.444269893],[-70.990844333,-52.305002748],[-71.144164986,-52.245706644],[-71.383186199,-52.335879084],[-71.247146351,-52.220267808],[-71.400138872,-52.006610651]]]}}, {"type" : "Feature", "id" : "subcuenca:0111", "properties" : {"code": "subcuenca:0111", "name": "Quebrada De La Concordia", "codigo": "0111", "fuente": "dga_bna", "nombre": "Quebrada De La Concordia", "region": "Región de Arica y Parinacota"}, "geometry" : {"type":"Polygon","coordinates":[[[-69.775520517,-18.033161327],[-69.71494338,-18.159644051],[-69.908298685,-18.350107711],[-70.33361856,-18.401836921],[-70.37533115,-18.353644275],[-70.317682275,-18.310650558],[-70.148699274,-18.319594855],[-69.964310405,-18.264476549],[-69.816323624,-18.117635813],[-69.775520517,-18.033161327]]]}}, {"type" : "Feature", "id" : "subcuenca:1256", "properties" : {"code": "subcuenca:1256", "name": "Costeras Occidentales Peninsula Brunswick", "codigo": "1256", "fuente": "dga_bna", "nombre": "Costeras Occidentales Peninsula Brunswick", "region": "Región de Magallanes y La Antártica Chilena"}, "geometry" : {"type":"Polygon","coordinates":[[[-71.32397424,-52.889923516],[-70.983947433,-52.898460673],[-71.119613763,-53.020712103],[-71.077788432,-53.072226621],[-71.135424322,-53.124839072],[-71.059745434,-53.155070086],[-71.086967256,-53.209787854],[-71.16186492,-53.241786417],[-71.146354468,-53.260966793],[-71.291419839,-53.312016168],[-71.292754789,-53.369224055],[-71.370994676,-53.318783572],[-71.47863742,-53.305729171],[-71.377363049,-53.457253609],[-71.51627343,-53.447938518],[-71.456904399,-53.531059213],[-71.492012389,-53.585707725],[-71.605925735,-53.6017039],[-71.65595219,-53.656184903],[-71.726249488,-53.612723827],[-71.876441687,-53.592742564],[-71.971672077,-53.64339433],[-72.089858063,-53.625495863],[-72.081427851,-53.585213926],[-72.200164733,-53.603996863],[-72.238845502,-53.5494914],[-72.223653375,-53.530728378],[-72.057731733,-53.510933453],[-72.039032132,-53.473727861],[-72.148734707,-53.474517987],[-72.190410225,-53.446389691],[-72.267498597,-53.479168077],[-72.268839942,-53.444777702],[-72.379950477,-53.428206781],[-72.382280003,-53.392061378],[-72.483917187,-53.357284075],[-72.395698192,-53.269130457],[-71.876609556,-53.153709792],[-71.51934783,-53.010143438],[-71.32397424,-52.889923516]]]}}, {"type" : "Feature", "id" : "subcuenca:1045", "properties" : {"code": "subcuenca:1045", "name": "Rio Petrohue", "codigo": "1045", "fuente": "dga_bna", "nombre": "Rio Petrohue", "region": "Región de Los Lagos"}, "geometry" : {"type":"Polygon","coordinates":[[[-72.131480576,-40.773055418],[-72.121108869,-40.734348519],[-72.072769116,-40.757451018],[-71.966112014,-40.743347689],[-71.926292152,-40.832876005],[-71.861656182,-40.885511226],[-71.858772087,-40.955463379],[-71.909103384,-40.976255363],[-71.823135316,-41.060198556],[-71.842552108,-41.16032896],[-71.888122627,-41.161130816],[-71.835617007,-41.269743575],[-71.901168898,-41.257085881],[-71.876525676,-41.304868798],[-71.909436854,-41.36004391],[-71.956016556,-41.389691654],[-72.098922747,-41.31504531],[-72.171645872,-41.373048656],[-72.234298497,-41.368047682],[-72.233611946,-41.320495521],[-72.264984114,-41.308063998],[-72.31693255,-41.318595028],[-72.300363161,-41.384577084],[-72.378072755,-41.388564844],[-72.438743604,-41.343022895],[-72.504371585,-41.378056742],[-72.609397743,-41.332676537],[-72.530601439,-41.226412861],[-72.53236377,-41.135301752],[-72.493560717,-41.074047378],[-72.402988541,-41.056939525],[-72.374397233,-41.004490265],[-72.234954769,-40.953673327],[-72.057701035,-40.947788567],[-72.058860562,-40.887889332],[-72.102127093,-40.857728376],[-72.131480576,-40.773055418]]]}}, {"type" : "Feature", "id" : "subcuenca:1225", "properties" : {"code": "subcuenca:1225", "name": "Cordillera Sarmiento", "codigo": "1225", "fuente": "dga_bna", "nombre": "Cordillera Sarmiento", "region": "Región de Magallanes y La Antártica Chilena"}, "geometry" : {"type":"Polygon","coordinates":[[[-73.412498186,-51.545535073],[-73.364418029,-51.583055173],[-73.396247493,-51.649969145],[-73.340606741,-51.732309047],[-73.249214243,-52.101270333],[-73.289642227,-52.189926261],[-73.581092795,-52.084912744],[-73.684227023,-52.003006842],[-73.681853984,-51.827616688],[-73.59096832,-51.792800559],[-73.638122251,-51.7240431],[-73.626861345,-51.633632752],[-73.552276266,-51.636445954],[-73.561191066,-51.588695263],[-73.450055453,-51.580643239],[-73.412498186,-51.545535073]]]}}, {"type" : "Feature", "id" : "subcuenca:0403", "properties" : {"code": "subcuenca:0403", "name": "Isla Los Choros", "codigo": "0403", "fuente": "dga_bna", "nombre": "Isla Los Choros", "region": "Región de Coquimbo"}, "geometry" : {"type":"Polygon","coordinates":[[[-71.54714243,-29.284436168],[-71.547621305,-29.257536449],[-71.535561372,-29.248510591],[-71.540230936,-29.279119334],[-71.54714243,-29.284436168]]]}}, {"type" : "Feature", "id" : "subcuenca:0861", "properties" : {"code": "subcuenca:0861", "name": "Costeras entre Punta Lavapie y Rio Quiapo", "codigo": "0861", "fuente": "dga_bna", "nombre": "Costeras entre Punta Lavapie y Rio Quiapo", "region": "Región del Biobío"}, "geometry" : {"type":"Polygon","coordinates":[[[-73.642112635,-37.211711241],[-73.596443134,-37.158555097],[-73.627602894,-37.219534388],[-73.6091466,-37.285732805],[-73.548186183,-37.282372365],[-73.600746,-37.435534886],[-73.632751496,-37.374821936],[-73.68499739,-37.365523511],[-73.642112635,-37.211711241]]]}}, {"type" : "Feature", "id" : "subcuenca:0105", "properties" : {"code": "subcuenca:0105", "name": "Salar Del Huasco", "codigo": "0105", "fuente": "dga_bna", "nombre": "Salar Del Huasco", "region": "Región de Tarapacá"}, "geometry" : {"type":"Polygon","coordinates":[[[-68.977734025,-19.938624123],[-68.759423425,-19.793118064],[-68.758900386,-19.948551229],[-68.694225995,-19.978484338],[-68.688561722,-20.052496163],[-68.762126073,-20.075906227],[-68.70231142,-20.138030609],[-68.711873808,-20.246110822],[-68.661229455,-20.339399364],[-68.742590575,-20.366682514],[-68.820136172,-20.457840492],[-68.853520957,-20.406908492],[-68.949991554,-20.410486938],[-68.97858268,-20.379489903],[-68.999632907,-20.281082723],[-68.950794929,-20.184663263],[-69.012448965,-20.097283448],[-68.977734025,-19.938624123]]]}}, {"type" : "Feature", "id" : "subcuenca:0361", "properties" : {"code": "subcuenca:0361", "name": "Costeras entre Quebradas Totoral y Carrizal", "codigo": "0361", "fuente": "dga_bna", "nombre": "Costeras entre Quebradas Totoral y Carrizal", "region": "Región de Atacama"}, "geometry" : {"type":"Polygon","coordinates":[[[-71.090185826,-27.829224419],[-71.017511266,-28.003756213],[-70.971933213,-28.028083177],[-70.981386866,-28.061223002],[-71.04329112,-28.083280868],[-71.15111038,-28.047876109],[-71.090185826,-27.829224419]]]}}, {"type" : "Feature", "id" : "subcuenca:1154", "properties" : {"code": "subcuenca:1154", "name": "R. Baker entre arriba R. de La Colonia y Desembocadura", "codigo": "1154", "fuente": "dga_bna", "nombre": "R. Baker entre arriba R. de La Colonia y Desembocadura", "region": "Región Aysén del General Carlos Ibáñez del Cam"}, "geometry" : {"type":"Polygon","coordinates":[[[-73.606086582,-47.039360101],[-73.309203866,-47.052900465],[-73.310476816,-47.082057715],[-73.239632594,-47.099192237],[-73.241378827,-47.182422121],[-73.165520854,-47.215310182],[-72.989615317,-47.166920779],[-72.863389307,-47.205726545],[-72.875327978,-47.302297472],[-72.761842365,-47.343179607],[-72.71807093,-47.409103346],[-72.718849459,-47.486687561],[-72.57334886,-47.630305134],[-72.560034738,-47.67674899],[-72.589269004,-47.720507597],[-72.50669854,-47.760529918],[-72.569343627,-47.761350117],[-72.633987211,-47.809366136],[-72.633048961,-47.843141414],[-72.670944232,-47.837479992],[-72.639373532,-47.901198905],[-72.726325711,-47.93765487],[-72.808982684,-47.852774763],[-73.041960477,-47.859789709],[-73.250625549,-47.814340096],[-73.278211563,-47.84553623],[-73.422271463,-47.839869391],[-73.592916492,-47.786711897],[-73.535857829,-47.684186461],[-73.391082642,-47.608286836],[-73.445367054,-47.51113532],[-73.429969663,-47.465958774],[-73.459182497,-47.403034887],[-73.409664962,-47.328413793],[-73.475363104,-47.242364037],[-73.465577636,-47.183107266],[-73.582794911,-47.121663792],[-73.606086582,-47.039360101]]]}}, {"type" : "Feature", "id" : "subcuenca:1152", "properties" : {"code": "subcuenca:1152", "name": "Vertiente Sur Lago Jose Miguel Carrera", "codigo": "1152", "fuente": "dga_bna", "nombre": "Vertiente Sur Lago Jose Miguel Carrera", "region": "Región Aysén del General Carlos Ibáñez del Cam"}, "geometry" : {"type":"Polygon","coordinates":[[[-72.816056546,-46.869187459],[-72.782308392,-46.827019831],[-72.657287345,-46.782354304],[-72.579090642,-46.684508513],[-72.43431089,-46.647817108],[-72.247032171,-46.536869817],[-72.130363366,-46.541727141],[-71.867355379,-46.443673141],[-71.706115421,-46.453423074],[-71.671485935,-46.523490092],[-71.646026284,-46.687670668],[-71.838905415,-46.796788315],[-71.956412966,-46.816583974],[-71.933685278,-46.846507141],[-71.974838131,-46.910464282],[-71.961746209,-46.972138348],[-71.879028403,-47.007420582],[-71.946945102,-47.067933969],[-72.186637846,-47.0076988],[-72.654334806,-47.02946811],[-72.823306505,-46.920460232],[-72.816056546,-46.869187459]]]}}, {"type" : "Feature", "id" : "subcuenca:0451", "properties" : {"code": "subcuenca:0451", "name": "Rio Grande Alto (hasta arriba junta Rio Rapel)", "codigo": "0451", "fuente": "dga_bna", "nombre": "Rio Grande Alto (hasta arriba junta Rio Rapel)", "region": "Región de Coquimbo"}, "geometry" : {"type":"Polygon","coordinates":[[[-70.900834818,-30.730062849],[-70.797197021,-30.746835036],[-70.711472322,-30.803710097],[-70.486210148,-30.752579479],[-70.293587446,-30.760056581],[-70.28437947,-30.838212221],[-70.324679158,-30.928540256],[-70.270344578,-31.039604054],[-70.319142152,-31.040368463],[-70.401918577,-31.164895087],[-70.458811192,-31.08648044],[-70.558348613,-31.3092604],[-70.610749727,-31.269553271],[-70.637645262,-31.152486889],[-70.80808588,-31.058235801],[-70.834760454,-31.011988731],[-70.824056018,-30.895726392],[-70.887627352,-30.859628795],[-70.900834818,-30.730062849]]]}}, {"type" : "Feature", "id" : "subcuenca:0341", "properties" : {"code": "subcuenca:0341", "name": "Rio Pulido", "codigo": "0341", "fuente": "dga_bna", "nombre": "Rio Pulido", "region": "Región de Atacama"}, "geometry" : {"type":"Polygon","coordinates":[[[-69.958926365,-28.046498554],[-69.787252036,-28.108378579],[-69.642572136,-27.814421766],[-69.517515297,-27.812947473],[-69.48835945,-27.89052389],[-69.521287297,-27.931868654],[-69.536373768,-28.056236664],[-69.491209858,-28.092151638],[-69.515703229,-28.146091025],[-69.4962579,-28.200002181],[-69.463851349,-28.194302693],[-69.523967378,-28.327339458],[-69.651305485,-28.396654329],[-69.633648668,-28.430495569],[-69.677249486,-28.470659445],[-69.649936143,-28.534300089],[-69.69730755,-28.612306386],[-69.730787599,-28.522949713],[-69.796261676,-28.498924893],[-69.819128113,-28.455970105],[-69.81698056,-28.399006522],[-69.852127006,-28.369461277],[-69.839082578,-28.236632658],[-69.898978678,-28.208356744],[-69.958926365,-28.046498554]]]}}, {"type" : "Feature", "id" : "subcuenca:0301", "properties" : {"code": "subcuenca:0301", "name": "Cuencas al NE. cuenca del Salar de Pedernales", "codigo": "0301", "fuente": "dga_bna", "nombre": "Cuencas al NE. cuenca del Salar de Pedernales", "region": "Región de Atacama"}, "geometry" : {"type":"Polygon","coordinates":[[[-68.920438688,-26.008205525],[-68.920989225,-25.981586459],[-68.866896539,-25.98838677],[-68.795711941,-25.895266546],[-68.738216285,-25.87991396],[-68.695751267,-25.917629399],[-68.648510238,-25.881331699],[-68.590905265,-25.931191233],[-68.572481211,-26.00318911],[-68.48822474,-26.032947266],[-68.414715899,-26.002329734],[-68.380442675,-26.177014793],[-68.557397913,-26.286288622],[-68.587917203,-26.491301692],[-68.638412271,-26.432754916],[-68.636478405,-26.365587649],[-68.693199913,-26.306389951],[-68.685576797,-26.253670017],[-68.824522282,-26.150457615],[-68.84960345,-26.075789664],[-68.920438688,-26.008205525]]]}}, {"type" : "Feature", "id" : "subcuenca:0394", "properties" : {"code": "subcuenca:0394", "name": "Q. Chañaral", "codigo": "0394", "fuente": "dga_bna", "nombre": "Q. Chañaral", "region": "Región de Atacama"}, "geometry" : {"type":"Polygon","coordinates":[[[-71.29805588,-28.887410847],[-71.088763803,-28.82350056],[-71.049402505,-28.838752825],[-70.917657264,-28.736746948],[-70.870860961,-28.833853909],[-70.795181845,-28.84462777],[-70.748570976,-28.816774988],[-70.67188429,-28.917536885],[-70.604090258,-28.90126574],[-70.585295781,-28.863289579],[-70.532825222,-28.886402606],[-70.498737633,-28.987391751],[-70.551077164,-29.045688289],[-70.71787303,-29.058361772],[-70.728831747,-29.101578628],[-70.820513141,-29.146464584],[-70.977895086,-29.137493616],[-71.06211102,-29.112273928],[-71.084008368,-29.069006634],[-71.245482578,-29.037599023],[-71.464302649,-29.1041985],[-71.500715152,-29.079889122],[-71.493842124,-28.98218757],[-71.29805588,-28.887410847]]]}}, {"type" : "Feature", "id" : "subcuenca:0100", "properties" : {"code": "subcuenca:0100", "name": "Entre Limite Peru-Bolivia y Rio Lauca", "codigo": "0100", "fuente": "dga_bna", "nombre": "Entre Limite Peru-Bolivia y Rio Lauca", "region": "Región de Arica y Parinacota"}, "geometry" : {"type":"Polygon","coordinates":[[[-69.384180266,-18.11966424],[-69.430452144,-18.096017454],[-69.385245612,-18.077015219],[-69.362740069,-18.023692193],[-69.378462774,-17.9202859],[-69.496134336,-17.856924909],[-69.503088089,-17.79140152],[-69.582227405,-17.767488211],[-69.605877006,-17.674778102],[-69.606140562,-17.613505933],[-69.468823695,-17.498424412],[-69.467896299,-17.60435969],[-69.338178656,-17.72964721],[-69.310795792,-17.794291362],[-69.286979091,-17.96079001],[-69.123245498,-18.001988677],[-69.057631363,-18.061781572],[-69.138843855,-18.167769289],[-69.226676684,-18.135080168],[-69.335512025,-18.15599844],[-69.384180266,-18.11966424]]]}}, {"type" : "Feature", "id" : "subcuenca:1242", "properties" : {"code": "subcuenca:1242", "name": "Peninsula Muñoz Gamero (Al S. Est.  Excelsior)", "codigo": "1242", "fuente": "dga_bna", "nombre": "Peninsula Muñoz Gamero (Al S. Est.  Excelsior)", "region": "Región de Magallanes y La Antártica Chilena"}, "geometry" : {"type":"Polygon","coordinates":[[[-72.882659879,-52.536274813],[-72.663993774,-52.672859049],[-72.850051661,-52.812073008],[-73.008086775,-52.851168525],[-72.927291681,-52.913922289],[-72.967258474,-52.94009908],[-72.932906931,-52.997440037],[-72.949737455,-53.060704199],[-73.137245004,-53.137164727],[-73.415458518,-53.116748949],[-73.607787864,-53.036628914],[-73.522231856,-52.982666032],[-73.348602145,-52.965358667],[-73.320815879,-52.929798018],[-73.601569942,-52.795466388],[-73.492706167,-52.751072703],[-73.351974366,-52.781773039],[-73.30080406,-52.747032481],[-73.27870928,-52.714561002],[-73.311375651,-52.706689229],[-73.362278358,-52.564525067],[-73.412093077,-52.523389857],[-72.882659879,-52.536274813]]]}}, {"type" : "Feature", "id" : "subcuenca:0273", "properties" : {"code": "subcuenca:0273", "name": "Quebrada Honda", "codigo": "0273", "fuente": "dga_bna", "nombre": "Quebrada Honda", "region": "Región de Antofagasta"}, "geometry" : {"type":"Polygon","coordinates":[[[-70.02042642,-23.636578125],[-69.879326818,-23.529990299],[-69.856490205,-23.453128974],[-69.770069343,-23.435266641],[-69.503816363,-23.473458195],[-69.412140098,-23.524006889],[-69.34549356,-23.636401921],[-69.564172344,-23.780410319],[-69.745283468,-23.691825511],[-69.958101229,-23.712827522],[-70.02042642,-23.636578125]]]}}, {"type" : "Feature", "id" : "subcuenca:0350", "properties" : {"code": "subcuenca:0350", "name": "Costeras entre Rio Copiapo y Quebrada Seca (Inclusive)", "codigo": "0350", "fuente": "dga_bna", "nombre": "Costeras entre Rio Copiapo y Quebrada Seca (Inclusive)", "region": "Región de Atacama"}, "geometry" : {"type":"Polygon","coordinates":[[[-70.894775126,-27.523407044],[-70.88768566,-27.483735361],[-70.963827479,-27.370811195],[-70.943166967,-27.33599813],[-70.853927813,-27.433472995],[-70.731318795,-27.403190551],[-70.682471936,-27.430779363],[-70.641834889,-27.514137108],[-70.505418895,-27.478787141],[-70.481631317,-27.559770385],[-70.37668675,-27.591678577],[-70.335419333,-27.670866244],[-70.501898771,-27.729074269],[-70.585940005,-27.596377537],[-70.66138197,-27.653185234],[-70.749871057,-27.597467273],[-70.832311867,-27.593028092],[-70.894775126,-27.523407044]]]}}, {"type" : "Feature", "id" : "subcuenca:0242", "properties" : {"code": "subcuenca:0242", "name": "Salar de Aguas Calientes y Alto del Lari", "codigo": "0242", "fuente": "dga_bna", "nombre": "Salar de Aguas Calientes y Alto del Lari", "region": "Región de Antofagasta"}, "geometry" : {"type":"Polygon","coordinates":[[[-67.594974281,-23.310727993],[-67.541421567,-23.251280627],[-67.480084134,-23.277073322],[-67.467887663,-23.360348246],[-67.406326511,-23.36685845],[-67.335934378,-23.440656019],[-67.350819294,-23.520197806],[-67.413218734,-23.578617282],[-67.406205033,-23.759729692],[-67.599380196,-23.739775045],[-67.647165441,-23.62895998],[-67.725022055,-23.583330865],[-67.668773455,-23.540933044],[-67.639074589,-23.400515714],[-67.581706159,-23.398709737],[-67.594974281,-23.310727993]]]}}, {"type" : "Feature", "id" : "subcuenca:1201", "properties" : {"code": "subcuenca:1201", "name": "Peninsula Exmuoth", "codigo": "1201", "fuente": "dga_bna", "nombre": "Peninsula Exmuoth", "region": "Región de Magallanes y La Antártica Chilena"}, "geometry" : {"type":"Polygon","coordinates":[[[-74.384551964,-49.16222119],[-74.273192402,-49.208389737],[-74.287916481,-49.272756782],[-74.166108062,-49.213583971],[-74.10432796,-49.222502845],[-74.075668075,-49.264503145],[-74.128166134,-49.464946901],[-74.112792893,-49.521514948],[-74.217544462,-49.567601104],[-74.305305466,-49.453160038],[-74.408149533,-49.392947619],[-74.372080075,-49.276108843],[-74.384551964,-49.16222119]]]}}, {"type" : "Feature", "id" : "subcuenca:0552", "properties" : {"code": "subcuenca:0552", "name": "E. Casablanca y E.  San Jeronimo (Incl.)", "codigo": "0552", "fuente": "dga_bna", "nombre": "E. Casablanca y E.  San Jeronimo (Incl.)", "region": "Región de Valparaíso"}, "geometry" : {"type":"Polygon","coordinates":[[[-71.698635775,-33.156706506],[-71.5367496,-33.212513632],[-71.408305814,-33.2105814],[-71.36835447,-33.175038304],[-71.226771826,-33.244662214],[-71.197128719,-33.312754143],[-71.283502847,-33.411561097],[-71.631727703,-33.403663743],[-71.695983222,-33.379780612],[-71.651130557,-33.330191651],[-71.695319889,-33.248567881],[-71.698635775,-33.156706506]]]}}, {"type" : "Feature", "id" : "subcuenca:1252", "properties" : {"code": "subcuenca:1252", "name": "Rio Santa Susana", "codigo": "1252", "fuente": "dga_bna", "nombre": "Rio Santa Susana", "region": "Región de Magallanes y La Antártica Chilena"}, "geometry" : {"type":"Polygon","coordinates":[[[-70.863853446,-52.406562571],[-70.732864082,-52.33763924],[-70.647681997,-52.377033385],[-70.514739978,-52.323523515],[-70.354843261,-52.352540913],[-70.312576233,-52.399402323],[-70.31882446,-52.549629448],[-70.234813681,-52.597142796],[-70.231506394,-52.631957664],[-70.344505234,-52.684227222],[-70.427116341,-52.601654679],[-70.755975997,-52.51814127],[-70.736516939,-52.464739849],[-70.871231054,-52.498111812],[-71.027626128,-52.486183654],[-70.863853446,-52.406562571]]]}}, {"type" : "Feature", "id" : "subcuenca:0531", "properties" : {"code": "subcuenca:0531", "name": "Estero Catapilco", "codigo": "0531", "fuente": "dga_bna", "nombre": "Estero Catapilco", "region": "Región de Valparaíso"}, "geometry" : {"type":"Polygon","coordinates":[[[-71.300790255,-32.497893316],[-71.201101573,-32.603288612],[-71.316285586,-32.677482341],[-71.277800355,-32.699842829],[-71.312648052,-32.73300218],[-71.432110324,-32.622845858],[-71.413977496,-32.552392059],[-71.300790255,-32.497893316]]]}}, {"type" : "Feature", "id" : "subcuenca:1150", "properties" : {"code": "subcuenca:1150", "name": "R. Ibañez", "codigo": "1150", "fuente": "dga_bna", "nombre": "R. Ibañez", "region": "Región Aysén del General Carlos Ibáñez del Cam"}, "geometry" : {"type":"Polygon","coordinates":[[[-72.973968246,-45.945807196],[-72.886611903,-45.912759223],[-72.581375943,-45.921535835],[-72.477157439,-45.977978605],[-72.478584167,-46.062863689],[-72.358024492,-46.017871045],[-72.299961256,-46.051232003],[-72.155365139,-46.027413778],[-71.903877165,-46.135045955],[-71.901603665,-46.16171268],[-71.979636133,-46.327779959],[-72.05990164,-46.320595882],[-72.056924414,-46.361463503],[-72.106169299,-46.351837278],[-72.132222131,-46.379907913],[-72.291757927,-46.383851035],[-72.436425648,-46.318997247],[-72.464594748,-46.336542562],[-72.662483131,-46.286640089],[-72.652259491,-46.234765714],[-72.755309906,-46.183603633],[-72.770393014,-46.130822791],[-72.834621272,-46.087717291],[-72.955108443,-46.068255028],[-72.973968246,-45.945807196]]]}}, {"type" : "Feature", "id" : "subcuenca:0892", "properties" : {"code": "subcuenca:0892", "name": "Costeras entre R. Lleullen y R. Tirua", "codigo": "0892", "fuente": "dga_bna", "nombre": "Costeras entre R. Lleullen y R. Tirua", "region": "Región del Biobío"}, "geometry" : {"type":"Polygon","coordinates":[[[-73.452400023,-38.119799309],[-73.403305066,-38.14859914],[-73.415971909,-38.261511717],[-73.383698494,-38.282906456],[-73.496582498,-38.332268267],[-73.513755702,-38.260521687],[-73.467567465,-38.22627424],[-73.452400023,-38.119799309]]]}}, {"type" : "Feature", "id" : "subcuenca:0731", "properties" : {"code": "subcuenca:0731", "name": "Rio Melado", "codigo": "0731", "fuente": "dga_bna", "nombre": "Rio Melado", "region": "Región del Maule"}, "geometry" : {"type":"Polygon","coordinates":[[[-71.154685944,-35.808913695],[-71.078617521,-35.707353125],[-71.001285766,-35.862752912],[-70.873252112,-35.990449211],[-70.789078935,-35.969401429],[-70.597358829,-36.005875727],[-70.641061736,-36.025067891],[-70.601794253,-36.051542553],[-70.621980592,-36.104834609],[-70.5713417,-36.121181076],[-70.571664625,-36.168844797],[-70.702482183,-36.270258082],[-70.683896131,-36.301926084],[-70.710817263,-36.343242236],[-70.677273651,-36.383243848],[-70.713643684,-36.425299753],[-70.886621036,-36.396461873],[-70.888078225,-36.465392232],[-70.964280801,-36.503342981],[-71.059821815,-36.461735211],[-71.062455335,-36.384067652],[-71.11357863,-36.360694735],[-71.155608853,-36.26230776],[-71.041875038,-36.222224512],[-71.006519905,-36.086544702],[-71.046850628,-36.043948518],[-71.03502482,-35.998900489],[-71.07118254,-35.991304766],[-71.080200171,-36.024914245],[-71.131770247,-36.007734142],[-71.068665701,-35.911809928],[-71.111933276,-35.823747929],[-71.154685944,-35.808913695]]]}}, {"type" : "Feature", "id" : "subcuenca:1180", "properties" : {"code": "subcuenca:1180", "name": "Costeras entre Rio Pascua y Limite Region", "codigo": "1180", "fuente": "dga_bna", "nombre": "Costeras entre Rio Pascua y Limite Region", "region": "Región Aysén del General Carlos Ibáñez del Cam"}, "geometry" : {"type":"Polygon","coordinates":[[[-74.602058507,-47.97004495],[-74.476623534,-47.901169507],[-74.298797653,-47.968519322],[-73.748634427,-47.972985632],[-73.604423524,-48.09021059],[-73.345435859,-48.175411033],[-73.320071144,-48.202871793],[-73.354386108,-48.264030108],[-73.4715499,-48.327659995],[-73.488143853,-48.401235199],[-73.452010784,-48.709165255],[-73.50825505,-48.808611056],[-73.583013326,-48.833730338],[-73.877212424,-48.813721587],[-74.074490307,-48.705404155],[-74.258917822,-48.725220387],[-74.397231806,-48.685377438],[-74.399200444,-48.608575162],[-74.205703777,-48.475201858],[-74.14253977,-48.463922759],[-74.004661621,-48.506422123],[-73.977485417,-48.40810672],[-74.115401963,-48.34683405],[-74.239821258,-48.333271389],[-74.222061046,-48.282498751],[-74.273071415,-48.222002136],[-74.376037348,-48.187899719],[-74.470099834,-48.092128969],[-74.58887272,-48.081936149],[-74.602058507,-47.97004495]]]}}, {"type" : "Feature", "id" : "subcuenca:0470", "properties" : {"code": "subcuenca:0470", "name": "Rio Choapa Alto (hasta abajo junta Rio Cuncumen)", "codigo": "0470", "fuente": "dga_bna", "nombre": "Rio Choapa Alto (hasta abajo junta Rio Cuncumen)", "region": "Región de Coquimbo"}, "geometry" : {"type":"Polygon","coordinates":[[[-70.501807513,-31.680122138],[-70.457608992,-31.730649754],[-70.454974856,-31.846314026],[-70.280012352,-31.882960885],[-70.21062964,-31.957046929],[-70.285758839,-32.049648206],[-70.383004668,-32.027904869],[-70.304988451,-32.135596257],[-70.328623797,-32.274640025],[-70.437563937,-32.269396974],[-70.459386713,-32.171307365],[-70.652006743,-32.135024514],[-70.655677869,-31.846457643],[-70.587496153,-31.70447697],[-70.606519839,-31.683067889],[-70.501807513,-31.680122138]]]}}, {"type" : "Feature", "id" : "subcuenca:0175", "properties" : {"code": "subcuenca:0175", "name": "Quebradas Juan Morales, Sagasca  y El Tambillo", "codigo": "0175", "fuente": "dga_bna", "nombre": "Quebradas Juan Morales, Sagasca  y El Tambillo", "region": "Región de Tarapacá"}, "geometry" : {"type":"Polygon","coordinates":[[[-69.341289899,-20.112496401],[-69.097649547,-20.048256813],[-68.971489123,-20.138162247],[-68.952747974,-20.200513501],[-69.013494686,-20.2479237],[-69.027451133,-20.30177803],[-69.291956865,-20.265518689],[-69.392468779,-20.278311858],[-69.492442577,-20.349005104],[-69.475965106,-20.274562841],[-69.426742981,-20.20189042],[-69.34079558,-20.156838274],[-69.341289899,-20.112496401]]]}}, {"type" : "Feature", "id" : "subcuenca:1288", "properties" : {"code": "subcuenca:1288", "name": "Cuencas Compartidas al Sur R. Azopardo y Cuencas Cerradas", "codigo": "1288", "fuente": "dga_bna", "nombre": "Cuencas Compartidas al Sur R. Azopardo y Cuencas Cerradas", "region": "Región de Magallanes y La Antártica Chilena"}, "geometry" : {"type":"Polygon","coordinates":[[[-68.989067031,-54.577220477],[-68.932265888,-54.613415545],[-68.7606758,-54.63808841],[-68.614280936,-54.590513172],[-68.612979214,-54.799581264],[-68.7805281,-54.741716986],[-68.891479265,-54.776428327],[-69.064780919,-54.679737288],[-69.075553149,-54.621811061],[-69.153967962,-54.58416627],[-68.989067031,-54.577220477]]]}}, {"type" : "Feature", "id" : "subcuenca:1214", "properties" : {"code": "subcuenca:1214", "name": "Islas Poniente Est. Trinidad, Est. Concepcion y Canal Oeste", "codigo": "1214", "fuente": "dga_bna", "nombre": "Islas Poniente Est. Trinidad, Est. Concepcion y Canal Oeste", "region": "Región de Magallanes y La Antártica Chilena"}, "geometry" : {"type":"Polygon","coordinates":[[[-75.701042275,-49.958035919],[-75.012221893,-49.987257042],[-74.703887705,-50.168341677],[-74.786209029,-50.34943415],[-74.942397693,-50.506918238],[-75.430847256,-50.441247742],[-75.635139619,-50.45355024],[-75.701042275,-49.958035919]]]}}, {"type" : "Feature", "id" : "subcuenca:1257", "properties" : {"code": "subcuenca:1257", "name": "Costeras del Estrecho de Magallanes de la Peninsula Brunswick", "codigo": "1257", "fuente": "dga_bna", "nombre": "Costeras del Estrecho de Magallanes de la Peninsula Brunswick", "region": "Región de Magallanes y La Antártica Chilena"}, "geometry" : {"type":"Polygon","coordinates":[[[-72.364097239,-53.542673815],[-72.48934135,-53.417609096],[-72.483917187,-53.357284075],[-72.382280003,-53.392061378],[-72.379950477,-53.428206781],[-72.268839942,-53.444777702],[-72.267498597,-53.479168077],[-72.190410225,-53.446389691],[-72.148734707,-53.474517987],[-72.039032132,-53.473727861],[-72.057731733,-53.510933453],[-72.223653375,-53.530728378],[-72.238845502,-53.5494914],[-72.200164733,-53.603996863],[-72.081427851,-53.585213926],[-72.089858063,-53.625495863],[-71.971672077,-53.64339433],[-71.876441687,-53.592742564],[-71.726249488,-53.612723827],[-71.658314411,-53.656548277],[-71.64167032,-53.619350953],[-71.541557516,-53.579335734],[-71.50386307,-53.590524132],[-71.515459107,-53.622941369],[-71.441383149,-53.616211534],[-71.322166057,-53.702177733],[-71.336830183,-53.779510523],[-71.261680366,-53.774203064],[-71.005813477,-53.897201949],[-71.263656516,-53.948223672],[-71.779266273,-53.840842125],[-72.076362609,-53.73197613],[-72.364097239,-53.542673815]]]}}, {"type" : "Feature", "id" : "subcuenca:0711", "properties" : {"code": "subcuenca:0711", "name": "Rio Lontue", "codigo": "0711", "fuente": "dga_bna", "nombre": "Rio Lontue", "region": "Región del Maule"}, "geometry" : {"type":"Polygon","coordinates":[[[-71.384397857,-35.081837235],[-71.377765245,-34.975281876],[-71.279441903,-34.947928974],[-71.024865214,-34.953040619],[-70.879556024,-35.009190148],[-70.847198229,-35.045410851],[-70.845893778,-35.146669017],[-70.725785446,-35.192182745],[-70.726830035,-35.252084307],[-70.645125545,-35.243562719],[-70.501877431,-35.32039971],[-70.437711886,-35.314661427],[-70.444706262,-35.459801317],[-70.36965737,-35.518889689],[-70.408250774,-35.52905645],[-70.397793574,-35.62063927],[-70.488435187,-35.579277865],[-70.494971372,-35.513917127],[-70.542602207,-35.463386],[-70.738113221,-35.540029244],[-70.750133884,-35.572777855],[-70.919600575,-35.382799192],[-71.018951068,-35.362419812],[-71.032230612,-35.296001902],[-71.118385733,-35.266397445],[-71.16398451,-35.187622738],[-71.360104504,-35.121250242],[-71.384397857,-35.081837235]]]}}, {"type" : "Feature", "id" : "subcuenca:0912", "properties" : {"code": "subcuenca:0912", "name": "Cautin Alto (hasta antes junta R. Quepe)", "codigo": "0912", "fuente": "dga_bna", "nombre": "Cautin Alto (hasta antes junta R. Quepe)", "region": "Región de La Araucanía"}, "geometry" : {"type":"Polygon","coordinates":[[[-71.905046961,-38.281962404],[-71.755592987,-38.231030135],[-71.688806052,-38.240121354],[-71.702306785,-38.273079796],[-71.585643967,-38.378427857],[-71.521597065,-38.363317488],[-71.478156013,-38.387107164],[-71.460721382,-38.518218165],[-71.575368425,-38.568408593],[-71.618510912,-38.658275788],[-71.730150648,-38.695925616],[-71.80427848,-38.616849237],[-71.939830092,-38.645870809],[-72.026299581,-38.612164867],[-72.272891848,-38.656445684],[-72.488967975,-38.808789299],[-72.55579161,-38.753132239],[-72.759046959,-38.796803722],[-72.950431825,-38.761610317],[-72.900966967,-38.72225696],[-72.811838871,-38.745876725],[-72.70014166,-38.730239971],[-72.689646791,-38.683967991],[-72.623865249,-38.683771059],[-72.588821677,-38.611769526],[-72.482975498,-38.567815241],[-72.403741948,-38.473022629],[-72.214787307,-38.382865431],[-72.053195521,-38.396545245],[-71.905046961,-38.281962404]]]}}, {"type" : "Feature", "id" : "subcuenca:0853", "properties" : {"code": "subcuenca:0853", "name": "R. Carampangue entre arriba R. Colorado y desembocadura", "codigo": "0853", "fuente": "dga_bna", "nombre": "R. Carampangue entre arriba R. Colorado y desembocadura", "region": "Región del Biobío"}, "geometry" : {"type":"Polygon","coordinates":[[[-73.277803593,-37.226077315],[-73.239028965,-37.235093951],[-73.244858382,-37.320496766],[-73.183713137,-37.31411688],[-73.148677707,-37.354858459],[-73.445685496,-37.427255184],[-73.39640181,-37.328706424],[-73.4537197,-37.288997666],[-73.41471703,-37.240259292],[-73.277803593,-37.226077315]]]}}, {"type" : "Feature", "id" : "subcuenca:1203", "properties" : {"code": "subcuenca:1203", "name": "Costeras del NE. del Fiordo Falcon", "codigo": "1203", "fuente": "dga_bna", "nombre": "Costeras del NE. del Fiordo Falcon", "region": "Región de Magallanes y La Antártica Chilena"}, "geometry" : {"type":"Polygon","coordinates":[[[-74.112792893,-49.521514948],[-73.918800166,-49.454951782],[-73.876327182,-49.483069185],[-73.759910693,-49.476194121],[-73.630943387,-49.552690103],[-73.547500338,-49.525455074],[-73.465744038,-49.653348686],[-73.52298724,-49.693794144],[-73.442962375,-49.77281802],[-73.470992801,-49.894701984],[-73.517799008,-49.937741876],[-73.622428757,-49.895892462],[-73.703109489,-49.821868857],[-73.705795154,-49.719530774],[-73.769478232,-49.660225401],[-73.855609347,-49.637671213],[-73.883388349,-49.5359803],[-74.112792893,-49.521514948]]]}}, {"type" : "Feature", "id" : "subcuenca:0140", "properties" : {"code": "subcuenca:0140", "name": "Costeras entre Rio San Jose y Quebrada Vitor", "codigo": "0140", "fuente": "dga_bna", "nombre": "Costeras entre Rio San Jose y Quebrada Vitor", "region": "Región de Arica y Parinacota"}, "geometry" : {"type":"Polygon","coordinates":[[[-70.337950735,-18.743356965],[-70.350566288,-18.648620704],[-70.319168821,-18.505780931],[-70.342150975,-18.652372136],[-70.231755319,-18.64743529],[-70.140382307,-18.75900119],[-70.337950735,-18.743356965]]]}}, {"type" : "Feature", "id" : "subcuenca:0102", "properties" : {"code": "subcuenca:0102", "name": "Rio Lauca", "codigo": "0102", "fuente": "dga_bna", "nombre": "Rio Lauca", "region": "Región de Arica y Parinacota"}, "geometry" : {"type":"Polygon","coordinates":[[[-69.384180266,-18.11966424],[-69.335512025,-18.15599844],[-69.226676684,-18.135080168],[-69.138843855,-18.167769289],[-69.225793548,-18.250454479],[-69.09922318,-18.422336629],[-69.05486088,-18.421654168],[-69.000335187,-18.481390112],[-69.00866895,-18.600998463],[-69.035680333,-18.62437634],[-68.981364283,-18.735489999],[-69.090404427,-18.746996781],[-69.138728055,-18.809074435],[-69.249560306,-18.790264757],[-69.236501001,-18.724166431],[-69.387749949,-18.591394729],[-69.482264841,-18.378386813],[-69.491713904,-18.265637236],[-69.400719442,-18.196942988],[-69.384180266,-18.11966424]]]}}, {"type" : "Feature", "id" : "subcuenca:1181", "properties" : {"code": "subcuenca:1181", "name": "Islas entre Canal Mesier y Continente", "codigo": "1181", "fuente": "dga_bna", "nombre": "Islas entre Canal Mesier y Continente", "region": "Región Aysén del General Carlos Ibáñez del Cam"}, "geometry" : {"type":"Polygon","coordinates":[[[-74.64373787,-47.941007481],[-74.602058507,-47.97004495],[-74.58887272,-48.081936149],[-74.470099834,-48.092128969],[-74.376037348,-48.187899719],[-74.273071415,-48.222002136],[-74.222061046,-48.282498751],[-74.239821258,-48.333271389],[-74.115401963,-48.34683405],[-73.977485417,-48.40810672],[-73.992027104,-48.497931439],[-74.181022639,-48.467912045],[-74.399200444,-48.608575162],[-74.482192578,-48.489389096],[-74.468925337,-48.35463324],[-74.661125063,-48.112278341],[-74.64373787,-47.941007481]]]}}, {"type" : "Feature", "id" : "subcuenca:0382", "properties" : {"code": "subcuenca:0382", "name": "Rio Huasco", "codigo": "0382", "fuente": "dga_bna", "nombre": "Rio Huasco", "region": "Región de Atacama"}, "geometry" : {"type":"Polygon","coordinates":[[[-71.226062279,-28.458708968],[-71.198889033,-28.415954311],[-71.148149952,-28.410777648],[-71.107873693,-28.440993967],[-71.028479435,-28.427808518],[-70.897624325,-28.462645985],[-70.822893284,-28.433361215],[-70.77373297,-28.483494233],[-70.683322055,-28.431964401],[-70.589133709,-28.521581982],[-70.496418409,-28.466108725],[-70.435592344,-28.517989329],[-70.45372501,-28.631534809],[-70.425102724,-28.687340465],[-70.575461956,-28.81174642],[-70.604090258,-28.90126574],[-70.67188429,-28.917536885],[-70.748570976,-28.816774988],[-70.795181845,-28.84462777],[-70.870860961,-28.833853909],[-70.917657264,-28.736746948],[-70.992679894,-28.784079685],[-71.010247163,-28.742232145],[-71.073104929,-28.736901975],[-71.09606371,-28.714811936],[-71.070601765,-28.616190736],[-71.217567597,-28.576967886],[-71.226062279,-28.458708968]]]}}, {"type" : "Feature", "id" : "subcuenca:0920", "properties" : {"code": "subcuenca:0920", "name": "Rio Budi", "codigo": "0920", "fuente": "dga_bna", "nombre": "Rio Budi", "region": "Región de La Araucanía"}, "geometry" : {"type":"Polygon","coordinates":[[[-73.399624681,-38.821937802],[-73.330295258,-38.738082011],[-73.270593634,-38.716479441],[-73.23981821,-38.745425602],[-73.177064427,-38.736160821],[-73.195571268,-38.801637939],[-73.167289223,-38.828188719],[-73.097789485,-38.811247201],[-73.127395948,-38.843431925],[-73.11435431,-38.905738643],[-73.221004078,-38.977989461],[-73.269132438,-38.963348287],[-73.317313714,-38.999004758],[-73.399624681,-38.821937802]]]}}, {"type" : "Feature", "id" : "subcuenca:1253", "properties" : {"code": "subcuenca:1253", "name": "Costeras entre R. Santa Susana y Chorrillo Kimiri Aike", "codigo": "1253", "fuente": "dga_bna", "nombre": "Costeras entre R. Santa Susana y Chorrillo Kimiri Aike", "region": "Región de Magallanes y La Antártica Chilena"}, "geometry" : {"type":"Polygon","coordinates":[[[-70.039335804,-52.393339147],[-69.772269818,-52.406031993],[-69.493484152,-52.45988152],[-69.844360289,-52.646395368],[-70.344505234,-52.684227222],[-70.231506394,-52.631957664],[-70.234813681,-52.597142796],[-70.314834392,-52.549343441],[-70.221877968,-52.525798405],[-70.039335804,-52.393339147]]]}}, {"type" : "Feature", "id" : "subcuenca:1030", "properties" : {"code": "subcuenca:1030", "name": "Afluentes Lago Ranco", "codigo": "1030", "fuente": "dga_bna", "nombre": "Afluentes Lago Ranco", "region": "Región de Los Ríos"}, "geometry" : {"type":"Polygon","coordinates":[[[-72.330885693,-40.040739338],[-72.177430619,-39.957072852],[-72.058769079,-39.969499791],[-71.96778094,-39.912436196],[-71.834678534,-39.912616243],[-71.789718559,-39.983376925],[-71.825469735,-39.997629487],[-71.789876832,-40.037089701],[-71.829910163,-40.1050431],[-71.793800283,-40.180055732],[-71.827102569,-40.225850412],[-71.752784674,-40.301746149],[-71.686500441,-40.28974029],[-71.656547427,-40.36028881],[-71.741111522,-40.436154066],[-71.807670428,-40.402368962],[-71.869346603,-40.477295763],[-71.998191856,-40.403535686],[-72.056648133,-40.419652568],[-72.059802772,-40.526973487],[-72.114475173,-40.578438224],[-72.303078775,-40.4839963],[-72.343944818,-40.387209002],[-72.454795594,-40.349268433],[-72.504974217,-40.364539957],[-72.569877424,-40.293192211],[-72.578300317,-40.241943596],[-72.505340366,-40.111975349],[-72.330885693,-40.040739338]]]}}, {"type" : "Feature", "id" : "subcuenca:0551", "properties" : {"code": "subcuenca:0551", "name": "Lago Peñuelas", "codigo": "0551", "fuente": "dga_bna", "nombre": "Lago Peñuelas", "region": "Región de Valparaíso"}, "geometry" : {"type":"Polygon","coordinates":[[[-71.664808209,-33.095108134],[-71.649097337,-33.021069638],[-71.586207199,-33.025121463],[-71.470278957,-33.151300149],[-71.383543674,-33.182813731],[-71.408305814,-33.2105814],[-71.5367496,-33.212513632],[-71.706118858,-33.152982794],[-71.742536731,-33.097374671],[-71.664808209,-33.095108134]]]}}, {"type" : "Feature", "id" : "subcuenca:0380", "properties" : {"code": "subcuenca:0380", "name": "Rio Transito", "codigo": "0380", "fuente": "dga_bna", "nombre": "Rio Transito", "region": "Región de Atacama"}, "geometry" : {"type":"Polygon","coordinates":[[[-70.014625029,-28.577491056],[-69.806829114,-28.641158906],[-69.705501714,-28.580862946],[-69.731312144,-28.699862328],[-69.693944104,-28.768428895],[-69.767386242,-28.909064175],[-69.786639273,-29.126488408],[-69.881343289,-29.140086545],[-69.951013581,-29.187144108],[-69.936959383,-29.24927955],[-70.019388307,-29.331910163],[-70.118385458,-29.286785063],[-70.182483387,-29.295947794],[-70.20678219,-29.213194081],[-70.2927653,-29.172102278],[-70.327199912,-29.078567393],[-70.389194015,-29.050822163],[-70.368214596,-28.976162768],[-70.401466703,-28.924742624],[-70.393140754,-28.834625207],[-70.488976518,-28.753420156],[-70.391125723,-28.630504263],[-70.311340758,-28.711030032],[-70.155809994,-28.574394385],[-70.068071263,-28.638435473],[-70.014625029,-28.577491056]]]}}, {"type" : "Feature", "id" : "subcuenca:0870", "properties" : {"code": "subcuenca:0870", "name": "Rio Curanilahue", "codigo": "0870", "fuente": "dga_bna", "nombre": "Rio Curanilahue", "region": "Región del Biobío"}, "geometry" : {"type":"Polygon","coordinates":[[[-73.47335873,-37.398780684],[-73.448963962,-37.426978495],[-73.33578048,-37.405842807],[-73.300256085,-37.445434855],[-73.215390569,-37.452316558],[-73.193020044,-37.583796797],[-73.107928407,-37.637085591],[-73.116546212,-37.665585125],[-73.350745733,-37.601441558],[-73.404383227,-37.551827266],[-73.48640607,-37.574828441],[-73.537119206,-37.534210329],[-73.540946091,-37.484912908],[-73.47335873,-37.398780684]]]}}, {"type" : "Feature", "id" : "subcuenca:0712", "properties" : {"code": "subcuenca:0712", "name": "Rio Mataquito", "codigo": "0712", "fuente": "dga_bna", "nombre": "Rio Mataquito", "region": "Región del Maule"}, "geometry" : {"type":"Polygon","coordinates":[[[-71.365374518,-34.912011952],[-71.396807312,-35.032730254],[-71.367612765,-35.06755394],[-71.535400141,-35.243479077],[-71.562565731,-35.247016879],[-71.578445077,-35.205090136],[-71.629087636,-35.227341225],[-71.679419577,-35.160546506],[-71.731383802,-35.145459623],[-71.845451477,-35.214928718],[-71.906910594,-35.177771955],[-71.939707919,-35.195636368],[-71.992421333,-35.145662097],[-72.065073154,-35.161324446],[-72.075910245,-35.06600788],[-72.143976611,-35.081402688],[-72.187797631,-35.053311008],[-72.178685121,-34.962093088],[-71.965082308,-34.966446054],[-71.724649831,-34.912849051],[-71.584213266,-35.016208317],[-71.475243643,-34.992362162],[-71.400521747,-34.909862109],[-71.365374518,-34.912011952]]]}}, {"type" : "Feature", "id" : "subcuenca:0396", "properties" : {"code": "subcuenca:0396", "name": "Quebrada Carrizalillo", "codigo": "0396", "fuente": "dga_bna", "nombre": "Quebrada Carrizalillo", "region": "Región de Atacama"}, "geometry" : {"type":"Polygon","coordinates":[[[-71.464302649,-29.1041985],[-71.257062206,-29.036746263],[-71.181382091,-29.067265019],[-71.124611905,-29.053997306],[-71.06211102,-29.112273928],[-70.958991622,-29.130530573],[-71.063339241,-29.176323241],[-71.27769066,-29.184553626],[-71.36061287,-29.140373157],[-71.402817099,-29.182040953],[-71.500302634,-29.183935821],[-71.504555717,-29.143812368],[-71.464302649,-29.1041985]]]}}, {"type" : "Feature", "id" : "subcuenca:0850", "properties" : {"code": "subcuenca:0850", "name": "Rio Carampangue hasta bajo junta Estero Animas", "codigo": "0850", "fuente": "dga_bna", "nombre": "Rio Carampangue hasta bajo junta Estero Animas", "region": "Región del Biobío"}, "geometry" : {"type":"Polygon","coordinates":[[[-73.199887482,-37.505195876],[-73.123297963,-37.427454723],[-72.982318743,-37.450176256],[-73.021548798,-37.498211807],[-72.987669791,-37.534748552],[-73.053551532,-37.570918682],[-73.067051684,-37.658644394],[-73.108647034,-37.686446869],[-73.107295818,-37.637774184],[-73.193020044,-37.583796797],[-73.199887482,-37.505195876]]]}}, {"type" : "Feature", "id" : "subcuenca:1261", "properties" : {"code": "subcuenca:1261", "name": "Fronterizas entre Rio Rubens y Rio Penitente", "codigo": "1261", "fuente": "dga_bna", "nombre": "Fronterizas entre Rio Rubens y Rio Penitente", "region": "Región de Magallanes y La Antártica Chilena"}, "geometry" : {"type":"Polygon","coordinates":[[[-71.917782613,-52.003241759],[-71.821189699,-52.002017206],[-71.445434458,-52.006460927],[-71.542381272,-52.10843335],[-71.860168187,-52.139067011],[-71.900047403,-52.124139568],[-71.8645325,-52.064111483],[-71.917782613,-52.003241759]]]}}, {"type" : "Feature", "id" : "subcuenca:1270", "properties" : {"code": "subcuenca:1270", "name": "Isla Desolacion y adyacentes", "codigo": "1270", "fuente": "dga_bna", "nombre": "Isla Desolacion y adyacentes", "region": "Región de Magallanes y La Antártica Chilena"}, "geometry" : {"type":"Polygon","coordinates":[[[-75.24426256,-52.518203991],[-74.690803134,-52.589686515],[-74.135162166,-52.83432014],[-73.901092216,-52.947565871],[-73.928542901,-53.055170874],[-73.742492481,-53.213215305],[-73.744379085,-53.242444504],[-74.79409763,-53.242239823],[-75.24426256,-52.518203991]]]}}, {"type" : "Feature", "id" : "subcuenca:0108", "properties" : {"code": "subcuenca:0108", "name": "Salar de Michincha", "codigo": "0108", "fuente": "dga_bna", "nombre": "Salar de Michincha", "region": "Región de Tarapacá"}, "geometry" : {"type":"Polygon","coordinates":[[[-68.72310891,-20.913393749],[-68.547861952,-20.90202383],[-68.484779859,-20.944921013],[-68.545962823,-21.070612465],[-68.575982109,-21.024402568],[-68.708255263,-21.00749557],[-68.687557452,-20.959453825],[-68.740563813,-20.9515915],[-68.72310891,-20.913393749]]]}}, {"type" : "Feature", "id" : "subcuenca:0181", "properties" : {"code": "subcuenca:0181", "name": "Pampas Orcoma y Perdiz", "codigo": "0181", "fuente": "dga_bna", "nombre": "Pampas Orcoma y Perdiz", "region": "Región de Tarapacá"}, "geometry" : {"type":"Polygon","coordinates":[[[-70.149847844,-19.837302348],[-70.044633035,-19.789157402],[-69.909609556,-19.915632812],[-69.927482672,-20.08068432],[-69.886407276,-20.132980807],[-69.920057023,-20.210698455],[-70.068244672,-20.18050489],[-70.094875646,-20.142240193],[-70.151748589,-20.164731521],[-70.121249395,-20.085320519],[-70.149847844,-19.837302348]]]}}, {"type" : "Feature", "id" : "subcuenca:0176", "properties" : {"code": "subcuenca:0176", "name": "Quebrada de Quisma", "codigo": "0176", "fuente": "dga_bna", "nombre": "Quebrada de Quisma", "region": "Región de Tarapacá"}, "geometry" : {"type":"Polygon","coordinates":[[[-68.998542049,-20.282537551],[-68.978378317,-20.436232044],[-69.203279818,-20.529659652],[-69.191541627,-20.461650255],[-69.019285137,-20.338904297],[-68.998542049,-20.282537551]]]}}, {"type" : "Feature", "id" : "subcuenca:0950", "properties" : {"code": "subcuenca:0950", "name": "Rio Queule", "codigo": "0950", "fuente": "dga_bna", "nombre": "Rio Queule", "region": "Región de La Araucanía"}, "geometry" : {"type":"Polygon","coordinates":[[[-73.226606041,-39.258942774],[-73.139409067,-39.162884303],[-73.131931002,-39.125095281],[-73.162968699,-39.101289644],[-73.068040868,-39.078960443],[-72.921251412,-39.145849],[-72.850368805,-39.258442629],[-72.945349714,-39.316600937],[-73.02419151,-39.297799647],[-73.089313147,-39.390854867],[-73.172125499,-39.415787239],[-73.243266099,-39.387170156],[-73.205604418,-39.371420138],[-73.226606041,-39.258942774]]]}}, {"type" : "Feature", "id" : "subcuenca:0522", "properties" : {"code": "subcuenca:0522", "name": "Rio Ligua Bajo (Entre Estero Los Angeles y Desembocadura)", "codigo": "0522", "fuente": "dga_bna", "nombre": "Rio Ligua Bajo (Entre Estero Los Angeles y Desembocadura)", "region": "Región de Valparaíso"}, "geometry" : {"type":"Polygon","coordinates":[[[-71.024732159,-32.344622059],[-70.984452398,-32.321006468],[-70.933740386,-32.341680476],[-71.046910276,-32.437722734],[-71.048341699,-32.57056233],[-71.086101201,-32.61994672],[-71.201101573,-32.603288612],[-71.301961108,-32.485247082],[-71.412893089,-32.41218738],[-71.255317323,-32.400241428],[-71.21939528,-32.368558594],[-71.131903944,-32.438418164],[-71.024732159,-32.344622059]]]}}, {"type" : "Feature", "id" : "subcuenca:0121", "properties" : {"code": "subcuenca:0121", "name": "Rio Lluta Bajo", "codigo": "0121", "fuente": "dga_bna", "nombre": "Rio Lluta Bajo", "region": "Región de Arica y Parinacota"}, "geometry" : {"type":"Polygon","coordinates":[[[-69.717987867,-18.164345902],[-69.643218216,-18.302423566],[-69.686486242,-18.333737614],[-69.699089679,-18.4026939],[-69.65021267,-18.421286009],[-69.782362084,-18.514568524],[-70.164742204,-18.488482064],[-70.33361856,-18.401836921],[-69.922589759,-18.35717395],[-69.804932043,-18.275615463],[-69.717987867,-18.164345902]]]}}, {"type" : "Feature", "id" : "subcuenca:1080", "properties" : {"code": "subcuenca:1080", "name": "Costeras entre Rio Yelcho y Rio Corcovado", "codigo": "1080", "fuente": "dga_bna", "nombre": "Costeras entre Rio Yelcho y Rio Corcovado", "region": "Región de Los Lagos"}, "geometry" : {"type":"Polygon","coordinates":[[[-72.690032967,-43.106065811],[-72.760650519,-43.000847124],[-72.680157166,-43.049429261],[-72.69853183,-43.067522541],[-72.673324514,-43.101611765],[-72.594279303,-43.111044162],[-72.576273839,-43.199233769],[-72.657176949,-43.229777769],[-72.789713808,-43.197463009],[-72.824355765,-43.244943356],[-72.870910544,-43.257960191],[-72.908402686,-43.250525429],[-72.871719249,-43.230342956],[-72.912231302,-43.127173922],[-72.855155978,-43.025838261],[-72.779853547,-43.028826217],[-72.690032967,-43.106065811]]]}}, {"type" : "Feature", "id" : "subcuenca:1224", "properties" : {"code": "subcuenca:1224", "name": "Peninsula Santa Ines e Islas Adyacentes", "codigo": "1224", "fuente": "dga_bna", "nombre": "Peninsula Santa Ines e Islas Adyacentes", "region": "Región de Magallanes y La Antártica Chilena"}, "geometry" : {"type":"Polygon","coordinates":[[[-74.070335225,-51.421600377],[-73.899474904,-51.348196735],[-73.700145949,-51.460413851],[-73.624682583,-51.591892389],[-73.638122251,-51.7240431],[-73.59096832,-51.792800559],[-73.681853984,-51.827616688],[-73.681724364,-51.955787135],[-73.747096816,-51.946824893],[-73.976852224,-51.672313006],[-74.070335225,-51.421600377]]]}}, {"type" : "Feature", "id" : "subcuenca:0267", "properties" : {"code": "subcuenca:0267", "name": "Salar de Aguas Calientes y Laguna de La Azufrera", "codigo": "0267", "fuente": "dga_bna", "nombre": "Salar de Aguas Calientes y Laguna de La Azufrera", "region": "Región de Antofagasta"}, "geometry" : {"type":"Polygon","coordinates":[[[-68.540425654,-24.72452156],[-68.567775063,-24.794918235],[-68.516499532,-24.872128849],[-68.431600821,-24.902714929],[-68.407124753,-25.026700202],[-68.364392293,-25.049208183],[-68.344309682,-25.108631228],[-68.410601975,-25.144308717],[-68.460924163,-25.126331093],[-68.509254312,-25.184528788],[-68.6600531,-25.13348676],[-68.758633843,-24.962000723],[-68.625410227,-24.853585187],[-68.629427208,-24.755690229],[-68.540425654,-24.72452156]]]}}, {"type" : "Feature", "id" : "subcuenca:0862", "properties" : {"code": "subcuenca:0862", "name": "Rio Quiapo", "codigo": "0862", "fuente": "dga_bna", "nombre": "Rio Quiapo", "region": "Región del Biobío"}, "geometry" : {"type":"Polygon","coordinates":[[[-73.557803657,-37.312095336],[-73.46927002,-37.3645947],[-73.527559115,-37.475692201],[-73.57367133,-37.488168975],[-73.600746,-37.435534886],[-73.557803657,-37.312095336]]]}}, {"type" : "Feature", "id" : "subcuenca:1041", "properties" : {"code": "subcuenca:1041", "name": "Rio Maullin", "codigo": "1041", "fuente": "dga_bna", "nombre": "Rio Maullin", "region": "Región de Los Lagos"}, "geometry" : {"type":"Polygon","coordinates":[[[-72.921386698,-40.962602078],[-72.820938172,-40.917126962],[-72.786354064,-40.959657013],[-72.635078224,-40.974077922],[-72.573005722,-41.045763157],[-72.497497567,-41.059487579],[-72.560920666,-41.287186147],[-72.618751297,-41.334291533],[-72.82750702,-41.326908486],[-72.848060444,-41.454075181],[-73.018704292,-41.491349311],[-73.030151296,-41.560353505],[-73.098968483,-41.579072413],[-73.091560291,-41.621746419],[-73.128868042,-41.665998092],[-73.40003934,-41.75476632],[-73.555191083,-41.758656948],[-73.584037621,-41.723384379],[-73.569579993,-41.653981978],[-73.661653977,-41.627408423],[-73.661079477,-41.577679102],[-73.581100331,-41.580108016],[-73.521064684,-41.543224491],[-73.553657282,-41.378862291],[-73.472572252,-41.396180211],[-73.407981333,-41.267184246],[-73.145858719,-41.271181034],[-73.18333427,-41.143334453],[-72.9984359,-41.095685185],[-72.921386698,-40.962602078]]]}}, {"type" : "Feature", "id" : "subcuenca:1187", "properties" : {"code": "subcuenca:1187", "name": "Otras Islas Archipielago Guayeco", "codigo": "1187", "fuente": "dga_bna", "nombre": "Otras Islas Archipielago Guayeco", "region": "Región Aysén del General Carlos Ibáñez del Cam"}, "geometry" : {"type":"Polygon","coordinates":[[[-75.652518857,-48.631749856],[-75.471550162,-48.683645336],[-75.253791962,-48.582120841],[-75.183311443,-48.709919525],[-75.382011478,-48.789422298],[-75.495651281,-48.774665429],[-75.844177032,-48.825991582],[-75.652518857,-48.631749856]]]}}, {"type" : "Feature", "id" : "subcuenca:0276", "properties" : {"code": "subcuenca:0276", "name": "Q. Caracoles entre Salares Navidad y del Carmen (inclusive) y desembocadura", "codigo": "0276", "fuente": "dga_bna", "nombre": "Q. Caracoles entre Salares Navidad y del Carmen (inclusive) y desembocadura", "region": "Región de Antofagasta"}, "geometry" : {"type":"Polygon","coordinates":[[[-70.056538543,-23.61124241],[-69.940214126,-23.716960811],[-69.965296299,-23.762420035],[-69.888050989,-23.907975049],[-69.904138503,-24.007768289],[-70.006653028,-23.994476796],[-70.019130261,-23.899923741],[-70.144065992,-23.919288188],[-70.265404403,-23.715916333],[-70.350785069,-23.715840155],[-70.414105941,-23.674031753],[-70.409413774,-23.645944139],[-70.283588258,-23.673614831],[-70.208576959,-23.72773173],[-70.191128398,-23.670131231],[-70.079894034,-23.647920876],[-70.056538543,-23.61124241]]]}}, {"type" : "Feature", "id" : "subcuenca:1068", "properties" : {"code": "subcuenca:1068", "name": "Costeras Entre R. Negro (incl.) y R. Yelcho", "codigo": "1068", "fuente": "dga_bna", "nombre": "Costeras Entre R. Negro (incl.) y R. Yelcho", "region": "Región de Los Lagos"}, "geometry" : {"type":"Polygon","coordinates":[[[-72.834986609,-42.735351786],[-72.734504589,-42.666319197],[-72.650410667,-42.693149871],[-72.634735072,-42.635709895],[-72.540405233,-42.634723837],[-72.519355524,-42.724042836],[-72.445670894,-42.808819112],[-72.55269611,-42.897296304],[-72.494232435,-42.947118463],[-72.490802145,-42.995608335],[-72.546275335,-43.027817113],[-72.72943088,-42.968553043],[-72.725830086,-42.939508437],[-72.693679525,-42.944013554],[-72.68466179,-42.940014416],[-72.726470736,-42.93662897],[-72.723869174,-42.900344355],[-72.835029526,-42.833141569],[-72.834986609,-42.735351786]]]}}, {"type" : "Feature", "id" : "subcuenca:1094", "properties" : {"code": "subcuenca:1094", "name": "Islas frente a Quellon", "codigo": "1094", "fuente": "dga_bna", "nombre": "Islas frente a Quellon", "region": "Región de Los Lagos"}, "geometry" : {"type":"MultiPolygon","coordinates":[[[[-73.747322099,-43.204266484],[-73.746535961,-43.202089077],[-73.744422765,-43.204841648],[-73.745597638,-43.205756072],[-73.747322099,-43.204266484]]],[[[-73.67169945,-43.222920134],[-73.674354552,-43.247014611],[-73.74433873,-43.198030293],[-73.718582091,-43.174242035],[-73.665695241,-43.191098784],[-73.67169945,-43.222920134]]],[[[-73.588988903,-43.200361054],[-73.560928025,-43.184434582],[-73.582763715,-43.139177448],[-73.52425382,-43.177030589],[-73.508704929,-43.146730525],[-73.510154724,-43.182449792],[-73.588988903,-43.200361054]]],[[[-73.57710253,-43.272818111],[-73.625648347,-43.238722309],[-73.641830465,-43.185265689],[-73.617606991,-43.163966665],[-73.57710253,-43.272818111]]]]}}, {"type" : "Feature", "id" : "subcuenca:0261", "properties" : {"code": "subcuenca:0261", "name": "Pampa Jardin", "codigo": "0261", "fuente": "dga_bna", "nombre": "Pampa Jardin", "region": "Región de Antofagasta"}, "geometry" : {"type":"Polygon","coordinates":[[[-69.059537774,-23.460539958],[-69.024209537,-23.483104097],[-69.079430561,-23.661587584],[-69.053660691,-23.857307375],[-69.08744164,-23.858280935],[-69.139574695,-23.837260618],[-69.167877433,-23.778125134],[-69.133467791,-23.656130995],[-69.133229515,-23.478618524],[-69.059537774,-23.460539958]]]}}, {"type" : "Feature", "id" : "subcuenca:0310", "properties" : {"code": "subcuenca:0310", "name": "Quebrada Pan de Azucar", "codigo": "0310", "fuente": "dga_bna", "nombre": "Quebrada Pan de Azucar", "region": "Región de Atacama"}, "geometry" : {"type":"Polygon","coordinates":[[[-69.084829718,-25.583531564],[-69.058931524,-25.670499626],[-68.983031087,-25.734465564],[-68.998777033,-25.879405109],[-69.065696637,-25.919820983],[-69.125657941,-26.060855893],[-69.185126483,-26.078561994],[-69.307911171,-25.998215423],[-69.291327681,-26.106016821],[-69.376442385,-26.166677563],[-69.457535369,-26.283691075],[-69.505539317,-26.267363489],[-69.539479346,-26.290968311],[-69.590279974,-26.142307917],[-69.648349163,-26.112546653],[-70.059866581,-26.116050023],[-70.198919788,-26.174885686],[-70.333267564,-26.096203506],[-70.389966872,-26.098390194],[-70.487847683,-26.173778091],[-70.669877144,-26.16691131],[-70.656417314,-26.061647598],[-70.610856331,-26.049691865],[-70.597426003,-26.006351419],[-70.324331294,-25.931251738],[-70.311052482,-25.898527648],[-70.264918853,-25.930870721],[-70.082359093,-25.950786026],[-70.007710955,-25.806121634],[-69.812141772,-25.820839781],[-69.608191153,-25.733224326],[-69.563557796,-25.760885618],[-69.548729581,-25.718313037],[-69.346948483,-25.586553666],[-69.170839923,-25.628336032],[-69.095087671,-25.614128366],[-69.084829718,-25.583531564]]]}}, {"type" : "Feature", "id" : "subcuenca:0570", "properties" : {"code": "subcuenca:0570", "name": "Rio Maipo Alto", "codigo": "0570", "fuente": "dga_bna", "nombre": "Rio Maipo Alto", "region": "Región Metropolitana de Santiago"}, "geometry" : {"type":"Polygon","coordinates":[[[-70.259852884,-33.183497897],[-70.202476757,-33.114356998],[-70.089405397,-33.054164731],[-70.052610271,-33.134184479],[-70.064886361,-33.204393914],[-70.027199007,-33.231461585],[-70.038543046,-33.270519422],[-70.006013865,-33.320193513],[-69.918652249,-33.244035562],[-69.904312245,-33.271784678],[-69.799254575,-33.28683614],[-69.769690725,-33.343736081],[-69.871381617,-33.541879683],[-69.866702156,-33.715568838],[-69.902697912,-33.770116854],[-69.897915127,-33.843039096],[-69.856456802,-33.888471309],[-69.904926243,-33.968798055],[-69.857200278,-33.961650023],[-69.819647047,-34.010541461],[-69.86821113,-34.128634328],[-69.798407555,-34.224320385],[-69.90546772,-34.28730566],[-69.971434892,-34.248339757],[-70.051786908,-34.280023112],[-70.071830626,-34.201675173],[-70.165128054,-34.159731057],[-70.143542519,-34.120224431],[-70.184590693,-34.032529678],[-70.244466924,-34.033606532],[-70.26308098,-34.0708628],[-70.339245823,-34.053477499],[-70.320977965,-33.99821195],[-70.378359974,-33.926324604],[-70.375177163,-33.884125463],[-70.425128092,-33.856427927],[-70.400510941,-33.712184707],[-70.440666268,-33.683018681],[-70.386902338,-33.636933646],[-70.37121893,-33.522838603],[-70.177981593,-33.355893667],[-70.216169877,-33.218524598],[-70.259852884,-33.183497897]]]}}, {"type" : "Feature", "id" : "subcuenca:1226", "properties" : {"code": "subcuenca:1226", "name": "Peninsula Roca e Isla Diego Portales", "codigo": "1226", "fuente": "dga_bna", "nombre": "Peninsula Roca e Isla Diego Portales", "region": "Región de Magallanes y La Antártica Chilena"}, "geometry" : {"type":"Polygon","coordinates":[[[-73.365112021,-51.59251226],[-73.21975945,-51.640593601],[-73.162522644,-51.714215921],[-73.075927548,-51.701612118],[-72.865699691,-51.830146538],[-72.924842916,-51.903222772],[-73.093681254,-51.93703163],[-73.134552006,-51.982732123],[-73.119537233,-52.081811474],[-73.147514228,-52.110016775],[-73.252578654,-52.111809582],[-73.330070308,-51.764682405],[-73.396247493,-51.649969145],[-73.365112021,-51.59251226]]]}}, {"type" : "Feature", "id" : "subcuenca:0700", "properties" : {"code": "subcuenca:0700", "name": "Lago Vichuquen", "codigo": "0700", "fuente": "dga_bna", "nombre": "Lago Vichuquen", "region": "Región del Maule"}, "geometry" : {"type":"Polygon","coordinates":[[[-72.134260033,-34.810363455],[-72.067372771,-34.70939853],[-72.066694836,-34.752871639],[-72.021725476,-34.755272093],[-72.021251465,-34.831385431],[-71.931048635,-34.802637882],[-71.795180078,-34.826532076],[-71.728473467,-34.92129468],[-71.965082308,-34.966446054],[-72.18686412,-34.963599911],[-72.134260033,-34.810363455]]]}}, {"type" : "Feature", "id" : "subcuenca:0184", "properties" : {"code": "subcuenca:0184", "name": "Pampa De Las Zorras y Salar Grande", "codigo": "0184", "fuente": "dga_bna", "nombre": "Pampa De Las Zorras y Salar Grande", "region": "Región de Tarapacá"}, "geometry" : {"type":"Polygon","coordinates":[[[-70.206904046,-20.810802235],[-70.162872841,-20.829558898],[-70.134291048,-20.861546672],[-70.112981225,-20.865002154],[-70.054970406,-20.791666093],[-69.971314258,-20.785117301],[-69.800451655,-20.901551678],[-69.80070454,-20.952331074],[-69.721798844,-21.00935043],[-69.681104877,-21.085501999],[-69.867945513,-21.291634151],[-70.014705464,-21.31186312],[-70.017950977,-21.390277024],[-70.061087941,-21.421461186],[-70.096911011,-21.348336499],[-70.065723243,-21.311615442],[-70.081799856,-21.232176397],[-70.134979442,-21.129526568],[-70.125109308,-21.089074673],[-70.178343774,-21.025077956],[-70.127255587,-20.94422502],[-70.138158736,-20.884915232],[-70.206904046,-20.810802235]]]}}, {"type" : "Feature", "id" : "subcuenca:1274", "properties" : {"code": "subcuenca:1274", "name": "Islas al S. Isla Sta Ines y al O. Canal Barbara y Canal Cockburn", "codigo": "1274", "fuente": "dga_bna", "nombre": "Islas al S. Isla Sta Ines y al O. Canal Barbara y Canal Cockburn", "region": "Región de Magallanes y La Antártica Chilena"}, "geometry" : {"type":"Polygon","coordinates":[[[-74.019851471,-54.043673843],[-73.662818764,-53.994065107],[-73.284034608,-53.990814917],[-73.036204411,-54.101202286],[-72.746719192,-54.136290354],[-72.653480349,-54.084453014],[-72.486577653,-54.096904064],[-72.301988415,-54.030836694],[-72.139259039,-54.163692384],[-72.088317733,-54.344776217],[-71.950866621,-54.423458892],[-72.437926891,-54.629470314],[-72.741126707,-54.815086184],[-73.120048468,-54.667836129],[-73.811218192,-54.224193835],[-74.019851471,-54.043673843]]]}}, {"type" : "Feature", "id" : "subcuenca:1243", "properties" : {"code": "subcuenca:1243", "name": "Islas Entre Canal Alte Martinez y Estrecho de Magallanes", "codigo": "1243", "fuente": "dga_bna", "nombre": "Islas Entre Canal Alte Martinez y Estrecho de Magallanes", "region": "Región de Magallanes y La Antártica Chilena"}, "geometry" : {"type":"Polygon","coordinates":[[[-73.802703621,-52.739448887],[-73.672218251,-52.807678372],[-73.601569942,-52.795466388],[-73.320815879,-52.929798018],[-73.348602145,-52.965358667],[-73.522231856,-52.982666032],[-73.607787864,-53.036628914],[-73.746940417,-53.009967779],[-74.078071524,-52.864323001],[-73.802703621,-52.739448887]]]}}, {"type" : "Feature", "id" : "subcuenca:1211", "properties" : {"code": "subcuenca:1211", "name": "Islas entre Canal Fallos y la Isla Wellington", "codigo": "1211", "fuente": "dga_bna", "nombre": "Islas entre Canal Fallos y la Isla Wellington", "region": "Región de Magallanes y La Antártica Chilena"}, "geometry" : {"type":"Polygon","coordinates":[[[-75.328208845,-49.188858192],[-75.056434325,-48.956701537],[-74.979026783,-48.943650343],[-74.816482651,-49.082582278],[-74.870147557,-49.292961307],[-75.06710786,-49.158361745],[-75.080222751,-49.179293023],[-75.032261184,-49.233967394],[-75.115608312,-49.253987948],[-75.328208845,-49.188858192]]]}}, {"type" : "Feature", "id" : "subcuenca:1185", "properties" : {"code": "subcuenca:1185", "name": "Isla Serrano (Archipielago Guayeco)", "codigo": "1185", "fuente": "dga_bna", "nombre": "Isla Serrano (Archipielago Guayeco)", "region": "Región Aysén del General Carlos Ibáñez del Cam"}, "geometry" : {"type":"Polygon","coordinates":[[[-74.740737774,-48.219066585],[-74.71829995,-48.116518173],[-74.667114342,-48.078848014],[-74.565619591,-48.263974941],[-74.468925337,-48.35463324],[-74.482192578,-48.489389096],[-74.399200444,-48.608575162],[-74.397231806,-48.685377438],[-74.557052661,-48.703481563],[-74.686202868,-48.64329548],[-74.978477539,-48.593503654],[-74.995139754,-48.475603064],[-74.870468271,-48.394437582],[-74.766906708,-48.369366321],[-74.769058116,-48.259857269],[-74.740737774,-48.219066585]]]}}, {"type" : "Feature", "id" : "subcuenca:1230", "properties" : {"code": "subcuenca:1230", "name": "Islas Entre Fiordo Andrew, Canal Peel, Canal Inocentes y Estrecho de la Concepcion", "codigo": "1230", "fuente": "dga_bna", "nombre": "Islas Entre Fiordo Andrew, Canal Peel, Canal Inocentes y Estrecho de la Concepcion", "region": "Región de Magallanes y La Antártica Chilena"}, "geometry" : {"type":"Polygon","coordinates":[[[-74.775047359,-50.327027672],[-74.561096186,-50.342053461],[-74.405761627,-50.394199918],[-74.0479965,-50.860421706],[-74.211906283,-50.867503668],[-74.275466987,-50.910959127],[-74.359527632,-50.897161112],[-74.418487543,-50.77006277],[-74.65779844,-50.6768973],[-74.905250582,-50.475656042],[-74.775047359,-50.327027672]]]}}, {"type" : "Feature", "id" : "subcuenca:1090", "properties" : {"code": "subcuenca:1090", "name": "Isla Chiloe", "codigo": "1090", "fuente": "dga_bna", "nombre": "Isla Chiloe", "region": "Región de Los Lagos"}, "geometry" : {"type":"Polygon","coordinates":[[[-74.036666898,-41.808114506],[-74.003471314,-41.77184718],[-73.94425205,-41.795362385],[-73.900871199,-41.7655714],[-73.875663706,-41.784404785],[-73.908294658,-41.794873361],[-73.853248314,-41.828610993],[-73.877754237,-41.85457035],[-73.940009999,-41.821415043],[-73.995277466,-41.846612581],[-73.850700221,-41.882074992],[-73.757316428,-41.861105739],[-73.663719208,-41.795434373],[-73.625648469,-41.823788754],[-73.538230691,-41.796729831],[-73.475906223,-41.831133395],[-73.530593808,-41.875145645],[-73.469665374,-41.904336699],[-73.524986231,-41.890618947],[-73.508392274,-41.923379097],[-73.56278228,-41.951554064],[-73.515670803,-41.951147079],[-73.413879107,-42.070821386],[-73.427772409,-42.109855148],[-73.481055913,-42.111861238],[-73.48688505,-42.147412154],[-73.359443446,-42.207894815],[-73.362327418,-42.241160557],[-73.376136599,-42.236086838],[-73.417022718,-42.258672572],[-73.337432622,-42.263854148],[-73.357299665,-42.337593402],[-73.438468751,-42.313136615],[-73.66445133,-42.385598865],[-73.641158988,-42.435189177],[-73.683120612,-42.47695834],[-73.575622504,-42.533540239],[-73.62934095,-42.522037747],[-73.719795162,-42.567734031],[-73.741195429,-42.536486736],[-73.783965991,-42.53027136],[-73.740470606,-42.517457886],[-73.72528069,-42.425537468],[-73.753707713,-42.427343982],[-73.746978394,-42.471395178],[-73.795928824,-42.518687844],[-73.79861434,-42.542288341],[-73.749008247,-42.55398349],[-73.785934353,-42.612010174],[-73.659469604,-42.663572184],[-73.679328979,-42.692384575],[-73.631522832,-42.700795726],[-73.603126508,-42.75068411],[-73.486495973,-42.792130218],[-73.46098313,-42.879592674],[-73.486900156,-42.904357534],[-73.477226058,-42.875045647],[-73.491905073,-42.861140826],[-73.484481786,-42.883129261],[-73.569770896,-42.886110412],[-73.61645509,-42.812459246],[-73.65001682,-42.845151202],[-73.607650705,-42.848488041],[-73.585945175,-42.887285397],[-73.749244292,-42.845822933],[-73.61732456,-42.914938235],[-73.643302866,-42.940510688],[-73.59259791,-42.952575998],[-73.606818861,-42.969594619],[-73.545921215,-42.973362278],[-73.478172308,-43.135418244],[-73.542678769,-43.099484032],[-73.541999704,-43.120892348],[-73.633140568,-43.117208238],[-73.619353983,-43.140615357],[-73.699889811,-43.150553312],[-73.709495515,-43.107625131],[-73.718559202,-43.091190435],[-73.730590661,-43.092952229],[-73.752174276,-43.204033079],[-73.674499497,-43.264928087],[-73.661537097,-43.317303346],[-73.874504101,-43.284662154],[-73.810203346,-43.310877649],[-73.794425847,-43.354802318],[-73.792152438,-43.409928967],[-73.83718863,-43.426456182],[-73.946144151,-43.36565579],[-73.998222276,-43.390919269],[-74.045394807,-43.360080887],[-74.105155815,-43.391161973],[-74.1383207,-43.350954954],[-74.299552693,-43.325407415],[-74.405006213,-43.260344208],[-74.347480685,-43.148231466],[-74.306342841,-43.132391198],[-74.334808347,-43.117569899],[-74.324607655,-43.075381498],[-74.226417524,-43.029625983],[-74.252815279,-42.986505033],[-74.194099341,-42.97271795],[-74.225219486,-42.914777979],[-74.168365406,-42.899334437],[-74.146812312,-42.846515271],[-74.169364962,-42.767735523],[-74.118598798,-42.657520124],[-74.147804193,-42.546402504],[-74.197112846,-42.511888783],[-74.133941682,-42.321656297],[-74.171386485,-42.266256684],[-74.135223382,-42.197090769],[-74.053398152,-42.14422029],[-74.028289772,-42.068574371],[-74.054801856,-41.968094451],[-74.024093423,-41.947668322],[-74.052459676,-41.933906752],[-73.992996076,-41.890708508],[-74.057785005,-41.835812819],[-74.036666898,-41.808114506]]]}}, {"type" : "Feature", "id" : "subcuenca:1032", "properties" : {"code": "subcuenca:1032", "name": "Rio Pilmaiquen", "codigo": "1032", "fuente": "dga_bna", "nombre": "Rio Pilmaiquen", "region": "Región de Los Ríos"}, "geometry" : {"type":"Polygon","coordinates":[[[-73.127441287,-40.345940223],[-73.045638974,-40.341270663],[-72.783195302,-40.416582393],[-72.626434417,-40.379419497],[-72.492301786,-40.390397628],[-72.311436318,-40.437257238],[-72.303078775,-40.4839963],[-72.114475173,-40.578438224],[-72.059802772,-40.526973487],[-72.056648133,-40.419652568],[-71.998191856,-40.403535686],[-71.878700188,-40.477207113],[-71.824592669,-40.427230259],[-71.843658352,-40.526735013],[-71.886489875,-40.550310338],[-71.861633314,-40.589262084],[-71.825950517,-40.579170895],[-71.871345362,-40.664425178],[-71.966112014,-40.743347689],[-72.072769116,-40.757451018],[-72.121108869,-40.734348519],[-72.147245817,-40.778115435],[-72.480041452,-40.72618638],[-72.581199522,-40.741550228],[-72.653785631,-40.675269777],[-72.904914705,-40.558052182],[-72.966026147,-40.479814518],[-73.084976004,-40.426366808],[-73.127441287,-40.345940223]]]}}, {"type" : "Feature", "id" : "subcuenca:0262", "properties" : {"code": "subcuenca:0262", "name": "Pampa Mariposa (Norte Cerro Mariposa)", "codigo": "0262", "fuente": "dga_bna", "nombre": "Pampa Mariposa (Norte Cerro Mariposa)", "region": "Región de Antofagasta"}, "geometry" : {"type":"Polygon","coordinates":[[[-69.042885144,-23.562668621],[-68.95588246,-23.578651437],[-68.696150522,-23.509130853],[-68.663566667,-23.691221238],[-68.688136354,-23.780561491],[-68.703050528,-23.675048226],[-68.712089376,-23.761423457],[-68.852335054,-23.771637992],[-68.886582044,-23.876120712],[-69.03903001,-23.868859499],[-69.079430561,-23.661587584],[-69.042885144,-23.562668621]]]}}, {"type" : "Feature", "id" : "subcuenca:0521", "properties" : {"code": "subcuenca:0521", "name": "Rio Ligua Medio (entre Quebrada La Cerrada y Los Angeles)", "codigo": "0521", "fuente": "dga_bna", "nombre": "Rio Ligua Medio (entre Quebrada La Cerrada y Los Angeles)", "region": "Región de Valparaíso"}, "geometry" : {"type":"Polygon","coordinates":[[[-70.832042188,-32.268177845],[-70.754140975,-32.279705787],[-70.801152604,-32.381591459],[-70.77998212,-32.427709137],[-70.695503375,-32.44346324],[-70.665140831,-32.482118985],[-70.785734574,-32.549086064],[-70.821741128,-32.629787799],[-70.893294266,-32.607350586],[-71.051202452,-32.63048234],[-71.046910276,-32.437722734],[-70.832042188,-32.268177845]]]}}, {"type" : "Feature", "id" : "subcuenca:1285", "properties" : {"code": "subcuenca:1285", "name": "Costeras Canal Beagle (entre Seno Ventisquero y Frontera)", "codigo": "1285", "fuente": "dga_bna", "nombre": "Costeras Canal Beagle (entre Seno Ventisquero y Frontera)", "region": "Región de Magallanes y La Antártica Chilena"}, "geometry" : {"type":"Polygon","coordinates":[[[-70.187881472,-54.609928381],[-69.878097578,-54.612461307],[-69.872062682,-54.654017328],[-69.831435842,-54.667792092],[-69.590926913,-54.655833923],[-69.492828294,-54.738757516],[-69.291641006,-54.762783926],[-69.086151178,-54.659331515],[-68.891479265,-54.776428327],[-68.7805281,-54.741716986],[-68.612979214,-54.799581264],[-68.612292035,-54.908788639],[-69.001609794,-54.963810696],[-69.697173707,-54.843325772],[-70.330373319,-54.865986257],[-70.31053471,-54.780205449],[-70.187881472,-54.609928381]]]}}, {"type" : "Feature", "id" : "subcuenca:1104", "properties" : {"code": "subcuenca:1104", "name": "R. Palena Bajo", "codigo": "1104", "fuente": "dga_bna", "nombre": "R. Palena Bajo", "region": "Región Aysén del General Carlos Ibáñez del Cam"}, "geometry" : {"type":"Polygon","coordinates":[[[-73.000399256,-43.79090747],[-73.006491144,-43.755025754],[-72.956783232,-43.75667004],[-72.825973365,-43.85722819],[-72.776473835,-43.853930063],[-72.646614132,-43.939302297],[-72.625716884,-43.907770512],[-72.565124427,-43.920081811],[-72.563331467,-43.884780128],[-72.406116158,-43.880455622],[-72.418607292,-43.954151343],[-72.361823904,-44.016335231],[-72.426422316,-44.111523899],[-72.437260879,-44.244630864],[-72.407699498,-44.323112443],[-72.472198304,-44.321536958],[-72.584252567,-44.257068266],[-72.537643236,-44.200057689],[-72.564101018,-44.159277513],[-72.683425677,-44.150874079],[-72.780479479,-44.068483464],[-72.854354667,-44.07847988],[-72.832472761,-43.948565388],[-72.910980262,-43.935895259],[-73.000399256,-43.79090747]]]}}, {"type" : "Feature", "id" : "subcuenca:0732", "properties" : {"code": "subcuenca:0732", "name": "Maule Medio", "codigo": "0732", "fuente": "dga_bna", "nombre": "Maule Medio", "region": "Región del Maule"}, "geometry" : {"type":"Polygon","coordinates":[[[-70.818691886,-35.508352463],[-70.787243181,-35.505176031],[-70.74479784,-35.575050352],[-70.763685153,-35.65630547],[-70.814771314,-35.693750442],[-70.882084211,-35.663973717],[-71.080449779,-35.707474698],[-71.163828031,-35.81747485],[-71.319696987,-35.743593737],[-71.389797933,-35.643297166],[-71.756625386,-35.569293024],[-71.702645351,-35.523233706],[-71.422669559,-35.60402147],[-71.34032668,-35.585575871],[-71.335414242,-35.657835432],[-71.232493991,-35.635820126],[-71.154549667,-35.670127931],[-70.978193693,-35.601779155],[-70.983406765,-35.537203603],[-70.818691886,-35.508352463]]]}}, {"type" : "Feature", "id" : "subcuenca:0833", "properties" : {"code": "subcuenca:0833", "name": "Rio Bio-Bio entre Rio Duqueco y Rio Vergara", "codigo": "0833", "fuente": "dga_bna", "nombre": "Rio Bio-Bio entre Rio Duqueco y Rio Vergara", "region": "Región del Biobío"}, "geometry" : {"type":"Polygon","coordinates":[[[-72.667711386,-37.48900686],[-72.613540553,-37.45659843],[-72.365273915,-37.47853271],[-72.466483927,-37.507324338],[-72.487884609,-37.564296834],[-72.302277336,-37.60557854],[-72.050943021,-37.748222492],[-71.942883786,-37.769550874],[-71.915163002,-37.835328251],[-71.796799377,-37.864582325],[-71.746546268,-37.929476927],[-71.673551093,-37.954549669],[-71.787964753,-38.019395046],[-71.957910049,-37.977903839],[-72.064888791,-37.988438211],[-72.368849656,-37.794403488],[-72.471606506,-37.689095415],[-72.479452682,-37.628883022],[-72.599685579,-37.574567057],[-72.667711386,-37.48900686]]]}}, {"type" : "Feature", "id" : "subcuenca:0913", "properties" : {"code": "subcuenca:0913", "name": "Rio Quepe", "codigo": "0913", "fuente": "dga_bna", "nombre": "Rio Quepe", "region": "Región de La Araucanía"}, "geometry" : {"type":"Polygon","coordinates":[[[-72.925718749,-38.779439995],[-72.754355451,-38.796495391],[-72.55579161,-38.753132239],[-72.488967975,-38.808789299],[-72.272891848,-38.656445684],[-72.026299581,-38.612164867],[-71.939830092,-38.645870809],[-71.80427848,-38.616849237],[-71.727108231,-38.705050929],[-71.890703331,-38.786288519],[-71.8779386,-38.817814996],[-71.919912112,-38.858974177],[-72.056520293,-38.90800453],[-72.155787607,-38.890326466],[-72.204169183,-38.948659567],[-72.276068011,-38.942486498],[-72.330729117,-38.977509867],[-72.866155652,-38.925011083],[-72.925718749,-38.779439995]]]}}, {"type" : "Feature", "id" : "subcuenca:1231", "properties" : {"code": "subcuenca:1231", "name": "Islas Entre Canal Inocentes, Estrecho Sarmiento y Estrecho Guadalupe", "codigo": "1231", "fuente": "dga_bna", "nombre": "Islas Entre Canal Inocentes, Estrecho Sarmiento y Estrecho Guadalupe", "region": "Región de Magallanes y La Antártica Chilena"}, "geometry" : {"type":"Polygon","coordinates":[[[-74.942397693,-50.506918238],[-74.896613658,-50.479871775],[-74.65779844,-50.6768973],[-74.418487543,-50.77006277],[-74.359527632,-50.897161112],[-74.270904626,-50.91476576],[-74.137710297,-51.250516952],[-74.397628691,-51.302852492],[-74.594782932,-51.179168588],[-74.666385986,-51.208071165],[-74.83305071,-51.162979037],[-75.584426894,-51.256554481],[-75.558052218,-50.939264224],[-75.302078273,-50.875405529],[-75.110908574,-50.6429536],[-74.942397693,-50.506918238]]]}}, {"type" : "Feature", "id" : "subcuenca:0735", "properties" : {"code": "subcuenca:0735", "name": "Rio Loncomilla", "codigo": "0735", "fuente": "dga_bna", "nombre": "Rio Loncomilla", "region": "Región del Maule"}, "geometry" : {"type":"Polygon","coordinates":[[[-71.917774526,-35.687917748],[-71.78098695,-35.694821405],[-71.776525826,-35.577064728],[-71.670682601,-35.576343793],[-71.389797933,-35.643297166],[-71.259602613,-35.783623211],[-71.111933276,-35.823747929],[-71.069182111,-35.928242378],[-71.131770247,-36.007734142],[-71.080200171,-36.024914245],[-71.07118254,-35.991304766],[-71.03502482,-35.998900489],[-71.046850628,-36.043948518],[-71.006432495,-36.088403006],[-71.041875038,-36.222224512],[-71.155608853,-36.26230776],[-71.11357863,-36.360694735],[-71.226921752,-36.462780136],[-71.289240073,-36.420727485],[-71.33547985,-36.456869465],[-71.356720203,-36.387234124],[-71.424332601,-36.366453603],[-71.457099855,-36.234126792],[-71.56471399,-36.238184973],[-71.575569129,-36.194430165],[-71.680614872,-36.104350893],[-71.769577123,-35.908358204],[-71.936924385,-35.726096323],[-71.917774526,-35.687917748]]]}}, {"type" : "Feature", "id" : "subcuenca:0840", "properties" : {"code": "subcuenca:0840", "name": "Isla Santa Maria", "codigo": "0840", "fuente": "dga_bna", "nombre": "Isla Santa Maria", "region": "Región del Biobío"}, "geometry" : {"type":"Polygon","coordinates":[[[-73.553603952,-37.023588814],[-73.524959101,-36.970725424],[-73.457099738,-37.054540734],[-73.505760051,-37.040571924],[-73.52102665,-37.075979165],[-73.553603952,-37.023588814]]]}}, {"type" : "Feature", "id" : "subcuenca:0179", "properties" : {"code": "subcuenca:0179", "name": "Quebradas de Cahuisa y de Chipana", "codigo": "0179", "fuente": "dga_bna", "nombre": "Quebradas de Cahuisa y de Chipana", "region": "Región de Tarapacá"}, "geometry" : {"type":"Polygon","coordinates":[[[-69.172830709,-20.812264375],[-68.987079761,-20.801119613],[-68.94521902,-20.84722482],[-69.121683712,-20.925659821],[-69.353651178,-20.90670593],[-69.285351043,-20.834093131],[-69.172830709,-20.812264375]]]}}, {"type" : "Feature", "id" : "subcuenca:0835", "properties" : {"code": "subcuenca:0835", "name": "Rios Malleco y Vergara", "codigo": "0835", "fuente": "dga_bna", "nombre": "Rios Malleco y Vergara", "region": "Región de La Araucanía"}, "geometry" : {"type":"Polygon","coordinates":[[[-72.667711386,-37.48900686],[-72.599685579,-37.574567057],[-72.52996061,-37.596769258],[-72.546867309,-37.636215465],[-72.650486597,-37.663535587],[-72.508172672,-37.721483983],[-72.458152618,-37.861685008],[-72.331568841,-38.030760122],[-72.024513496,-38.165041702],[-71.790905995,-38.128695981],[-71.719042606,-38.164890382],[-71.688806052,-38.240121354],[-71.901259321,-38.241162344],[-72.121457835,-38.140101625],[-72.348830165,-38.119757466],[-72.388505095,-38.151454939],[-72.507264096,-38.162909638],[-72.523125125,-38.236364776],[-72.812806239,-38.197909092],[-72.787459869,-38.157354161],[-72.818823862,-38.095576537],[-72.808663945,-38.032078489],[-72.898216478,-37.995798105],[-72.868529237,-37.966613418],[-72.866631702,-37.884922682],[-72.904759281,-37.845866582],[-72.96368669,-37.855456051],[-72.96221279,-37.823903114],[-73.03274815,-37.820010365],[-73.04190623,-37.778307619],[-72.910237173,-37.728603423],[-72.876631121,-37.777708228],[-72.83436542,-37.779241768],[-72.71939778,-37.727653395],[-72.692312837,-37.698175136],[-72.711702432,-37.665158459],[-72.783900771,-37.622410569],[-72.667711386,-37.48900686]]]}}, {"type" : "Feature", "id" : "subcuenca:0520", "properties" : {"code": "subcuenca:0520", "name": "Rio Ligua Alto (Estero Alicahue)", "codigo": "0520", "fuente": "dga_bna", "nombre": "Rio Ligua Alto (Estero Alicahue)", "region": "Región de Valparaíso"}, "geometry" : {"type":"Polygon","coordinates":[[[-70.457300861,-32.2130308],[-70.411488376,-32.289214761],[-70.435616799,-32.335909117],[-70.610887784,-32.368157086],[-70.657819634,-32.466702554],[-70.77998212,-32.427709137],[-70.801152604,-32.381591459],[-70.754140975,-32.279705787],[-70.522991224,-32.256854893],[-70.457300861,-32.2130308]]]}}, {"type" : "Feature", "id" : "subcuenca:0836", "properties" : {"code": "subcuenca:0836", "name": "Rio Bio-Bio entre Rio Vergara y Rio Laja", "codigo": "0836", "fuente": "dga_bna", "nombre": "Rio Bio-Bio entre Rio Vergara y Rio Laja", "region": "Región del Biobío"}, "geometry" : {"type":"Polygon","coordinates":[[[-72.985262495,-37.267642596],[-72.819616861,-37.229393501],[-72.775585009,-37.263219792],[-72.671187824,-37.259516633],[-72.619568938,-37.309697163],[-72.538131723,-37.266572679],[-72.491817118,-37.323770167],[-72.44212434,-37.295042255],[-72.120201011,-37.302903943],[-71.82884354,-37.364378014],[-71.956619548,-37.426512471],[-72.138854915,-37.397942902],[-72.365273915,-37.47853271],[-72.637904596,-37.462651523],[-72.783900771,-37.622410569],[-72.692778735,-37.701795366],[-72.847307805,-37.780922625],[-72.908379243,-37.72899841],[-73.003723925,-37.759116898],[-73.026867594,-37.718091339],[-73.100580669,-37.725499425],[-73.124335637,-37.688672532],[-73.067051684,-37.658644394],[-73.053551532,-37.570918682],[-72.987669791,-37.534748552],[-73.021548798,-37.498211807],[-72.973306623,-37.443719743],[-73.023678603,-37.359282522],[-72.981470159,-37.344697162],[-72.985262495,-37.267642596]]]}}, {"type" : "Feature", "id" : "subcuenca:0224", "properties" : {"code": "subcuenca:0224", "name": "Costeras entre Q. Chacaya y Q. Caracoles", "codigo": "0224", "fuente": "dga_bna", "nombre": "Costeras entre Q. Chacaya y Q. Caracoles", "region": "Región de Antofagasta"}, "geometry" : {"type":"Polygon","coordinates":[[[-70.298781112,-22.859566374],[-70.192221108,-22.866375023],[-70.096114153,-22.71204883],[-69.962783404,-22.905774872],[-69.996358512,-23.068727527],[-70.200446204,-23.366531272],[-70.29210686,-23.440873095],[-70.316133523,-23.557086918],[-70.400323308,-23.649589094],[-70.402890303,-23.534555286],[-70.464454927,-23.475939156],[-70.51196124,-23.467791673],[-70.546878868,-23.537904463],[-70.626964891,-23.516155785],[-70.587302825,-23.426623187],[-70.6002954,-23.251824122],[-70.556814084,-23.189696597],[-70.577328563,-23.083444698],[-70.516110802,-23.023699215],[-70.48534555,-23.096049806],[-70.383356282,-23.066838908],[-70.29047769,-22.91379745],[-70.298781112,-22.859566374]]]}}, {"type" : "Feature", "id" : "subcuenca:1043", "properties" : {"code": "subcuenca:1043", "name": "Rio Chamiza", "codigo": "1043", "fuente": "dga_bna", "nombre": "Rio Chamiza", "region": "Región de Los Lagos"}, "geometry" : {"type":"Polygon","coordinates":[[[-72.609397743,-41.332676537],[-72.504371585,-41.378056742],[-72.438743604,-41.343022895],[-72.378072755,-41.388564844],[-72.431548921,-41.426067817],[-72.377755065,-41.493471453],[-72.44213104,-41.60674417],[-72.482024985,-41.619039804],[-72.516954306,-41.545391163],[-72.670198274,-41.526593938],[-72.706962354,-41.4929826],[-72.873282681,-41.492604516],[-72.82750702,-41.326908486],[-72.609397743,-41.332676537]]]}}, {"type" : "Feature", "id" : "subcuenca:0248", "properties" : {"code": "subcuenca:0248", "name": "Laguna del Cabo", "codigo": "0248", "fuente": "dga_bna", "nombre": "Laguna del Cabo", "region": "Región de Antofagasta"}, "geometry" : {"type":"Polygon","coordinates":[[[-67.86488299,-23.907316229],[-67.848583658,-24.004525609],[-67.923402963,-24.068520818],[-67.930392662,-24.114930045],[-68.065199015,-24.19811461],[-68.014819746,-24.132169051],[-67.993575362,-23.966933246],[-67.958043987,-23.936753458],[-67.902641909,-23.955251633],[-67.86488299,-23.907316229]]]}}, {"type" : "Feature", "id" : "subcuenca:0412", "properties" : {"code": "subcuenca:0412", "name": "Q. Los Choros entre Q. del Pelicano y desembocadura", "codigo": "0412", "fuente": "dga_bna", "nombre": "Q. Los Choros entre Q. del Pelicano y desembocadura", "region": "Región de Coquimbo"}, "geometry" : {"type":"Polygon","coordinates":[[[-71.277372621,-29.184554527],[-71.063339241,-29.176323241],[-70.908380197,-29.132217269],[-70.974651168,-29.177132919],[-70.99432703,-29.274158246],[-70.932859237,-29.373994283],[-71.041402515,-29.515814798],[-71.269210691,-29.551435786],[-71.271167195,-29.408494664],[-71.31857767,-29.368349387],[-71.287912622,-29.322026119],[-71.373660612,-29.300514849],[-71.289254192,-29.251829043],[-71.277372621,-29.184554527]]]}}, {"type" : "Feature", "id" : "subcuenca:0177", "properties" : {"code": "subcuenca:0177", "name": "Quebrada de Chacarilla", "codigo": "0177", "fuente": "dga_bna", "nombre": "Quebrada de Chacarilla", "region": "Región de Tarapacá"}, "geometry" : {"type":"Polygon","coordinates":[[[-68.984969513,-20.438835125],[-68.963271851,-20.402258358],[-68.871742464,-20.401442467],[-68.82511761,-20.456426918],[-68.811148035,-20.692465766],[-68.761143203,-20.746179744],[-68.72310891,-20.913393749],[-68.885721997,-20.900166616],[-68.94521902,-20.84722482],[-68.969450809,-20.686634528],[-69.118358325,-20.722608663],[-69.188506367,-20.701334738],[-68.999976125,-20.58372333],[-68.984969513,-20.438835125]]]}}, {"type" : "Feature", "id" : "subcuenca:0440", "properties" : {"code": "subcuenca:0440", "name": "E.  El Culebron - Q. El Romeral (Incl.)", "codigo": "0440", "fuente": "dga_bna", "nombre": "E.  El Culebron - Q. El Romeral (Incl.)", "region": "Región de Coquimbo"}, "geometry" : {"type":"Polygon","coordinates":[[[-71.330501823,-29.960296246],[-71.275615379,-29.89967978],[-71.219277956,-29.923720313],[-71.145584168,-30.023046012],[-71.149358854,-30.089185608],[-71.113426523,-30.071103804],[-71.124797313,-30.114100005],[-71.014374291,-30.189842582],[-71.214352193,-30.257917264],[-71.219794863,-30.315155519],[-71.291837221,-30.34802775],[-71.493939241,-30.25301187],[-71.448965234,-30.166574706],[-71.414625406,-30.193622307],[-71.374389666,-30.148868187],[-71.387943396,-30.024277341],[-71.418338035,-29.999737052],[-71.354412942,-29.981655564],[-71.346880556,-29.936182002],[-71.330501823,-29.960296246]]]}}, {"type" : "Feature", "id" : "subcuenca:1122", "properties" : {"code": "subcuenca:1122", "name": "Islas al Este Canal Atlanta y Norte Canal Baeza", "codigo": "1122", "fuente": "dga_bna", "nombre": "Islas al Este Canal Atlanta y Norte Canal Baeza", "region": "Región Aysén del General Carlos Ibáñez del Cam"}, "geometry" : {"type":"Polygon","coordinates":[[[-73.95762626,-44.077454068],[-73.664001384,-44.138745141],[-73.417129336,-44.267439784],[-73.425277508,-44.399799109],[-73.476509157,-44.518792886],[-73.666229152,-44.470333612],[-74.052932743,-44.436959319],[-74.119720237,-44.202875298],[-73.95762626,-44.077454068]]]}}, {"type" : "Feature", "id" : "subcuenca:1061", "properties" : {"code": "subcuenca:1061", "name": "Costeras Entre Pta Tentelhue y Rio Negro (incl.)", "codigo": "1061", "fuente": "dga_bna", "nombre": "Costeras Entre Pta Tentelhue y Rio Negro (incl.)", "region": "Región de Los Lagos"}, "geometry" : {"type":"Polygon","coordinates":[[[-72.372940043,-41.787090884],[-72.305313054,-41.8186037],[-72.285545237,-41.870418232],[-72.493163955,-41.969377166],[-72.536445458,-42.040991286],[-72.587196275,-42.041539482],[-72.583244246,-42.004704483],[-72.611465327,-42.040993578],[-72.665862977,-42.003213549],[-72.690834085,-42.028470804],[-72.812614462,-41.975160003],[-72.800598011,-41.942644006],[-72.832681438,-41.928398338],[-72.609779298,-41.887575028],[-72.372940043,-41.787090884]]]}}, {"type" : "Feature", "id" : "subcuenca:0241", "properties" : {"code": "subcuenca:0241", "name": "Salar de Quisquiro", "codigo": "0241", "fuente": "dga_bna", "nombre": "Salar de Quisquiro", "region": "Región de Antofagasta"}, "geometry" : {"type":"Polygon","coordinates":[[[-67.56348291,-22.98319596],[-67.342897155,-23.069669034],[-67.351048634,-23.166042112],[-67.262560805,-23.150001385],[-67.168054225,-23.18686089],[-67.190303186,-23.286257052],[-67.258325922,-23.299867759],[-67.235329696,-23.336118603],[-67.289288257,-23.328793415],[-67.335934378,-23.440656019],[-67.406326511,-23.36685845],[-67.467887663,-23.360348246],[-67.480084134,-23.277073322],[-67.450949546,-23.189705479],[-67.509059742,-23.126214772],[-67.56348291,-22.98319596]]]}}, {"type" : "Feature", "id" : "subcuenca:0511", "properties" : {"code": "subcuenca:0511", "name": "Petorca Medio", "codigo": "0511", "fuente": "dga_bna", "nombre": "Petorca Medio", "region": "Región de Valparaíso"}, "geometry" : {"type":"Polygon","coordinates":[[[-71.184698994,-32.168777981],[-71.031203488,-32.073138833],[-71.037035158,-32.033001071],[-70.930557091,-32.079524324],[-70.884775589,-32.062161681],[-70.892647005,-32.133778818],[-70.825139098,-32.258113199],[-70.911233912,-32.340156633],[-71.117315708,-32.336468608],[-71.159295707,-32.299372505],[-71.184698994,-32.168777981]]]}}, {"type" : "Feature", "id" : "subcuenca:1276", "properties" : {"code": "subcuenca:1276", "name": "Isla Capitan Aracena y adyacentes", "codigo": "1276", "fuente": "dga_bna", "nombre": "Isla Capitan Aracena y adyacentes", "region": "Región de Magallanes y La Antártica Chilena"}, "geometry" : {"type":"Polygon","coordinates":[[[-71.598525568,-53.885489229],[-71.263656516,-53.948223672],[-71.038040123,-53.910316079],[-71.03572824,-54.000378144],[-70.929809515,-54.218472046],[-70.971656532,-54.348602549],[-71.036994759,-54.403426829],[-71.148917956,-54.414374296],[-71.317229864,-54.350249149],[-71.514980721,-54.338451687],[-71.553152463,-54.287758459],[-71.688758848,-54.224379837],[-71.715476987,-54.170836367],[-71.599332299,-54.094914448],[-71.667342973,-54.01825663],[-71.598525568,-53.885489229]]]}}, {"type" : "Feature", "id" : "subcuenca:0604", "properties" : {"code": "subcuenca:0604", "name": "Estero Alhue", "codigo": "0604", "fuente": "dga_bna", "nombre": "Estero Alhue", "region": "Región Metropolitana de Santiago"}, "geometry" : {"type":"Polygon","coordinates":[[[-71.301917875,-34.031369543],[-71.231789267,-34.011637584],[-71.204797606,-33.960205273],[-71.109488936,-33.942838153],[-71.070306248,-33.889855305],[-70.961512317,-33.920399346],[-70.955787918,-33.972011868],[-70.895107442,-33.988380209],[-70.832627512,-33.951455885],[-70.792046941,-33.993238562],[-70.817662897,-34.034831794],[-70.889001111,-34.03846751],[-70.89137258,-34.075183068],[-70.936841972,-34.088121234],[-70.914629257,-34.143569707],[-71.067770954,-34.179300425],[-71.113452516,-34.247381839],[-71.182403682,-34.254760964],[-71.1897202,-34.30276569],[-71.237806543,-34.30802253],[-71.512585379,-34.127790585],[-71.301917875,-34.031369543]]]}}, {"type" : "Feature", "id" : "subcuenca:0453", "properties" : {"code": "subcuenca:0453", "name": "R. Guatulame (Muro Embalse Paloma)", "codigo": "0453", "fuente": "dga_bna", "nombre": "R. Guatulame (Muro Embalse Paloma)", "region": "Región de Coquimbo"}, "geometry" : {"type":"Polygon","coordinates":[[[-71.040923981,-30.708446093],[-70.900504082,-30.730270665],[-70.887627352,-30.859628795],[-70.824056018,-30.895726392],[-70.834760454,-31.011988731],[-70.80808588,-31.058235801],[-70.615694236,-31.190196979],[-70.611997295,-31.302179721],[-70.723862589,-31.35055201],[-70.759311876,-31.329422857],[-70.842232899,-31.434567704],[-70.894052183,-31.403486435],[-70.890517481,-31.353548936],[-70.924047176,-31.320514831],[-71.051040747,-31.381217845],[-71.137096578,-31.205976986],[-71.294161097,-31.168839907],[-71.271471545,-31.084044688],[-71.113194801,-30.985437692],[-71.085148626,-30.867178543],[-71.153353762,-30.77867441],[-71.040923981,-30.708446093]]]}}, {"type" : "Feature", "id" : "subcuenca:0360", "properties" : {"code": "subcuenca:0360", "name": "Quebrada Totoral", "codigo": "0360", "fuente": "dga_bna", "nombre": "Quebrada Totoral", "region": "Región de Atacama"}, "geometry" : {"type":"Polygon","coordinates":[[[-70.501898771,-27.729074269],[-70.403834706,-27.682199018],[-70.336235537,-27.69958382],[-70.350712112,-27.754176912],[-70.310832024,-27.864108761],[-70.280064563,-27.889431167],[-70.213086112,-27.861013517],[-70.186225492,-27.956449675],[-70.100986316,-28.055858385],[-70.110792388,-28.082825848],[-70.044786741,-28.090673432],[-70.089363081,-28.189012045],[-70.045000499,-28.263438091],[-70.009845266,-28.516396612],[-70.016213783,-28.594952529],[-70.068071263,-28.638435473],[-70.140418823,-28.570603109],[-70.311340758,-28.711030032],[-70.383430631,-28.62991069],[-70.424581472,-28.669265101],[-70.45372501,-28.631534809],[-70.435592344,-28.517989329],[-70.525065404,-28.452357294],[-70.580737957,-28.326987808],[-70.552392156,-28.216591861],[-70.756823299,-28.073738607],[-70.981386866,-28.061223002],[-70.971933213,-28.028083177],[-71.017511266,-28.003756213],[-71.093416133,-27.841777261],[-71.017552601,-27.79946544],[-70.859126148,-27.837724077],[-70.808532452,-27.805235046],[-70.746440196,-27.825473876],[-70.654648159,-27.787286542],[-70.565376511,-27.795529045],[-70.501898771,-27.729074269]]]}}, {"type" : "Feature", "id" : "subcuenca:0321", "properties" : {"code": "subcuenca:0321", "name": "Quebrada Del Chanaral", "codigo": "0321", "fuente": "dga_bna", "nombre": "Quebrada Del Chanaral", "region": "Región de Atacama"}, "geometry" : {"type":"Polygon","coordinates":[[[-70.076040978,-26.657530459],[-70.056741087,-26.587365826],[-70.199949132,-26.426831752],[-70.132090721,-26.408250209],[-70.001944977,-26.443013687],[-69.85470339,-26.527040421],[-69.765132465,-26.401393038],[-69.658428059,-26.376516826],[-69.558434498,-26.535063039],[-69.576192386,-26.585665682],[-69.506521833,-26.60209185],[-69.43844628,-26.541120937],[-69.380298439,-26.667401457],[-69.405040101,-26.703474694],[-69.516258577,-26.729553814],[-69.578442738,-26.895371935],[-69.655220151,-26.883449078],[-69.655989651,-26.835216924],[-69.733925495,-26.798175309],[-69.76522497,-26.864528668],[-69.868405507,-26.882994983],[-69.881936132,-26.921383369],[-69.936633681,-26.913705054],[-69.951236058,-26.860465497],[-69.996121896,-26.839370026],[-70.076040978,-26.657530459]]]}}, {"type" : "Feature", "id" : "subcuenca:1120", "properties" : {"code": "subcuenca:1120", "name": "Archipielago de las Guaitecas", "codigo": "1120", "fuente": "dga_bna", "nombre": "Archipielago de las Guaitecas", "region": "Región Aysén del General Carlos Ibáñez del Cam"}, "geometry" : {"type":"Polygon","coordinates":[[[-74.388626188,-43.961420069],[-74.669593697,-43.814460287],[-74.242515552,-43.650326464],[-74.033157198,-43.601931758],[-73.863884035,-43.595174839],[-73.448638857,-43.681946342],[-73.407676575,-44.245098044],[-73.417129336,-44.267439784],[-73.686241122,-44.131059085],[-73.940810933,-44.085138235],[-74.093032865,-43.983147957],[-74.388626188,-43.961420069]]]}}, {"type" : "Feature", "id" : "subcuenca:0821", "properties" : {"code": "subcuenca:0821", "name": "Costeras entre Rio Pingueral Y Rio Andalien", "codigo": "0821", "fuente": "dga_bna", "nombre": "Costeras entre Rio Pingueral Y Rio Andalien", "region": "Región del Biobío"}, "geometry" : {"type":"Polygon","coordinates":[[[-72.977134666,-36.55120105],[-72.96591945,-36.521302159],[-72.955154268,-36.556563631],[-72.92650375,-36.527842154],[-72.883578236,-36.561613522],[-72.834598565,-36.628992705],[-72.864618365,-36.672934272],[-72.834285805,-36.734009009],[-72.930412633,-36.751579183],[-72.991618584,-36.729283707],[-72.956764126,-36.63014983],[-73.002266,-36.578000993],[-72.977134666,-36.55120105]]]}}, {"type" : "Feature", "id" : "subcuenca:1245", "properties" : {"code": "subcuenca:1245", "name": "Costeras Continentales del Seno Skyring", "codigo": "1245", "fuente": "dga_bna", "nombre": "Costeras Continentales del Seno Skyring", "region": "Región de Magallanes y La Antártica Chilena"}, "geometry" : {"type":"Polygon","coordinates":[[[-72.135551464,-52.242119672],[-72.018766542,-52.234927685],[-71.924606061,-52.305363713],[-71.928718374,-52.413729906],[-71.862808084,-52.453917313],[-71.702239879,-52.474510648],[-71.600972873,-52.446581591],[-71.252023875,-52.498398378],[-71.225054602,-52.525132387],[-71.343450096,-52.601518353],[-71.332954374,-52.689891455],[-71.378936669,-52.746756269],[-71.356040776,-52.834366338],[-71.391067501,-52.722021763],[-71.474490878,-52.641821179],[-72.036620939,-52.607727172],[-72.18142697,-52.568199708],[-72.338989132,-52.740386469],[-72.473113843,-52.802074635],[-72.544263205,-52.800373383],[-72.636214923,-52.733367556],[-72.712859915,-52.620648002],[-72.891196856,-52.520583269],[-72.8763183,-52.467949602],[-72.745344134,-52.534964363],[-72.613677729,-52.498039136],[-72.566284067,-52.541630145],[-72.489675269,-52.481674977],[-72.54911781,-52.414451306],[-72.505309769,-52.35591458],[-72.320159695,-52.351302183],[-72.328422425,-52.315503415],[-72.291641102,-52.301911239],[-72.182962758,-52.334679301],[-72.135551464,-52.242119672]]]}}, {"type" : "Feature", "id" : "subcuenca:0103", "properties" : {"code": "subcuenca:0103", "name": "Salar de Surire", "codigo": "0103", "fuente": "dga_bna", "nombre": "Salar de Surire", "region": "Región de Arica y Parinacota"}, "geometry" : {"type":"Polygon","coordinates":[[[-69.16004271,-18.808948923],[-69.090404427,-18.746996781],[-68.979522082,-18.733944345],[-68.913362419,-18.889898103],[-69.013548752,-19.002101267],[-69.08147015,-19.019932906],[-69.150353284,-18.931204476],[-69.16004271,-18.808948923]]]}}, {"type" : "Feature", "id" : "subcuenca:0342", "properties" : {"code": "subcuenca:0342", "name": "Rio Manflas", "codigo": "0342", "fuente": "dga_bna", "nombre": "Rio Manflas", "region": "Región de Atacama"}, "geometry" : {"type":"Polygon","coordinates":[[[-70.047487147,-28.106994555],[-70.00959019,-28.098261638],[-70.006265254,-28.046453252],[-69.958926365,-28.046498554],[-69.898978678,-28.208356744],[-69.839082578,-28.236632658],[-69.852127006,-28.369461277],[-69.81698056,-28.399006522],[-69.819128113,-28.455970105],[-69.796261676,-28.498924893],[-69.730787599,-28.522949713],[-69.697501351,-28.577803905],[-69.69730755,-28.612306386],[-69.722891199,-28.577522096],[-69.760264246,-28.635741933],[-69.806829114,-28.641158906],[-70.023672944,-28.574047562],[-70.045000499,-28.263438091],[-70.089363081,-28.189012045],[-70.047487147,-28.106994555]]]}}, {"type" : "Feature", "id" : "subcuenca:0120", "properties" : {"code": "subcuenca:0120", "name": "Rio Lluta Alto", "codigo": "0120", "fuente": "dga_bna", "nombre": "Rio Lluta Alto", "region": "Región de Arica y Parinacota"}, "geometry" : {"type":"Polygon","coordinates":[[[-69.775520517,-18.033161327],[-69.750857272,-17.947945664],[-69.798950676,-17.873842252],[-69.826425792,-17.706354553],[-69.7965243,-17.646682084],[-69.666418558,-17.660387844],[-69.603571537,-17.614291106],[-69.586413596,-17.762554364],[-69.498092172,-17.795359558],[-69.496134336,-17.856924909],[-69.387516579,-17.90541798],[-69.35402396,-17.984680753],[-69.385245612,-18.077015219],[-69.4300923,-18.090274482],[-69.384180266,-18.11966424],[-69.400719442,-18.196942988],[-69.489501361,-18.261494478],[-69.488130953,-18.306018949],[-69.574423929,-18.285922794],[-69.643919366,-18.309249216],[-69.775520517,-18.033161327]]]}}, {"type" : "Feature", "id" : "subcuenca:1282", "properties" : {"code": "subcuenca:1282", "name": "Costeras entre Cabo Nose y R. Azopardo (incl.)", "codigo": "1282", "fuente": "dga_bna", "nombre": "Costeras entre Cabo Nose y R. Azopardo (incl.)", "region": "Región de Magallanes y La Antártica Chilena"}, "geometry" : {"type":"Polygon","coordinates":[[[-70.283675838,-53.744132061],[-70.033847744,-53.780347732],[-69.878518824,-53.929515058],[-69.707524505,-53.862817571],[-69.744529666,-53.942576318],[-69.6181259,-54.001816261],[-69.434502531,-54.01169084],[-69.409422322,-54.034883417],[-69.446380465,-54.059220255],[-69.398582436,-54.066173623],[-69.430831585,-54.109756877],[-69.363510623,-54.141980569],[-69.374314467,-54.213867786],[-69.250590245,-54.255924716],[-69.240478263,-54.294212165],[-68.943836258,-54.293360358],[-68.932227738,-54.381507212],[-68.777465666,-54.394761049],[-68.713569527,-54.432894669],[-68.615352619,-54.416216392],[-68.614280936,-54.590513172],[-68.7606758,-54.63808841],[-68.932265888,-54.613415545],[-68.989067031,-54.577220477],[-68.925611662,-54.532593096],[-69.001418699,-54.469994502],[-69.739341698,-54.249049361],[-70.178336807,-54.174610754],[-70.283675838,-53.744132061]]]}}, {"type" : "Feature", "id" : "subcuenca:0330", "properties" : {"code": "subcuenca:0330", "name": "Costeras entre Rio Salado y Quebrada Flamenco", "codigo": "0330", "fuente": "dga_bna", "nombre": "Costeras entre Rio Salado y Quebrada Flamenco", "region": "Región de Atacama"}, "geometry" : {"type":"Polygon","coordinates":[[[-70.628100352,-26.347741799],[-70.608871666,-26.404499575],[-70.453502531,-26.510928814],[-70.70226116,-26.542342927],[-70.697353952,-26.38898467],[-70.628100352,-26.347741799]]]}}, {"type" : "Feature", "id" : "subcuenca:0463", "properties" : {"code": "subcuenca:0463", "name": "Costeras entre Quebrada Totoral y Rio Choapa", "codigo": "0463", "fuente": "dga_bna", "nombre": "Costeras entre Quebrada Totoral y Rio Choapa", "region": "Región de Coquimbo"}, "geometry" : {"type":"Polygon","coordinates":[[[-71.619115166,-31.342581308],[-71.50169983,-31.375556386],[-71.550127978,-31.465190498],[-71.50139155,-31.569244894],[-71.569758799,-31.612364745],[-71.619115166,-31.342581308]]]}}, {"type" : "Feature", "id" : "subcuenca:0275", "properties" : {"code": "subcuenca:0275", "name": "Quebrada Chimborazo", "codigo": "0275", "fuente": "dga_bna", "nombre": "Quebrada Chimborazo", "region": "Región de Antofagasta"}, "geometry" : {"type":"Polygon","coordinates":[[[-69.163310181,-23.787695251],[-69.139574695,-23.837260618],[-69.08744164,-23.858280935],[-69.059882984,-23.94847604],[-69.138800353,-24.063597268],[-69.135474621,-24.131615336],[-69.081104895,-24.217352762],[-69.181048366,-24.217971238],[-69.278517023,-24.331948542],[-69.493256777,-24.219867732],[-69.639620705,-24.071603673],[-69.804017789,-24.054363862],[-69.821392141,-23.992054109],[-69.904138503,-24.007768289],[-69.888050989,-23.907975049],[-69.965459535,-23.75935734],[-69.698734434,-24.000076885],[-69.348630363,-23.991829558],[-69.249200106,-23.929363326],[-69.235083211,-23.882097789],[-69.203346232,-23.887634552],[-69.163310181,-23.787695251]]]}}, {"type" : "Feature", "id" : "subcuenca:0250", "properties" : {"code": "subcuenca:0250", "name": "Salar de Atacama", "codigo": "0250", "fuente": "dga_bna", "nombre": "Salar de Atacama", "region": "Región de Antofagasta"}, "geometry" : {"type":"Polygon","coordinates":[[[-67.878868877,-22.625859861],[-67.884072488,-22.834173067],[-67.825311154,-22.846314216],[-67.767255306,-22.923274298],[-67.693301187,-23.123175078],[-67.709112743,-23.249235181],[-67.629069326,-23.262004396],[-67.581706159,-23.398709737],[-67.737432947,-23.366922934],[-67.722854091,-23.483578195],[-67.825282601,-23.751148353],[-67.817035296,-23.796001326],[-67.772502856,-23.812085275],[-67.902641909,-23.955251633],[-67.958043987,-23.936753458],[-67.989248794,-23.960682338],[-68.042825808,-24.182352083],[-68.133145868,-24.243414491],[-68.350677142,-24.294640248],[-68.394294983,-24.121880775],[-68.476889256,-24.067264056],[-68.511721188,-24.1493331],[-68.491370953,-24.232325904],[-68.577533278,-24.315381967],[-68.658707295,-24.212101332],[-68.679068765,-24.118693659],[-68.693320362,-23.837560664],[-68.663566667,-23.691221238],[-68.696150522,-23.509130853],[-68.56211293,-23.473020457],[-68.541579914,-23.314141334],[-68.308023721,-22.955894605],[-68.21207646,-22.954403817],[-68.195197429,-22.849814845],[-68.067215926,-22.699747838],[-68.074003792,-22.612792293],[-67.910036125,-22.59338589],[-67.878868877,-22.625859861]]]}}, {"type" : "Feature", "id" : "subcuenca:0211", "properties" : {"code": "subcuenca:0211", "name": "Loa Medio (entre R.  Salado y Q. de Barrera)", "codigo": "0211", "fuente": "dga_bna", "nombre": "Loa Medio (entre R.  Salado y Q. de Barrera)", "region": "Región de Antofagasta"}, "geometry" : {"type":"Polygon","coordinates":[[[-69.849430323,-21.272412963],[-69.650763549,-21.056713704],[-69.511500374,-21.044084561],[-69.262453666,-20.913118364],[-69.107624942,-20.923279361],[-68.950040382,-20.844416212],[-68.885721997,-20.900166616],[-68.72310891,-20.913393749],[-68.740563813,-20.9515915],[-68.687557452,-20.959453825],[-68.701035275,-21.073698495],[-68.758924286,-21.187734349],[-68.840036476,-21.220054688],[-68.865141501,-21.286182498],[-68.850857102,-21.366975835],[-68.798630046,-21.399510626],[-68.858130798,-21.806458121],[-68.812917665,-21.8906509],[-68.81786141,-22.021926206],[-68.695313527,-22.057257825],[-68.625490656,-22.125099388],[-68.620930649,-22.213690301],[-68.67154358,-22.36768458],[-68.432246443,-22.385121159],[-68.341578845,-22.463201752],[-68.329836658,-22.596539804],[-68.435307868,-22.737594057],[-68.455032283,-22.846219011],[-68.488601575,-22.86581037],[-68.705366257,-22.790980445],[-68.753966527,-22.684630203],[-68.858472842,-22.621503218],[-68.926588533,-22.649435746],[-69.003064899,-22.754242179],[-69.103167741,-22.743951324],[-69.151332733,-22.778687432],[-69.292620406,-22.798594791],[-69.361888675,-22.887268109],[-69.497524153,-22.950734025],[-69.741008611,-22.752320313],[-69.785325731,-22.680906173],[-69.894230505,-22.635134624],[-69.937412284,-22.567222992],[-69.875943773,-22.343119284],[-69.892843951,-22.26995255],[-69.853292054,-22.229076782],[-69.909328694,-22.040453724],[-69.886969112,-21.96118459],[-69.857337596,-21.950347921],[-69.867387215,-21.859244182],[-69.910891397,-21.804432246],[-69.791917883,-21.722077084],[-69.758712518,-21.617820107],[-69.859108579,-21.484191401],[-69.779115403,-21.439587772],[-69.829577542,-21.383675842],[-69.849430323,-21.272412963]]]}}, {"type" : "Feature", "id" : "subcuenca:1064", "properties" : {"code": "subcuenca:1064", "name": "Rio Vodudahue", "codigo": "1064", "fuente": "dga_bna", "nombre": "Rio Vodudahue", "region": "Región de Los Lagos"}, "geometry" : {"type":"Polygon","coordinates":[[[-72.33057205,-42.477860212],[-72.318004676,-42.44831763],[-72.350674113,-42.418030583],[-72.297370686,-42.398314212],[-72.251052419,-42.266107667],[-72.212310622,-42.250366458],[-72.139091353,-42.290264367],[-72.129386757,-42.384928454],[-72.028411661,-42.406718654],[-72.046485848,-42.450194609],[-72.011947563,-42.485793236],[-72.05312332,-42.56486398],[-72.120277309,-42.603959582],[-72.098983544,-42.641653343],[-72.145210145,-42.680501257],[-72.181175134,-42.637507551],[-72.23527535,-42.661909266],[-72.399692586,-42.57422516],[-72.421073647,-42.50536895],[-72.40369392,-42.483709901],[-72.341270289,-42.477998714],[-72.321998485,-42.489661655],[-72.303932043,-42.484214652],[-72.294494544,-42.459652973],[-72.33057205,-42.477860212]]]}}, {"type" : "Feature", "id" : "subcuenca:1184", "properties" : {"code": "subcuenca:1184", "name": "Isla Prat (Archipielago Guayeco)", "codigo": "1184", "fuente": "dga_bna", "nombre": "Isla Prat (Archipielago Guayeco)", "region": "Región Aysén del General Carlos Ibáñez del Cam"}, "geometry" : {"type":"Polygon","coordinates":[[[-75.233062403,-48.056413436],[-74.987510487,-48.075785915],[-74.888480758,-48.121164041],[-74.835571213,-48.158245074],[-74.827758477,-48.207868581],[-74.740737774,-48.219066585],[-74.771209427,-48.273134329],[-74.761955296,-48.363458166],[-74.995139754,-48.475603064],[-75.145332158,-48.261161278],[-75.233062403,-48.056413436]]]}}, {"type" : "Feature", "id" : "subcuenca:0400", "properties" : {"code": "subcuenca:0400", "name": "Qs. entre Q. Carrizalillo y R. Los Choros", "codigo": "0400", "fuente": "dga_bna", "nombre": "Qs. entre Q. Carrizalillo y R. Los Choros", "region": "Región de Coquimbo"}, "geometry" : {"type":"Polygon","coordinates":[[[-71.277372621,-29.184554527],[-71.289254192,-29.251829043],[-71.373660612,-29.300514849],[-71.471923875,-29.24894507],[-71.500361655,-29.184024927],[-71.402817099,-29.182040953],[-71.36061287,-29.140373157],[-71.277372621,-29.184554527]]]}}, {"type" : "Feature", "id" : "subcuenca:0737", "properties" : {"code": "subcuenca:0737", "name": "Rio Claro", "codigo": "0737", "fuente": "dga_bna", "nombre": "Rio Claro", "region": "Región del Maule"}, "geometry" : {"type":"Polygon","coordinates":[[[-71.562565731,-35.247016879],[-71.451859734,-35.179015786],[-71.384397857,-35.081837235],[-71.360104504,-35.121250242],[-71.16398451,-35.187622738],[-71.118385733,-35.266397445],[-71.032230612,-35.296001902],[-71.018951068,-35.362419812],[-70.919600575,-35.382799192],[-70.818691886,-35.508352463],[-70.983406765,-35.537203603],[-70.978193693,-35.601779155],[-71.154549667,-35.670127931],[-71.232493991,-35.635820126],[-71.335414242,-35.657835432],[-71.34032668,-35.585575871],[-71.474340211,-35.593254501],[-71.886745801,-35.460234467],[-71.78131659,-35.40903932],[-71.751240504,-35.443428426],[-71.717610215,-35.435209024],[-71.650189532,-35.313202972],[-71.573389125,-35.292599079],[-71.562565731,-35.247016879]]]}}, {"type" : "Feature", "id" : "subcuenca:0270", "properties" : {"code": "subcuenca:0270", "name": "Quebrada Caracoles bajo junta Quebrada El Buitre", "codigo": "0270", "fuente": "dga_bna", "nombre": "Quebrada Caracoles bajo junta Quebrada El Buitre", "region": "Región de Antofagasta"}, "geometry" : {"type":"Polygon","coordinates":[[[-69.68136455,-22.803631632],[-69.484602503,-22.952467716],[-69.361888675,-22.887268109],[-69.292620406,-22.798594791],[-69.151332733,-22.778687432],[-69.103167741,-22.743951324],[-69.003064899,-22.754242179],[-68.926588533,-22.649435746],[-68.858472842,-22.621503218],[-68.753966527,-22.684630203],[-68.705366257,-22.790980445],[-68.488601575,-22.86581037],[-68.559895869,-22.963008045],[-68.532361064,-23.083678053],[-68.805426876,-23.090031586],[-68.802324893,-23.20019927],[-68.847488522,-23.272675754],[-69.00207091,-23.320353244],[-69.035883943,-23.258559499],[-69.186333961,-23.263385038],[-69.256631592,-23.190060479],[-69.367635318,-23.240478657],[-69.449664426,-23.365119954],[-69.561579993,-23.252609716],[-69.716725388,-23.167673458],[-69.682417463,-22.951794444],[-69.737631246,-22.859200201],[-69.68136455,-22.803631632]]]}}, {"type" : "Feature", "id" : "subcuenca:0180", "properties" : {"code": "subcuenca:0180", "name": "Entre Quebrada Tilviche y Pampa Orcoma", "codigo": "0180", "fuente": "dga_bna", "nombre": "Entre Quebrada Tilviche y Pampa Orcoma", "region": "Región de Tarapacá"}, "geometry" : {"type":"Polygon","coordinates":[[[-70.206514058,-19.590825938],[-70.078118423,-19.577543708],[-70.049242185,-19.640105719],[-70.053565112,-19.796866527],[-70.149847844,-19.837302348],[-70.165644306,-19.827035206],[-70.146181364,-19.785463255],[-70.168458151,-19.656800353],[-70.23992883,-19.599255044],[-70.206514058,-19.590825938]]]}}, {"type" : "Feature", "id" : "subcuenca:1060", "properties" : {"code": "subcuenca:1060", "name": "Costeras entre Rio Puelo y Punta Trentelhue", "codigo": "1060", "fuente": "dga_bna", "nombre": "Costeras entre Rio Puelo y Punta Trentelhue", "region": "Región de Los Lagos"}, "geometry" : {"type":"Polygon","coordinates":[[[-72.28194236,-41.505456099],[-72.243163926,-41.55971084],[-72.336616519,-41.692632712],[-72.311889633,-41.773655137],[-72.609779298,-41.887575028],[-72.876647717,-41.913976731],[-72.789993367,-41.870843604],[-72.788284282,-41.833401466],[-72.647910959,-41.729360803],[-72.466567815,-41.724387339],[-72.317275843,-41.650743417],[-72.28194236,-41.505456099]]]}}, {"type" : "Feature", "id" : "subcuenca:0311", "properties" : {"code": "subcuenca:0311", "name": "Quebradas entre Pan de Azucar y Rio Salado", "codigo": "0311", "fuente": "dga_bna", "nombre": "Quebradas entre Pan de Azucar y Rio Salado", "region": "Región de Atacama"}, "geometry" : {"type":"Polygon","coordinates":[[[-70.669054098,-26.168825566],[-70.487847683,-26.173778091],[-70.398173447,-26.10167375],[-70.333267564,-26.096203506],[-70.197968986,-26.195040004],[-70.247441301,-26.26581009],[-70.630532291,-26.319306233],[-70.673198497,-26.298287509],[-70.643885952,-26.249185459],[-70.669054098,-26.168825566]]]}}, {"type" : "Feature", "id" : "subcuenca:1260", "properties" : {"code": "subcuenca:1260", "name": "R. Rubens", "codigo": "1260", "fuente": "dga_bna", "nombre": "R. Rubens", "region": "Región de Magallanes y La Antártica Chilena"}, "geometry" : {"type":"MultiPolygon","coordinates":[[[[-73.518020621,-49.943708241],[-73.458930908,-50.013954966],[-73.488837836,-50.119394433],[-73.361419545,-50.256863144],[-73.322555531,-50.401104425],[-73.135917591,-50.580991317],[-73.147048752,-50.668102003],[-73.389953416,-50.533598456],[-73.449210856,-50.476862033],[-73.452567832,-50.397959873],[-73.558509906,-50.282579209],[-73.575500294,-50.191691666],[-73.50681294,-50.071369724],[-73.57305894,-50.042664305],[-73.58406826,-49.945291379],[-73.518020621,-49.943708241]]],[[[-73.368064647,-49.278163419],[-73.184509189,-49.149466868],[-73.085273834,-49.125307241],[-73.086235061,-49.083413144],[-73.05744904,-49.072534535],[-72.918983359,-49.123184758],[-72.94845558,-49.230978457],[-73.135612453,-49.278530169],[-73.136428728,-49.324184849],[-73.041778394,-49.419818028],[-73.054161071,-49.465264491],[-73.130210803,-49.524620086],[-73.216812007,-49.66903351],[-73.456611323,-49.845193927],[-73.442962375,-49.77281802],[-73.52298724,-49.693794144],[-73.467315789,-49.646291533],[-73.549796937,-49.532280203],[-73.453811528,-49.332165528],[-73.368064647,-49.278163419]]],[[[-71.909944173,-52.006322651],[-71.866134189,-52.05414408],[-71.879417412,-52.107509129],[-71.956747752,-52.108709921],[-72.024764698,-52.237624872],[-72.246696681,-52.246842404],[-72.2604099,-52.179397369],[-72.365181183,-52.136190407],[-72.319099521,-52.081487314],[-72.229218629,-52.089522019],[-72.057052728,-52.023400385],[-71.909944173,-52.006322651]]]]}}, {"type" : "Feature", "id" : "subcuenca:0842", "properties" : {"code": "subcuenca:0842", "name": "Costeras entre R. Manco (incl.) y R. Laraquete", "codigo": "0842", "fuente": "dga_bna", "nombre": "Costeras entre R. Manco (incl.) y R. Laraquete", "region": "Región del Biobío"}, "geometry" : {"type":"Polygon","coordinates":[[[-73.146490072,-37.034748856],[-73.076134336,-37.050337423],[-73.043216711,-37.097918945],[-73.081730394,-37.153129509],[-73.175672514,-37.147649312],[-73.146490072,-37.034748856]]]}}, {"type" : "Feature", "id" : "subcuenca:0173", "properties" : {"code": "subcuenca:0173", "name": "Quebrada de Tarapaca", "codigo": "0173", "fuente": "dga_bna", "nombre": "Quebrada de Tarapaca", "region": "Región de Tarapacá"}, "geometry" : {"type":"Polygon","coordinates":[[[-69.171032267,-19.642753858],[-69.082058437,-19.597396974],[-68.99037741,-19.624480958],[-68.916663105,-19.588178722],[-68.841700081,-19.64630344],[-68.772769156,-19.784442238],[-68.962101926,-19.935621331],[-69.242638393,-19.90430627],[-69.434467524,-19.933874404],[-69.463572807,-19.909267124],[-69.578533089,-19.993757902],[-69.436512008,-19.833899304],[-69.239889803,-19.734529543],[-69.171032267,-19.642753858]]]}}, {"type" : "Feature", "id" : "subcuenca:0891", "properties" : {"code": "subcuenca:0891", "name": "R. Lleullen", "codigo": "0891", "fuente": "dga_bna", "nombre": "R. Lleullen", "region": "Región del Biobío"}, "geometry" : {"type":"Polygon","coordinates":[[[-73.253692599,-38.050877457],[-73.080881162,-38.094703648],[-73.077863218,-38.174294484],[-73.278499084,-38.296023976],[-73.415971909,-38.261511717],[-73.400665217,-38.156051659],[-73.447059656,-38.132772302],[-73.454297329,-38.090251033],[-73.253692599,-38.050877457]]]}}, {"type" : "Feature", "id" : "subcuenca:0882", "properties" : {"code": "subcuenca:0882", "name": "Rio Paicavi", "codigo": "0882", "fuente": "dga_bna", "nombre": "Rio Paicavi", "region": "Región del Biobío"}, "geometry" : {"type":"Polygon","coordinates":[[[-73.358899877,-37.640030036],[-73.311380166,-37.671420026],[-73.232052393,-37.649529484],[-73.126533178,-37.685506091],[-73.100580669,-37.725499425],[-73.044667165,-37.708419714],[-73.01892125,-37.733666448],[-73.044047116,-37.841802669],[-73.127383705,-37.876844196],[-73.12070589,-37.958740004],[-73.185390614,-37.986373127],[-73.211405482,-38.053132209],[-73.259371168,-38.048482906],[-73.358587851,-37.940633153],[-73.473121443,-38.017289711],[-73.50160104,-37.949391171],[-73.434008122,-37.834456334],[-73.435882496,-37.744391942],[-73.358899877,-37.640030036]]]}}, {"type" : "Feature", "id" : "subcuenca:0455", "properties" : {"code": "subcuenca:0455", "name": "Rio Limari", "codigo": "0455", "fuente": "dga_bna", "nombre": "Rio Limari", "region": "Región de Coquimbo"}, "geometry" : {"type":"Polygon","coordinates":[[[-71.300569224,-30.345912423],[-71.216535785,-30.31654584],[-71.157739125,-30.421267026],[-71.11883173,-30.430176467],[-71.116123737,-30.508998045],[-71.155922668,-30.548770969],[-71.176331877,-30.646252682],[-71.156377881,-30.774930367],[-71.085148626,-30.867178543],[-71.113194801,-30.985437692],[-71.271471545,-31.084044688],[-71.276886431,-30.985640646],[-71.358965135,-30.893057654],[-71.468807228,-30.917167528],[-71.549586883,-30.852697554],[-71.586177824,-30.758685342],[-71.661513576,-30.776735579],[-71.710985091,-30.726149283],[-71.677717342,-30.701822649],[-71.667206098,-30.604839929],[-71.602050316,-30.584460437],[-71.425948651,-30.609605606],[-71.343402888,-30.561144892],[-71.365017719,-30.473509136],[-71.32261114,-30.409268162],[-71.283264158,-30.411464198],[-71.300569224,-30.345912423]]]}}, {"type" : "Feature", "id" : "subcuenca:1113", "properties" : {"code": "subcuenca:1113", "name": "Costeras entre Seno Ventisquero y Rio Cisnes", "codigo": "1113", "fuente": "dga_bna", "nombre": "Costeras entre Seno Ventisquero y Rio Cisnes", "region": "Región Aysén del General Carlos Ibáñez del Cam"}, "geometry" : {"type":"Polygon","coordinates":[[[-72.499003379,-44.309069214],[-72.378562718,-44.322934646],[-72.355765521,-44.349848825],[-72.383231896,-44.408569012],[-72.247177225,-44.445699426],[-72.252967615,-44.494397828],[-72.326581041,-44.505098758],[-72.324852126,-44.555222844],[-72.373451095,-44.613798695],[-72.433758408,-44.589719708],[-72.618858276,-44.690903964],[-72.769599789,-44.731372498],[-72.786163154,-44.714818695],[-72.603736626,-44.382570427],[-72.499003379,-44.309069214]]]}}, {"type" : "Feature", "id" : "subcuenca:1232", "properties" : {"code": "subcuenca:1232", "name": "Islas Entre Estrecho Guadalupe, Paso Castro y Estrecho Nelson", "codigo": "1232", "fuente": "dga_bna", "nombre": "Islas Entre Estrecho Guadalupe, Paso Castro y Estrecho Nelson", "region": "Región de Magallanes y La Antártica Chilena"}, "geometry" : {"type":"Polygon","coordinates":[[[-75.584426894,-51.256554481],[-74.83305071,-51.162979037],[-74.666385986,-51.208071165],[-74.594782932,-51.179168588],[-74.397628691,-51.302852492],[-74.95918264,-51.611454071],[-75.495048528,-51.756875166],[-75.584426894,-51.256554481]]]}}, {"type" : "Feature", "id" : "subcuenca:0851", "properties" : {"code": "subcuenca:0851", "name": "Rio Carampangue entre Estero Animas y Rio Colorado", "codigo": "0851", "fuente": "dga_bna", "nombre": "Rio Carampangue entre Estero Animas y Rio Colorado", "region": "Región del Biobío"}, "geometry" : {"type":"Polygon","coordinates":[[[-73.148677707,-37.354858459],[-73.11086258,-37.330131428],[-73.018749844,-37.34291225],[-72.972842986,-37.446388129],[-73.123297963,-37.427454723],[-73.199887482,-37.505195876],[-73.215390569,-37.452316558],[-73.300256085,-37.445434855],[-73.33578048,-37.405842807],[-73.148677707,-37.354858459]]]}}, {"type" : "Feature", "id" : "subcuenca:0178", "properties" : {"code": "subcuenca:0178", "name": "Quebrada de Ramada", "codigo": "0178", "fuente": "dga_bna", "nombre": "Quebrada de Ramada", "region": "Región de Tarapacá"}, "geometry" : {"type":"Polygon","coordinates":[[[-69.121060471,-20.722710695],[-68.969450809,-20.686634528],[-68.963345932,-20.805765042],[-69.257377658,-20.801771919],[-69.121060471,-20.722710695]]]}}, {"type" : "Feature", "id" : "subcuenca:0280", "properties" : {"code": "subcuenca:0280", "name": "Quebrada Mateo hasta Quebrada Grande", "codigo": "0280", "fuente": "dga_bna", "nombre": "Quebrada Mateo hasta Quebrada Grande", "region": "Región de Antofagasta"}, "geometry" : {"type":"Polygon","coordinates":[[[-70.006653028,-23.994476796],[-69.821392141,-23.992054109],[-69.804017789,-24.054363862],[-69.661310353,-24.060930948],[-69.493256777,-24.219867732],[-69.397975275,-24.247873691],[-69.308929803,-24.32644815],[-69.267748429,-24.327885626],[-69.26135238,-24.284720953],[-69.181048366,-24.217971238],[-69.124085004,-24.231047634],[-69.192064286,-24.535919651],[-69.11300174,-24.879036964],[-69.181085854,-25.035150286],[-69.284455384,-24.989084898],[-69.450304009,-24.84997607],[-69.703725029,-24.465534297],[-69.874845192,-24.358293025],[-69.94483508,-24.219952932],[-70.053925475,-24.196027885],[-70.179780327,-24.088571266],[-70.15397799,-24.019497529],[-70.006653028,-23.994476796]]]}}, {"type" : "Feature", "id" : "subcuenca:0151", "properties" : {"code": "subcuenca:0151", "name": "Quebrada de Chiza", "codigo": "0151", "fuente": "dga_bna", "nombre": "Quebrada de Chiza", "region": "Región de Tarapacá"}, "geometry" : {"type":"Polygon","coordinates":[[[-70.206090802,-19.165578302],[-70.172560923,-19.15264823],[-70.110728969,-19.189930923],[-70.005023906,-19.158235792],[-69.910028845,-19.083741423],[-69.701583422,-19.024100604],[-69.42097094,-19.024455663],[-69.397064546,-19.079405663],[-69.272698819,-19.137538278],[-69.37232021,-19.223140148],[-69.39703922,-19.288015314],[-69.548276609,-19.340489865],[-69.788277995,-19.314596874],[-69.957185068,-19.256910392],[-70.139735152,-19.300053953],[-70.206090802,-19.165578302]]]}}, {"type" : "Feature", "id" : "subcuenca:0322", "properties" : {"code": "subcuenca:0322", "name": "Rio Salado Bajo", "codigo": "0322", "fuente": "dga_bna", "nombre": "Rio Salado Bajo", "region": "Región de Atacama"}, "geometry" : {"type":"Polygon","coordinates":[[[-70.198919788,-26.174885686],[-70.059866581,-26.116050023],[-69.642863875,-26.114665972],[-69.809527927,-26.146037272],[-69.946378405,-26.27062433],[-70.12250286,-26.283728403],[-70.202723199,-26.365161275],[-70.170846559,-26.488846501],[-70.056741087,-26.587365826],[-70.076040978,-26.657530459],[-70.180381456,-26.641472551],[-70.34300801,-26.524812771],[-70.453502531,-26.510928814],[-70.608871666,-26.404499575],[-70.624598081,-26.362445872],[-70.612178925,-26.314571474],[-70.247441301,-26.26581009],[-70.207080589,-26.239359677],[-70.198919788,-26.174885686]]]}}, {"type" : "Feature", "id" : "subcuenca:0512", "properties" : {"code": "subcuenca:0512", "name": "Rio Petorca Bajo (Entre Las Palmas y Desembocadura)", "codigo": "0512", "fuente": "dga_bna", "nombre": "Rio Petorca Bajo (Entre Las Palmas y Desembocadura)", "region": "Región de Valparaíso"}, "geometry" : {"type":"Polygon","coordinates":[[[-71.292680908,-32.191585232],[-71.206235726,-32.13283557],[-71.159295707,-32.299372505],[-71.117315708,-32.336468608],[-71.024732159,-32.344622059],[-71.036127713,-32.370763783],[-71.134446525,-32.438853054],[-71.21939528,-32.368558594],[-71.255317323,-32.400241428],[-71.408236376,-32.405202253],[-71.397937246,-32.360369407],[-71.293216736,-32.272512606],[-71.292680908,-32.191585232]]]}}, {"type" : "Feature", "id" : "subcuenca:0550", "properties" : {"code": "subcuenca:0550", "name": "E. Marga-Marga", "codigo": "0550", "fuente": "dga_bna", "nombre": "E. Marga-Marga", "region": "Región de Valparaíso"}, "geometry" : {"type":"Polygon","coordinates":[[[-71.586207199,-33.025121463],[-71.55360316,-33.009275234],[-71.549211247,-32.947250705],[-71.384440996,-33.013028837],[-71.330962918,-33.047645795],[-71.333797603,-33.08636561],[-71.200137213,-33.152949942],[-71.260981618,-33.19051572],[-71.215344088,-33.23864462],[-71.469049908,-33.152050357],[-71.586207199,-33.025121463]]]}}, {"type" : "Feature", "id" : "subcuenca:1146", "properties" : {"code": "subcuenca:1146", "name": "Campo de Hielo Norte", "codigo": "1146", "fuente": "dga_bna", "nombre": "Campo de Hielo Norte", "region": "Región Aysén del General Carlos Ibáñez del Cam"}, "geometry" : {"type":"Polygon","coordinates":[[[-74.03527843,-46.982503167],[-73.877181642,-46.952658226],[-73.665283109,-46.998828512],[-73.606086582,-47.039360101],[-73.582794911,-47.121663792],[-73.465577636,-47.183107266],[-73.475363104,-47.242364037],[-73.601203499,-47.233328703],[-73.63752434,-47.334900711],[-73.745643194,-47.397949831],[-73.890037388,-47.389473283],[-73.921733927,-47.362489094],[-74.040361961,-47.372969012],[-74.114438435,-47.175888209],[-74.004266341,-47.131095625],[-73.939130026,-47.044337081],[-74.03527843,-46.982503167]]]}}, {"type" : "Feature", "id" : "subcuenca:0837", "properties" : {"code": "subcuenca:0837", "name": "Rio Laja Alto (hasta bajo junta Rio Rucue)", "codigo": "0837", "fuente": "dga_bna", "nombre": "Rio Laja Alto (hasta bajo junta Rio Rucue)", "region": "Región del Biobío"}, "geometry" : {"type":"Polygon","coordinates":[[[-71.331264253,-36.917969031],[-71.260622289,-36.914004199],[-71.093272185,-37.116052485],[-71.13464823,-37.14270704],[-71.115062328,-37.208540633],[-71.216902212,-37.27271256],[-71.196209376,-37.38072221],[-71.155909822,-37.397617702],[-71.119063137,-37.481188117],[-71.149767952,-37.539010782],[-71.126057098,-37.581069451],[-71.200830956,-37.654813385],[-71.242676813,-37.657751113],[-71.283155847,-37.583982647],[-71.350692703,-37.554762043],[-71.402824147,-37.461824384],[-71.566144355,-37.500150384],[-71.72959772,-37.389391841],[-71.895087674,-37.357457768],[-71.81389389,-37.260507924],[-71.565299327,-37.229712863],[-71.551351178,-37.185606353],[-71.508230411,-37.184928038],[-71.485201766,-37.115848865],[-71.541902938,-37.049614394],[-71.331264253,-36.917969031]]]}}, {"type" : "Feature", "id" : "subcuenca:0141", "properties" : {"code": "subcuenca:0141", "name": "Quebrada Vitor", "codigo": "0141", "fuente": "dga_bna", "nombre": "Quebrada Vitor", "region": "Región de Arica y Parinacota"}, "geometry" : {"type":"Polygon","coordinates":[[[-69.485517643,-18.700243215],[-69.404316987,-18.733070694],[-69.298198577,-18.650244616],[-69.23264578,-18.730682945],[-69.234427983,-18.771743558],[-69.373621894,-18.824789166],[-69.432928599,-18.780869652],[-69.831035932,-18.926874711],[-70.048638731,-18.899291855],[-70.1865032,-18.824217609],[-70.328717659,-18.905406842],[-70.36215389,-18.793479688],[-70.337950735,-18.743356965],[-70.297530293,-18.738644683],[-69.884092976,-18.774539993],[-69.485517643,-18.700243215]]]}}, {"type" : "Feature", "id" : "subcuenca:0601", "properties" : {"code": "subcuenca:0601", "name": "Cachapoal Bajo", "codigo": "0601", "fuente": "dga_bna", "nombre": "Cachapoal Bajo", "region": "Región del Libertador General Bernardo O'Higgins"}, "geometry" : {"type":"Polygon","coordinates":[[[-70.793599615,-33.999446648],[-70.545210211,-34.098018303],[-70.593662648,-34.216965809],[-70.582031104,-34.305464626],[-70.615836643,-34.448299495],[-70.560506381,-34.497032278],[-70.487258625,-34.497039741],[-70.474679953,-34.599487038],[-70.646177183,-34.591279687],[-70.665019495,-34.634266424],[-70.769508913,-34.686702269],[-70.985241409,-34.602025041],[-71.016059999,-34.531192026],[-71.158336499,-34.591872707],[-71.264612634,-34.582066748],[-71.292677978,-34.55405976],[-71.236531348,-34.4397676],[-71.416385305,-34.305881729],[-71.436831961,-34.278255151],[-71.41123972,-34.241596107],[-71.347201425,-34.216293291],[-71.274362808,-34.297792491],[-71.1897202,-34.30276569],[-71.182403682,-34.254760964],[-71.113452516,-34.247381839],[-71.067770954,-34.179300425],[-70.914629257,-34.143569707],[-70.936841972,-34.088121234],[-70.793599615,-33.999446648]]]}}, {"type" : "Feature", "id" : "subcuenca:0344", "properties" : {"code": "subcuenca:0344", "name": "Quebrada Paipote", "codigo": "0344", "fuente": "dga_bna", "nombre": "Quebrada Paipote", "region": "Región de Atacama"}, "geometry" : {"type":"Polygon","coordinates":[[[-69.380298439,-26.667401457],[-69.262610783,-26.662182716],[-69.249871987,-26.727189761],[-69.176062154,-26.779892442],[-69.212980908,-26.816362379],[-69.180659286,-26.864994398],[-69.216619509,-27.001588832],[-69.192189724,-27.015852903],[-69.252598041,-27.170356216],[-69.377511352,-27.175424822],[-69.507998964,-27.349006032],[-69.521006185,-27.515169464],[-69.586883173,-27.61067836],[-69.628458235,-27.627174162],[-69.681065335,-27.587770386],[-69.734706719,-27.639547406],[-69.786849566,-27.606605989],[-69.897373315,-27.6043828],[-69.880175712,-27.5635465],[-69.945058532,-27.508949573],[-69.989319299,-27.498405339],[-70.035480575,-27.5475907],[-70.085273557,-27.545716907],[-70.088998403,-27.508141071],[-70.155760022,-27.512242165],[-70.182886477,-27.46100925],[-70.277097479,-27.413289151],[-70.230751205,-27.087300719],[-70.187708687,-27.038400877],[-69.987020131,-27.059387523],[-69.931644184,-27.000097115],[-69.936633681,-26.913705054],[-69.876320796,-26.921418338],[-69.868405507,-26.882994983],[-69.76522497,-26.864528668],[-69.733925495,-26.798175309],[-69.655989651,-26.835216924],[-69.655220151,-26.883449078],[-69.578442738,-26.895371935],[-69.516258577,-26.729553814],[-69.405040101,-26.703474694],[-69.380298439,-26.667401457]]]}}, {"type" : "Feature", "id" : "subcuenca:0174", "properties" : {"code": "subcuenca:0174", "name": "Quebrada de Quipisca", "codigo": "0174", "fuente": "dga_bna", "nombre": "Quebrada de Quipisca", "region": "Región de Tarapacá"}, "geometry" : {"type":"Polygon","coordinates":[[[-69.456918897,-19.914385378],[-68.998985257,-19.913910426],[-68.980085013,-20.019930676],[-69.012448965,-20.097283448],[-69.112500162,-20.046278044],[-69.341289899,-20.112496401],[-69.454167892,-20.046291079],[-69.456918897,-19.914385378]]]}}, {"type" : "Feature", "id" : "subcuenca:1081", "properties" : {"code": "subcuenca:1081", "name": "Rio Corcovado", "codigo": "1081", "fuente": "dga_bna", "nombre": "Rio Corcovado", "region": "Región de Los Lagos"}, "geometry" : {"type":"Polygon","coordinates":[[[-72.908402686,-43.250525429],[-72.824355765,-43.244943356],[-72.789713808,-43.197463009],[-72.641097915,-43.219361426],[-72.601661435,-43.279177225],[-72.446105997,-43.372494718],[-72.530410445,-43.434639178],[-72.503468976,-43.502338869],[-72.585565558,-43.554699821],[-72.676307461,-43.463572258],[-72.829849068,-43.4973103],[-72.919349487,-43.397537545],[-72.85997759,-43.365078638],[-72.922111223,-43.329011607],[-72.929801992,-43.268868547],[-72.973313684,-43.269865998],[-72.908402686,-43.250525429]]]}}, {"type" : "Feature", "id" : "subcuenca:1142", "properties" : {"code": "subcuenca:1142", "name": "Rio Exploradores", "codigo": "1142", "fuente": "dga_bna", "nombre": "Rio Exploradores", "region": "Región Aysén del General Carlos Ibáñez del Cam"}, "geometry" : {"type":"Polygon","coordinates":[[[-73.431846405,-46.312421525],[-73.326972809,-46.320892151],[-73.307424327,-46.230252731],[-73.24407013,-46.219647489],[-73.235378155,-46.182653741],[-73.125679042,-46.132443496],[-73.026714931,-46.340780323],[-72.977050706,-46.362889045],[-72.964416411,-46.401917469],[-73.001609116,-46.485106182],[-72.794525066,-46.558820173],[-72.812080274,-46.633768936],[-72.873505957,-46.664413643],[-72.96773852,-46.570300717],[-73.062116011,-46.555449341],[-73.219734714,-46.63395035],[-73.332549674,-46.618768333],[-73.436118882,-46.557899726],[-73.426196846,-46.472860729],[-73.36956771,-46.422011134],[-73.431846405,-46.312421525]]]}}, {"type" : "Feature", "id" : "subcuenca:0574", "properties" : {"code": "subcuenca:0574", "name": "Rio Maipo Bajo (Entre Rio Mapocho y Desembocadura)", "codigo": "0574", "fuente": "dga_bna", "nombre": "Rio Maipo Bajo (Entre Rio Mapocho y Desembocadura)", "region": "Región Metropolitana de Santiago"}, "geometry" : {"type":"Polygon","coordinates":[[[-71.198353576,-33.158756946],[-71.015655054,-33.094933711],[-70.96921298,-33.293469411],[-71.003919306,-33.334227833],[-70.949392299,-33.384723538],[-70.956413876,-33.446738366],[-70.92021219,-33.51163445],[-70.96350862,-33.639779431],[-71.034025628,-33.696112965],[-70.985251401,-33.744371719],[-70.999904769,-33.81040889],[-70.966979613,-33.917043561],[-71.070306248,-33.889855305],[-71.109488936,-33.942838153],[-71.173248187,-33.963169397],[-71.286415645,-33.912973022],[-71.301796933,-33.862863935],[-71.381632798,-33.901363218],[-71.49671182,-33.856976476],[-71.5452995,-33.814871769],[-71.596476256,-33.647343362],[-71.634598182,-33.626774576],[-71.622125965,-33.55033112],[-71.409779227,-33.609633379],[-71.329607675,-33.580216899],[-71.344352516,-33.415168393],[-71.224693588,-33.372644964],[-71.196649917,-33.309521007],[-71.260981618,-33.19051572],[-71.198353576,-33.158756946]]]}}, {"type" : "Feature", "id" : "subcuenca:0613", "properties" : {"code": "subcuenca:0613", "name": "Estero Nilahue", "codigo": "0613", "fuente": "dga_bna", "nombre": "Estero Nilahue", "region": "Región del Libertador General Bernardo O'Higgins"}, "geometry" : {"type":"Polygon","coordinates":[[[-72.024868915,-34.484991411],[-71.999786825,-34.449745662],[-71.933766018,-34.492599895],[-71.770874595,-34.472792648],[-71.747140458,-34.527251314],[-71.674263521,-34.582698478],[-71.635137078,-34.567572126],[-71.608890498,-34.607768018],[-71.546022636,-34.602137669],[-71.522744616,-34.557390557],[-71.40363415,-34.696306865],[-71.429176748,-34.751294506],[-71.475914777,-34.74319072],[-71.506687311,-34.799762021],[-71.354271589,-34.820652085],[-71.387080386,-34.868889836],[-71.365374518,-34.912011952],[-71.400521747,-34.909862109],[-71.483828099,-34.996148494],[-71.606110208,-35.005004277],[-71.710811211,-34.936927959],[-71.792249606,-34.832336594],[-71.781215693,-34.764693823],[-71.821828044,-34.704002648],[-71.790427157,-34.675751411],[-71.823339452,-34.623912085],[-72.01389835,-34.609898915],[-72.024868915,-34.484991411]]]}}, {"type" : "Feature", "id" : "subcuenca:1286", "properties" : {"code": "subcuenca:1286", "name": "Cuencas Atlanticas hasta Frontera entre Arroyo Alfa (incl.) y Afluentes R. Grande (Arg.)", "codigo": "1286", "fuente": "dga_bna", "nombre": "Cuencas Atlanticas hasta Frontera entre Arroyo Alfa (incl.) y Afluentes R. Grande (Arg.)", "region": "Región de Magallanes y La Antártica Chilena"}, "geometry" : {"type":"Polygon","coordinates":[[[-69.762992759,-53.275717476],[-69.5993039,-53.208014455],[-69.272453065,-53.201160527],[-69.132593191,-53.05249243],[-69.110572688,-52.965236698],[-68.949874942,-52.870880897],[-68.938952281,-52.807326573],[-68.869749325,-52.791809255],[-68.883887982,-52.717864122],[-68.703727772,-52.743163944],[-68.620469944,-52.658529118],[-68.619878455,-53.655971357],[-68.7240349,-53.636496551],[-68.940177755,-53.68356624],[-69.06887023,-53.65131263],[-69.185134586,-53.675227628],[-69.230613382,-53.637844078],[-69.228324895,-53.593094745],[-69.14242529,-53.55144215],[-69.211028741,-53.453495106],[-69.026850069,-53.362417589],[-69.064656502,-53.327739194],[-69.223361197,-53.354353499],[-69.246170077,-53.335792413],[-69.233741604,-53.260360963],[-69.262241061,-53.243257053],[-69.762992759,-53.275717476]]]}}, {"type" : "Feature", "id" : "subcuenca:0142", "properties" : {"code": "subcuenca:0142", "name": "Costeras Entre Quebradas Vitor y Camarones", "codigo": "0142", "fuente": "dga_bna", "nombre": "Costeras Entre Quebradas Vitor y Camarones", "region": "Región de Arica y Parinacota"}, "geometry" : {"type":"Polygon","coordinates":[[[-70.328717659,-18.905406842],[-70.1865032,-18.824217609],[-70.048638731,-18.899291855],[-69.831035932,-18.926874711],[-69.922172553,-18.999857964],[-70.166946677,-19.104079763],[-70.193751302,-19.065627419],[-70.26276833,-19.123208702],[-70.273745571,-19.18285843],[-70.328717659,-18.905406842]]]}}, {"type" : "Feature", "id" : "subcuenca:1262", "properties" : {"code": "subcuenca:1262", "name": "Rio Penitente", "codigo": "1262", "fuente": "dga_bna", "nombre": "Rio Penitente", "region": "Región de Magallanes y La Antártica Chilena"}, "geometry" : {"type":"Polygon","coordinates":[[[-71.445434458,-52.006460927],[-71.400138872,-52.006610651],[-71.314781137,-52.094631316],[-71.250861982,-52.230726464],[-71.383186199,-52.335879084],[-71.702239879,-52.474510648],[-71.862808084,-52.453917313],[-71.926994222,-52.416313116],[-71.919662341,-52.311349525],[-72.002212671,-52.271215086],[-72.025353644,-52.219888525],[-71.956747752,-52.108709921],[-71.860168187,-52.139067011],[-71.614158465,-52.122901195],[-71.542381272,-52.10843335],[-71.445434458,-52.006460927]]]}}, {"type" : "Feature", "id" : "subcuenca:0295", "properties" : {"code": "subcuenca:0295", "name": "Costeras entre Q. Taltal y Q. de la Cachina", "codigo": "0295", "fuente": "dga_bna", "nombre": "Costeras entre Q. Taltal y Q. de la Cachina", "region": "Región de Antofagasta"}, "geometry" : {"type":"Polygon","coordinates":[[[-70.497137952,-25.405731131],[-70.39423595,-25.595674702],[-70.001691463,-25.624519799],[-69.856722947,-25.603978491],[-70.029282163,-25.675455673],[-70.370314617,-25.750571179],[-70.508059671,-25.853527472],[-70.597374371,-25.832418131],[-70.694534813,-25.88542273],[-70.735484783,-25.816670106],[-70.685256537,-25.746603273],[-70.68330209,-25.664321648],[-70.637384888,-25.649135736],[-70.650897755,-25.538564833],[-70.529581456,-25.479393016],[-70.516320855,-25.397427063],[-70.497137952,-25.405731131]]]}}, {"type" : "Feature", "id" : "subcuenca:0881", "properties" : {"code": "subcuenca:0881", "name": "Costeras entre R. Pangue (incl.) y R. Paicavi", "codigo": "0881", "fuente": "dga_bna", "nombre": "Costeras entre R. Pangue (incl.) y R. Paicavi", "region": "Región del Biobío"}, "geometry" : {"type":"Polygon","coordinates":[[[-73.4723938,-37.629888763],[-73.398503991,-37.602108751],[-73.358899877,-37.640030036],[-73.435882496,-37.744391942],[-73.434008122,-37.834456334],[-73.50160104,-37.949391171],[-73.570404069,-37.830537878],[-73.511110044,-37.758597468],[-73.4723938,-37.629888763]]]}}, {"type" : "Feature", "id" : "subcuenca:0296", "properties" : {"code": "subcuenca:0296", "name": "Quebrada de La Cachina", "codigo": "0296", "fuente": "dga_bna", "nombre": "Quebrada de La Cachina", "region": "Región de Antofagasta"}, "geometry" : {"type":"Polygon","coordinates":[[[-69.854531457,-25.589471868],[-69.835248897,-25.509224386],[-69.741036677,-25.640313681],[-69.559863469,-25.615872984],[-69.430527914,-25.653378975],[-69.548729581,-25.718313037],[-69.563557796,-25.760885618],[-69.608191153,-25.733224326],[-69.812141772,-25.820839781],[-70.007710955,-25.806121634],[-70.082359093,-25.950786026],[-70.264918853,-25.930870721],[-70.304389204,-25.896872354],[-70.324331294,-25.931251738],[-70.482208703,-25.968109024],[-70.520070371,-26.004630543],[-70.594987385,-26.004888811],[-70.610856331,-26.049691865],[-70.62049474,-26.054079648],[-70.650497337,-26.058971119],[-70.628642743,-25.988372693],[-70.694534813,-25.88542273],[-70.621782649,-25.840854802],[-70.508059671,-25.853527472],[-70.370314617,-25.750571179],[-70.029282163,-25.675455673],[-69.854531457,-25.589471868]]]}}, {"type" : "Feature", "id" : "subcuenca:1051", "properties" : {"code": "subcuenca:1051", "name": "R. Puelo Alto", "codigo": "1051", "fuente": "dga_bna", "nombre": "R. Puelo Alto", "region": "Región de Los Lagos"}, "geometry" : {"type":"Polygon","coordinates":[[[-72.095886081,-41.700551533],[-71.88799272,-41.817900668],[-71.784823736,-41.830364968],[-71.794280875,-41.961576259],[-71.725677549,-42.048105186],[-71.730331191,-42.119949801],[-71.913528435,-42.188493268],[-71.958679132,-42.138688165],[-72.056884647,-42.112937778],[-72.066383298,-42.145466025],[-72.16558829,-42.137506139],[-72.187071528,-42.165005367],[-72.263755687,-42.123164149],[-72.273154988,-42.067526635],[-72.325317313,-42.059884405],[-72.267639054,-41.998266682],[-72.170280476,-42.004853479],[-72.151008577,-41.948617863],[-72.307052513,-41.85573923],[-72.110934344,-41.771609932],[-72.095886081,-41.700551533]]]}}, {"type" : "Feature", "id" : "subcuenca:0852", "properties" : {"code": "subcuenca:0852", "name": "Rio Lia", "codigo": "0852", "fuente": "dga_bna", "nombre": "Rio Lia", "region": "Región del Biobío"}, "geometry" : {"type":"Polygon","coordinates":[[[-73.100157097,-37.160648808],[-73.042805378,-37.101936958],[-73.041708188,-37.140721409],[-73.011201401,-37.144772451],[-72.985650517,-37.347335081],[-73.11086258,-37.330131428],[-73.145035107,-37.358328075],[-73.183713137,-37.31411688],[-73.244858382,-37.320496766],[-73.239028965,-37.235093951],[-73.164171522,-37.253575751],[-73.08175493,-37.204404541],[-73.100157097,-37.160648808]]]}}, {"type" : "Feature", "id" : "subcuenca:0335", "properties" : {"code": "subcuenca:0335", "name": "Islas San Felix, San Ambrosio, Sala y Gomez", "codigo": "0335", "fuente": "dga_bna", "nombre": "Islas San Felix, San Ambrosio, Sala y Gomez", "region": "Región de Atacama"}, "geometry" : {"type":"Polygon","coordinates":[[[-72.205564855,-26.746338358],[-72.232883279,-26.72007798],[-72.20317479,-26.696009755],[-72.176832163,-26.722224613],[-72.205564855,-26.746338358]]]}}, {"type" : "Feature", "id" : "subcuenca:0160", "properties" : {"code": "subcuenca:0160", "name": "Costeras entre Rio Camarones y Quebrada Cami¤a", "codigo": "0160", "fuente": "dga_bna", "nombre": "Costeras entre Rio Camarones y Quebrada Cami¤a", "region": "Región de Tarapacá"}, "geometry" : {"type":"Polygon","coordinates":[[[-70.281394483,-19.234614953],[-70.247465461,-19.30316722],[-70.175473432,-19.238095044],[-70.139735152,-19.300053953],[-69.957185068,-19.256910392],[-69.788277995,-19.314596874],[-69.559453917,-19.339525107],[-70.075176915,-19.467722546],[-70.15779254,-19.458611773],[-70.174032576,-19.524304247],[-70.210621333,-19.542079605],[-70.226668889,-19.404569529],[-70.286251689,-19.306168888],[-70.281394483,-19.234614953]]]}}, {"type" : "Feature", "id" : "subcuenca:0580", "properties" : {"code": "subcuenca:0580", "name": "Estero Yali", "codigo": "0580", "fuente": "dga_bna", "nombre": "Estero Yali", "region": "Región Metropolitana de Santiago"}, "geometry" : {"type":"Polygon","coordinates":[[[-71.765706788,-33.764273923],[-71.678075895,-33.725576172],[-71.635549505,-33.62733579],[-71.611128165,-33.635648033],[-71.5452995,-33.814871769],[-71.504890737,-33.850846676],[-71.381632798,-33.901363218],[-71.301796933,-33.862863935],[-71.2082802,-33.99052264],[-71.389790486,-34.075703493],[-71.488530739,-33.999771624],[-71.589837317,-33.998896515],[-71.593925934,-33.95504173],[-71.664440817,-33.90768885],[-71.720580198,-33.93077407],[-71.827607688,-33.898469003],[-71.812602214,-33.810180391],[-71.765706788,-33.764273923]]]}}, {"type" : "Feature", "id" : "subcuenca:0430", "properties" : {"code": "subcuenca:0430", "name": "Rio Turbio", "codigo": "0430", "fuente": "dga_bna", "nombre": "Rio Turbio", "region": "Región de Coquimbo"}, "geometry" : {"type":"Polygon","coordinates":[[[-70.53965029,-29.381840049],[-70.501757382,-29.35681672],[-70.454058486,-29.385147193],[-70.421289602,-29.540287613],[-70.233093723,-29.711268465],[-70.105972887,-29.738596493],[-69.8796812,-29.730033538],[-69.914022018,-29.803112532],[-69.877290869,-29.861692817],[-69.895597299,-29.940583393],[-69.965106383,-30.085401196],[-69.810217616,-30.153195827],[-69.835318232,-30.217042978],[-69.886295268,-30.222970551],[-69.892843515,-30.350652447],[-70.063586305,-30.393723357],[-70.180684254,-30.32663824],[-70.229042119,-30.201179776],[-70.273433358,-30.198049278],[-70.322489358,-30.116424992],[-70.29495541,-30.044122205],[-70.340584837,-30.025578327],[-70.342149233,-29.965648956],[-70.57255033,-29.986879279],[-70.623814333,-29.922151607],[-70.581795401,-29.629255771],[-70.527174194,-29.496635482],[-70.53965029,-29.381840049]]]}}, {"type" : "Feature", "id" : "subcuenca:0602", "properties" : {"code": "subcuenca:0602", "name": "Rio Tinguiririca Alto (Hasta bajo junta Rio Claro)", "codigo": "0602", "fuente": "dga_bna", "nombre": "Rio Tinguiririca Alto (Hasta bajo junta Rio Claro)", "region": "Región del Libertador General Bernardo O'Higgins"}, "geometry" : {"type":"Polygon","coordinates":[[[-70.881139133,-34.657125915],[-70.769508913,-34.686702269],[-70.625272714,-34.585153747],[-70.522360478,-34.607805293],[-70.421357602,-34.588862476],[-70.257760892,-34.69693592],[-70.309617628,-34.768834312],[-70.249553988,-34.799649006],[-70.334323553,-34.990524207],[-70.473901072,-34.994247369],[-70.541648419,-34.933264266],[-70.6215914,-34.986851025],[-70.815152092,-34.850462596],[-70.890237351,-34.729675447],[-70.881139133,-34.657125915]]]}}, {"type" : "Feature", "id" : "subcuenca:1170", "properties" : {"code": "subcuenca:1170", "name": "Lago O'Higgins", "codigo": "1170", "fuente": "dga_bna", "nombre": "Lago O'Higgins", "region": "Región Aysén del General Carlos Ibáñez del Cam"}, "geometry" : {"type":"Polygon","coordinates":[[[-73.275939705,-49.22331437],[-73.379928516,-49.288403878],[-73.462585224,-49.227507713],[-73.466674666,-49.158611447],[-73.54215236,-49.070453702],[-73.517585564,-48.978153458],[-73.583013326,-48.833730338],[-73.50825505,-48.808611056],[-73.328155309,-48.541445212],[-73.213592338,-48.505054505],[-73.192184464,-48.433099141],[-73.133308428,-48.422764588],[-73.133132738,-48.389232024],[-73.052917361,-48.364841941],[-72.952736403,-48.379531981],[-72.932072918,-48.324687814],[-72.951713547,-48.255452203],[-72.830881442,-48.191449858],[-72.817890245,-48.155388465],[-72.614745798,-48.177825002],[-72.615669527,-48.111108114],[-72.555780754,-48.045805314],[-72.494987295,-48.101879454],[-72.438003333,-48.068754195],[-72.364089832,-48.075686485],[-72.306045339,-48.145259882],[-72.318122617,-48.235221222],[-72.232642823,-48.318968686],[-72.281112451,-48.360969372],[-72.38044719,-48.350073001],[-72.34501621,-48.388586388],[-72.405517354,-48.413160205],[-72.376388383,-48.448540165],[-72.442535154,-48.512681843],[-72.588195604,-48.487316738],[-72.533065591,-48.796851674],[-72.792959066,-48.957227349],[-72.964862854,-48.954223369],[-73.030690888,-49.063211081],[-73.086235061,-49.083413144],[-73.085273834,-49.125307241],[-73.184509189,-49.149466868],[-73.275939705,-49.22331437]]]}}, {"type" : "Feature", "id" : "subcuenca:0801", "properties" : {"code": "subcuenca:0801", "name": "Costeras entre Rio Taucu y Rio Itata", "codigo": "0801", "fuente": "dga_bna", "nombre": "Costeras entre Rio Taucu y Rio Itata", "region": "Región de Ñuble"}, "geometry" : {"type":"Polygon","coordinates":[[[-72.810920845,-36.253306006],[-72.810153591,-36.171859897],[-72.763740441,-36.193209221],[-72.692002619,-36.339531805],[-72.739814109,-36.373936466],[-72.867782581,-36.379982416],[-72.810920845,-36.253306006]]]}}, {"type" : "Feature", "id" : "subcuenca:0942", "properties" : {"code": "subcuenca:0942", "name": "Lago Villarica y Tolten Alto", "codigo": "0942", "fuente": "dga_bna", "nombre": "Lago Villarica y Tolten Alto", "region": "Región de La Araucanía"}, "geometry" : {"type":"Polygon","coordinates":[[[-72.518649255,-39.01636856],[-72.320476404,-39.074735406],[-72.233043332,-39.150451353],[-72.185033678,-39.16048069],[-72.203254746,-39.117260805],[-72.165709558,-39.112594341],[-72.109357056,-39.142852666],[-71.96349799,-39.118946206],[-71.918577889,-39.145628228],[-71.890066163,-39.198425846],[-71.971997337,-39.256389267],[-71.975277467,-39.326555335],[-71.926912942,-39.380304392],[-71.939767434,-39.419593036],[-72.036961763,-39.433808328],[-72.164112836,-39.374532357],[-72.290476649,-39.361354841],[-72.290843864,-39.317612852],[-72.360597019,-39.241126218],[-72.337547937,-39.172363667],[-72.556990037,-39.037686801],[-72.518649255,-39.01636856]]]}}, {"type" : "Feature", "id" : "subcuenca:0900", "properties" : {"code": "subcuenca:0900", "name": "Costeras entre Limite Region Y Rio Imperial", "codigo": "0900", "fuente": "dga_bna", "nombre": "Costeras entre Limite Region Y Rio Imperial", "region": "Región de La Araucanía"}, "geometry" : {"type":"Polygon","coordinates":[[[-73.461090714,-38.484853974],[-73.499623563,-38.593482695],[-73.465657621,-38.633226314],[-73.457332603,-38.715143323],[-73.488449061,-38.656761721],[-73.481826725,-38.64593492],[-73.503631548,-38.592544751],[-73.524605859,-38.447197144],[-73.482481908,-38.437350845],[-73.461090714,-38.484853974]]]}}, {"type" : "Feature", "id" : "subcuenca:0605", "properties" : {"code": "subcuenca:0605", "name": "Rio Rapel", "codigo": "0605", "fuente": "dga_bna", "nombre": "Rio Rapel", "region": "Región del Libertador General Bernardo O'Higgins"}, "geometry" : {"type":"Polygon","coordinates":[[[-71.862169394,-33.944383245],[-71.827903894,-33.898502765],[-71.720580198,-33.93077407],[-71.664440817,-33.90768885],[-71.593925934,-33.95504173],[-71.589837317,-33.998896515],[-71.552524985,-33.984513156],[-71.412386899,-34.035327467],[-71.432237951,-34.095673442],[-71.512585379,-34.127790585],[-71.380589653,-34.209978791],[-71.454596295,-34.300834973],[-71.442378621,-34.3667319],[-71.473396018,-34.395970878],[-71.436540393,-34.553683805],[-71.491584212,-34.52679019],[-71.546022636,-34.602137669],[-71.608890498,-34.607768018],[-71.815358091,-34.459475832],[-71.804499793,-34.386567443],[-71.7680426,-34.360806182],[-71.784542903,-34.33032424],[-71.678436841,-34.211608633],[-71.703698057,-34.155145399],[-71.748396006,-34.199170553],[-71.760107409,-34.122541219],[-71.827195774,-34.048087712],[-71.862169394,-33.944383245]]]}}, {"type" : "Feature", "id" : "subcuenca:1273", "properties" : {"code": "subcuenca:1273", "name": "Isla Santa Ines y Carlos III", "codigo": "1273", "fuente": "dga_bna", "nombre": "Isla Santa Ines y Carlos III", "region": "Región de Magallanes y La Antártica Chilena"}, "geometry" : {"type":"Polygon","coordinates":[[[-73.345885839,-53.400816744],[-73.242988286,-53.418448912],[-73.032241606,-53.34091607],[-72.5547026,-53.548613429],[-72.364097239,-53.542673815],[-72.002174261,-53.763870681],[-72.287170413,-53.891666227],[-72.287078731,-53.99350394],[-72.350092794,-54.054127462],[-72.486577653,-54.096904064],[-72.653480349,-54.084453014],[-72.786748689,-54.136135676],[-73.036204411,-54.101202286],[-73.284034608,-53.990814917],[-73.662818764,-53.994065107],[-74.019851471,-54.043673843],[-74.333610285,-53.723475462],[-73.891189328,-53.632769354],[-73.715575857,-53.640128516],[-73.623473918,-53.588927189],[-73.312567959,-53.605897773],[-73.435783005,-53.463846891],[-73.345885839,-53.400816744]]]}}, {"type" : "Feature", "id" : "subcuenca:1161", "properties" : {"code": "subcuenca:1161", "name": "Rio Bravo", "codigo": "1161", "fuente": "dga_bna", "nombre": "Rio Bravo", "region": "Región Aysén del General Carlos Ibáñez del Cam"}, "geometry" : {"type":"Polygon","coordinates":[[[-73.178872531,-47.831355641],[-72.931711747,-47.868082975],[-72.808982684,-47.852774763],[-72.726325711,-47.93765487],[-72.639373532,-47.901198905],[-72.670944232,-47.837479992],[-72.633048961,-47.843141414],[-72.633987211,-47.809366136],[-72.569343627,-47.761350117],[-72.50669854,-47.760529918],[-72.46871155,-47.821378395],[-72.527236613,-47.931405839],[-72.426498236,-47.965899897],[-72.438506835,-48.0726804],[-72.456086244,-48.101316136],[-72.506223299,-48.099638117],[-72.555780754,-48.045805314],[-72.615669527,-48.111108114],[-72.610885404,-48.176065804],[-72.813448092,-48.152697045],[-72.830881442,-48.191449858],[-72.957908593,-48.256759607],[-73.020099541,-48.206877746],[-72.996734073,-48.135014017],[-73.083183225,-48.077881552],[-73.078697177,-48.0334416],[-73.201794223,-47.964279632],[-73.169547797,-47.927286278],[-73.221710246,-47.85452505],[-73.178872531,-47.831355641]]]}}, {"type" : "Feature", "id" : "subcuenca:0822", "properties" : {"code": "subcuenca:0822", "name": "Rio Andalien", "codigo": "0822", "fuente": "dga_bna", "nombre": "Rio Andalien", "region": "Región del Biobío"}, "geometry" : {"type":"Polygon","coordinates":[[[-72.833184772,-36.70823899],[-72.673021361,-36.706268082],[-72.676135323,-36.749776355],[-72.59336655,-36.805449607],[-72.653459706,-36.890919675],[-72.647104866,-36.951620281],[-72.789631897,-36.923706646],[-72.859262802,-36.95376611],[-72.927504788,-36.890228589],[-72.975687583,-36.935722986],[-73.016097967,-36.896617747],[-73.059231473,-36.732893677],[-72.860891071,-36.748286702],[-72.833184772,-36.70823899]]]}}, {"type" : "Feature", "id" : "subcuenca:1050", "properties" : {"code": "subcuenca:1050", "name": "Rio Manso", "codigo": "1050", "fuente": "dga_bna", "nombre": "Rio Manso", "region": "Región de Los Lagos"}, "geometry" : {"type":"Polygon","coordinates":[[[-71.973640311,-41.383171844],[-71.89679706,-41.363334935],[-71.835502511,-41.431996722],[-71.847503504,-41.530195816],[-71.818176136,-41.573808313],[-71.845756387,-41.56417241],[-71.882286136,-41.607240584],[-71.792877157,-41.698982491],[-71.809608485,-41.718566574],[-71.761589062,-41.827315162],[-71.88799272,-41.817900668],[-72.095886081,-41.700551533],[-72.048654992,-41.648679458],[-72.074340722,-41.599019163],[-72.023543553,-41.517292003],[-72.0284907,-41.428249794],[-71.973640311,-41.383171844]]]}}, {"type" : "Feature", "id" : "subcuenca:1001", "properties" : {"code": "subcuenca:1001", "name": "Costeras entre R.  Lingue y R. Valdivia", "codigo": "1001", "fuente": "dga_bna", "nombre": "Costeras entre R.  Lingue y R. Valdivia", "region": "Región de Los Ríos"}, "geometry" : {"type":"Polygon","coordinates":[[[-73.221193227,-39.44459709],[-73.170066769,-39.520173853],[-73.249038619,-39.596660684],[-73.247797904,-39.656672986],[-73.346061729,-39.718156266],[-73.376212794,-39.837481515],[-73.403098923,-39.846561302],[-73.405639513,-39.692466629],[-73.284873805,-39.586057886],[-73.247215281,-39.497784669],[-73.266700629,-39.454100491],[-73.221193227,-39.44459709]]]}}, {"type" : "Feature", "id" : "subcuenca:1046", "properties" : {"code": "subcuenca:1046", "name": "Costeras entre Rio Petrohue y Rio Puelo", "codigo": "1046", "fuente": "dga_bna", "nombre": "Costeras entre Rio Petrohue y Rio Puelo", "region": "Región de Los Lagos"}, "geometry" : {"type":"Polygon","coordinates":[[[-72.300363161,-41.384577084],[-72.31693255,-41.318595028],[-72.255805848,-41.307585776],[-72.234298497,-41.368047682],[-72.171645872,-41.373048656],[-72.087066545,-41.314994948],[-71.973640311,-41.383171844],[-72.068625003,-41.486815591],[-72.116122082,-41.436642203],[-72.123066269,-41.471138362],[-72.172702394,-41.48143176],[-72.201291409,-41.57428522],[-72.227201673,-41.540718011],[-72.243789602,-41.559040295],[-72.283256503,-41.503419387],[-72.273071241,-41.505290411],[-72.265609607,-41.500919042],[-72.263000296,-41.494608425],[-72.315597515,-41.493179251],[-72.276374732,-41.392174933],[-72.300363161,-41.384577084]]]}}, {"type" : "Feature", "id" : "subcuenca:1228", "properties" : {"code": "subcuenca:1228", "name": "Rio Serrano", "codigo": "1228", "fuente": "dga_bna", "nombre": "Rio Serrano", "region": "Región de Magallanes y La Antártica Chilena"}, "geometry" : {"type":"Polygon","coordinates":[[[-73.296745063,-50.746256952],[-73.159637471,-50.70326364],[-73.162506079,-50.754400094],[-73.054603274,-50.808581277],[-72.882453862,-50.675538854],[-72.734970107,-50.608636924],[-72.589462143,-50.681244871],[-72.442817592,-50.608912632],[-72.390563894,-50.628708056],[-72.334838857,-50.603475073],[-72.257606379,-50.642966717],[-72.317611375,-50.777931467],[-72.249130082,-50.884484589],[-72.233299232,-50.978185721],[-72.253517089,-51.051545085],[-72.320709219,-51.056705642],[-72.369148155,-51.130040972],[-72.270713859,-51.271710065],[-72.336234851,-51.548446152],[-72.552271223,-51.48214949],[-72.712745915,-51.476695875],[-72.671829314,-51.407209365],[-72.833958122,-51.464972981],[-72.909291407,-51.387594477],[-73.196113537,-51.417325937],[-73.448691984,-51.343878704],[-73.512374697,-51.145872821],[-73.504478503,-51.070344512],[-73.374717594,-50.970506206],[-73.361785772,-50.916897639],[-73.459823198,-50.880178694],[-73.379219066,-50.835382406],[-73.363632075,-50.773353006],[-73.296745063,-50.746256952]]]}}, {"type" : "Feature", "id" : "subcuenca:0560", "properties" : {"code": "subcuenca:0560", "name": "Islas de Juan Fernandez", "codigo": "0560", "fuente": "dga_bna", "nombre": "Islas de Juan Fernandez", "region": "Región de Valparaíso"}, "geometry" : {"type":"MultiPolygon","coordinates":[[[[-78.950910478,-33.705107273],[-78.942759959,-33.697619041],[-78.924007461,-33.714485415],[-78.938590704,-33.715587601],[-78.950910478,-33.705107273]]],[[[-78.88025243,-33.60748884],[-78.789859835,-33.640536436],[-78.770140986,-33.672587679],[-78.871670018,-33.644612315],[-78.946393089,-33.68034093],[-78.88025243,-33.60748884]]]]}}, {"type" : "Feature", "id" : "subcuenca:0212", "properties" : {"code": "subcuenca:0212", "name": "Loa Bajo (entre Quebrada Amarga y Desembocadura)", "codigo": "0212", "fuente": "dga_bna", "nombre": "Loa Bajo (entre Quebrada Amarga y Desembocadura)", "region": "Región de Antofagasta"}, "geometry" : {"type":"Polygon","coordinates":[[[-70.057560514,-21.443449338],[-70.067180939,-21.415740189],[-70.017950977,-21.390277024],[-70.014705464,-21.31186312],[-69.849430323,-21.272412963],[-69.829577542,-21.383675842],[-69.779115403,-21.439587772],[-69.992449912,-21.545601752],[-70.061274329,-21.493301568],[-70.057560514,-21.443449338]]]}}, {"type" : "Feature", "id" : "subcuenca:0274", "properties" : {"code": "subcuenca:0274", "name": "Quebrada Salar del Muerto", "codigo": "0274", "fuente": "dga_bna", "nombre": "Quebrada Salar del Muerto", "region": "Región de Antofagasta"}, "geometry" : {"type":"Polygon","coordinates":[[[-69.34549356,-23.636401921],[-69.170610047,-23.735859813],[-69.163536422,-23.812100268],[-69.249200106,-23.929363326],[-69.36631605,-23.995766922],[-69.706259694,-23.998087065],[-69.965459535,-23.75935734],[-69.940214126,-23.716960811],[-69.745283468,-23.691825511],[-69.564172344,-23.780410319],[-69.34549356,-23.636401921]]]}}, {"type" : "Feature", "id" : "subcuenca:0290", "properties" : {"code": "subcuenca:0290", "name": "Qs. entre Q. La Negra y Q. de Remedios", "codigo": "0290", "fuente": "dga_bna", "nombre": "Qs. entre Q. La Negra y Q. de Remedios", "region": "Región de Antofagasta"}, "geometry" : {"type":"Polygon","coordinates":[[[-70.508981768,-23.988225944],[-70.496797479,-23.900067404],[-70.527176183,-23.866809088],[-70.421420535,-23.703625665],[-70.375823363,-23.759688945],[-70.348491506,-23.89780893],[-70.439028035,-23.976314664],[-70.414027416,-24.003687481],[-70.412627674,-24.20445791],[-70.377777424,-24.256948245],[-70.528481334,-24.348865362],[-70.54853753,-24.330119876],[-70.502380873,-24.170685717],[-70.508981768,-23.988225944]]]}}, {"type" : "Feature", "id" : "subcuenca:1013", "properties" : {"code": "subcuenca:1013", "name": "Rio Cruces", "codigo": "1013", "fuente": "dga_bna", "nombre": "Rio Cruces", "region": "Región de Los Ríos"}, "geometry" : {"type":"Polygon","coordinates":[[[-72.656566925,-39.305264509],[-72.311698968,-39.312688204],[-72.285290986,-39.363717347],[-72.116830446,-39.400635045],[-72.279754514,-39.493225349],[-72.369491591,-39.667043838],[-72.614555335,-39.678090092],[-72.750091525,-39.816815986],[-72.971351532,-39.738513395],[-73.247082047,-39.791594355],[-73.267449403,-39.829257586],[-73.288627526,-39.772598179],[-73.343162338,-39.745478388],[-73.341689985,-39.713889615],[-73.247797904,-39.656672986],[-73.249038619,-39.596660684],[-73.187103231,-39.530551774],[-72.969467072,-39.517715557],[-72.901580879,-39.478620089],[-72.898628138,-39.384324465],[-72.845990141,-39.327910596],[-72.819371086,-39.348120793],[-72.656566925,-39.305264509]]]}}, {"type" : "Feature", "id" : "subcuenca:0542", "properties" : {"code": "subcuenca:0542", "name": "Aconcagua Bajo", "codigo": "0542", "fuente": "dga_bna", "nombre": "Aconcagua Bajo", "region": "Región de Valparaíso"}, "geometry" : {"type":"Polygon","coordinates":[[[-71.201101573,-32.603288612],[-71.162047984,-32.58889807],[-71.088743339,-32.620209407],[-71.06370881,-32.590931032],[-71.047971878,-32.632307162],[-70.893294266,-32.607350586],[-70.821741128,-32.629787799],[-70.847411619,-32.699536806],[-70.767819568,-32.742454174],[-70.731357236,-32.919561369],[-70.890925353,-32.928517046],[-70.938726795,-32.97282957],[-71.01700879,-32.977717136],[-71.005479296,-33.050843378],[-71.037034371,-33.095835026],[-71.193621259,-33.160080286],[-71.333797603,-33.08636561],[-71.330962918,-33.047645795],[-71.384440996,-33.013028837],[-71.549211247,-32.947250705],[-71.329762285,-32.835987265],[-71.292348542,-32.767019218],[-71.313553619,-32.73255263],[-71.277800355,-32.699842829],[-71.318424131,-32.68076125],[-71.201101573,-32.603288612]]]}}, {"type" : "Feature", "id" : "subcuenca:0462", "properties" : {"code": "subcuenca:0462", "name": "Costeras entre E.  El Almendro y Q. Totoral (Incl.)", "codigo": "0462", "fuente": "dga_bna", "nombre": "Costeras entre E.  El Almendro y Q. Totoral (Incl.)", "region": "Región de Coquimbo"}, "geometry" : {"type":"Polygon","coordinates":[[[-71.66099568,-31.078146712],[-71.660501582,-31.029273251],[-71.509066719,-31.058263831],[-71.485119769,-31.092584387],[-71.468963817,-31.159918516],[-71.524648053,-31.29392711],[-71.518774852,-31.362690956],[-71.63678541,-31.30341449],[-71.66099568,-31.078146712]]]}}, {"type" : "Feature", "id" : "subcuenca:1235", "properties" : {"code": "subcuenca:1235", "name": "Islas Entre Paso Uribe, Canal Bertran y Canal Nogueira", "codigo": "1235", "fuente": "dga_bna", "nombre": "Islas Entre Paso Uribe, Canal Bertran y Canal Nogueira", "region": "Región de Magallanes y La Antártica Chilena"}, "geometry" : {"type":"Polygon","coordinates":[[[-74.685096734,-51.626279728],[-74.594726286,-51.659671318],[-74.504188209,-51.765169948],[-74.424666985,-51.946863463],[-74.278022625,-52.040408732],[-74.351867803,-52.045713127],[-74.465163993,-52.10814986],[-74.467613247,-52.208539421],[-74.570235828,-52.403411056],[-74.651977461,-52.455715634],[-74.918494894,-52.54801853],[-75.24426256,-52.518203991],[-75.364593206,-52.239130742],[-75.038261458,-52.173509304],[-74.872421092,-52.103560973],[-74.746235104,-51.809926995],[-74.739029045,-51.683935023],[-74.685096734,-51.626279728]]]}}, {"type" : "Feature", "id" : "subcuenca:1293", "properties" : {"code": "subcuenca:1293", "name": "Islas Navarino y Gable", "codigo": "1293", "fuente": "dga_bna", "nombre": "Islas Navarino y Gable", "region": "Región de Magallanes y La Antártica Chilena"}, "geometry" : {"type":"Polygon","coordinates":[[[-68.446212845,-54.900981098],[-67.907402274,-54.878544376],[-67.47185473,-54.918415381],[-67.267272309,-54.902110636],[-67.121070628,-54.927302741],[-67.112297154,-54.993452972],[-66.994033501,-55.115056031],[-67.085495247,-55.294668851],[-67.245010012,-55.457146427],[-67.441619753,-55.381663691],[-68.055648226,-55.291576638],[-68.159302067,-55.214911641],[-68.204322361,-55.009205707],[-68.328359901,-55.000888759],[-68.446212845,-54.900981098]]]}}, {"type" : "Feature", "id" : "subcuenca:1115", "properties" : {"code": "subcuenca:1115", "name": "Costeras entre Rio Cisnes y Punta San Andres", "codigo": "1115", "fuente": "dga_bna", "nombre": "Costeras entre Rio Cisnes y Punta San Andres", "region": "Región Aysén del General Carlos Ibáñez del Cam"}, "geometry" : {"type":"Polygon","coordinates":[[[-72.786163154,-44.714818695],[-72.615997096,-44.704569426],[-72.645068235,-44.741537091],[-72.717959849,-44.748060022],[-72.841697632,-44.912443226],[-72.852775138,-44.946153988],[-72.764494175,-44.981674339],[-72.812744103,-45.046745594],[-72.911410238,-45.016179165],[-72.940833856,-45.05482667],[-73.097805335,-45.042254386],[-73.176391426,-45.083158979],[-73.247718655,-45.014398876],[-73.356033167,-45.01914194],[-73.362312093,-44.950643228],[-73.117614572,-44.919367427],[-72.886451398,-44.809595379],[-72.786163154,-44.714818695]]]}}, {"type" : "Feature", "id" : "subcuenca:0343", "properties" : {"code": "subcuenca:0343", "name": "R.  Copiapo Medio", "codigo": "0343", "fuente": "dga_bna", "nombre": "R.  Copiapo Medio", "region": "Región de Atacama"}, "geometry" : {"type":"Polygon","coordinates":[[[-70.387806679,-27.583850573],[-70.342468408,-27.475137441],[-70.277097479,-27.413289151],[-70.182886477,-27.46100925],[-70.155760022,-27.512242165],[-70.088998403,-27.508141071],[-70.085273557,-27.545716907],[-70.035480575,-27.5475907],[-69.989319299,-27.498405339],[-69.945058532,-27.508949573],[-69.880175712,-27.5635465],[-69.897373315,-27.6043828],[-69.786849566,-27.606605989],[-69.734706719,-27.639547406],[-69.662377266,-27.589941564],[-69.621191547,-27.665536443],[-69.77998048,-27.719843556],[-69.824133799,-27.935020141],[-69.926326284,-27.97513862],[-70.038682606,-28.116642691],[-70.052682624,-28.085820231],[-70.110792388,-28.082825848],[-70.100986316,-28.055858385],[-70.186225492,-27.956449675],[-70.213086112,-27.861013517],[-70.280064563,-27.889431167],[-70.333119231,-27.831203464],[-70.336235537,-27.69958382],[-70.372207372,-27.676987495],[-70.335419333,-27.670866244],[-70.387806679,-27.583850573]]]}}, {"type" : "Feature", "id" : "subcuenca:1130", "properties" : {"code": "subcuenca:1130", "name": "Rio Maniguales", "codigo": "1130", "fuente": "dga_bna", "nombre": "Rio Maniguales", "region": "Región Aysén del General Carlos Ibáñez del Cam"}, "geometry" : {"type":"Polygon","coordinates":[[[-72.505081218,-45.104043809],[-72.428161446,-45.00389523],[-72.3607941,-45.033925927],[-72.342529089,-45.005743278],[-72.311630129,-45.034684041],[-72.182636108,-44.97050646],[-72.125068656,-44.982931084],[-72.131145168,-44.910247815],[-72.090899515,-44.891172503],[-71.878135425,-44.959028433],[-71.84859451,-44.928084089],[-71.75440736,-44.924333661],[-71.740661443,-44.959509733],[-71.56070706,-44.976367855],[-71.503860406,-45.071456036],[-71.524757318,-45.101947048],[-71.412292383,-45.158355816],[-71.318733113,-45.293215541],[-71.44496141,-45.366442995],[-71.436698615,-45.393793743],[-71.531226979,-45.407601154],[-71.728664046,-45.35713796],[-71.765037241,-45.370853341],[-71.775894019,-45.417899247],[-71.905093884,-45.453838224],[-72.172889537,-45.452769402],[-72.173159114,-45.344231481],[-72.229664442,-45.372133828],[-72.286031068,-45.356091171],[-72.312633695,-45.420206358],[-72.344744817,-45.426569446],[-72.410609359,-45.385433379],[-72.49770627,-45.405159721],[-72.525176862,-45.392468737],[-72.511755556,-45.349875203],[-72.59292414,-45.309128601],[-72.600738078,-45.239815645],[-72.505081218,-45.104043809]]]}}, {"type" : "Feature", "id" : "subcuenca:0742", "properties" : {"code": "subcuenca:0742", "name": "Costeras entre Rio Reloca y Rio Curanilahue", "codigo": "0742", "fuente": "dga_bna", "nombre": "Costeras entre Rio Reloca y Rio Curanilahue", "region": "Región del Maule"}, "geometry" : {"type":"Polygon","coordinates":[[[-72.580134164,-35.712708713],[-72.535067607,-35.642786764],[-72.51315113,-35.688648781],[-72.448819256,-35.708190358],[-72.564010245,-35.769187728],[-72.580134164,-35.712708713]]]}}, {"type" : "Feature", "id" : "subcuenca:0432", "properties" : {"code": "subcuenca:0432", "name": "R. Elqui Medio", "codigo": "0432", "fuente": "dga_bna", "nombre": "R. Elqui Medio", "region": "Región de Coquimbo"}, "geometry" : {"type":"Polygon","coordinates":[[[-70.675309412,-29.687495824],[-70.608672395,-29.698274125],[-70.586096218,-29.745556036],[-70.627244474,-29.907009955],[-70.57255033,-29.986879279],[-70.555547374,-30.183231771],[-70.586604579,-30.236822337],[-70.658982773,-30.203152828],[-70.727979862,-30.250010461],[-70.775190102,-30.236545499],[-70.919436754,-30.008771825],[-70.96586068,-29.996687615],[-71.000157157,-29.897072678],[-70.805672476,-29.707531627],[-70.675309412,-29.687495824]]]}}, {"type" : "Feature", "id" : "subcuenca:0614", "properties" : {"code": "subcuenca:0614", "name": "Costeras entre Estero Nilahue y Limite Region", "codigo": "0614", "fuente": "dga_bna", "nombre": "Costeras entre Estero Nilahue y Limite Region", "region": "Región del Libertador General Bernardo O'Higgins"}, "geometry" : {"type":"Polygon","coordinates":[[[-72.052154991,-34.550942791],[-72.023808552,-34.485238502],[-72.01389835,-34.609898915],[-71.827464407,-34.619480846],[-71.790427157,-34.675751411],[-71.821828044,-34.704002648],[-71.781215693,-34.764693823],[-71.795180078,-34.826532076],[-71.931048635,-34.802637882],[-72.021251465,-34.831385431],[-72.021725476,-34.755272093],[-72.068724934,-34.747133288],[-72.052154991,-34.550942791]]]}}, {"type" : "Feature", "id" : "subcuenca:0894", "properties" : {"code": "subcuenca:0894", "name": "Isla Mocha", "codigo": "0894", "fuente": "dga_bna", "nombre": "Isla Mocha", "region": "Región del Biobío"}, "geometry" : {"type":"Polygon","coordinates":[[[-73.932797383,-38.409667715],[-73.952495943,-38.369437013],[-73.959223378,-38.312686464],[-73.864875728,-38.375468927],[-73.884058348,-38.414986843],[-73.932797383,-38.409667715]]]}}, {"type" : "Feature", "id" : "subcuenca:0232", "properties" : {"code": "subcuenca:0232", "name": "Entre Laguna Gucchalajte y Pampa del Lari", "codigo": "0232", "fuente": "dga_bna", "nombre": "Entre Laguna Gucchalajte y Pampa del Lari", "region": "Región de Antofagasta"}, "geometry" : {"type":"Polygon","coordinates":[[[-67.168652498,-23.190312732],[-67.043650783,-23.166198745],[-67.337288336,-24.039589986],[-67.352997155,-23.981067645],[-67.394749113,-23.97580796],[-67.321273189,-23.893268179],[-67.410368509,-23.754882842],[-67.413218734,-23.578617282],[-67.350819294,-23.520197806],[-67.354169958,-23.462363739],[-67.289288257,-23.328793415],[-67.235329696,-23.336118603],[-67.258325922,-23.299867759],[-67.190303186,-23.286257052],[-67.168652498,-23.190312732]]]}}, {"type" : "Feature", "id" : "subcuenca:0300", "properties" : {"code": "subcuenca:0300", "name": "Cuencas al N. del Salar de Pedernales", "codigo": "0300", "fuente": "dga_bna", "nombre": "Cuencas al N. del Salar de Pedernales", "region": "Región de Atacama"}, "geometry" : {"type":"Polygon","coordinates":[[[-69.084829718,-25.583531564],[-68.995834503,-25.505499007],[-69.03841932,-25.382528056],[-68.818185609,-25.368252078],[-68.771028388,-25.398266409],[-68.68570875,-25.367956613],[-68.665525056,-25.31986162],[-68.54626653,-25.299116217],[-68.52531589,-25.365061555],[-68.590471033,-25.446574432],[-68.574029879,-25.521125508],[-68.513727951,-25.574241917],[-68.546070716,-25.631081001],[-68.47757353,-25.702557933],[-68.414715899,-26.002329734],[-68.494052425,-26.032453112],[-68.572481211,-26.00318911],[-68.590905265,-25.931191233],[-68.648510238,-25.881331699],[-68.695751267,-25.917629399],[-68.770343413,-25.881981988],[-68.866896539,-25.98838677],[-68.908554816,-25.97522226],[-68.939601613,-26.01780425],[-69.125657941,-26.060855893],[-69.065696637,-25.919820983],[-68.998777033,-25.879405109],[-68.983031087,-25.734465564],[-69.058931524,-25.670499626],[-69.084829718,-25.583531564]]]}}, {"type" : "Feature", "id" : "subcuenca:0251", "properties" : {"code": "subcuenca:0251", "name": "Rio San Pedro", "codigo": "0251", "fuente": "dga_bna", "nombre": "Rio San Pedro", "region": "Región de Antofagasta"}, "geometry" : {"type":"Polygon","coordinates":[[[-68.329836658,-22.596539804],[-68.242430968,-22.477983284],[-68.117704598,-22.413421768],[-68.000413671,-22.416401801],[-67.941920776,-22.382508581],[-67.899452274,-22.407955065],[-67.888795791,-22.511920269],[-67.842252521,-22.531843267],[-67.83480158,-22.581639471],[-67.86447886,-22.626427054],[-67.910036125,-22.59338589],[-68.074003792,-22.612792293],[-68.067215926,-22.699747838],[-68.195197429,-22.849814845],[-68.21207646,-22.954403817],[-68.251353054,-22.974551878],[-68.308023721,-22.955894605],[-68.219829447,-22.851911124],[-68.250747686,-22.736546383],[-68.290001848,-22.691406578],[-68.382383022,-22.683334545],[-68.329836658,-22.596539804]]]}}, {"type" : "Feature", "id" : "subcuenca:1200", "properties" : {"code": "subcuenca:1200", "name": "Costeras del Canal Mesier Entre Limite Region y Peninsula Exmouth", "codigo": "1200", "fuente": "dga_bna", "nombre": "Costeras del Canal Mesier Entre Limite Region y Peninsula Exmouth", "region": "Región de Magallanes y La Antártica Chilena"}, "geometry" : {"type":"Polygon","coordinates":[[[-74.395428006,-48.685768204],[-74.258917822,-48.725220387],[-74.074490307,-48.705404155],[-73.877212424,-48.813721587],[-74.06284249,-48.913200712],[-74.069762228,-48.963247211],[-73.997596747,-49.034394321],[-73.949873609,-49.158431025],[-74.075668075,-49.264503145],[-74.142989809,-49.209857254],[-74.287916481,-49.272756782],[-74.273192402,-49.208389737],[-74.384551964,-49.16222119],[-74.440498462,-49.030622445],[-74.395141726,-48.933114991],[-74.430228912,-48.848120068],[-74.395428006,-48.685768204]]]}}, {"type" : "Feature", "id" : "subcuenca:0266", "properties" : {"code": "subcuenca:0266", "name": "Pampa de Socompa", "codigo": "0266", "fuente": "dga_bna", "nombre": "Pampa de Socompa", "region": "Región de Antofagasta"}, "geometry" : {"type":"Polygon","coordinates":[[[-68.556289604,-24.313460889],[-68.491370953,-24.232325904],[-68.511721188,-24.1493331],[-68.47319594,-24.067052688],[-68.394294983,-24.121880775],[-68.352216423,-24.293861091],[-68.11048136,-24.234622912],[-68.071695409,-24.308625885],[-68.261103788,-24.401480712],[-68.310131475,-24.490298167],[-68.388479806,-24.484051963],[-68.463536897,-24.620897274],[-68.497908273,-24.582466512],[-68.509387406,-24.415258842],[-68.556289604,-24.313460889]]]}}, {"type" : "Feature", "id" : "subcuenca:0744", "properties" : {"code": "subcuenca:0744", "name": "Costeras entre R. Curanilahue y limite Region (E. Pullay)", "codigo": "0744", "fuente": "dga_bna", "nombre": "Costeras entre R. Curanilahue y limite Region (E. Pullay)", "region": "Región del Maule"}, "geometry" : {"type":"Polygon","coordinates":[[[-72.564486757,-35.777710949],[-72.452106692,-35.831016219],[-72.470237677,-35.855804351],[-72.425770065,-35.904135871],[-72.460362708,-35.942406563],[-72.514685617,-35.920305245],[-72.561720418,-35.965221263],[-72.509603665,-36.024740298],[-72.524243854,-36.054481378],[-72.591427443,-36.091881614],[-72.673197038,-36.024997896],[-72.789991016,-36.067780127],[-72.784442839,-35.973968675],[-72.564486757,-35.777710949]]]}}, {"type" : "Feature", "id" : "subcuenca:0220", "properties" : {"code": "subcuenca:0220", "name": "Costeras entre Rio Loa y Q. Iquine (inclusive)", "codigo": "0220", "fuente": "dga_bna", "nombre": "Costeras entre Rio Loa y Q. Iquine (inclusive)", "region": "Región de Antofagasta"}, "geometry" : {"type":"Polygon","coordinates":[[[-70.057560514,-21.443449338],[-70.061274329,-21.493301568],[-69.992449912,-21.545601752],[-69.859108579,-21.484191401],[-69.758650123,-21.609445666],[-69.791917883,-21.722077084],[-69.910891397,-21.804432246],[-69.867387215,-21.859244182],[-69.870086101,-21.9588087],[-69.960067149,-21.97109888],[-70.017443997,-21.896846438],[-70.074104807,-21.954114518],[-70.097982617,-21.837079449],[-70.152427603,-21.765395007],[-70.147145056,-21.636046541],[-70.093617418,-21.588565416],[-70.057560514,-21.443449338]]]}}, {"type" : "Feature", "id" : "subcuenca:1067", "properties" : {"code": "subcuenca:1067", "name": "Costeras Entre R.  Reñihue y R. Negro", "codigo": "1067", "fuente": "dga_bna", "nombre": "Costeras Entre R.  Reñihue y R. Negro", "region": "Región de Los Lagos"}, "geometry" : {"type":"Polygon","coordinates":[[[-72.826873539,-42.561646987],[-72.796836666,-42.498797644],[-72.541072572,-42.58242218],[-72.561149603,-42.63021296],[-72.634735072,-42.635709895],[-72.631294125,-42.684515949],[-72.734504589,-42.666319197],[-72.840797362,-42.740216766],[-72.841163472,-42.703204492],[-72.833473093,-42.712916218],[-72.810318003,-42.711704657],[-72.800590242,-42.696497144],[-72.815162576,-42.662640246],[-72.83151236,-42.706121218],[-72.856681797,-42.675689677],[-72.828582651,-42.65699681],[-72.853370597,-42.617386055],[-72.826873539,-42.561646987]]]}}, {"type" : "Feature", "id" : "subcuenca:0410", "properties" : {"code": "subcuenca:0410", "name": "Q. Los Choros hasta junta Q. del Pelicano", "codigo": "0410", "fuente": "dga_bna", "nombre": "Q. Los Choros hasta junta Q. del Pelicano", "region": "Región de Coquimbo"}, "geometry" : {"type":"Polygon","coordinates":[[[-70.908380197,-29.132217269],[-70.818818293,-29.146234956],[-70.728831747,-29.101578628],[-70.713841355,-29.056572515],[-70.553127647,-29.044243326],[-70.451436269,-29.338315648],[-70.475354997,-29.37357501],[-70.501757382,-29.35681672],[-70.599783078,-29.391423169],[-70.723144896,-29.367756373],[-70.745076939,-29.406775366],[-70.932859237,-29.373994283],[-70.99432703,-29.274158246],[-70.974651168,-29.177132919],[-70.908380197,-29.132217269]]]}}, {"type" : "Feature", "id" : "subcuenca:0736", "properties" : {"code": "subcuenca:0736", "name": "Rio Maule entre Rio Loncomilla y Rio Claro", "codigo": "0736", "fuente": "dga_bna", "nombre": "Rio Maule entre Rio Loncomilla y Rio Claro", "region": "Región del Maule"}, "geometry" : {"type":"Polygon","coordinates":[[[-71.886745801,-35.460234467],[-71.7052767,-35.523007938],[-71.779433572,-35.580372969],[-71.78098695,-35.694821405],[-71.917774526,-35.687917748],[-71.913399246,-35.649910493],[-71.954501812,-35.628234242],[-71.96750102,-35.546569312],[-71.849359111,-35.535712736],[-71.887328082,-35.511308683],[-71.886745801,-35.460234467]]]}}, {"type" : "Feature", "id" : "subcuenca:1031", "properties" : {"code": "subcuenca:1031", "name": "Rio Bueno entre Lago Ranco y Rio Pilmaiquen", "codigo": "1031", "fuente": "dga_bna", "nombre": "Rio Bueno entre Lago Ranco y Rio Pilmaiquen", "region": "Región de Los Ríos"}, "geometry" : {"type":"Polygon","coordinates":[[[-72.727485367,-40.055776521],[-72.330885693,-40.040739338],[-72.499557366,-40.106634015],[-72.579162676,-40.25527749],[-72.517394789,-40.358466062],[-72.343944818,-40.387209002],[-72.311436318,-40.437257238],[-72.557540856,-40.381719643],[-72.795158211,-40.415293736],[-73.045638974,-40.341270663],[-73.138091787,-40.343996664],[-73.145164526,-40.321203292],[-73.089286622,-40.301474811],[-73.19003298,-40.278917466],[-73.249938982,-40.210015768],[-73.146690117,-40.200655452],[-73.107475308,-40.14593954],[-72.857154712,-40.128305286],[-72.727485367,-40.055776521]]]}}, {"type" : "Feature", "id" : "subcuenca:0152", "properties" : {"code": "subcuenca:0152", "name": "Rio Camarones Bajo", "codigo": "0152", "fuente": "dga_bna", "nombre": "Rio Camarones Bajo", "region": "Región de Arica y Parinacota"}, "geometry" : {"type":"Polygon","coordinates":[[[-70.181224442,-19.105515808],[-70.209525811,-19.162271209],[-70.175473432,-19.238095044],[-70.247465461,-19.30316722],[-70.287195283,-19.227011552],[-70.26276833,-19.123208702],[-70.193751302,-19.065627419],[-70.181224442,-19.105515808]]]}}, {"type" : "Feature", "id" : "subcuenca:0200", "properties" : {"code": "subcuenca:0200", "name": "Salar De Ollague", "codigo": "0200", "fuente": "dga_bna", "nombre": "Salar De Ollague", "region": "Región de Antofagasta"}, "geometry" : {"type":"Polygon","coordinates":[[[-68.464596343,-21.220532941],[-68.439069111,-21.129481566],[-68.545962823,-21.070612465],[-68.483668102,-20.939216405],[-68.413233198,-20.938934584],[-68.179211064,-21.312143957],[-68.464596343,-21.220532941]]]}}, {"type" : "Feature", "id" : "subcuenca:1204", "properties" : {"code": "subcuenca:1204", "name": "Costeras entre Fiordo Falcon y Fiordo Penguin", "codigo": "1204", "fuente": "dga_bna", "nombre": "Costeras entre Fiordo Falcon y Fiordo Penguin", "region": "Región de Magallanes y La Antártica Chilena"}, "geometry" : {"type":"Polygon","coordinates":[[[-74.217544462,-49.567601104],[-74.112792893,-49.521514948],[-73.874474668,-49.541572234],[-73.844564012,-49.651409075],[-73.769478232,-49.660225401],[-73.700127002,-49.726267706],[-73.703109489,-49.821868857],[-73.55093385,-49.925443114],[-73.58406826,-49.945291379],[-73.57305894,-50.042664305],[-73.50681294,-50.071369724],[-73.536827078,-50.158414573],[-73.602714516,-50.147115334],[-73.639267064,-50.097375506],[-73.867271221,-50.07135789],[-73.895923969,-50.019767451],[-73.976150195,-50.021822987],[-74.334358093,-49.893510429],[-74.351951588,-49.679596683],[-74.308532619,-49.61563652],[-74.217544462,-49.567601104]]]}}, {"type" : "Feature", "id" : "subcuenca:1141", "properties" : {"code": "subcuenca:1141", "name": "Costeras entre Rio Huemules y Rio Exploradores", "codigo": "1141", "fuente": "dga_bna", "nombre": "Costeras entre Rio Huemules y Rio Exploradores", "region": "Región Aysén del General Carlos Ibáñez del Cam"}, "geometry" : {"type":"Polygon","coordinates":[[[-73.640739234,-45.870650971],[-73.43254615,-45.940315142],[-73.33023066,-45.905685497],[-73.051673635,-45.899146057],[-72.973968246,-45.945807196],[-72.955108443,-46.068255028],[-73.006605909,-46.104117281],[-73.100954009,-46.104168105],[-73.235378155,-46.182653741],[-73.24407013,-46.219647489],[-73.307424327,-46.230252731],[-73.326972809,-46.320892151],[-73.569412248,-46.292374205],[-73.737937616,-46.355558434],[-73.640510333,-46.097394879],[-73.640739234,-45.870650971]]]}}, {"type" : "Feature", "id" : "subcuenca:0600", "properties" : {"code": "subcuenca:0600", "name": "Rio Cachapoal Alto (Hasta bajo junta Rio Claro)", "codigo": "0600", "fuente": "dga_bna", "nombre": "Rio Cachapoal Alto (Hasta bajo junta Rio Claro)", "region": "Región del Libertador General Bernardo O'Higgins"}, "geometry" : {"type":"Polygon","coordinates":[[[-70.545210211,-34.098018303],[-70.342667439,-34.008645039],[-70.321821538,-34.01457453],[-70.340718186,-34.051797698],[-70.308301525,-34.066426445],[-70.184590693,-34.032529678],[-70.143542519,-34.120224431],[-70.165128054,-34.159731057],[-70.050661246,-34.225831973],[-70.011204235,-34.412968394],[-70.13083901,-34.487107296],[-70.21644485,-34.610666642],[-70.217723242,-34.681860617],[-70.257760892,-34.69693592],[-70.333395262,-34.627460089],[-70.36351061,-34.644141774],[-70.393506599,-34.600702642],[-70.467961123,-34.589329626],[-70.487258625,-34.497039741],[-70.560506381,-34.497032278],[-70.615836643,-34.448299495],[-70.582031104,-34.305464626],[-70.593662648,-34.216965809],[-70.545210211,-34.098018303]]]}}, {"type" : "Feature", "id" : "subcuenca:0381", "properties" : {"code": "subcuenca:0381", "name": "Rio del Carmen", "codigo": "0381", "fuente": "dga_bna", "nombre": "Rio del Carmen", "region": "Región de Atacama"}, "geometry" : {"type":"Polygon","coordinates":[[[-70.585295781,-28.863289579],[-70.575461956,-28.81174642],[-70.488976518,-28.753420156],[-70.412269407,-28.802136718],[-70.368214596,-28.976162768],[-70.389194015,-29.050822163],[-70.327199912,-29.078567393],[-70.2927653,-29.172102278],[-70.20678219,-29.213194081],[-70.182483387,-29.295947794],[-70.118385458,-29.286785063],[-70.019388307,-29.331910163],[-69.948469224,-29.491011637],[-69.942955946,-29.652134676],[-69.88723327,-29.725628977],[-70.105972887,-29.738596493],[-70.233093723,-29.711268465],[-70.421289602,-29.540287613],[-70.477690879,-29.369754704],[-70.45013094,-29.333041925],[-70.48541637,-29.284566538],[-70.467303208,-29.241226864],[-70.543740384,-29.099695],[-70.551077164,-29.045688289],[-70.498737633,-28.987391751],[-70.516432166,-28.900431153],[-70.585295781,-28.863289579]]]}}, {"type" : "Feature", "id" : "subcuenca:1011", "properties" : {"code": "subcuenca:1011", "name": "R. San Pedro (Entre desague L. Panguipulli y Bajo R. Quinchilca)", "codigo": "1011", "fuente": "dga_bna", "nombre": "R. San Pedro (Entre desague L. Panguipulli y Bajo R. Quinchilca)", "region": "Región de Los Ríos"}, "geometry" : {"type":"Polygon","coordinates":[[[-72.750091525,-39.816815986],[-72.614555335,-39.678090092],[-72.392928971,-39.668797163],[-72.382031997,-39.71025939],[-72.291984358,-39.736993767],[-72.212490161,-39.809263096],[-72.216820314,-39.841717359],[-72.067642156,-39.866023729],[-72.04021431,-39.938836673],[-72.058769079,-39.969499791],[-72.177430619,-39.957072852],[-72.330885693,-40.040739338],[-72.727485367,-40.055776521],[-72.692390425,-39.93737184],[-72.763351487,-39.864884405],[-72.750091525,-39.816815986]]]}}, {"type" : "Feature", "id" : "subcuenca:0834", "properties" : {"code": "subcuenca:0834", "name": "Rio Renaico", "codigo": "0834", "fuente": "dga_bna", "nombre": "Rio Renaico", "region": "Región de La Araucanía"}, "geometry" : {"type":"Polygon","coordinates":[[[-72.531666799,-37.612668181],[-72.479452682,-37.628883022],[-72.471606506,-37.689095415],[-72.368849656,-37.794403488],[-72.053404577,-37.993196846],[-71.957910049,-37.977903839],[-71.787964753,-38.019395046],[-71.641411755,-37.958073775],[-71.656246238,-38.003777298],[-71.614965243,-38.112514575],[-71.702530027,-38.1874902],[-71.790905995,-38.128695981],[-72.024513496,-38.165041702],[-72.331568841,-38.030760122],[-72.458152618,-37.861685008],[-72.508172672,-37.721483983],[-72.650486597,-37.663535587],[-72.531666799,-37.612668181]]]}}, {"type" : "Feature", "id" : "subcuenca:1202", "properties" : {"code": "subcuenca:1202", "name": "Costeras del Fiordo Eyre (exc.  Peninsula Exmouth)", "codigo": "1202", "fuente": "dga_bna", "nombre": "Costeras del Fiordo Eyre (exc.  Peninsula Exmouth)", "region": "Región de Magallanes y La Antártica Chilena"}, "geometry" : {"type":"Polygon","coordinates":[[[-73.877212424,-48.813721587],[-73.583129654,-48.833586215],[-73.517585564,-48.978153458],[-73.54215236,-49.070453702],[-73.466674666,-49.158611447],[-73.462585224,-49.227507713],[-73.379928516,-49.288403878],[-73.445419124,-49.321357793],[-73.520751885,-49.490555252],[-73.580375679,-49.546220913],[-73.642509417,-49.550380901],[-73.759910693,-49.476194121],[-73.876327182,-49.483069185],[-73.918800166,-49.454951782],[-74.112792893,-49.521514948],[-74.130355732,-49.498955335],[-74.094375672,-49.284764833],[-73.949873609,-49.158431025],[-73.997596747,-49.034394321],[-74.069762228,-48.963247211],[-74.06284249,-48.913200712],[-73.877212424,-48.813721587]]]}}, {"type" : "Feature", "id" : "subcuenca:1163", "properties" : {"code": "subcuenca:1163", "name": "Islas entre Canal General Martinez y Canal Baker", "codigo": "1163", "fuente": "dga_bna", "nombre": "Islas entre Canal General Martinez y Canal Baker", "region": "Región Aysén del General Carlos Ibáñez del Cam"}, "geometry" : {"type":"Polygon","coordinates":[[[-73.592916492,-47.786711897],[-73.492586787,-47.821834385],[-73.478286645,-47.863820025],[-73.476180825,-47.886550087],[-73.602714406,-47.855496395],[-73.629463171,-47.881760421],[-73.615401934,-47.997003841],[-73.496192756,-48.117872458],[-73.615722615,-48.084369978],[-73.748634427,-47.972985632],[-74.298797653,-47.968519322],[-74.476623534,-47.901169507],[-74.595946939,-47.971991037],[-74.69766213,-47.892523379],[-74.711455385,-47.812483242],[-74.680961583,-47.747597608],[-74.473453922,-47.793024133],[-74.387100075,-47.752768891],[-74.320037896,-47.781815092],[-74.061279311,-47.77125348],[-73.880395584,-47.836064615],[-73.592916492,-47.786711897]]]}}, {"type" : "Feature", "id" : "subcuenca:0411", "properties" : {"code": "subcuenca:0411", "name": "Q.  del Pelicano", "codigo": "0411", "fuente": "dga_bna", "nombre": "Q.  del Pelicano", "region": "Región de Coquimbo"}, "geometry" : {"type":"Polygon","coordinates":[[[-70.932859237,-29.373994283],[-70.745076939,-29.406775366],[-70.723144896,-29.367756373],[-70.53965029,-29.381840049],[-70.527174194,-29.496635482],[-70.581795401,-29.629255771],[-70.575097641,-29.695930171],[-70.597686433,-29.716019911],[-70.675309412,-29.687495824],[-70.726954137,-29.62139536],[-70.820801793,-29.623920761],[-70.848476032,-29.550500894],[-70.890532498,-29.539596355],[-70.988270441,-29.600467489],[-71.014962962,-29.580410339],[-71.036440379,-29.492063621],[-70.932859237,-29.373994283]]]}}, {"type" : "Feature", "id" : "subcuenca:1210", "properties" : {"code": "subcuenca:1210", "name": "Islas al Poniente del Canal Fallos", "codigo": "1210", "fuente": "dga_bna", "nombre": "Islas al Poniente del Canal Fallos", "region": "Región de Magallanes y La Antártica Chilena"}, "geometry" : {"type":"Polygon","coordinates":[[[-75.188690153,-48.70230159],[-75.008025868,-48.594233313],[-74.730842308,-48.639784183],[-74.876556162,-48.722178752],[-75.006034916,-48.754277832],[-75.027785964,-48.822256672],[-74.979026783,-48.943650343],[-75.083923231,-48.966556589],[-75.340904234,-49.215996425],[-75.546981604,-49.323470197],[-75.781089932,-49.325055868],[-75.844177032,-48.825991582],[-75.495613041,-48.77465859],[-75.382011478,-48.789422298],[-75.188690153,-48.70230159]]]}}, {"type" : "Feature", "id" : "subcuenca:0340", "properties" : {"code": "subcuenca:0340", "name": "Rio Jorquera", "codigo": "0340", "fuente": "dga_bna", "nombre": "Rio Jorquera", "region": "Región de Atacama"}, "geometry" : {"type":"Polygon","coordinates":[[[-69.252598041,-27.170356216],[-69.14325736,-27.290010188],[-69.274076852,-27.378094046],[-69.31729972,-27.498323817],[-69.248731813,-27.534934918],[-69.218933765,-27.69683945],[-69.118526512,-27.683226501],[-69.083075275,-27.731138315],[-69.126629163,-27.905638752],[-69.174326995,-27.972044259],[-69.236261633,-27.967880659],[-69.30846842,-28.128759872],[-69.390465587,-28.224297093],[-69.4513882,-28.182532989],[-69.4962579,-28.200002181],[-69.515703229,-28.146091025],[-69.491209858,-28.092151638],[-69.536307824,-28.026592989],[-69.48835945,-27.89052389],[-69.517515297,-27.812947473],[-69.642572136,-27.814421766],[-69.787252036,-28.108378579],[-69.958926365,-28.046498554],[-69.926326284,-27.97513862],[-69.824133799,-27.935020141],[-69.77998048,-27.719843556],[-69.624083856,-27.680517591],[-69.642462508,-27.622528702],[-69.586883173,-27.61067836],[-69.527633311,-27.527548219],[-69.507998964,-27.349006032],[-69.406806444,-27.206516543],[-69.341793119,-27.158841587],[-69.252598041,-27.170356216]]]}}, {"type" : "Feature", "id" : "subcuenca:0265", "properties" : {"code": "subcuenca:0265", "name": "Salar Punta Negra", "codigo": "0265", "fuente": "dga_bna", "nombre": "Salar Punta Negra", "region": "Región de Antofagasta"}, "geometry" : {"type":"Polygon","coordinates":[[[-68.918118505,-24.145115535],[-68.764313703,-24.09335187],[-68.781482187,-24.038648215],[-68.696532029,-23.930941209],[-68.658707295,-24.212101332],[-68.530102091,-24.342865413],[-68.487550775,-24.641517672],[-68.540425654,-24.72452156],[-68.629427208,-24.755690229],[-68.635798604,-24.868570599],[-68.699991139,-24.899833943],[-68.838149609,-24.899117562],[-68.953525009,-24.952083428],[-68.981955422,-24.995135406],[-69.047609544,-25.004647425],[-69.002032529,-25.356042316],[-69.040377585,-25.382428198],[-69.178333554,-25.283812622],[-69.247460405,-25.16883534],[-69.11300174,-24.879036964],[-69.183743719,-24.604758069],[-69.063336686,-24.51446604],[-69.040282472,-24.388122703],[-68.974287195,-24.315317141],[-68.997458171,-24.273841076],[-68.956100479,-24.263859183],[-68.874622704,-24.339698247],[-68.820279397,-24.267155275],[-68.918118505,-24.145115535]]]}}, {"type" : "Feature", "id" : "subcuenca:0500", "properties" : {"code": "subcuenca:0500", "name": "Costera Quilimari - Petorca", "codigo": "0500", "fuente": "dga_bna", "nombre": "Costera Quilimari - Petorca", "region": "Región de Valparaíso"}, "geometry" : {"type":"Polygon","coordinates":[[[-71.515694908,-32.242846225],[-71.541574468,-32.176528319],[-71.480349584,-32.154514894],[-71.283003574,-32.19798739],[-71.293216736,-32.272512606],[-71.407651136,-32.391055899],[-71.470836463,-32.344565294],[-71.471222073,-32.272868891],[-71.515694908,-32.242846225]]]}}, {"type" : "Feature", "id" : "subcuenca:0830", "properties" : {"code": "subcuenca:0830", "name": "Rio Bio-Bio Alto (Hasta despues junta Rio Lamin)", "codigo": "0830", "fuente": "dga_bna", "nombre": "Rio Bio-Bio Alto (Hasta despues junta Rio Lamin)", "region": "Región de La Araucanía"}, "geometry" : {"type":"Polygon","coordinates":[[[-71.164563331,-37.853976992],[-71.10803043,-37.898491229],[-71.110208381,-37.949869932],[-71.0594259,-37.969824266],[-71.055260536,-38.044076818],[-70.988382069,-38.087467129],[-71.043297713,-38.12281672],[-70.995714181,-38.171812394],[-71.021554677,-38.244264029],[-70.983751582,-38.42968892],[-70.841655938,-38.538606056],[-70.82713715,-38.595289833],[-70.904376661,-38.666867297],[-70.883365359,-38.700924612],[-70.926226894,-38.761545921],[-71.096665794,-38.754201461],[-71.186020029,-38.813844909],[-71.237411233,-38.800316485],[-71.268554076,-38.851431755],[-71.397237717,-38.913008083],[-71.417185425,-38.884041109],[-71.394134626,-38.816115703],[-71.536750452,-38.713879035],[-71.492630055,-38.666392791],[-71.581926311,-38.610726287],[-71.585118001,-38.578270814],[-71.460721382,-38.518218165],[-71.46497268,-38.414964935],[-71.521597065,-38.363317488],[-71.40858573,-38.33129393],[-71.417691606,-38.267404202],[-71.355053942,-38.233718428],[-71.401864565,-38.108232],[-71.34409353,-38.011940209],[-71.407619076,-37.981641912],[-71.430158416,-37.915116593],[-71.393259652,-37.855212464],[-71.295079455,-37.893599224],[-71.239321169,-37.852821807],[-71.164563331,-37.853976992]]]}}, {"type" : "Feature", "id" : "subcuenca:0433", "properties" : {"code": "subcuenca:0433", "name": "R. Elqui Bajo", "codigo": "0433", "fuente": "dga_bna", "nombre": "R. Elqui Bajo", "region": "Región de Coquimbo"}, "geometry" : {"type":"Polygon","coordinates":[[[-71.019807647,-29.566041292],[-70.988270441,-29.600467489],[-70.890532498,-29.539596355],[-70.848476032,-29.550500894],[-70.820801793,-29.623920761],[-70.726954137,-29.62139536],[-70.675309412,-29.687495824],[-70.805672476,-29.707531627],[-71.000157157,-29.897072678],[-70.96586068,-29.996687615],[-70.919436754,-30.008771825],[-70.77943756,-30.195830752],[-70.775190102,-30.236545499],[-70.828824939,-30.259106353],[-70.905003718,-30.214261265],[-71.040585039,-30.269261256],[-71.135861578,-30.263149807],[-71.138261205,-30.227699134],[-71.014374291,-30.189842582],[-71.124797313,-30.114100005],[-71.113426523,-30.071103804],[-71.149358854,-30.089185608],[-71.145584168,-30.023046012],[-71.219277956,-29.923720313],[-71.275615379,-29.89967978],[-71.282569982,-29.834329481],[-71.344896151,-29.756948607],[-71.314923752,-29.653094936],[-71.281730862,-29.692073501],[-71.019807647,-29.566041292]]]}}, {"type" : "Feature", "id" : "subcuenca:1145", "properties" : {"code": "subcuenca:1145", "name": "Peninsula de Taitao", "codigo": "1145", "fuente": "dga_bna", "nombre": "Peninsula de Taitao", "region": "Región Aysén del General Carlos Ibáñez del Cam"}, "geometry" : {"type":"Polygon","coordinates":[[[-75.064561505,-45.767117266],[-74.54148107,-45.82946915],[-74.329854353,-45.791161363],[-74.268531536,-45.830144756],[-74.093796778,-45.784108537],[-73.98570925,-46.007927265],[-73.935501202,-46.031457937],[-73.962676744,-46.128187691],[-73.84860224,-46.131668315],[-73.70864847,-46.239111886],[-73.734626883,-46.346357502],[-73.829810939,-46.550107314],[-73.93978349,-46.50234435],[-74.280128304,-46.519251984],[-74.303733723,-46.528175164],[-74.292884485,-46.588761842],[-74.358978246,-46.612351229],[-74.32621948,-46.64994855],[-74.262141839,-46.634325479],[-74.221870442,-46.6870632],[-74.229634052,-46.757465031],[-74.358250732,-46.775473402],[-74.143836853,-46.908340406],[-74.141479203,-46.972276576],[-74.497398193,-46.985412241],[-75.569358814,-47.268112667],[-75.683044565,-46.816278065],[-75.672691363,-46.671425496],[-75.629493466,-46.586641681],[-75.431861648,-46.469168286],[-75.140960564,-46.168525395],[-75.116874359,-45.898934972],[-75.064561505,-45.767117266]]]}}, {"type" : "Feature", "id" : "subcuenca:1100", "properties" : {"code": "subcuenca:1100", "name": "Costeras entre Limite Decima Region y Rio Palena", "codigo": "1100", "fuente": "dga_bna", "nombre": "Costeras entre Limite Decima Region y Rio Palena", "region": "Región Aysén del General Carlos Ibáñez del Cam"}, "geometry" : {"type":"Polygon","coordinates":[[[-72.919151363,-43.70190489],[-72.855453183,-43.738626454],[-72.826133595,-43.640043481],[-72.797096275,-43.640504382],[-72.765983563,-43.689316995],[-72.803421032,-43.73859869],[-72.766036907,-43.766301582],[-72.613273557,-43.75737544],[-72.477584708,-43.791852324],[-72.466651972,-43.880136657],[-72.563331467,-43.884780128],[-72.56734454,-43.921322313],[-72.625716884,-43.907770512],[-72.634742426,-43.939050845],[-72.67275983,-43.934363201],[-72.956783232,-43.75667004],[-73.05124928,-43.738717432],[-72.919151363,-43.70190489]]]}}, {"type" : "Feature", "id" : "subcuenca:0233", "properties" : {"code": "subcuenca:0233", "name": "Salar de Incaguasi", "codigo": "0233", "fuente": "dga_bna", "nombre": "Salar de Incaguasi", "region": "Región de Antofagasta"}, "geometry" : {"type":"Polygon","coordinates":[[[-67.651771698,-23.986233004],[-67.552101345,-23.984078428],[-67.495207274,-24.070376441],[-67.448745781,-24.065469727],[-67.394749113,-23.97580796],[-67.352997155,-23.981067645],[-67.337288336,-24.039589986],[-67.766150085,-24.208164425],[-67.816701103,-24.160680847],[-67.664219415,-24.0550091],[-67.651771698,-23.986233004]]]}}, {"type" : "Feature", "id" : "subcuenca:1114", "properties" : {"code": "subcuenca:1114", "name": "Rio Cisnes", "codigo": "1114", "fuente": "dga_bna", "nombre": "Rio Cisnes", "region": "Región Aysén del General Carlos Ibáñez del Cam"}, "geometry" : {"type":"Polygon","coordinates":[[[-71.809257436,-44.418938984],[-71.710891411,-44.379961246],[-71.671577602,-44.407174777],[-71.385276757,-44.384276579],[-71.347686575,-44.423518122],[-71.238242974,-44.416767928],[-71.127914195,-44.468790649],[-71.15904212,-44.497684038],[-71.085311751,-44.535022746],[-71.094024475,-44.586062868],[-71.199477992,-44.590507429],[-71.232116646,-44.648724728],[-71.191802964,-44.682691615],[-71.199508444,-44.737018489],[-71.289603981,-44.811983033],[-71.473075518,-44.735501814],[-71.662910243,-44.786947453],[-71.786414946,-44.748617334],[-71.851135349,-44.800507373],[-72.064315595,-44.754878927],[-72.073882865,-44.779457501],[-72.031509283,-44.801110637],[-72.0641021,-44.875341239],[-72.038131502,-44.901564343],[-71.987479794,-44.897928318],[-71.974960213,-44.919503731],[-71.946929793,-44.919065357],[-71.898139638,-44.95009218],[-72.090899515,-44.891172503],[-72.131145168,-44.910247815],[-72.125068656,-44.982931084],[-72.182636108,-44.97050646],[-72.311630129,-45.034684041],[-72.342529089,-45.005743278],[-72.3607941,-45.033925927],[-72.428161446,-45.00389523],[-72.505081218,-45.104043809],[-72.599113676,-45.04933934],[-72.70392592,-45.072713667],[-72.733630772,-45.01770928],[-72.797935312,-45.025069069],[-72.771010244,-44.975338027],[-72.852775138,-44.946153988],[-72.717959849,-44.748060022],[-72.632865635,-44.734202887],[-72.618858276,-44.690903964],[-72.522054821,-44.619632732],[-72.422042389,-44.58739367],[-72.367211479,-44.610926874],[-72.331504697,-44.519601398],[-72.085086193,-44.582284111],[-72.03944394,-44.553289219],[-72.107673501,-44.483598459],[-72.081107968,-44.457537541],[-72.008071882,-44.474686185],[-71.970634566,-44.366105679],[-71.8833846,-44.430242598],[-71.809257436,-44.418938984]]]}}, {"type" : "Feature", "id" : "subcuenca:0811", "properties" : {"code": "subcuenca:0811", "name": "Ñuble Bajo", "codigo": "0811", "fuente": "dga_bna", "nombre": "Ñuble Bajo", "region": "Región de Ñuble"}, "geometry" : {"type":"Polygon","coordinates":[[[-72.170391088,-36.298828583],[-71.981623797,-36.304464383],[-71.824654466,-36.436908728],[-71.628768404,-36.489285122],[-71.628748397,-36.606171339],[-71.508960452,-36.598431519],[-71.473288997,-36.719382121],[-71.438795617,-36.726371185],[-71.458626734,-36.768126144],[-71.404240032,-36.839059769],[-71.485252713,-36.872503486],[-71.611123349,-36.86283722],[-72.191421509,-36.651963854],[-72.369281707,-36.688165047],[-72.463595403,-36.645064859],[-72.427009453,-36.555857329],[-72.368584072,-36.578414239],[-72.341031683,-36.522231848],[-72.212364099,-36.440425183],[-72.219661323,-36.405811844],[-72.182816446,-36.372716765],[-72.216027932,-36.349227341],[-72.170391088,-36.298828583]]]}}, {"type" : "Feature", "id" : "subcuenca:0263", "properties" : {"code": "subcuenca:0263", "name": "Pampa Mariposa (Sur Cerro Mariposa)", "codigo": "0263", "fuente": "dga_bna", "nombre": "Pampa Mariposa (Sur Cerro Mariposa)", "region": "Región de Antofagasta"}, "geometry" : {"type":"Polygon","coordinates":[[[-69.08744164,-23.858280935],[-68.886582044,-23.876120712],[-68.874772673,-23.790210209],[-68.81362568,-23.756570859],[-68.730533388,-23.774720638],[-68.716325509,-23.681869969],[-68.691576302,-23.687603384],[-68.696532029,-23.930941209],[-68.781482187,-24.038648215],[-68.764313703,-24.09335187],[-69.081104895,-24.217352762],[-69.135474621,-24.131615336],[-69.138800353,-24.063597268],[-69.122780912,-24.0079782],[-69.059244181,-23.963252854],[-69.08744164,-23.858280935]]]}}, {"type" : "Feature", "id" : "subcuenca:1012", "properties" : {"code": "subcuenca:1012", "name": "Rio Calle Calle", "codigo": "1012", "fuente": "dga_bna", "nombre": "Rio Calle Calle", "region": "Región de Los Ríos"}, "geometry" : {"type":"Polygon","coordinates":[[[-73.222480782,-39.801152281],[-72.971351532,-39.738513395],[-72.750091525,-39.816815986],[-72.763351487,-39.864884405],[-72.692390425,-39.93737184],[-72.727485367,-40.055776521],[-72.857154712,-40.128305286],[-73.086662132,-40.121943984],[-73.102729679,-40.08719526],[-73.057441647,-39.999175146],[-73.116714294,-39.981452723],[-72.920020941,-39.943604705],[-73.125312534,-39.805765492],[-73.16770929,-39.837626512],[-73.222480782,-39.801152281]]]}}, {"type" : "Feature", "id" : "subcuenca:0800", "properties" : {"code": "subcuenca:0800", "name": "Costeras entre Limite Region y R. Taucu (Incl.)", "codigo": "0800", "fuente": "dga_bna", "nombre": "Costeras entre Limite Region y R. Taucu (Incl.)", "region": "Región de Ñuble"}, "geometry" : {"type":"Polygon","coordinates":[[[-72.810153591,-36.171859897],[-72.810020403,-36.080257406],[-72.669551021,-36.026866579],[-72.58186599,-36.091334708],[-72.687389103,-36.154279476],[-72.646884804,-36.202056947],[-72.643977149,-36.27489022],[-72.477576428,-36.288658173],[-72.457095236,-36.354108201],[-72.513730053,-36.357373819],[-72.623287997,-36.301008202],[-72.692002619,-36.339531805],[-72.763740441,-36.193209221],[-72.810153591,-36.171859897]]]}}, {"type" : "Feature", "id" : "subcuenca:0268", "properties" : {"code": "subcuenca:0268", "name": "Salar de Pajonales", "codigo": "0268", "fuente": "dga_bna", "nombre": "Salar de Pajonales", "region": "Región de Antofagasta"}, "geometry" : {"type":"Polygon","coordinates":[[[-68.676602183,-24.893558274],[-68.758633843,-24.962000723],[-68.6600531,-25.13348676],[-68.509254312,-25.184528788],[-68.549615301,-25.263158588],[-68.530497932,-25.290641579],[-68.665525056,-25.31986162],[-68.68570875,-25.367956613],[-68.771028388,-25.398266409],[-68.818185609,-25.368252078],[-69.00410885,-25.377963628],[-69.047609544,-25.004647425],[-68.981955422,-24.995135406],[-68.953525009,-24.952083428],[-68.838149609,-24.899117562],[-68.676602183,-24.893558274]]]}}, {"type" : "Feature", "id" : "subcuenca:0392", "properties" : {"code": "subcuenca:0392", "name": "Quebrada Honda", "codigo": "0392", "fuente": "dga_bna", "nombre": "Quebrada Honda", "region": "Región de Atacama"}, "geometry" : {"type":"Polygon","coordinates":[[[-71.155557309,-28.731317428],[-71.019615946,-28.738862224],[-70.992679894,-28.784079685],[-71.049402505,-28.838752825],[-71.088763803,-28.82350056],[-71.258868358,-28.888209024],[-71.346081742,-28.87843626],[-71.431396005,-28.820480303],[-71.271115697,-28.810814491],[-71.155557309,-28.731317428]]]}}, {"type" : "Feature", "id" : "subcuenca:0244", "properties" : {"code": "subcuenca:0244", "name": "Lagunas Miscanti y Meniques", "codigo": "0244", "fuente": "dga_bna", "nombre": "Lagunas Miscanti y Meniques", "region": "Región de Antofagasta"}, "geometry" : {"type":"Polygon","coordinates":[[[-67.762601519,-23.555832304],[-67.643460286,-23.63562847],[-67.594925159,-23.767837613],[-67.622882211,-23.853274442],[-67.677540202,-23.813002601],[-67.820675835,-23.790235785],[-67.762601519,-23.555832304]]]}}, {"type" : "Feature", "id" : "subcuenca:0720", "properties" : {"code": "subcuenca:0720", "name": "Rio Huenchullami", "codigo": "0720", "fuente": "dga_bna", "nombre": "Rio Huenchullami", "region": "Región del Maule"}, "geometry" : {"type":"Polygon","coordinates":[[[-72.225357165,-35.129168112],[-72.187797631,-35.053311008],[-72.142326574,-35.081580678],[-72.099665092,-35.061716504],[-72.074016246,-35.068755207],[-72.065073154,-35.161324446],[-71.992421333,-35.145662097],[-71.939707919,-35.195636368],[-71.904325503,-35.178978658],[-71.873263303,-35.227159951],[-71.897770091,-35.256011437],[-71.848099387,-35.311260389],[-71.871744743,-35.380937825],[-71.912546976,-35.423284326],[-71.943290231,-35.378831835],[-71.971244994,-35.399696054],[-72.129255912,-35.364137976],[-72.153566985,-35.338776369],[-72.143552324,-35.264191631],[-72.225357165,-35.129168112]]]}}, {"type" : "Feature", "id" : "subcuenca:0264", "properties" : {"code": "subcuenca:0264", "name": "Pampa Colorado", "codigo": "0264", "fuente": "dga_bna", "nombre": "Pampa Colorado", "region": "Región de Antofagasta"}, "geometry" : {"type":"Polygon","coordinates":[[[-69.081104895,-24.217352762],[-68.918118505,-24.145115535],[-68.820279397,-24.267155275],[-68.874622704,-24.339698247],[-68.956100479,-24.263859183],[-68.997458171,-24.273841076],[-68.974287195,-24.315317141],[-69.040282472,-24.388122703],[-69.063336686,-24.51446604],[-69.183743719,-24.604758069],[-69.179768188,-24.405091104],[-69.124085004,-24.231047634],[-69.081104895,-24.217352762]]]}}, {"type" : "Feature", "id" : "subcuenca:0245", "properties" : {"code": "subcuenca:0245", "name": "Laguna Tuyajto Chico y Salar de Laco", "codigo": "0245", "fuente": "dga_bna", "nombre": "Laguna Tuyajto Chico y Salar de Laco", "region": "Región de Antofagasta"}, "geometry" : {"type":"Polygon","coordinates":[[[-67.56876325,-23.748836641],[-67.452773995,-23.735058692],[-67.38662394,-23.762063847],[-67.36705323,-23.85454929],[-67.321717353,-23.888338355],[-67.448745781,-24.065469727],[-67.504140899,-24.065280873],[-67.552101345,-23.984078428],[-67.511792605,-23.920640127],[-67.507939982,-23.838848306],[-67.56876325,-23.748836641]]]}}, {"type" : "Feature", "id" : "subcuenca:1010", "properties" : {"code": "subcuenca:1010", "name": "Rio Valdivia Alto (hasta desague Lago Panguipulli)", "codigo": "1010", "fuente": "dga_bna", "nombre": "Rio Valdivia Alto (hasta desague Lago Panguipulli)", "region": "Región de Los Ríos"}, "geometry" : {"type":"Polygon","coordinates":[[[-71.955840468,-39.425729741],[-71.871024533,-39.43594497],[-71.762630975,-39.508124474],[-71.688745432,-39.507371564],[-71.672794572,-39.56424864],[-71.714538393,-39.634129674],[-71.669349402,-39.688235532],[-71.710052437,-39.723761185],[-71.664428468,-39.806926056],[-71.689567472,-39.844287075],[-71.580016965,-39.885272474],[-71.619789021,-39.972252276],[-71.678207515,-39.994886042],[-71.679511979,-40.110302462],[-71.802988409,-40.073487574],[-71.789876832,-40.037089701],[-71.825469735,-39.997629487],[-71.79022965,-39.979392265],[-71.829025063,-39.915708907],[-71.914939789,-39.901806615],[-72.04021431,-39.938836673],[-72.077491643,-39.858917032],[-72.216820314,-39.841717359],[-72.212490161,-39.809263096],[-72.291984358,-39.736993767],[-72.384346033,-39.707273624],[-72.267379824,-39.482949845],[-72.116830446,-39.400635045],[-72.036961763,-39.433808328],[-71.955840468,-39.425729741]]]}}, {"type" : "Feature", "id" : "subcuenca:1205", "properties" : {"code": "subcuenca:1205", "name": "Costeras entre Fiordo Penguin y Fiordo Europa", "codigo": "1205", "fuente": "dga_bna", "nombre": "Costeras entre Fiordo Penguin y Fiordo Europa", "region": "Región de Magallanes y La Antártica Chilena"}, "geometry" : {"type":"Polygon","coordinates":[[[-74.400337339,-49.990957411],[-74.334358093,-49.893510429],[-73.976150195,-50.021822987],[-73.895923969,-50.019767451],[-73.867271221,-50.07135789],[-73.639267064,-50.097375506],[-73.602714516,-50.147115334],[-73.544295936,-50.161928347],[-73.575500294,-50.191691666],[-73.558509906,-50.282579209],[-73.846380035,-50.296038043],[-74.055046063,-50.217553994],[-74.168174635,-50.221321209],[-74.400337339,-49.990957411]]]}}, {"type" : "Feature", "id" : "subcuenca:0734", "properties" : {"code": "subcuenca:0734", "name": "Perquilauquen Bajo", "codigo": "0734", "fuente": "dga_bna", "nombre": "Perquilauquen Bajo", "region": "Región del Maule"}, "geometry" : {"type":"Polygon","coordinates":[[[-72.305697216,-35.42743736],[-72.16971974,-35.444316258],[-72.149852042,-35.510727472],[-72.017023339,-35.506271346],[-71.96750102,-35.546569312],[-71.954501812,-35.628234242],[-71.909331968,-35.664928898],[-71.936924385,-35.726096323],[-71.774605866,-35.901212331],[-71.723372431,-36.041457569],[-71.56471399,-36.238184973],[-71.776854498,-36.188111156],[-71.964285516,-36.014444617],[-72.018323918,-35.882785351],[-72.155511485,-35.874012001],[-72.203550117,-35.84319101],[-72.214626027,-35.818748952],[-72.117857015,-35.76770328],[-72.218519393,-35.719212477],[-72.138112975,-35.657800767],[-72.186862616,-35.615268521],[-72.175414089,-35.578190381],[-72.228430472,-35.58262932],[-72.249424582,-35.512603401],[-72.300854043,-35.497021699],[-72.331957938,-35.451424263],[-72.305697216,-35.42743736]]]}}, {"type" : "Feature", "id" : "subcuenca:1144", "properties" : {"code": "subcuenca:1144", "name": "Costera y Ventisqueros entre R.  Exploradores y Vent. Benito", "codigo": "1144", "fuente": "dga_bna", "nombre": "Costera y Ventisqueros entre R.  Exploradores y Vent. Benito", "region": "Región Aysén del General Carlos Ibáñez del Cam"}, "geometry" : {"type":"Polygon","coordinates":[[[-73.737937616,-46.355558434],[-73.569412248,-46.292374205],[-73.413039823,-46.328752947],[-73.36956771,-46.422011134],[-73.426196846,-46.472860729],[-73.436118882,-46.557899726],[-73.345535005,-46.611196116],[-73.381034495,-46.63054069],[-73.400375478,-46.731393662],[-73.398953012,-46.908345166],[-73.370213291,-46.924019311],[-73.393359276,-46.969842956],[-73.499923374,-46.96624549],[-73.624855118,-46.917020068],[-73.658034991,-46.937426169],[-73.665283109,-46.998828512],[-73.877181642,-46.952658226],[-74.081321604,-46.990486447],[-74.141479203,-46.972276576],[-74.12381723,-46.937525841],[-74.16553464,-46.889367967],[-74.358250732,-46.775473402],[-74.224616792,-46.746619023],[-74.221870442,-46.6870632],[-74.259976989,-46.636032],[-74.32621948,-46.64994855],[-74.358978246,-46.612351229],[-74.292884485,-46.588761842],[-74.303733723,-46.528175164],[-73.93978349,-46.50234435],[-73.829810939,-46.550107314],[-73.737937616,-46.355558434]]]}}, {"type" : "Feature", "id" : "subcuenca:0171", "properties" : {"code": "subcuenca:0171", "name": "Quebrada de Soga", "codigo": "0171", "fuente": "dga_bna", "nombre": "Quebrada de Soga", "region": "Región de Tarapacá"}, "geometry" : {"type":"Polygon","coordinates":[[[-69.405626613,-19.513368961],[-69.316798162,-19.402875143],[-69.266267326,-19.388840293],[-69.373544857,-19.523812356],[-69.678872453,-19.671487466],[-69.716172616,-19.662613609],[-69.582551392,-19.575979475],[-69.405626613,-19.513368961]]]}}, {"type" : "Feature", "id" : "subcuenca:1236", "properties" : {"code": "subcuenca:1236", "name": "Islas al Poniente del Canal Nogueira", "codigo": "1236", "fuente": "dga_bna", "nombre": "Islas al Poniente del Canal Nogueira", "region": "Región de Magallanes y La Antártica Chilena"}, "geometry" : {"type":"Polygon","coordinates":[[[-74.833419852,-51.553289272],[-74.685096734,-51.626279728],[-74.739029045,-51.683935023],[-74.746235104,-51.809926995],[-74.85434717,-52.085270726],[-75.006667704,-52.164243818],[-75.364593206,-52.239130742],[-75.495048528,-51.756875166],[-75.2172314,-51.69980468],[-74.833419852,-51.553289272]]]}}, {"type" : "Feature", "id" : "subcuenca:1238", "properties" : {"code": "subcuenca:1238", "name": "Islas entre Canal O'Higgins, Canal Bambach y Canal Smith", "codigo": "1238", "fuente": "dga_bna", "nombre": "Islas entre Canal O'Higgins, Canal Bambach y Canal Smith", "region": "Región de Magallanes y La Antártica Chilena"}, "geometry" : {"type":"Polygon","coordinates":[[[-73.919410551,-52.376492055],[-73.810645875,-52.422565768],[-73.681686106,-52.422869829],[-73.615241674,-52.508768808],[-73.620681435,-52.566309765],[-73.832145501,-52.758963529],[-74.078071524,-52.864323001],[-74.684928882,-52.59183955],[-74.229698005,-52.436198081],[-73.919410551,-52.376492055]]]}}, {"type" : "Feature", "id" : "subcuenca:1116", "properties" : {"code": "subcuenca:1116", "name": "Islas entre Canales Jacal y Puyuhuapi", "codigo": "1116", "fuente": "dga_bna", "nombre": "Islas entre Canales Jacal y Puyuhuapi", "region": "Región Aysén del General Carlos Ibáñez del Cam"}, "geometry" : {"type":"Polygon","coordinates":[[[-73.417129336,-44.267439784],[-72.992042415,-44.309998133],[-72.665855304,-44.525798433],[-72.810958767,-44.75413614],[-73.117614572,-44.919367427],[-73.277603124,-44.943870633],[-73.531364204,-44.872183821],[-73.511108289,-44.623118822],[-73.425277508,-44.399799109],[-73.417129336,-44.267439784]]]}}, {"type" : "Feature", "id" : "subcuenca:0292", "properties" : {"code": "subcuenca:0292", "name": "Qs. entre Q.  de Izcuna y Q.  de Guanillos (inclusive)", "codigo": "0292", "fuente": "dga_bna", "nombre": "Qs. entre Q.  de Izcuna y Q.  de Guanillos (inclusive)", "region": "Región de Antofagasta"}, "geometry" : {"type":"Polygon","coordinates":[[[-70.559030807,-24.639599749],[-70.455821488,-24.686201322],[-70.384094646,-24.668382683],[-70.291576851,-24.742126224],[-70.225433733,-24.691455119],[-69.924848403,-24.878373685],[-70.010359798,-24.894200107],[-70.064820509,-24.956995007],[-70.204332683,-24.982881252],[-70.209602315,-25.044943811],[-70.387691269,-25.072031912],[-70.458153116,-25.051330362],[-70.576890589,-24.735093947],[-70.559030807,-24.639599749]]]}}, {"type" : "Feature", "id" : "subcuenca:1171", "properties" : {"code": "subcuenca:1171", "name": "Rio Pascua", "codigo": "1171", "fuente": "dga_bna", "nombre": "Rio Pascua", "region": "Región Aysén del General Carlos Ibáñez del Cam"}, "geometry" : {"type":"Polygon","coordinates":[[[-73.084068224,-48.067586585],[-72.996734073,-48.135014017],[-73.023732065,-48.199047399],[-72.951713547,-48.255452203],[-72.932072918,-48.324687814],[-72.952736403,-48.379531981],[-73.052917361,-48.364841941],[-73.133132738,-48.389232024],[-73.133308428,-48.422764588],[-73.192184464,-48.433099141],[-73.213592338,-48.505054505],[-73.328155309,-48.541445212],[-73.452010784,-48.709165255],[-73.488143853,-48.401235199],[-73.461860465,-48.306703883],[-73.354386108,-48.264030108],[-73.310252674,-48.194322708],[-73.197072614,-48.197298501],[-73.138770348,-48.161903174],[-73.195350542,-48.139141416],[-73.201087904,-48.064849956],[-73.130164831,-48.032193805],[-73.084068224,-48.067586585]]]}}, {"type" : "Feature", "id" : "subcuenca:0223", "properties" : {"code": "subcuenca:0223", "name": "Costeras entre Q. Gatico y Q. Chacaya (exclusive)", "codigo": "0223", "fuente": "dga_bna", "nombre": "Costeras entre Q. Gatico y Q. Chacaya (exclusive)", "region": "Región de Antofagasta"}, "geometry" : {"type":"Polygon","coordinates":[[[-70.248346596,-22.511909278],[-70.154825663,-22.514187674],[-70.071670108,-22.444569232],[-69.993487849,-22.454038948],[-69.962428256,-22.488909137],[-69.917016717,-22.476581842],[-69.936637852,-22.573071782],[-69.884327337,-22.645604464],[-69.785325731,-22.680906173],[-69.755298363,-22.73497328],[-69.83437844,-22.73330189],[-69.870164502,-22.869618423],[-69.962783404,-22.905774872],[-70.096114153,-22.71204883],[-70.192221108,-22.866375023],[-70.298781112,-22.859566374],[-70.312148582,-22.764957031],[-70.248346596,-22.511909278]]]}}, {"type" : "Feature", "id" : "subcuenca:1287", "properties" : {"code": "subcuenca:1287", "name": "Afluentes Rio Grande y Cuencas Cerradas", "codigo": "1287", "fuente": "dga_bna", "nombre": "Afluentes Rio Grande y Cuencas Cerradas", "region": "Región de Magallanes y La Antártica Chilena"}, "geometry" : {"type":"Polygon","coordinates":[[[-69.145797386,-53.547386686],[-69.228324895,-53.593094745],[-69.230613382,-53.637844078],[-69.185134586,-53.675227628],[-69.06887023,-53.65131263],[-68.940177755,-53.68356624],[-68.7240349,-53.636496551],[-68.619878455,-53.655971357],[-68.615352619,-54.416216392],[-68.713569527,-54.432894669],[-68.777465666,-54.394761049],[-68.932227738,-54.381507212],[-68.943836258,-54.293360358],[-69.240478263,-54.294212165],[-69.250590245,-54.255924716],[-69.374314467,-54.213867786],[-69.363510623,-54.141980569],[-69.430831585,-54.109756877],[-69.398582436,-54.066173623],[-69.446380465,-54.059220255],[-69.409422322,-54.034883417],[-69.434502531,-54.01169084],[-69.668907117,-53.987240594],[-69.747512709,-53.936077613],[-69.712536214,-53.860925188],[-69.872212962,-53.929934013],[-69.93043439,-53.867606045],[-69.58904274,-53.723511505],[-69.491127021,-53.716182703],[-69.405814846,-53.650703192],[-69.145797386,-53.547386686]]]}}, {"type" : "Feature", "id" : "subcuenca:1124", "properties" : {"code": "subcuenca:1124", "name": "Islas entre Canales King, Perez Sur y Ninualac", "codigo": "1124", "fuente": "dga_bna", "nombre": "Islas entre Canales King, Perez Sur y Ninualac", "region": "Región Aysén del General Carlos Ibáñez del Cam"}, "geometry" : {"type":"Polygon","coordinates":[[[-74.785446167,-44.506214794],[-74.285514657,-44.578727051],[-73.894363268,-44.559747179],[-73.765563931,-44.840905426],[-73.671318536,-44.949275672],[-74.036331133,-45.021801455],[-74.163429294,-45.012208969],[-74.259925625,-45.057009372],[-74.377281012,-45.031230193],[-74.715781995,-45.055525854],[-74.900970371,-45.047115184],[-75.115577796,-44.982179428],[-75.225677559,-44.905896492],[-75.250488014,-44.816293749],[-75.209296893,-44.731302161],[-74.785446167,-44.506214794]]]}}, {"type" : "Feature", "id" : "subcuenca:1131", "properties" : {"code": "subcuenca:1131", "name": "Rio Simpson", "codigo": "1131", "fuente": "dga_bna", "nombre": "Rio Simpson", "region": "Región Aysén del General Carlos Ibáñez del Cam"}, "geometry" : {"type":"Polygon","coordinates":[[[-72.49770627,-45.405159721],[-72.410609359,-45.385433379],[-72.344744817,-45.426569446],[-72.312633695,-45.420206358],[-72.286031068,-45.356091171],[-72.229664442,-45.372133828],[-72.173159114,-45.344231481],[-72.172889537,-45.452769402],[-71.905093884,-45.453838224],[-71.775894019,-45.417899247],[-71.765037241,-45.370853341],[-71.721235622,-45.356514208],[-71.531226979,-45.407601154],[-71.466972369,-45.492567936],[-71.741767792,-45.538904443],[-71.763580289,-45.57173555],[-71.726615665,-45.587601766],[-71.776183926,-45.61871987],[-71.771148684,-45.69539326],[-71.80044553,-45.715159374],[-71.739593222,-45.803918918],[-71.76819599,-45.844019351],[-71.650482179,-45.887849786],[-71.616142443,-45.980238042],[-71.717788508,-46.08866638],[-71.903877165,-46.135045955],[-72.112747008,-46.052492926],[-72.084457393,-45.946808579],[-72.054603426,-45.95009078],[-72.044721555,-45.905298463],[-71.986778001,-45.865647222],[-72.029568184,-45.840974396],[-72.109296944,-45.874319947],[-72.206713662,-45.843498356],[-72.165918915,-45.779688605],[-72.247589011,-45.711320025],[-72.21759799,-45.656193683],[-72.340718954,-45.558407928],[-72.370079846,-45.563134155],[-72.3811759,-45.618552967],[-72.470141137,-45.532767594],[-72.579399557,-45.491340447],[-72.548461619,-45.445775966],[-72.484725772,-45.457677681],[-72.49770627,-45.405159721]]]}}, {"type" : "Feature", "id" : "subcuenca:0401", "properties" : {"code": "subcuenca:0401", "name": "Isla Damas", "codigo": "0401", "fuente": "dga_bna", "nombre": "Isla Damas", "region": "Región de Coquimbo"}, "geometry" : {"type":"Polygon","coordinates":[[[-71.532147069,-29.227863682],[-71.524337107,-29.231502414],[-71.521734084,-29.239886751],[-71.533485154,-29.234134821],[-71.532147069,-29.227863682]]]}}, {"type" : "Feature", "id" : "subcuenca:0304", "properties" : {"code": "subcuenca:0304", "name": "Salar de Maricunga", "codigo": "0304", "fuente": "dga_bna", "nombre": "Salar de Maricunga", "region": "Región de Atacama"}, "geometry" : {"type":"Polygon","coordinates":[[[-69.176062154,-26.779892442],[-69.075760757,-26.744422186],[-69.028813823,-26.801080743],[-68.860032181,-26.825969514],[-68.854166893,-26.867386536],[-68.800715617,-26.770855641],[-68.762957796,-26.780607098],[-68.734712559,-26.802997543],[-68.747992479,-26.851500494],[-68.794826391,-26.870563132],[-68.717264884,-26.914172049],[-68.654745094,-27.013579175],[-68.56000667,-27.048145753],[-68.576195747,-27.177815932],[-68.625561799,-27.166978314],[-68.672859736,-27.097986438],[-68.778242356,-27.099537406],[-68.804907807,-27.153763998],[-68.842053493,-27.157376827],[-68.869860782,-27.258935121],[-68.806153524,-27.299460177],[-68.870556528,-27.318348855],[-68.933873155,-27.443618625],[-68.989435062,-27.450612387],[-68.947598171,-27.488952807],[-68.950384655,-27.528161118],[-69.086445761,-27.437184235],[-69.080212313,-27.350931429],[-69.252598041,-27.170356216],[-69.192189724,-27.015852903],[-69.216619509,-27.001588832],[-69.180659286,-26.864994398],[-69.210973956,-26.799820528],[-69.176062154,-26.779892442]]]}}, {"type" : "Feature", "id" : "subcuenca:1254", "properties" : {"code": "subcuenca:1254", "name": "Costeras entre Chorrillo Kimiri Aike (incl.) y Cañadon Grande (incl.)", "codigo": "1254", "fuente": "dga_bna", "nombre": "Costeras entre Chorrillo Kimiri Aike (incl.) y Cañadon Grande (incl.)", "region": "Región de Magallanes y La Antártica Chilena"}, "geometry" : {"type":"Polygon","coordinates":[[[-69.498634004,-52.151636172],[-69.200408811,-52.158282578],[-69.183463815,-52.411670556],[-69.493484152,-52.45988152],[-70.039335804,-52.393339147],[-69.83081856,-52.313703699],[-69.61117522,-52.299949787],[-69.609428041,-52.227785342],[-69.5278853,-52.197193224],[-69.498634004,-52.151636172]]]}}, {"type" : "Feature", "id" : "subcuenca:1014", "properties" : {"code": "subcuenca:1014", "name": "R. Valdivia Bajo", "codigo": "1014", "fuente": "dga_bna", "nombre": "R. Valdivia Bajo", "region": "Región de Los Ríos"}, "geometry" : {"type":"Polygon","coordinates":[[[-73.343162338,-39.745478388],[-73.288627526,-39.772598179],[-73.280121142,-39.824859214],[-73.243487228,-39.790519386],[-73.16770929,-39.837626512],[-73.125312534,-39.805765492],[-72.922218267,-39.938554573],[-72.935592464,-39.966838094],[-73.116714294,-39.981452723],[-73.055305489,-40.010912147],[-73.093040168,-40.114347518],[-73.0093458,-40.136438879],[-73.107475308,-40.14593954],[-73.146690117,-40.200655452],[-73.205688206,-40.188856507],[-73.271247633,-40.221872981],[-73.428794712,-40.186424032],[-73.452247465,-40.146492337],[-73.305023172,-40.076802182],[-73.385024788,-40.0065211],[-73.351524383,-39.929726942],[-73.382804675,-39.898371168],[-73.332832087,-39.897627521],[-73.403510811,-39.867639596],[-73.343162338,-39.745478388]]]}}, {"type" : "Feature", "id" : "subcuenca:1234", "properties" : {"code": "subcuenca:1234", "name": "Islas Entre Paso Castro, Estrecho Smith, Canal Bambach, Canal Se¤oret y Paso Uribe", "codigo": "1234", "fuente": "dga_bna", "nombre": "Islas Entre Paso Castro, Estrecho Smith, Canal Bambach, Canal Se¤oret y Paso Uribe", "region": "Región de Magallanes y La Antártica Chilena"}, "geometry" : {"type":"Polygon","coordinates":[[[-74.833419852,-51.553289272],[-74.690254195,-51.475045406],[-74.517432988,-51.552634789],[-74.150100293,-51.833303546],[-73.758483756,-52.035809164],[-73.596946439,-52.230826519],[-73.650199821,-52.27513655],[-73.644119042,-52.365547012],[-73.681686106,-52.422869829],[-73.810645875,-52.422565768],[-73.919410551,-52.376492055],[-73.902580223,-52.328705419],[-74.301978966,-52.060043439],[-74.283416463,-52.020254302],[-74.424666985,-51.946863463],[-74.504188209,-51.765169948],[-74.603088192,-51.652111158],[-74.833419852,-51.553289272]]]}}, {"type" : "Feature", "id" : "subcuenca:1206", "properties" : {"code": "subcuenca:1206", "name": "Peninsula Entre Fiordo Europa y Fiordo Guilardi", "codigo": "1206", "fuente": "dga_bna", "nombre": "Peninsula Entre Fiordo Europa y Fiordo Guilardi", "region": "Región de Magallanes y La Antártica Chilena"}, "geometry" : {"type":"Polygon","coordinates":[[[-74.703887705,-50.168341677],[-74.613845786,-50.078045533],[-74.400337339,-49.990957411],[-74.182113274,-50.213701285],[-74.055046063,-50.217553994],[-73.846380035,-50.296038043],[-73.981208643,-50.33377914],[-73.993537771,-50.369926245],[-74.063880635,-50.372515599],[-74.089950397,-50.411261338],[-74.162015701,-50.428921595],[-74.16236114,-50.459370725],[-74.35006715,-50.446869123],[-74.513198615,-50.351870266],[-74.775047359,-50.327027672],[-74.703887705,-50.168341677]]]}}, {"type" : "Feature", "id" : "subcuenca:1095", "properties" : {"code": "subcuenca:1095", "name": "Islas al Sur de Chiloe", "codigo": "1095", "fuente": "dga_bna", "nombre": "Islas al Sur de Chiloe", "region": "Región de Los Lagos"}, "geometry" : {"type":"MultiPolygon","coordinates":[[[[-74.289299094,-43.368741647],[-74.290382089,-43.367246603],[-74.285827613,-43.366814139],[-74.287658509,-43.369605391],[-74.289299094,-43.368741647]]],[[[-74.288856358,-43.379447485],[-74.293304249,-43.37695914],[-74.293296817,-43.375874751],[-74.285629369,-43.379182997],[-74.288856358,-43.379447485]]],[[[-74.275459225,-43.365673847],[-74.247314487,-43.351628307],[-74.234046721,-43.405619684],[-74.263770939,-43.426184917],[-74.275459225,-43.365673847]]],[[[-74.27442178,-43.439695326],[-74.271819837,-43.430372604],[-74.2678145,-43.430454171],[-74.272384318,-43.440046099],[-74.27442178,-43.439695326]]],[[[-74.259567235,-43.439301167],[-74.253990124,-43.431469996],[-74.249854809,-43.435171201],[-74.256469506,-43.441969042],[-74.259567235,-43.439301167]]],[[[-74.251930264,-43.446053522],[-74.249511568,-43.439197373],[-74.246673599,-43.438756351],[-74.249336078,-43.446353003],[-74.251930264,-43.446053522]]],[[[-74.250373797,-43.430263746],[-74.250732192,-43.426362901],[-74.249854798,-43.425111513],[-74.246742097,-43.428680006],[-74.250373797,-43.430263746]]],[[[-74.248504427,-43.423571319],[-74.246238571,-43.416316469],[-74.240035937,-43.416462098],[-74.246078551,-43.424394091],[-74.248504427,-43.423571319]]]]}}, {"type" : "Feature", "id" : "subcuenca:1134", "properties" : {"code": "subcuenca:1134", "name": "Rio Aisen entre Rio Riesco y Desembocadura", "codigo": "1134", "fuente": "dga_bna", "nombre": "Rio Aisen entre Rio Riesco y Desembocadura", "region": "Región Aysén del General Carlos Ibáñez del Cam"}, "geometry" : {"type":"Polygon","coordinates":[[[-72.722341453,-45.052860016],[-72.687103076,-45.074919511],[-72.599113676,-45.04933934],[-72.505081218,-45.104043809],[-72.600738078,-45.239815645],[-72.59292414,-45.309128601],[-72.505153594,-45.361761739],[-72.620317803,-45.372927016],[-72.60197426,-45.422644851],[-72.719490003,-45.458856615],[-72.778816153,-45.439260061],[-72.804045571,-45.408884231],[-72.789564231,-45.373046587],[-72.955924853,-45.265971611],[-72.922141775,-45.15470282],[-72.756164517,-45.205571465],[-72.765124032,-45.097912134],[-72.722341453,-45.052860016]]]}}, {"type" : "Feature", "id" : "subcuenca:0730", "properties" : {"code": "subcuenca:0730", "name": "Rio Maule Alto (Hasta antes junta Rio Melado)", "codigo": "0730", "fuente": "dga_bna", "nombre": "Rio Maule Alto (Hasta antes junta Rio Melado)", "region": "Región del Maule"}, "geometry" : {"type":"Polygon","coordinates":[[[-70.750133884,-35.572777855],[-70.738113221,-35.540029244],[-70.542602207,-35.463386],[-70.494971372,-35.513917127],[-70.489552767,-35.578024458],[-70.428921513,-35.598362374],[-70.363309593,-35.736610439],[-70.376902061,-35.786327474],[-70.319646294,-35.813672424],[-70.42164334,-35.875082348],[-70.42038002,-35.915475077],[-70.366526178,-35.924484017],[-70.422996738,-35.969767515],[-70.38133746,-35.987364514],[-70.370959146,-36.039111337],[-70.414235334,-36.060487343],[-70.44538744,-36.16953456],[-70.621249598,-36.107219785],[-70.601794253,-36.051542553],[-70.641061736,-36.025067891],[-70.58889563,-36.020186029],[-70.606701649,-35.993072002],[-70.789078935,-35.969401429],[-70.873252112,-35.990449211],[-71.03586244,-35.807370758],[-71.068819916,-35.706296061],[-70.882084211,-35.663973717],[-70.812415804,-35.692834893],[-70.763685153,-35.65630547],[-70.750133884,-35.572777855]]]}}, {"type" : "Feature", "id" : "subcuenca:1069", "properties" : {"code": "subcuenca:1069", "name": "Archipielago Desertores", "codigo": "1069", "fuente": "dga_bna", "nombre": "Archipielago Desertores", "region": "Región de Los Lagos"}, "geometry" : {"type":"Polygon","coordinates":[[[-73.108306771,-42.633318706],[-73.041297641,-42.580469829],[-72.923660182,-42.612138279],[-72.915099964,-42.806105225],[-73.010963416,-42.831449008],[-73.107032772,-42.784246323],[-73.127700638,-42.74775463],[-73.108306771,-42.633318706]]]}}, {"type" : "Feature", "id" : "subcuenca:1283", "properties" : {"code": "subcuenca:1283", "name": "Costeras entre R. Azopardo y Seno Serrano", "codigo": "1283", "fuente": "dga_bna", "nombre": "Costeras entre R. Azopardo y Seno Serrano", "region": "Región de Magallanes y La Antártica Chilena"}, "geometry" : {"type":"Polygon","coordinates":[[[-70.67797084,-53.420432635],[-70.372993335,-53.507645267],[-70.31359857,-53.615843464],[-70.178336807,-54.174610754],[-69.752265518,-54.245924957],[-69.392699836,-54.344879169],[-68.989509543,-54.474819927],[-68.929258364,-54.52625296],[-68.939811717,-54.558226338],[-69.153967962,-54.58416627],[-69.075553149,-54.621811061],[-69.086151178,-54.659331515],[-69.254768309,-54.756706839],[-69.492828294,-54.738757516],[-69.581642042,-54.65742455],[-69.831435842,-54.667792092],[-69.872062682,-54.654017328],[-69.878097578,-54.612461307],[-70.187881472,-54.609928381],[-70.186114664,-54.57590003],[-70.489432908,-54.412806537],[-70.565986606,-54.32918039],[-70.931022485,-54.282908173],[-70.964673326,-54.112006397],[-71.03572824,-54.000378144],[-71.038040123,-53.910316079],[-70.871932949,-53.79288836],[-70.67797084,-53.420432635]]]}}, {"type" : "Feature", "id" : "subcuenca:0402", "properties" : {"code": "subcuenca:0402", "name": "Isla Gaviota", "codigo": "0402", "fuente": "dga_bna", "nombre": "Isla Gaviota", "region": "Región de Coquimbo"}, "geometry" : {"type":"Polygon","coordinates":[[[-71.471444398,-29.252706656],[-71.475428235,-29.264567614],[-71.488387656,-29.265319159],[-71.483606068,-29.25524158],[-71.471444398,-29.252706656]]]}}, {"type" : "Feature", "id" : "subcuenca:0303", "properties" : {"code": "subcuenca:0303", "name": "Cuencas al SE. cuenca Salar de Pedernales", "codigo": "0303", "fuente": "dga_bna", "nombre": "Cuencas al SE. cuenca Salar de Pedernales", "region": "Región de Atacama"}, "geometry" : {"type":"Polygon","coordinates":[[[-68.734712559,-26.802997543],[-68.719211156,-26.695314927],[-68.626540154,-26.578585929],[-68.672189984,-26.517595556],[-68.585726255,-26.49509199],[-68.266866893,-26.910805051],[-68.317955939,-26.98229235],[-68.294633901,-27.036065372],[-68.379777726,-27.044013662],[-68.451136624,-27.094695444],[-68.484278709,-27.058094857],[-68.492901214,-27.134891513],[-68.539523793,-27.108915986],[-68.566316137,-27.126231275],[-68.564132152,-27.039423855],[-68.654745094,-27.013579175],[-68.717264884,-26.914172049],[-68.794826391,-26.870563132],[-68.750548411,-26.854990025],[-68.734712559,-26.802997543]]]}}, {"type" : "Feature", "id" : "subcuenca:0271", "properties" : {"code": "subcuenca:0271", "name": "Q. Caracoles entre Quebrada El Buitre y  Salar del Carmen", "codigo": "0271", "fuente": "dga_bna", "nombre": "Q. Caracoles entre Quebrada El Buitre y  Salar del Carmen", "region": "Región de Antofagasta"}, "geometry" : {"type":"Polygon","coordinates":[[[-69.755298363,-22.73497328],[-69.68136455,-22.803631632],[-69.737631246,-22.859200201],[-69.682417463,-22.951794444],[-69.716725388,-23.167673458],[-69.60351724,-23.251596095],[-69.642391206,-23.267799896],[-69.665154364,-23.338587485],[-69.744782321,-23.389193879],[-70.067540574,-23.457129458],[-70.085664384,-23.502920947],[-70.056538543,-23.61124241],[-70.079894034,-23.647920876],[-70.191128398,-23.670131231],[-70.200065963,-23.725756985],[-70.405894703,-23.648798161],[-70.316133523,-23.557086918],[-70.29210686,-23.440873095],[-70.200446204,-23.366531272],[-69.996358512,-23.068727527],[-69.975883002,-22.913733831],[-69.870164502,-22.869618423],[-69.83437844,-22.73330189],[-69.755298363,-22.73497328]]]}}, {"type" : "Feature", "id" : "subcuenca:0880", "properties" : {"code": "subcuenca:0880", "name": "Costeras entre Rio Lebu y Estero Pangue", "codigo": "0880", "fuente": "dga_bna", "nombre": "Costeras entre Rio Lebu y Estero Pangue", "region": "Región del Biobío"}, "geometry" : {"type":"Polygon","coordinates":[[[-73.674059873,-37.599804026],[-73.526532106,-37.671305282],[-73.4723938,-37.629888763],[-73.511110044,-37.758597468],[-73.570404069,-37.830537878],[-73.664436336,-37.725240134],[-73.674059873,-37.599804026]]]}}, {"type" : "Feature", "id" : "subcuenca:0293", "properties" : {"code": "subcuenca:0293", "name": "Qs. entre Q. de Guanillos y Q.de Taltal", "codigo": "0293", "fuente": "dga_bna", "nombre": "Qs. entre Q. de Guanillos y Q.de Taltal", "region": "Región de Antofagasta"}, "geometry" : {"type":"Polygon","coordinates":[[[-69.924848403,-24.878373685],[-69.804349354,-24.924634454],[-69.714234624,-25.004602074],[-69.60430081,-25.015239611],[-69.539438798,-25.056004704],[-69.716400151,-25.067804289],[-69.798816444,-25.2343779],[-69.912247222,-25.323432247],[-70.010663197,-25.316148994],[-70.115438831,-25.379036861],[-70.337114679,-25.430829694],[-70.458124688,-25.420483068],[-70.437208235,-25.19592459],[-70.504266886,-25.110324938],[-70.484673783,-25.042788169],[-70.387691269,-25.072031912],[-70.209602315,-25.044943811],[-70.204332683,-24.982881252],[-70.064820509,-24.956995007],[-70.010359798,-24.894200107],[-69.924848403,-24.878373685]]]}}, {"type" : "Feature", "id" : "subcuenca:0210", "properties" : {"code": "subcuenca:0210", "name": "Rio Loa Alto (bajo junta Rio Salado)", "codigo": "0210", "fuente": "dga_bna", "nombre": "Rio Loa Alto (bajo junta Rio Salado)", "region": "Región de Antofagasta"}, "geometry" : {"type":"Polygon","coordinates":[[[-68.705066658,-21.009667599],[-68.566928544,-21.02793965],[-68.545962823,-21.070612465],[-68.439069111,-21.129481566],[-68.521784123,-21.545380061],[-68.397369112,-21.648940954],[-68.389668297,-21.785475588],[-68.255053832,-21.786771253],[-68.097638474,-21.892264356],[-68.0785684,-21.977526306],[-67.963491168,-22.055194793],[-67.939428618,-22.109339046],[-67.937927568,-22.378991224],[-68.000413671,-22.416401801],[-68.117704598,-22.413421768],[-68.242430968,-22.477983284],[-68.329836658,-22.596539804],[-68.335834644,-22.478656975],[-68.393671515,-22.400537022],[-68.67154358,-22.36768458],[-68.620930649,-22.213690301],[-68.625490656,-22.125099388],[-68.695313527,-22.057257825],[-68.81786141,-22.021926206],[-68.833150728,-21.962089841],[-68.812917665,-21.8906509],[-68.858130798,-21.806458121],[-68.853221856,-21.683234889],[-68.798630046,-21.399510626],[-68.850857102,-21.366975835],[-68.865141501,-21.286182498],[-68.840036476,-21.220054688],[-68.758924286,-21.187734349],[-68.701035275,-21.073698495],[-68.705066658,-21.009667599]]]}}, {"type" : "Feature", "id" : "subcuenca:1183", "properties" : {"code": "subcuenca:1183", "name": "Isla Campana (Archipielago Guayeco)", "codigo": "1183", "fuente": "dga_bna", "nombre": "Isla Campana (Archipielago Guayeco)", "region": "Región Aysén del General Carlos Ibáñez del Cam"}, "geometry" : {"type":"Polygon","coordinates":[[[-75.699325559,-47.827869942],[-75.47805774,-47.874438942],[-75.265922639,-48.004056605],[-75.145332158,-48.261161278],[-74.996253664,-48.473100771],[-74.978477539,-48.593503654],[-75.189521444,-48.700982908],[-75.236899563,-48.610750588],[-75.222083834,-48.555289148],[-75.264968621,-48.471975856],[-75.246688603,-48.421843245],[-75.318511633,-48.391996427],[-75.486076191,-48.426280464],[-75.671463023,-48.340222101],[-75.699325559,-47.827869942]]]}}, {"type" : "Feature", "id" : "subcuenca:1118", "properties" : {"code": "subcuenca:1118", "name": "Islas al Este Canal Moraleda", "codigo": "1118", "fuente": "dga_bna", "nombre": "Islas al Este Canal Moraleda", "region": "Región Aysén del General Carlos Ibáñez del Cam"}, "geometry" : {"type":"Polygon","coordinates":[[[-73.536956627,-44.868401206],[-73.300002937,-44.939269764],[-73.383308303,-44.96487937],[-73.404922307,-45.014090162],[-73.324462931,-45.153664561],[-73.447897261,-45.199867553],[-73.436012288,-45.279169152],[-73.313064641,-45.310999019],[-73.556258958,-45.448083818],[-73.701576101,-45.379515295],[-73.638748094,-45.105895626],[-73.536956627,-44.868401206]]]}}]}
